q0,delta,residual_L,levelBudget_c2s,levelBudget_s2c,boot_depth_of,evalmod_levels_of,QCount_boot_of,logQ_boot_of,PCount_boot_of,logP_boot_of,logQP_boot_of,margin_1747_of,dnum_of,QCount_residual_of,logQ_residual_of,logQP_residual_of,grid_of,boot_depth_la,evalmod_levels_la,QCount_boot_la,logQ_boot_la,PCount_boot_la,logP_boot_la,logQP_boot_la,margin_1747_la,dnum_la,QCount_residual_la,logQ_residual_la,logQP_residual_la,grid_la,rotkeys_la,rotkeys_of
40,33,3,2,2,18,14,22.0,733.0,13.0,780.0,1513.0,234.0,1,4.0,139.0,919.0,L3-14,17.0,13.0,21.0,979.0,7,427.0,1406.0,341.0,3.0,4.0,139.0,383.0,L3-14,61,
40,33,3,3,3,20,14,24.0,799.0,14.0,840.0,1639.0,108.0,1,4.0,139.0,979.0,L3-14,19.0,13.0,23.0,1074.0,8,488.0,1562.0,185.0,3.0,4.0,139.0,383.0,L3-14,39,
40,33,3,3,4,21,14,25.0,832.0,14.0,840.0,1672.0,75.0,1,4.0,139.0,979.0,L3-14,20.0,13.0,24.0,1113.0,8,488.0,1601.0,146.0,3.0,4.0,139.0,383.0,L3-14,48,
40,33,3,4,3,21,14,25.0,832.0,14.0,840.0,1672.0,75.0,1,4.0,139.0,979.0,L3-14,20.0,13.0,24.0,1130.0,8,488.0,1618.0,129.0,3.0,4.0,139.0,383.0,L3-14,48,
40,33,3,4,4,22,14,26.0,865.0,8.0,480.0,1345.0,402.0,2,4.0,139.0,619.0,L3-14,21.0,13.0,25.0,1169.0,7,427.0,1596.0,151.0,4.0,4.0,139.0,383.0,L3-14,33,
40,33,4,2,2,18,14,23.0,766.0,13.0,780.0,1546.0,201.0,1,5.0,172.0,952.0,L3-14,17.0,13.0,22.0,1012.0,8,488.0,1500.0,247.0,3.0,5.0,172.0,477.0,L3-14,61,
40,33,4,3,3,20,14,25.0,832.0,14.0,840.0,1672.0,75.0,1,5.0,172.0,1012.0,L3-14,19.0,13.0,24.0,1107.0,8,488.0,1595.0,152.0,3.0,5.0,172.0,477.0,L3-14,39,
40,33,4,3,4,21,14,26.0,865.0,8.0,480.0,1345.0,402.0,2,5.0,172.0,652.0,L3-14,20.0,13.0,25.0,1146.0,7,427.0,1573.0,174.0,4.0,5.0,172.0,477.0,L3-14,48,
40,33,4,4,3,21,14,26.0,865.0,8.0,480.0,1345.0,402.0,2,5.0,172.0,652.0,L3-14,20.0,13.0,25.0,1163.0,7,427.0,1590.0,157.0,4.0,5.0,172.0,477.0,L3-14,48,
40,33,4,4,4,22,14,27.0,898.0,8.0,480.0,1378.0,369.0,2,5.0,172.0,652.0,L3-14,21.0,13.0,26.0,1202.0,7,427.0,1629.0,118.0,4.0,5.0,172.0,477.0,L3-14,33,
40,33,5,2,2,18,14,24.0,799.0,14.0,840.0,1639.0,108.0,1,6.0,205.0,1045.0,L3-14,17.0,13.0,23.0,1045.0,8,488.0,1533.0,214.0,3.0,6.0,205.0,571.0,L3-14,61,
40,33,5,3,3,20,14,26.0,865.0,8.0,480.0,1345.0,402.0,2,6.0,205.0,685.0,L3-14,19.0,13.0,25.0,1140.0,7,427.0,1567.0,180.0,4.0,6.0,205.0,571.0,L3-14,39,
40,33,5,3,4,21,14,27.0,898.0,8.0,480.0,1378.0,369.0,2,6.0,205.0,685.0,L3-14,20.0,13.0,26.0,1179.0,7,427.0,1606.0,141.0,4.0,6.0,205.0,571.0,L3-14,48,
40,33,5,4,3,21,14,27.0,898.0,8.0,480.0,1378.0,369.0,2,6.0,205.0,685.0,L3-14,20.0,13.0,26.0,1196.0,7,427.0,1623.0,124.0,4.0,6.0,205.0,571.0,L3-14,48,
40,33,5,4,4,22,14,28.0,931.0,8.0,480.0,1411.0,336.0,2,6.0,205.0,685.0,L3-14,21.0,13.0,27.0,1235.0,7,427.0,1662.0,85.0,4.0,6.0,205.0,571.0,L3-14,33,
40,33,6,2,2,18,14,25.0,832.0,14.0,840.0,1672.0,75.0,1,7.0,238.0,1078.0,L3-14,17.0,13.0,24.0,1078.0,8,488.0,1566.0,181.0,3.0,7.0,238.0,665.0,L3-14,61,
40,33,6,3,3,20,14,27.0,898.0,8.0,480.0,1378.0,369.0,2,7.0,238.0,718.0,L3-14,19.0,13.0,26.0,1173.0,7,427.0,1600.0,147.0,4.0,7.0,238.0,665.0,L3-14,39,
40,33,6,3,4,21,14,28.0,931.0,8.0,480.0,1411.0,336.0,2,7.0,238.0,718.0,L3-14,20.0,13.0,27.0,1212.0,7,427.0,1639.0,108.0,4.0,7.0,238.0,665.0,L3-14,48,
40,33,6,4,3,21,14,28.0,931.0,8.0,480.0,1411.0,336.0,2,7.0,238.0,718.0,L3-14,20.0,13.0,27.0,1229.0,7,427.0,1656.0,91.0,4.0,7.0,238.0,665.0,L3-14,48,
40,33,6,4,4,22,14,29.0,964.0,9.0,540.0,1504.0,243.0,2,7.0,238.0,778.0,L3-14,21.0,13.0,28.0,1268.0,7,427.0,1695.0,52.0,4.0,7.0,238.0,665.0,L3-14,33,
40,33,7,2,2,18,14,26.0,865.0,8.0,480.0,1345.0,402.0,2,8.0,271.0,751.0,L3-14,17.0,13.0,25.0,1111.0,7,427.0,1538.0,209.0,4.0,8.0,271.0,759.0,L3-14,61,
40,33,7,3,3,20,14,28.0,931.0,8.0,480.0,1411.0,336.0,2,8.0,271.0,751.0,L3-14,19.0,13.0,27.0,1206.0,7,427.0,1633.0,114.0,4.0,8.0,271.0,759.0,L3-14,39,
40,33,7,3,4,21,14,29.0,964.0,9.0,540.0,1504.0,243.0,2,8.0,271.0,811.0,L3-14,20.0,13.0,28.0,1245.0,7,427.0,1672.0,75.0,4.0,8.0,271.0,759.0,L3-14,48,
40,33,7,4,3,21,14,29.0,964.0,9.0,540.0,1504.0,243.0,2,8.0,271.0,811.0,L3-14,20.0,13.0,28.0,1262.0,7,427.0,1689.0,58.0,4.0,8.0,271.0,759.0,L3-14,48,
40,33,7,4,4,22,14,30.0,997.0,9.0,540.0,1537.0,210.0,2,8.0,271.0,811.0,L3-14,21.0,13.0,29.0,1301.0,6,366.0,1667.0,80.0,5.0,8.0,271.0,759.0,L3-14,33,
40,33,8,2,2,18,14,27.0,898.0,8.0,480.0,1378.0,369.0,2,9.0,304.0,784.0,L3-14,17.0,13.0,26.0,1144.0,7,427.0,1571.0,176.0,4.0,9.0,304.0,609.0,L3-14,61,
40,33,8,3,3,20,14,29.0,964.0,9.0,540.0,1504.0,243.0,2,9.0,304.0,844.0,L3-14,19.0,13.0,28.0,1239.0,7,427.0,1666.0,81.0,4.0,9.0,304.0,609.0,L3-14,39,
40,33,8,3,4,21,14,30.0,997.0,9.0,540.0,1537.0,210.0,2,9.0,304.0,844.0,L3-14,20.0,13.0,29.0,1278.0,6,366.0,1644.0,103.0,5.0,9.0,304.0,609.0,L3-14,48,
40,33,8,4,3,21,14,30.0,997.0,9.0,540.0,1537.0,210.0,2,9.0,304.0,844.0,L3-14,20.0,13.0,29.0,1295.0,6,366.0,1661.0,86.0,5.0,9.0,304.0,609.0,L3-14,48,
40,33,8,4,4,22,14,31.0,1030.0,9.0,540.0,1570.0,177.0,2,9.0,304.0,844.0,L3-14,21.0,13.0,30.0,1334.0,6,366.0,1700.0,47.0,5.0,9.0,304.0,609.0,L3-14,33,
40,33,9,2,2,18,14,28.0,931.0,8.0,480.0,1411.0,336.0,2,10.0,337.0,817.0,L3-14,17.0,13.0,27.0,1177.0,7,427.0,1604.0,143.0,4.0,10.0,337.0,642.0,L3-14,61,
40,33,9,3,3,20,14,30.0,997.0,9.0,540.0,1537.0,210.0,2,10.0,337.0,877.0,L3-14,19.0,13.0,29.0,1272.0,6,366.0,1638.0,109.0,5.0,10.0,337.0,642.0,L3-14,39,
40,33,9,3,4,21,14,31.0,1030.0,9.0,540.0,1570.0,177.0,2,10.0,337.0,877.0,L3-14,20.0,13.0,30.0,1311.0,6,366.0,1677.0,70.0,5.0,10.0,337.0,642.0,L3-14,48,
40,33,9,4,3,21,14,31.0,1030.0,9.0,540.0,1570.0,177.0,2,10.0,337.0,877.0,L3-14,20.0,13.0,30.0,1328.0,6,366.0,1694.0,53.0,5.0,10.0,337.0,642.0,L3-14,48,
40,33,9,4,4,22,14,32.0,1063.0,9.0,540.0,1603.0,144.0,2,10.0,337.0,877.0,L3-14,21.0,13.0,31.0,1367.0,6,366.0,1733.0,14.0,6.0,10.0,337.0,642.0,L3-14,33,
40,33,10,2,2,18,14,29.0,964.0,9.0,540.0,1504.0,243.0,2,11.0,370.0,910.0,L3-14,17.0,13.0,28.0,1210.0,7,427.0,1637.0,110.0,4.0,11.0,370.0,736.0,L3-14,61,
40,33,10,3,3,20,14,31.0,1030.0,9.0,540.0,1570.0,177.0,2,11.0,370.0,910.0,L3-14,19.0,13.0,30.0,1305.0,6,366.0,1671.0,76.0,5.0,11.0,370.0,736.0,L3-14,39,
40,33,10,3,4,21,14,32.0,1063.0,9.0,540.0,1603.0,144.0,2,11.0,370.0,910.0,L3-14,20.0,13.0,31.0,1344.0,6,366.0,1710.0,37.0,6.0,11.0,370.0,736.0,L3-14,48,
40,33,10,4,3,21,14,32.0,1063.0,9.0,540.0,1603.0,144.0,2,11.0,370.0,910.0,L3-14,20.0,13.0,31.0,1361.0,6,366.0,1727.0,20.0,6.0,11.0,370.0,736.0,L3-14,48,
40,33,10,4,4,22,14,33.0,1096.0,10.0,600.0,1696.0,51.0,2,11.0,370.0,970.0,L3-14,21.0,13.0,32.0,1400.0,5,305.0,1705.0,42.0,7.0,11.0,370.0,736.0,L3-14,33,
40,33,11,2,2,18,14,30.0,997.0,9.0,540.0,1537.0,210.0,2,12.0,403.0,943.0,L3-14,17.0,13.0,29.0,1243.0,8,488.0,1731.0,16.0,4.0,12.0,403.0,769.0,L3-14,61,
40,33,11,3,3,20,14,32.0,1063.0,9.0,540.0,1603.0,144.0,2,12.0,403.0,943.0,L3-14,19.0,13.0,31.0,1338.0,6,366.0,1704.0,43.0,6.0,12.0,403.0,769.0,L3-14,39,
40,33,11,3,4,21,14,33.0,1096.0,10.0,600.0,1696.0,51.0,2,12.0,403.0,1003.0,L3-14,20.0,13.0,32.0,1377.0,6,366.0,1743.0,4.0,6.0,12.0,403.0,769.0,L3-14,48,
40,33,11,4,3,21,14,33.0,1096.0,10.0,600.0,1696.0,51.0,2,12.0,403.0,1003.0,L3-14,20.0,13.0,32.0,1394.0,5,305.0,1699.0,48.0,7.0,12.0,403.0,769.0,L3-14,48,
40,33,11,4,4,22,14,34.0,1129.0,10.0,600.0,1729.0,18.0,2,12.0,403.0,1003.0,L3-14,21.0,13.0,33.0,1433.0,5,305.0,1738.0,9.0,7.0,12.0,403.0,769.0,L3-14,33,
40,33,12,2,2,18,14,31.0,1030.0,9.0,540.0,1570.0,177.0,2,13.0,436.0,976.0,L3-14,17.0,13.0,30.0,1276.0,6,366.0,1642.0,105.0,5.0,13.0,436.0,863.0,L3-14,61,
40,33,12,3,3,20,14,33.0,1096.0,10.0,600.0,1696.0,51.0,2,13.0,436.0,1036.0,L3-14,19.0,13.0,32.0,1371.0,6,366.0,1737.0,10.0,6.0,13.0,436.0,863.0,L3-14,39,
40,33,12,3,4,21,14,34.0,1129.0,10.0,600.0,1729.0,18.0,2,13.0,436.0,1036.0,L3-14,20.0,13.0,33.0,1410.0,5,305.0,1715.0,32.0,7.0,13.0,436.0,863.0,L3-14,48,
40,33,12,4,3,21,14,34.0,1129.0,10.0,600.0,1729.0,18.0,2,13.0,436.0,1036.0,L3-14,20.0,13.0,33.0,1427.0,5,305.0,1732.0,15.0,7.0,13.0,436.0,863.0,L3-14,48,
40,33,12,4,4,22,14,35.0,1162.0,7.0,420.0,1582.0,165.0,3,13.0,436.0,856.0,L3-14,21.0,13.0,34.0,1466.0,4,244.0,1710.0,37.0,9.0,13.0,436.0,863.0,L3-14,33,
40,33,13,2,2,18,14,32.0,1063.0,9.0,540.0,1603.0,144.0,2,14.0,469.0,1009.0,L3-14,17.0,13.0,31.0,1309.0,7,427.0,1736.0,11.0,5.0,14.0,469.0,896.0,L3-14,61,
40,33,13,3,3,20,14,34.0,1129.0,10.0,600.0,1729.0,18.0,2,14.0,469.0,1069.0,L3-14,19.0,13.0,33.0,1404.0,5,305.0,1709.0,38.0,7.0,14.0,469.0,896.0,L3-14,39,
40,33,13,3,4,21,14,35.0,1162.0,7.0,420.0,1582.0,165.0,3,14.0,469.0,889.0,L3-14,20.0,13.0,34.0,1443.0,4,244.0,1687.0,60.0,9.0,14.0,469.0,896.0,L3-14,48,
40,33,13,4,3,21,14,35.0,1162.0,7.0,420.0,1582.0,165.0,3,14.0,469.0,889.0,L3-14,20.0,13.0,34.0,1460.0,4,244.0,1704.0,43.0,9.0,14.0,469.0,896.0,L3-14,48,
40,33,13,4,4,22,14,36.0,1195.0,7.0,420.0,1615.0,132.0,3,14.0,469.0,889.0,L3-14,21.0,13.0,35.0,1499.0,4,244.0,1743.0,4.0,9.0,14.0,469.0,896.0,L3-14,33,
40,33,14,2,2,18,14,33.0,1096.0,10.0,600.0,1696.0,51.0,2,15.0,502.0,1102.0,L3-14,17.0,13.0,32.0,1342.0,6,366.0,1708.0,39.0,6.0,15.0,502.0,990.0,L3-14,61,
40,33,14,3,3,20,14,35.0,1162.0,7.0,420.0,1582.0,165.0,3,15.0,502.0,922.0,L3-14,19.0,13.0,34.0,1437.0,5,305.0,1742.0,5.0,7.0,15.0,502.0,990.0,L3-14,39,
40,33,14,3,4,21,14,36.0,1195.0,7.0,420.0,1615.0,132.0,3,15.0,502.0,922.0,L3-14,20.0,13.0,35.0,1476.0,4,244.0,1720.0,27.0,9.0,15.0,502.0,990.0,L3-14,48,
40,33,14,4,3,21,14,36.0,1195.0,7.0,420.0,1615.0,132.0,3,15.0,502.0,922.0,L3-14,20.0,13.0,35.0,1493.0,4,244.0,1737.0,10.0,9.0,15.0,502.0,990.0,L3-14,48,
40,33,14,4,4,22,14,37.0,1228.0,8.0,480.0,1708.0,39.0,3,15.0,502.0,982.0,L3-14,21.0,13.0,36.0,1532.0,3,183.0,1715.0,32.0,12.0,15.0,502.0,990.0,L3-14,33,
40,33,15,2,2,18,14,34.0,1129.0,10.0,600.0,1729.0,18.0,2,16.0,535.0,1135.0,L15-20,17.0,13.0,33.0,1375.0,6,366.0,1741.0,6.0,6.0,16.0,535.0,1023.0,L15-20,61,
40,33,15,3,3,20,14,36.0,1195.0,7.0,420.0,1615.0,132.0,3,16.0,535.0,955.0,L15-20,19.0,13.0,35.0,1470.0,4,244.0,1714.0,33.0,9.0,16.0,535.0,1023.0,L15-20,39,
40,33,15,3,4,21,14,37.0,1228.0,8.0,480.0,1708.0,39.0,3,16.0,535.0,1015.0,L15-20,20.0,13.0,36.0,1509.0,3,183.0,1692.0,55.0,12.0,16.0,535.0,1023.0,L15-20,48,
40,33,15,4,3,21,14,37.0,1228.0,8.0,480.0,1708.0,39.0,3,16.0,535.0,1015.0,L15-20,20.0,13.0,36.0,1526.0,3,183.0,1709.0,38.0,12.0,16.0,535.0,1023.0,L15-20,48,
40,33,15,4,4,22,14,38.0,1261.0,8.0,480.0,1741.0,6.0,3,16.0,535.0,1015.0,L15-20,21.0,13.0,37.0,1565.0,2,122.0,1687.0,60.0,19.0,16.0,535.0,1023.0,L15-20,33,
40,33,16,2,2,18,14,35.0,1162.0,7.0,420.0,1582.0,165.0,3,17.0,568.0,988.0,L15-20,17.0,13.0,34.0,1408.0,5,305.0,1713.0,34.0,7.0,17.0,568.0,934.0,L15-20,61,
40,33,16,3,3,20,14,37.0,1228.0,8.0,480.0,1708.0,39.0,3,17.0,568.0,1048.0,L15-20,19.0,13.0,36.0,1503.0,4,244.0,1747.0,0.0,9.0,17.0,568.0,934.0,L15-20,39,
40,33,16,3,4,21,14,38.0,1261.0,8.0,480.0,1741.0,6.0,3,17.0,568.0,1048.0,L15-20,20.0,13.0,37.0,1542.0,3,183.0,1725.0,22.0,13.0,17.0,568.0,934.0,L15-20,48,
40,33,16,4,3,21,14,38.0,1261.0,8.0,480.0,1741.0,6.0,3,17.0,568.0,1048.0,L15-20,20.0,13.0,37.0,1559.0,3,183.0,1742.0,5.0,13.0,17.0,568.0,934.0,L15-20,48,
40,33,16,4,4,22,14,39.0,1294.0,6.0,360.0,1654.0,93.0,4,17.0,568.0,928.0,L15-20,21.0,13.0,38.0,1598.0,2,122.0,1720.0,27.0,19.0,17.0,568.0,934.0,L15-20,33,
40,33,17,2,2,18,14,36.0,1195.0,7.0,420.0,1615.0,132.0,3,18.0,601.0,1021.0,L15-20,17.0,13.0,35.0,1441.0,5,305.0,1746.0,1.0,7.0,18.0,601.0,967.0,L15-20,61,
40,33,17,3,3,20,14,38.0,1261.0,8.0,480.0,1741.0,6.0,3,18.0,601.0,1081.0,L15-20,19.0,13.0,37.0,1536.0,3,183.0,1719.0,28.0,13.0,18.0,601.0,967.0,L15-20,39,
40,33,17,3,4,21,14,39.0,1294.0,6.0,360.0,1654.0,93.0,4,18.0,601.0,961.0,L15-20,20.0,13.0,38.0,1575.0,2,122.0,1697.0,50.0,19.0,18.0,601.0,967.0,L15-20,48,
40,33,17,4,3,21,14,39.0,1294.0,6.0,360.0,1654.0,93.0,4,18.0,601.0,961.0,L15-20,20.0,13.0,38.0,1592.0,2,122.0,1714.0,33.0,19.0,18.0,601.0,967.0,L15-20,48,
40,33,17,4,4,22,14,40.0,1327.0,6.0,360.0,1687.0,60.0,4,18.0,601.0,961.0,L15-20,21.0,13.0,39.0,1631.0,1,61.0,1692.0,55.0,39.0,18.0,601.0,967.0,L15-20,33,
40,33,18,2,2,18,14,37.0,1228.0,8.0,480.0,1708.0,39.0,3,19.0,634.0,1114.0,L15-20,17.0,13.0,36.0,1474.0,4,244.0,1718.0,29.0,9.0,19.0,634.0,1061.0,L15-20,61,
40,33,18,3,3,20,14,39.0,1294.0,6.0,360.0,1654.0,93.0,4,19.0,634.0,994.0,L15-20,19.0,13.0,38.0,1569.0,2,122.0,1691.0,56.0,19.0,19.0,634.0,1061.0,L15-20,39,
40,33,18,3,4,21,14,40.0,1327.0,6.0,360.0,1687.0,60.0,4,19.0,634.0,994.0,L15-20,20.0,13.0,39.0,1608.0,2,122.0,1730.0,17.0,20.0,19.0,634.0,1061.0,L15-20,48,
40,33,18,4,3,21,14,40.0,1327.0,6.0,360.0,1687.0,60.0,4,19.0,634.0,994.0,L15-20,20.0,13.0,39.0,1625.0,2,122.0,1747.0,0.0,20.0,19.0,634.0,1061.0,L15-20,48,
40,33,18,4,4,22,14,41.0,1360.0,6.0,360.0,1720.0,27.0,5,19.0,634.0,994.0,L15-20,21.0,13.0,40.0,1664.0,1,61.0,1725.0,22.0,40.0,19.0,634.0,1061.0,L15-20,33,
40,33,19,2,2,18,14,38.0,1261.0,8.0,480.0,1741.0,6.0,3,20.0,667.0,1147.0,L15-20,17.0,13.0,37.0,1507.0,3,183.0,1690.0,57.0,13.0,20.0,667.0,1094.0,L15-20,61,
40,33,19,3,3,20,14,40.0,1327.0,6.0,360.0,1687.0,60.0,4,20.0,667.0,1027.0,L15-20,19.0,13.0,39.0,1602.0,2,122.0,1724.0,23.0,20.0,20.0,667.0,1094.0,L15-20,39,
40,33,19,3,4,21,14,41.0,1360.0,6.0,360.0,1720.0,27.0,5,20.0,667.0,1027.0,L15-20,20.0,13.0,40.0,1641.0,1,61.0,1702.0,45.0,40.0,20.0,667.0,1094.0,L15-20,48,
40,33,19,4,3,21,14,41.0,1360.0,6.0,360.0,1720.0,27.0,5,20.0,667.0,1027.0,L15-20,20.0,13.0,40.0,1658.0,1,61.0,1719.0,28.0,40.0,20.0,667.0,1094.0,L15-20,48,
40,33,20,2,2,18,14,39.0,1294.0,6.0,360.0,1654.0,93.0,4,21.0,700.0,1060.0,L15-20,17.0,13.0,38.0,1540.0,3,183.0,1723.0,24.0,13.0,21.0,700.0,1127.0,L15-20,61,
40,33,20,3,3,20,14,41.0,1360.0,6.0,360.0,1720.0,27.0,5,21.0,700.0,1060.0,L15-20,19.0,13.0,40.0,1635.0,1,61.0,1696.0,51.0,40.0,21.0,700.0,1127.0,L15-20,39,
40,33,20,3,4,21,14,42.0,1393.0,4.0,240.0,1633.0,114.0,6,21.0,700.0,940.0,L15-20,20.0,13.0,41.0,1674.0,1,61.0,1735.0,12.0,41.0,21.0,700.0,1127.0,L15-20,48,
40,35,3,2,2,18,14,22.0,775.0,13.0,780.0,1555.0,192.0,1,4.0,145.0,925.0,L3-14,17.0,13.0,21.0,985.0,7,427.0,1412.0,335.0,3.0,4.0,145.0,389.0,L3-14,61,
40,35,3,3,3,20,14,24.0,845.0,15.0,900.0,1745.0,2.0,1,4.0,145.0,1045.0,L3-14,19.0,13.0,23.0,1080.0,8,488.0,1568.0,179.0,3.0,4.0,145.0,389.0,L3-14,39,
40,35,3,3,4,21,14,25.0,880.0,8.0,480.0,1360.0,387.0,2,4.0,145.0,625.0,L3-14,20.0,13.0,24.0,1119.0,8,488.0,1607.0,140.0,3.0,4.0,145.0,389.0,L3-14,48,
40,35,3,4,3,21,14,25.0,880.0,8.0,480.0,1360.0,387.0,2,4.0,145.0,625.0,L3-14,20.0,13.0,24.0,1136.0,8,488.0,1624.0,123.0,3.0,4.0,145.0,389.0,L3-14,48,
40,35,3,4,4,22,14,26.0,915.0,8.0,480.0,1395.0,352.0,2,4.0,145.0,625.0,L3-14,21.0,13.0,25.0,1175.0,7,427.0,1602.0,145.0,4.0,4.0,145.0,389.0,L3-14,33,
40,35,4,2,2,18,14,23.0,810.0,14.0,840.0,1650.0,97.0,1,5.0,180.0,1020.0,L3-14,17.0,13.0,22.0,1020.0,8,488.0,1508.0,239.0,3.0,5.0,180.0,485.0,L3-14,61,
40,35,4,3,3,20,14,25.0,880.0,8.0,480.0,1360.0,387.0,2,5.0,180.0,660.0,L3-14,19.0,13.0,24.0,1115.0,8,488.0,1603.0,144.0,3.0,5.0,180.0,485.0,L3-14,39,
40,35,4,3,4,21,14,26.0,915.0,8.0,480.0,1395.0,352.0,2,5.0,180.0,660.0,L3-14,20.0,13.0,25.0,1154.0,7,427.0,1581.0,166.0,4.0,5.0,180.0,485.0,L3-14,48,
40,35,4,4,3,21,14,26.0,915.0,8.0,480.0,1395.0,352.0,2,5.0,180.0,660.0,L3-14,20.0,13.0,25.0,1171.0,7,427.0,1598.0,149.0,4.0,5.0,180.0,485.0,L3-14,48,
40,35,4,4,4,22,14,27.0,950.0,9.0,540.0,1490.0,257.0,2,5.0,180.0,720.0,L3-14,21.0,13.0,26.0,1210.0,7,427.0,1637.0,110.0,4.0,5.0,180.0,485.0,L3-14,33,
40,35,5,2,2,18,14,24.0,845.0,15.0,900.0,1745.0,2.0,1,6.0,215.0,1115.0,L3-14,17.0,13.0,23.0,1055.0,8,488.0,1543.0,204.0,3.0,6.0,215.0,581.0,L3-14,61,
40,35,5,3,3,20,14,26.0,915.0,8.0,480.0,1395.0,352.0,2,6.0,215.0,695.0,L3-14,19.0,13.0,25.0,1150.0,7,427.0,1577.0,170.0,4.0,6.0,215.0,581.0,L3-14,39,
40,35,5,3,4,21,14,27.0,950.0,9.0,540.0,1490.0,257.0,2,6.0,215.0,755.0,L3-14,20.0,13.0,26.0,1189.0,7,427.0,1616.0,131.0,4.0,6.0,215.0,581.0,L3-14,48,
40,35,5,4,3,21,14,27.0,950.0,9.0,540.0,1490.0,257.0,2,6.0,215.0,755.0,L3-14,20.0,13.0,26.0,1206.0,7,427.0,1633.0,114.0,4.0,6.0,215.0,581.0,L3-14,48,
40,35,5,4,4,22,14,28.0,985.0,9.0,540.0,1525.0,222.0,2,6.0,215.0,755.0,L3-14,21.0,13.0,27.0,1245.0,7,427.0,1672.0,75.0,4.0,6.0,215.0,581.0,L3-14,33,
40,35,6,2,2,18,14,25.0,880.0,8.0,480.0,1360.0,387.0,2,7.0,250.0,730.0,L3-14,17.0,13.0,24.0,1090.0,8,488.0,1578.0,169.0,3.0,7.0,250.0,677.0,L3-14,61,
40,35,6,3,3,20,14,27.0,950.0,9.0,540.0,1490.0,257.0,2,7.0,250.0,790.0,L3-14,19.0,13.0,26.0,1185.0,7,427.0,1612.0,135.0,4.0,7.0,250.0,677.0,L3-14,39,
40,35,6,3,4,21,14,28.0,985.0,9.0,540.0,1525.0,222.0,2,7.0,250.0,790.0,L3-14,20.0,13.0,27.0,1224.0,7,427.0,1651.0,96.0,4.0,7.0,250.0,677.0,L3-14,48,
40,35,6,4,3,21,14,28.0,985.0,9.0,540.0,1525.0,222.0,2,7.0,250.0,790.0,L3-14,20.0,13.0,27.0,1241.0,7,427.0,1668.0,79.0,4.0,7.0,250.0,677.0,L3-14,48,
40,35,6,4,4,22,14,29.0,1020.0,9.0,540.0,1560.0,187.0,2,7.0,250.0,790.0,L3-14,21.0,13.0,28.0,1280.0,7,427.0,1707.0,40.0,4.0,7.0,250.0,677.0,L3-14,33,
40,35,7,2,2,18,14,26.0,915.0,8.0,480.0,1395.0,352.0,2,8.0,285.0,765.0,L3-14,17.0,13.0,25.0,1125.0,7,427.0,1552.0,195.0,4.0,8.0,285.0,773.0,L3-14,61,
40,35,7,3,3,20,14,28.0,985.0,9.0,540.0,1525.0,222.0,2,8.0,285.0,825.0,L3-14,19.0,13.0,27.0,1220.0,7,427.0,1647.0,100.0,4.0,8.0,285.0,773.0,L3-14,39,
40,35,7,3,4,21,14,29.0,1020.0,9.0,540.0,1560.0,187.0,2,8.0,285.0,825.0,L3-14,20.0,13.0,28.0,1259.0,7,427.0,1686.0,61.0,4.0,8.0,285.0,773.0,L3-14,48,
40,35,7,4,3,21,14,29.0,1020.0,9.0,540.0,1560.0,187.0,2,8.0,285.0,825.0,L3-14,20.0,13.0,28.0,1276.0,7,427.0,1703.0,44.0,4.0,8.0,285.0,773.0,L3-14,48,
40,35,7,4,4,22,14,30.0,1055.0,9.0,540.0,1595.0,152.0,2,8.0,285.0,825.0,L3-14,21.0,13.0,29.0,1315.0,6,366.0,1681.0,66.0,5.0,8.0,285.0,773.0,L3-14,33,
40,35,8,2,2,18,14,27.0,950.0,9.0,540.0,1490.0,257.0,2,9.0,320.0,860.0,L3-14,17.0,13.0,26.0,1160.0,7,427.0,1587.0,160.0,4.0,9.0,320.0,625.0,L3-14,61,
40,35,8,3,3,20,14,29.0,1020.0,9.0,540.0,1560.0,187.0,2,9.0,320.0,860.0,L3-14,19.0,13.0,28.0,1255.0,7,427.0,1682.0,65.0,4.0,9.0,320.0,625.0,L3-14,39,
40,35,8,3,4,21,14,30.0,1055.0,9.0,540.0,1595.0,152.0,2,9.0,320.0,860.0,L3-14,20.0,13.0,29.0,1294.0,6,366.0,1660.0,87.0,5.0,9.0,320.0,625.0,L3-14,48,
40,35,8,4,3,21,14,30.0,1055.0,9.0,540.0,1595.0,152.0,2,9.0,320.0,860.0,L3-14,20.0,13.0,29.0,1311.0,6,366.0,1677.0,70.0,5.0,9.0,320.0,625.0,L3-14,48,
40,35,8,4,4,22,14,31.0,1090.0,10.0,600.0,1690.0,57.0,2,9.0,320.0,920.0,L3-14,21.0,13.0,30.0,1350.0,6,366.0,1716.0,31.0,5.0,9.0,320.0,625.0,L3-14,33,
40,35,9,2,2,18,14,28.0,985.0,9.0,540.0,1525.0,222.0,2,10.0,355.0,895.0,L3-14,17.0,13.0,27.0,1195.0,7,427.0,1622.0,125.0,4.0,10.0,355.0,660.0,L3-14,61,
40,35,9,3,3,20,14,30.0,1055.0,9.0,540.0,1595.0,152.0,2,10.0,355.0,895.0,L3-14,19.0,13.0,29.0,1290.0,6,366.0,1656.0,91.0,5.0,10.0,355.0,660.0,L3-14,39,
40,35,9,3,4,21,14,31.0,1090.0,10.0,600.0,1690.0,57.0,2,10.0,355.0,955.0,L3-14,20.0,13.0,30.0,1329.0,6,366.0,1695.0,52.0,5.0,10.0,355.0,660.0,L3-14,48,
40,35,9,4,3,21,14,31.0,1090.0,10.0,600.0,1690.0,57.0,2,10.0,355.0,955.0,L3-14,20.0,13.0,30.0,1346.0,6,366.0,1712.0,35.0,5.0,10.0,355.0,660.0,L3-14,48,
40,35,9,4,4,22,14,32.0,1125.0,10.0,600.0,1725.0,22.0,2,10.0,355.0,955.0,L3-14,21.0,13.0,31.0,1385.0,5,305.0,1690.0,57.0,7.0,10.0,355.0,660.0,L3-14,33,
40,35,10,2,2,18,14,29.0,1020.0,9.0,540.0,1560.0,187.0,2,11.0,390.0,930.0,L3-14,17.0,13.0,28.0,1230.0,7,427.0,1657.0,90.0,4.0,11.0,390.0,756.0,L3-14,61,
40,35,10,3,3,20,14,31.0,1090.0,10.0,600.0,1690.0,57.0,2,11.0,390.0,990.0,L3-14,19.0,13.0,30.0,1325.0,6,366.0,1691.0,56.0,5.0,11.0,390.0,756.0,L3-14,39,
40,35,10,3,4,21,14,32.0,1125.0,10.0,600.0,1725.0,22.0,2,11.0,390.0,990.0,L3-14,20.0,13.0,31.0,1364.0,6,366.0,1730.0,17.0,6.0,11.0,390.0,756.0,L3-14,48,
40,35,10,4,3,21,14,32.0,1125.0,10.0,600.0,1725.0,22.0,2,11.0,390.0,990.0,L3-14,20.0,13.0,31.0,1381.0,6,366.0,1747.0,0.0,6.0,11.0,390.0,756.0,L3-14,48,
40,35,10,4,4,22,14,33.0,1160.0,7.0,420.0,1580.0,167.0,3,11.0,390.0,810.0,L3-14,21.0,13.0,32.0,1420.0,5,305.0,1725.0,22.0,7.0,11.0,390.0,756.0,L3-14,33,
40,35,11,2,2,18,14,30.0,1055.0,9.0,540.0,1595.0,152.0,2,12.0,425.0,965.0,L3-14,17.0,13.0,29.0,1265.0,6,366.0,1631.0,116.0,5.0,12.0,425.0,791.0,L3-14,61,
40,35,11,3,3,20,14,32.0,1125.0,10.0,600.0,1725.0,22.0,2,12.0,425.0,1025.0,L3-14,19.0,13.0,31.0,1360.0,6,366.0,1726.0,21.0,6.0,12.0,425.0,791.0,L3-14,39,
40,35,11,3,4,21,14,33.0,1160.0,7.0,420.0,1580.0,167.0,3,12.0,425.0,845.0,L3-14,20.0,13.0,32.0,1399.0,5,305.0,1704.0,43.0,7.0,12.0,425.0,791.0,L3-14,48,
40,35,11,4,3,21,14,33.0,1160.0,7.0,420.0,1580.0,167.0,3,12.0,425.0,845.0,L3-14,20.0,13.0,32.0,1416.0,5,305.0,1721.0,26.0,7.0,12.0,425.0,791.0,L3-14,48,
40,35,11,4,4,22,14,34.0,1195.0,8.0,480.0,1675.0,72.0,3,12.0,425.0,905.0,L3-14,21.0,13.0,33.0,1455.0,4,244.0,1699.0,48.0,9.0,12.0,425.0,791.0,L3-14,33,
40,35,12,2,2,18,14,31.0,1090.0,10.0,600.0,1690.0,57.0,2,13.0,460.0,1060.0,L3-14,17.0,13.0,30.0,1300.0,6,366.0,1666.0,81.0,5.0,13.0,460.0,887.0,L3-14,61,
40,35,12,3,3,20,14,33.0,1160.0,7.0,420.0,1580.0,167.0,3,13.0,460.0,880.0,L3-14,19.0,13.0,32.0,1395.0,5,305.0,1700.0,47.0,7.0,13.0,460.0,887.0,L3-14,39,
40,35,12,3,4,21,14,34.0,1195.0,8.0,480.0,1675.0,72.0,3,13.0,460.0,940.0,L3-14,20.0,13.0,33.0,1434.0,5,305.0,1739.0,8.0,7.0,13.0,460.0,887.0,L3-14,48,
40,35,12,4,3,21,14,34.0,1195.0,8.0,480.0,1675.0,72.0,3,13.0,460.0,940.0,L3-14,20.0,13.0,33.0,1451.0,4,244.0,1695.0,52.0,9.0,13.0,460.0,887.0,L3-14,48,
40,35,12,4,4,22,14,35.0,1230.0,8.0,480.0,1710.0,37.0,3,13.0,460.0,940.0,L3-14,21.0,13.0,34.0,1490.0,4,244.0,1734.0,13.0,9.0,13.0,460.0,887.0,L3-14,33,
40,35,13,2,2,18,14,32.0,1125.0,10.0,600.0,1725.0,22.0,2,14.0,495.0,1095.0,L3-14,17.0,13.0,31.0,1335.0,6,366.0,1701.0,46.0,6.0,14.0,495.0,922.0,L3-14,61,
40,35,13,3,3,20,14,34.0,1195.0,8.0,480.0,1675.0,72.0,3,14.0,495.0,975.0,L3-14,19.0,13.0,33.0,1430.0,5,305.0,1735.0,12.0,7.0,14.0,495.0,922.0,L3-14,39,
40,35,13,3,4,21,14,35.0,1230.0,8.0,480.0,1710.0,37.0,3,14.0,495.0,975.0,L3-14,20.0,13.0,34.0,1469.0,4,244.0,1713.0,34.0,9.0,14.0,495.0,922.0,L3-14,48,
40,35,13,4,3,21,14,35.0,1230.0,8.0,480.0,1710.0,37.0,3,14.0,495.0,975.0,L3-14,20.0,13.0,34.0,1486.0,4,244.0,1730.0,17.0,9.0,14.0,495.0,922.0,L3-14,48,
40,35,13,4,4,22,14,36.0,1265.0,8.0,480.0,1745.0,2.0,3,14.0,495.0,975.0,L3-14,21.0,13.0,35.0,1525.0,3,183.0,1708.0,39.0,12.0,14.0,495.0,922.0,L3-14,33,
40,35,14,2,2,18,14,33.0,1160.0,7.0,420.0,1580.0,167.0,3,15.0,530.0,950.0,L3-14,17.0,13.0,32.0,1370.0,6,366.0,1736.0,11.0,6.0,15.0,530.0,1018.0,L3-14,61,
40,35,14,3,3,20,14,35.0,1230.0,8.0,480.0,1710.0,37.0,3,15.0,530.0,1010.0,L3-14,19.0,13.0,34.0,1465.0,4,244.0,1709.0,38.0,9.0,15.0,530.0,1018.0,L3-14,39,
40,35,14,3,4,21,14,36.0,1265.0,8.0,480.0,1745.0,2.0,3,15.0,530.0,1010.0,L3-14,20.0,13.0,35.0,1504.0,3,183.0,1687.0,60.0,12.0,15.0,530.0,1018.0,L3-14,48,
40,35,14,4,3,21,14,36.0,1265.0,8.0,480.0,1745.0,2.0,3,15.0,530.0,1010.0,L3-14,20.0,13.0,35.0,1521.0,3,183.0,1704.0,43.0,12.0,15.0,530.0,1018.0,L3-14,48,
40,35,14,4,4,22,14,37.0,1300.0,6.0,360.0,1660.0,87.0,4,15.0,530.0,890.0,L3-14,21.0,13.0,36.0,1560.0,3,183.0,1743.0,4.0,12.0,15.0,530.0,1018.0,L3-14,33,
40,35,15,2,2,18,14,34.0,1195.0,8.0,480.0,1675.0,72.0,3,16.0,565.0,1045.0,L15-20,17.0,13.0,33.0,1405.0,5,305.0,1710.0,37.0,7.0,16.0,565.0,1053.0,L15-20,61,
40,35,15,3,3,20,14,36.0,1265.0,8.0,480.0,1745.0,2.0,3,16.0,565.0,1045.0,L15-20,19.0,13.0,35.0,1500.0,4,244.0,1744.0,3.0,9.0,16.0,565.0,1053.0,L15-20,39,
40,35,15,3,4,21,14,37.0,1300.0,6.0,360.0,1660.0,87.0,4,16.0,565.0,925.0,L15-20,20.0,13.0,36.0,1539.0,3,183.0,1722.0,25.0,12.0,16.0,565.0,1053.0,L15-20,48,
40,35,15,4,3,21,14,37.0,1300.0,6.0,360.0,1660.0,87.0,4,16.0,565.0,925.0,L15-20,20.0,13.0,36.0,1556.0,3,183.0,1739.0,8.0,12.0,16.0,565.0,1053.0,L15-20,48,
40,35,15,4,4,22,14,38.0,1335.0,6.0,360.0,1695.0,52.0,4,16.0,565.0,925.0,L15-20,21.0,13.0,37.0,1595.0,2,122.0,1717.0,30.0,19.0,16.0,565.0,1053.0,L15-20,33,
40,35,16,2,2,18,14,35.0,1230.0,8.0,480.0,1710.0,37.0,3,17.0,600.0,1080.0,L15-20,17.0,13.0,34.0,1440.0,5,305.0,1745.0,2.0,7.0,17.0,600.0,966.0,L15-20,61,
40,35,16,3,3,20,14,37.0,1300.0,6.0,360.0,1660.0,87.0,4,17.0,600.0,960.0,L15-20,19.0,13.0,36.0,1535.0,3,183.0,1718.0,29.0,12.0,17.0,600.0,966.0,L15-20,39,
40,35,16,3,4,21,14,38.0,1335.0,6.0,360.0,1695.0,52.0,4,17.0,600.0,960.0,L15-20,20.0,13.0,37.0,1574.0,2,122.0,1696.0,51.0,19.0,17.0,600.0,966.0,L15-20,48,
40,35,16,4,3,21,14,38.0,1335.0,6.0,360.0,1695.0,52.0,4,17.0,600.0,960.0,L15-20,20.0,13.0,37.0,1591.0,2,122.0,1713.0,34.0,19.0,17.0,600.0,966.0,L15-20,48,
40,35,16,4,4,22,14,39.0,1370.0,6.0,360.0,1730.0,17.0,4,17.0,600.0,960.0,L15-20,21.0,13.0,38.0,1630.0,1,61.0,1691.0,56.0,38.0,17.0,600.0,966.0,L15-20,33,
40,35,17,2,2,18,14,36.0,1265.0,8.0,480.0,1745.0,2.0,3,18.0,635.0,1115.0,L15-20,17.0,13.0,35.0,1475.0,4,244.0,1719.0,28.0,9.0,18.0,635.0,1001.0,L15-20,61,
40,35,17,3,3,20,14,38.0,1335.0,6.0,360.0,1695.0,52.0,4,18.0,635.0,995.0,L15-20,19.0,13.0,37.0,1570.0,2,122.0,1692.0,55.0,19.0,18.0,635.0,1001.0,L15-20,39,
40,35,17,3,4,21,14,39.0,1370.0,6.0,360.0,1730.0,17.0,4,18.0,635.0,995.0,L15-20,20.0,13.0,38.0,1609.0,2,122.0,1731.0,16.0,19.0,18.0,635.0,1001.0,L15-20,48,
40,35,17,4,3,21,14,39.0,1370.0,6.0,360.0,1730.0,17.0,4,18.0,635.0,995.0,L15-20,20.0,13.0,38.0,1626.0,1,61.0,1687.0,60.0,38.0,18.0,635.0,1001.0,L15-20,48,
40,35,17,4,4,22,14,40.0,1405.0,5.0,300.0,1705.0,42.0,5,18.0,635.0,935.0,L15-20,21.0,13.0,39.0,1665.0,1,61.0,1726.0,21.0,39.0,18.0,635.0,1001.0,L15-20,33,
40,35,18,2,2,18,14,37.0,1300.0,6.0,360.0,1660.0,87.0,4,19.0,670.0,1030.0,L15-20,17.0,13.0,36.0,1510.0,3,183.0,1693.0,54.0,12.0,19.0,670.0,1097.0,L15-20,61,
40,35,18,3,3,20,14,39.0,1370.0,6.0,360.0,1730.0,17.0,4,19.0,670.0,1030.0,L15-20,19.0,13.0,38.0,1605.0,2,122.0,1727.0,20.0,19.0,19.0,670.0,1097.0,L15-20,39,
40,35,18,3,4,21,14,40.0,1405.0,5.0,300.0,1705.0,42.0,5,19.0,670.0,970.0,L15-20,20.0,13.0,39.0,1644.0,1,61.0,1705.0,42.0,39.0,19.0,670.0,1097.0,L15-20,48,
40,35,18,4,3,21,14,40.0,1405.0,5.0,300.0,1705.0,42.0,5,19.0,670.0,970.0,L15-20,20.0,13.0,39.0,1661.0,1,61.0,1722.0,25.0,39.0,19.0,670.0,1097.0,L15-20,48,
40,35,19,2,2,18,14,38.0,1335.0,6.0,360.0,1695.0,52.0,4,20.0,705.0,1065.0,L15-20,17.0,13.0,37.0,1545.0,3,183.0,1728.0,19.0,13.0,20.0,705.0,1132.0,L15-20,61,
40,35,19,3,3,20,14,40.0,1405.0,5.0,300.0,1705.0,42.0,5,20.0,705.0,1005.0,L15-20,19.0,13.0,39.0,1640.0,1,61.0,1701.0,46.0,39.0,20.0,705.0,1132.0,L15-20,39,
40,35,19,3,4,21,14,41.0,1440.0,5.0,300.0,1740.0,7.0,6,20.0,705.0,1005.0,L15-20,20.0,13.0,40.0,1679.0,1,61.0,1740.0,7.0,40.0,20.0,705.0,1132.0,L15-20,48,
40,35,20,2,2,18,14,39.0,1370.0,6.0,360.0,1730.0,17.0,4,21.0,740.0,1100.0,L15-20,17.0,13.0,38.0,1580.0,2,122.0,1702.0,45.0,19.0,21.0,740.0,1167.0,L15-20,61,
40,35,20,3,3,20,14,41.0,1440.0,5.0,300.0,1740.0,7.0,6,21.0,740.0,1040.0,L15-20,19.0,13.0,40.0,1675.0,1,61.0,1736.0,11.0,40.0,21.0,740.0,1167.0,L15-20,39,
40,38,3,2,2,18,14,22.0,838.0,14.0,840.0,1678.0,69.0,1,4.0,154.0,994.0,L3-14,17.0,13.0,21.0,994.0,7,427.0,1421.0,326.0,3.0,4.0,154.0,398.0,L3-14,61,
40,38,3,3,3,20,14,24.0,914.0,8.0,480.0,1394.0,353.0,2,4.0,154.0,634.0,L3-14,19.0,13.0,23.0,1089.0,8,488.0,1577.0,170.0,3.0,4.0,154.0,398.0,L3-14,39,
40,38,3,3,4,21,14,25.0,952.0,9.0,540.0,1492.0,255.0,2,4.0,154.0,694.0,L3-14,20.0,13.0,24.0,1128.0,8,488.0,1616.0,131.0,3.0,4.0,154.0,398.0,L3-14,48,
40,38,3,4,3,21,14,25.0,952.0,9.0,540.0,1492.0,255.0,2,4.0,154.0,694.0,L3-14,20.0,13.0,24.0,1145.0,8,488.0,1633.0,114.0,3.0,4.0,154.0,398.0,L3-14,48,
40,38,3,4,4,22,14,26.0,990.0,9.0,540.0,1530.0,217.0,2,4.0,154.0,694.0,L3-14,21.0,13.0,25.0,1184.0,7,427.0,1611.0,136.0,4.0,4.0,154.0,398.0,L3-14,33,
40,38,4,2,2,18,14,23.0,876.0,8.0,480.0,1356.0,391.0,2,5.0,192.0,672.0,L3-14,17.0,13.0,22.0,1032.0,8,488.0,1520.0,227.0,3.0,5.0,192.0,497.0,L3-14,61,
40,38,4,3,3,20,14,25.0,952.0,9.0,540.0,1492.0,255.0,2,5.0,192.0,732.0,L3-14,19.0,13.0,24.0,1127.0,8,488.0,1615.0,132.0,3.0,5.0,192.0,497.0,L3-14,39,
40,38,4,3,4,21,14,26.0,990.0,9.0,540.0,1530.0,217.0,2,5.0,192.0,732.0,L3-14,20.0,13.0,25.0,1166.0,7,427.0,1593.0,154.0,4.0,5.0,192.0,497.0,L3-14,48,
40,38,4,4,3,21,14,26.0,990.0,9.0,540.0,1530.0,217.0,2,5.0,192.0,732.0,L3-14,20.0,13.0,25.0,1183.0,7,427.0,1610.0,137.0,4.0,5.0,192.0,497.0,L3-14,48,
40,38,4,4,4,22,14,27.0,1028.0,9.0,540.0,1568.0,179.0,2,5.0,192.0,732.0,L3-14,21.0,13.0,26.0,1222.0,7,427.0,1649.0,98.0,4.0,5.0,192.0,497.0,L3-14,33,
40,38,5,2,2,18,14,24.0,914.0,8.0,480.0,1394.0,353.0,2,6.0,230.0,710.0,L3-14,17.0,13.0,23.0,1070.0,8,488.0,1558.0,189.0,3.0,6.0,230.0,596.0,L3-14,61,
40,38,5,3,3,20,14,26.0,990.0,9.0,540.0,1530.0,217.0,2,6.0,230.0,770.0,L3-14,19.0,13.0,25.0,1165.0,7,427.0,1592.0,155.0,4.0,6.0,230.0,596.0,L3-14,39,
40,38,5,3,4,21,14,27.0,1028.0,9.0,540.0,1568.0,179.0,2,6.0,230.0,770.0,L3-14,20.0,13.0,26.0,1204.0,7,427.0,1631.0,116.0,4.0,6.0,230.0,596.0,L3-14,48,
40,38,5,4,3,21,14,27.0,1028.0,9.0,540.0,1568.0,179.0,2,6.0,230.0,770.0,L3-14,20.0,13.0,26.0,1221.0,7,427.0,1648.0,99.0,4.0,6.0,230.0,596.0,L3-14,48,
40,38,5,4,4,22,14,28.0,1066.0,9.0,540.0,1606.0,141.0,2,6.0,230.0,770.0,L3-14,21.0,13.0,27.0,1260.0,7,427.0,1687.0,60.0,4.0,6.0,230.0,596.0,L3-14,33,
40,38,6,2,2,18,14,25.0,952.0,9.0,540.0,1492.0,255.0,2,7.0,268.0,808.0,L3-14,17.0,13.0,24.0,1108.0,8,488.0,1596.0,151.0,3.0,7.0,268.0,695.0,L3-14,61,
40,38,6,3,3,20,14,27.0,1028.0,9.0,540.0,1568.0,179.0,2,7.0,268.0,808.0,L3-14,19.0,13.0,26.0,1203.0,7,427.0,1630.0,117.0,4.0,7.0,268.0,695.0,L3-14,39,
40,38,6,3,4,21,14,28.0,1066.0,9.0,540.0,1606.0,141.0,2,7.0,268.0,808.0,L3-14,20.0,13.0,27.0,1242.0,7,427.0,1669.0,78.0,4.0,7.0,268.0,695.0,L3-14,48,
40,38,6,4,3,21,14,28.0,1066.0,9.0,540.0,1606.0,141.0,2,7.0,268.0,808.0,L3-14,20.0,13.0,27.0,1259.0,7,427.0,1686.0,61.0,4.0,7.0,268.0,695.0,L3-14,48,
40,38,6,4,4,22,14,29.0,1104.0,10.0,600.0,1704.0,43.0,2,7.0,268.0,868.0,L3-14,21.0,13.0,28.0,1298.0,7,427.0,1725.0,22.0,4.0,7.0,268.0,695.0,L3-14,33,
40,38,7,2,2,18,14,26.0,990.0,9.0,540.0,1530.0,217.0,2,8.0,306.0,846.0,L3-14,17.0,13.0,25.0,1146.0,7,427.0,1573.0,174.0,4.0,8.0,306.0,794.0,L3-14,61,
40,38,7,3,3,20,14,28.0,1066.0,9.0,540.0,1606.0,141.0,2,8.0,306.0,846.0,L3-14,19.0,13.0,27.0,1241.0,7,427.0,1668.0,79.0,4.0,8.0,306.0,794.0,L3-14,39,
40,38,7,3,4,21,14,29.0,1104.0,10.0,600.0,1704.0,43.0,2,8.0,306.0,906.0,L3-14,20.0,13.0,28.0,1280.0,7,427.0,1707.0,40.0,4.0,8.0,306.0,794.0,L3-14,48,
40,38,7,4,3,21,14,29.0,1104.0,10.0,600.0,1704.0,43.0,2,8.0,306.0,906.0,L3-14,20.0,13.0,28.0,1297.0,7,427.0,1724.0,23.0,4.0,8.0,306.0,794.0,L3-14,48,
40,38,7,4,4,22,14,30.0,1142.0,10.0,600.0,1742.0,5.0,2,8.0,306.0,906.0,L3-14,21.0,13.0,29.0,1336.0,6,366.0,1702.0,45.0,5.0,8.0,306.0,794.0,L3-14,33,
40,38,8,2,2,18,14,27.0,1028.0,9.0,540.0,1568.0,179.0,2,9.0,344.0,884.0,L3-14,17.0,13.0,26.0,1184.0,7,427.0,1611.0,136.0,4.0,9.0,344.0,649.0,L3-14,61,
40,38,8,3,3,20,14,29.0,1104.0,10.0,600.0,1704.0,43.0,2,9.0,344.0,944.0,L3-14,19.0,13.0,28.0,1279.0,7,427.0,1706.0,41.0,4.0,9.0,344.0,649.0,L3-14,39,
40,38,8,3,4,21,14,30.0,1142.0,10.0,600.0,1742.0,5.0,2,9.0,344.0,944.0,L3-14,20.0,13.0,29.0,1318.0,6,366.0,1684.0,63.0,5.0,9.0,344.0,649.0,L3-14,48,
40,38,8,4,3,21,14,30.0,1142.0,10.0,600.0,1742.0,5.0,2,9.0,344.0,944.0,L3-14,20.0,13.0,29.0,1335.0,6,366.0,1701.0,46.0,5.0,9.0,344.0,649.0,L3-14,48,
40,38,8,4,4,22,14,31.0,1180.0,7.0,420.0,1600.0,147.0,3,9.0,344.0,764.0,L3-14,21.0,13.0,30.0,1374.0,6,366.0,1740.0,7.0,5.0,9.0,344.0,649.0,L3-14,33,
40,38,9,2,2,18,14,28.0,1066.0,9.0,540.0,1606.0,141.0,2,10.0,382.0,922.0,L3-14,17.0,13.0,27.0,1222.0,7,427.0,1649.0,98.0,4.0,10.0,382.0,687.0,L3-14,61,
40,38,9,3,3,20,14,30.0,1142.0,10.0,600.0,1742.0,5.0,2,10.0,382.0,982.0,L3-14,19.0,13.0,29.0,1317.0,6,366.0,1683.0,64.0,5.0,10.0,382.0,687.0,L3-14,39,
40,38,9,3,4,21,14,31.0,1180.0,7.0,420.0,1600.0,147.0,3,10.0,382.0,802.0,L3-14,20.0,13.0,30.0,1356.0,6,366.0,1722.0,25.0,5.0,10.0,382.0,687.0,L3-14,48,
40,38,9,4,3,21,14,31.0,1180.0,7.0,420.0,1600.0,147.0,3,10.0,382.0,802.0,L3-14,20.0,13.0,30.0,1373.0,6,366.0,1739.0,8.0,5.0,10.0,382.0,687.0,L3-14,48,
40,38,9,4,4,22,14,32.0,1218.0,7.0,420.0,1638.0,109.0,3,10.0,382.0,802.0,L3-14,21.0,13.0,31.0,1412.0,5,305.0,1717.0,30.0,7.0,10.0,382.0,687.0,L3-14,33,
40,38,10,2,2,18,14,29.0,1104.0,10.0,600.0,1704.0,43.0,2,11.0,420.0,1020.0,L3-14,17.0,13.0,28.0,1260.0,7,427.0,1687.0,60.0,4.0,11.0,420.0,786.0,L3-14,61,
40,38,10,3,3,20,14,31.0,1180.0,7.0,420.0,1600.0,147.0,3,11.0,420.0,840.0,L3-14,19.0,13.0,30.0,1355.0,6,366.0,1721.0,26.0,5.0,11.0,420.0,786.0,L3-14,39,
40,38,10,3,4,21,14,32.0,1218.0,7.0,420.0,1638.0,109.0,3,11.0,420.0,840.0,L3-14,20.0,13.0,31.0,1394.0,5,305.0,1699.0,48.0,7.0,11.0,420.0,786.0,L3-14,48,
40,38,10,4,3,21,14,32.0,1218.0,7.0,420.0,1638.0,109.0,3,11.0,420.0,840.0,L3-14,20.0,13.0,31.0,1411.0,5,305.0,1716.0,31.0,7.0,11.0,420.0,786.0,L3-14,48,
40,38,10,4,4,22,14,33.0,1256.0,7.0,420.0,1676.0,71.0,3,11.0,420.0,840.0,L3-14,21.0,13.0,32.0,1450.0,4,244.0,1694.0,53.0,8.0,11.0,420.0,786.0,L3-14,33,
40,38,11,2,2,18,14,30.0,1142.0,10.0,600.0,1742.0,5.0,2,12.0,458.0,1058.0,L3-14,17.0,13.0,29.0,1298.0,6,366.0,1664.0,83.0,5.0,12.0,458.0,824.0,L3-14,61,
40,38,11,3,3,20,14,32.0,1218.0,7.0,420.0,1638.0,109.0,3,12.0,458.0,878.0,L3-14,19.0,13.0,31.0,1393.0,5,305.0,1698.0,49.0,7.0,12.0,458.0,824.0,L3-14,39,
40,38,11,3,4,21,14,33.0,1256.0,7.0,420.0,1676.0,71.0,3,12.0,458.0,878.0,L3-14,20.0,13.0,32.0,1432.0,5,305.0,1737.0,10.0,7.0,12.0,458.0,824.0,L3-14,48,
40,38,11,4,3,21,14,33.0,1256.0,7.0,420.0,1676.0,71.0,3,12.0,458.0,878.0,L3-14,20.0,13.0,32.0,1449.0,4,244.0,1693.0,54.0,8.0,12.0,458.0,824.0,L3-14,48,
40,38,11,4,4,22,14,34.0,1294.0,6.0,360.0,1654.0,93.0,4,12.0,458.0,818.0,L3-14,21.0,13.0,33.0,1488.0,4,244.0,1732.0,15.0,9.0,12.0,458.0,824.0,L3-14,33,
40,38,12,2,2,18,14,31.0,1180.0,7.0,420.0,1600.0,147.0,3,13.0,496.0,916.0,L3-14,17.0,13.0,30.0,1336.0,6,366.0,1702.0,45.0,5.0,13.0,496.0,923.0,L3-14,61,
40,38,12,3,3,20,14,33.0,1256.0,7.0,420.0,1676.0,71.0,3,13.0,496.0,916.0,L3-14,19.0,13.0,32.0,1431.0,5,305.0,1736.0,11.0,7.0,13.0,496.0,923.0,L3-14,39,
40,38,12,3,4,21,14,34.0,1294.0,6.0,360.0,1654.0,93.0,4,13.0,496.0,856.0,L3-14,20.0,13.0,33.0,1470.0,4,244.0,1714.0,33.0,9.0,13.0,496.0,923.0,L3-14,48,
40,38,12,4,3,21,14,34.0,1294.0,6.0,360.0,1654.0,93.0,4,13.0,496.0,856.0,L3-14,20.0,13.0,33.0,1487.0,4,244.0,1731.0,16.0,9.0,13.0,496.0,923.0,L3-14,48,
40,38,12,4,4,22,14,35.0,1332.0,6.0,360.0,1692.0,55.0,4,13.0,496.0,856.0,L3-14,21.0,13.0,34.0,1526.0,3,183.0,1709.0,38.0,12.0,13.0,496.0,923.0,L3-14,33,
40,38,13,2,2,18,14,32.0,1218.0,7.0,420.0,1638.0,109.0,3,14.0,534.0,954.0,L3-14,17.0,13.0,31.0,1374.0,6,366.0,1740.0,7.0,6.0,14.0,534.0,961.0,L3-14,61,
40,38,13,3,3,20,14,34.0,1294.0,6.0,360.0,1654.0,93.0,4,14.0,534.0,894.0,L3-14,19.0,13.0,33.0,1469.0,4,244.0,1713.0,34.0,9.0,14.0,534.0,961.0,L3-14,39,
40,38,13,3,4,21,14,35.0,1332.0,6.0,360.0,1692.0,55.0,4,14.0,534.0,894.0,L3-14,20.0,13.0,34.0,1508.0,3,183.0,1691.0,56.0,12.0,14.0,534.0,961.0,L3-14,48,
40,38,13,4,3,21,14,35.0,1332.0,6.0,360.0,1692.0,55.0,4,14.0,534.0,894.0,L3-14,20.0,13.0,34.0,1525.0,3,183.0,1708.0,39.0,12.0,14.0,534.0,961.0,L3-14,48,
40,38,13,4,4,22,14,36.0,1370.0,6.0,360.0,1730.0,17.0,4,14.0,534.0,894.0,L3-14,21.0,13.0,35.0,1564.0,3,183.0,1747.0,0.0,12.0,14.0,534.0,961.0,L3-14,33,
40,38,14,2,2,18,14,33.0,1256.0,7.0,420.0,1676.0,71.0,3,15.0,572.0,992.0,L3-14,17.0,13.0,32.0,1412.0,5,305.0,1717.0,30.0,7.0,15.0,572.0,1060.0,L3-14,61,
40,38,14,3,3,20,14,35.0,1332.0,6.0,360.0,1692.0,55.0,4,15.0,572.0,932.0,L3-14,19.0,13.0,34.0,1507.0,3,183.0,1690.0,57.0,12.0,15.0,572.0,1060.0,L3-14,39,
40,38,14,3,4,21,14,36.0,1370.0,6.0,360.0,1730.0,17.0,4,15.0,572.0,932.0,L3-14,20.0,13.0,35.0,1546.0,3,183.0,1729.0,18.0,12.0,15.0,572.0,1060.0,L3-14,48,
40,38,14,4,3,21,14,36.0,1370.0,6.0,360.0,1730.0,17.0,4,15.0,572.0,932.0,L3-14,20.0,13.0,35.0,1563.0,3,183.0,1746.0,1.0,12.0,15.0,572.0,1060.0,L3-14,48,
40,38,14,4,4,22,14,37.0,1408.0,5.0,300.0,1708.0,39.0,6,15.0,572.0,872.0,L3-14,21.0,13.0,36.0,1602.0,2,122.0,1724.0,23.0,18.0,15.0,572.0,1060.0,L3-14,33,
40,38,15,2,2,18,14,34.0,1294.0,6.0,360.0,1654.0,93.0,4,16.0,610.0,970.0,L15-20,17.0,13.0,33.0,1450.0,4,244.0,1694.0,53.0,9.0,16.0,610.0,1098.0,L15-20,61,
40,38,15,3,3,20,14,36.0,1370.0,6.0,360.0,1730.0,17.0,4,16.0,610.0,970.0,L15-20,19.0,13.0,35.0,1545.0,3,183.0,1728.0,19.0,12.0,16.0,610.0,1098.0,L15-20,39,
40,38,15,3,4,21,14,37.0,1408.0,5.0,300.0,1708.0,39.0,6,16.0,610.0,910.0,L15-20,20.0,13.0,36.0,1584.0,2,122.0,1706.0,41.0,18.0,16.0,610.0,1098.0,L15-20,48,
40,38,15,4,3,21,14,37.0,1408.0,5.0,300.0,1708.0,39.0,6,16.0,610.0,910.0,L15-20,20.0,13.0,36.0,1601.0,2,122.0,1723.0,24.0,18.0,16.0,610.0,1098.0,L15-20,48,
40,38,15,4,4,22,14,38.0,1446.0,5.0,300.0,1746.0,1.0,6,16.0,610.0,910.0,L15-20,21.0,13.0,37.0,1640.0,1,61.0,1701.0,46.0,37.0,16.0,610.0,1098.0,L15-20,33,
40,38,16,2,2,18,14,35.0,1332.0,6.0,360.0,1692.0,55.0,4,17.0,648.0,1008.0,L15-20,17.0,13.0,34.0,1488.0,4,244.0,1732.0,15.0,9.0,17.0,648.0,1014.0,L15-20,61,
40,38,16,3,3,20,14,37.0,1408.0,5.0,300.0,1708.0,39.0,6,17.0,648.0,948.0,L15-20,19.0,13.0,36.0,1583.0,2,122.0,1705.0,42.0,18.0,17.0,648.0,1014.0,L15-20,39,
40,38,16,3,4,21,14,38.0,1446.0,5.0,300.0,1746.0,1.0,6,17.0,648.0,948.0,L15-20,20.0,13.0,37.0,1622.0,2,122.0,1744.0,3.0,19.0,17.0,648.0,1014.0,L15-20,48,
40,38,16,4,3,21,14,38.0,1446.0,5.0,300.0,1746.0,1.0,6,17.0,648.0,948.0,L15-20,20.0,13.0,37.0,1639.0,1,61.0,1700.0,47.0,37.0,17.0,648.0,1014.0,L15-20,48,
40,38,16,4,4,22,14,39.0,1484.0,4.0,240.0,1724.0,23.0,7,17.0,648.0,888.0,L15-20,21.0,13.0,38.0,1678.0,1,61.0,1739.0,8.0,38.0,17.0,648.0,1014.0,L15-20,33,
40,38,17,2,2,18,14,36.0,1370.0,6.0,360.0,1730.0,17.0,4,18.0,686.0,1046.0,L15-20,17.0,13.0,35.0,1526.0,3,183.0,1709.0,38.0,12.0,18.0,686.0,1052.0,L15-20,61,
40,38,17,3,3,20,14,38.0,1446.0,5.0,300.0,1746.0,1.0,6,18.0,686.0,986.0,L15-20,19.0,13.0,37.0,1621.0,2,122.0,1743.0,4.0,19.0,18.0,686.0,1052.0,L15-20,39,
40,38,17,3,4,21,14,39.0,1484.0,4.0,240.0,1724.0,23.0,7,18.0,686.0,926.0,L15-20,20.0,13.0,38.0,1660.0,1,61.0,1721.0,26.0,38.0,18.0,686.0,1052.0,L15-20,48,
40,38,17,4,3,21,14,39.0,1484.0,4.0,240.0,1724.0,23.0,7,18.0,686.0,926.0,L15-20,20.0,13.0,38.0,1677.0,1,61.0,1738.0,9.0,38.0,18.0,686.0,1052.0,L15-20,48,
40,38,18,2,2,18,14,37.0,1408.0,5.0,300.0,1708.0,39.0,6,19.0,724.0,1024.0,L15-20,17.0,13.0,36.0,1564.0,3,183.0,1747.0,0.0,12.0,19.0,724.0,1151.0,L15-20,61,
40,38,18,3,3,20,14,39.0,1484.0,4.0,240.0,1724.0,23.0,7,19.0,724.0,964.0,L15-20,19.0,13.0,38.0,1659.0,1,61.0,1720.0,27.0,38.0,19.0,724.0,1151.0,L15-20,39,
40,38,19,2,2,18,14,38.0,1446.0,5.0,300.0,1746.0,1.0,6,20.0,762.0,1062.0,L15-20,17.0,13.0,37.0,1602.0,2,122.0,1724.0,23.0,19.0,20.0,762.0,1189.0,L15-20,61,
40,38,20,2,2,18,14,39.0,1484.0,4.0,240.0,1724.0,23.0,7,21.0,800.0,1040.0,L15-20,17.0,13.0,38.0,1640.0,1,61.0,1701.0,46.0,38.0,21.0,800.0,1227.0,L15-20,61,
40,40,3,2,2,18,14,22.0,880.0,8.0,480.0,1360.0,387.0,2,4.0,160.0,640.0,L3-14,17.0,13.0,21.0,1000.0,7,427.0,1427.0,320.0,3.0,4.0,160.0,404.0,L3-14,61,
40,40,3,3,3,20,14,24.0,960.0,9.0,540.0,1500.0,247.0,2,4.0,160.0,700.0,L3-14,19.0,13.0,23.0,1095.0,8,488.0,1583.0,164.0,3.0,4.0,160.0,404.0,L3-14,39,
40,40,3,3,4,21,14,25.0,1000.0,9.0,540.0,1540.0,207.0,2,4.0,160.0,700.0,L3-14,20.0,13.0,24.0,1134.0,8,488.0,1622.0,125.0,3.0,4.0,160.0,404.0,L3-14,48,
40,40,3,4,3,21,14,25.0,1000.0,9.0,540.0,1540.0,207.0,2,4.0,160.0,700.0,L3-14,20.0,13.0,24.0,1151.0,8,488.0,1639.0,108.0,3.0,4.0,160.0,404.0,L3-14,48,
40,40,3,4,4,22,14,26.0,1040.0,9.0,540.0,1580.0,167.0,2,4.0,160.0,700.0,L3-14,21.0,13.0,25.0,1190.0,7,427.0,1617.0,130.0,4.0,4.0,160.0,404.0,L3-14,33,
40,40,4,2,2,18,14,23.0,920.0,9.0,540.0,1460.0,287.0,2,5.0,200.0,740.0,L3-14,17.0,13.0,22.0,1040.0,8,488.0,1528.0,219.0,3.0,5.0,200.0,505.0,L3-14,61,
40,40,4,3,3,20,14,25.0,1000.0,9.0,540.0,1540.0,207.0,2,5.0,200.0,740.0,L3-14,19.0,13.0,24.0,1135.0,8,488.0,1623.0,124.0,3.0,5.0,200.0,505.0,L3-14,39,
40,40,4,3,4,21,14,26.0,1040.0,9.0,540.0,1580.0,167.0,2,5.0,200.0,740.0,L3-14,20.0,13.0,25.0,1174.0,7,427.0,1601.0,146.0,4.0,5.0,200.0,505.0,L3-14,48,
40,40,4,4,3,21,14,26.0,1040.0,9.0,540.0,1580.0,167.0,2,5.0,200.0,740.0,L3-14,20.0,13.0,25.0,1191.0,7,427.0,1618.0,129.0,4.0,5.0,200.0,505.0,L3-14,48,
40,40,4,4,4,22,14,27.0,1080.0,10.0,600.0,1680.0,67.0,2,5.0,200.0,800.0,L3-14,21.0,13.0,26.0,1230.0,7,427.0,1657.0,90.0,4.0,5.0,200.0,505.0,L3-14,33,
40,40,5,2,2,18,14,24.0,960.0,9.0,540.0,1500.0,247.0,2,6.0,240.0,780.0,L3-14,17.0,13.0,23.0,1080.0,8,488.0,1568.0,179.0,3.0,6.0,240.0,606.0,L3-14,61,
40,40,5,3,3,20,14,26.0,1040.0,9.0,540.0,1580.0,167.0,2,6.0,240.0,780.0,L3-14,19.0,13.0,25.0,1175.0,7,427.0,1602.0,145.0,4.0,6.0,240.0,606.0,L3-14,39,
40,40,5,3,4,21,14,27.0,1080.0,10.0,600.0,1680.0,67.0,2,6.0,240.0,840.0,L3-14,20.0,13.0,26.0,1214.0,7,427.0,1641.0,106.0,4.0,6.0,240.0,606.0,L3-14,48,
40,40,5,4,3,21,14,27.0,1080.0,10.0,600.0,1680.0,67.0,2,6.0,240.0,840.0,L3-14,20.0,13.0,26.0,1231.0,7,427.0,1658.0,89.0,4.0,6.0,240.0,606.0,L3-14,48,
40,40,5,4,4,22,14,28.0,1120.0,10.0,600.0,1720.0,27.0,2,6.0,240.0,840.0,L3-14,21.0,13.0,27.0,1270.0,7,427.0,1697.0,50.0,4.0,6.0,240.0,606.0,L3-14,33,
40,40,6,2,2,18,14,25.0,1000.0,9.0,540.0,1540.0,207.0,2,7.0,280.0,820.0,L3-14,17.0,13.0,24.0,1120.0,8,488.0,1608.0,139.0,3.0,7.0,280.0,707.0,L3-14,61,
40,40,6,3,3,20,14,27.0,1080.0,10.0,600.0,1680.0,67.0,2,7.0,280.0,880.0,L3-14,19.0,13.0,26.0,1215.0,7,427.0,1642.0,105.0,4.0,7.0,280.0,707.0,L3-14,39,
40,40,6,3,4,21,14,28.0,1120.0,10.0,600.0,1720.0,27.0,2,7.0,280.0,880.0,L3-14,20.0,13.0,27.0,1254.0,7,427.0,1681.0,66.0,4.0,7.0,280.0,707.0,L3-14,48,
40,40,6,4,3,21,14,28.0,1120.0,10.0,600.0,1720.0,27.0,2,7.0,280.0,880.0,L3-14,20.0,13.0,27.0,1271.0,7,427.0,1698.0,49.0,4.0,7.0,280.0,707.0,L3-14,48,
40,40,6,4,4,22,14,29.0,1160.0,7.0,420.0,1580.0,167.0,3,7.0,280.0,700.0,L3-14,21.0,13.0,28.0,1310.0,7,427.0,1737.0,10.0,4.0,7.0,280.0,707.0,L3-14,33,
40,40,7,2,2,18,14,26.0,1040.0,9.0,540.0,1580.0,167.0,2,8.0,320.0,860.0,L3-14,17.0,13.0,25.0,1160.0,7,427.0,1587.0,160.0,4.0,8.0,320.0,808.0,L3-14,61,
40,40,7,3,3,20,14,28.0,1120.0,10.0,600.0,1720.0,27.0,2,8.0,320.0,920.0,L3-14,19.0,13.0,27.0,1255.0,7,427.0,1682.0,65.0,4.0,8.0,320.0,808.0,L3-14,39,
40,40,7,3,4,21,14,29.0,1160.0,7.0,420.0,1580.0,167.0,3,8.0,320.0,740.0,L3-14,20.0,13.0,28.0,1294.0,7,427.0,1721.0,26.0,4.0,8.0,320.0,808.0,L3-14,48,
40,40,7,4,3,21,14,29.0,1160.0,7.0,420.0,1580.0,167.0,3,8.0,320.0,740.0,L3-14,20.0,13.0,28.0,1311.0,7,427.0,1738.0,9.0,4.0,8.0,320.0,808.0,L3-14,48,
40,40,7,4,4,22,14,30.0,1200.0,7.0,420.0,1620.0,127.0,3,8.0,320.0,740.0,L3-14,21.0,13.0,29.0,1350.0,6,366.0,1716.0,31.0,5.0,8.0,320.0,808.0,L3-14,33,
40,40,8,2,2,18,14,27.0,1080.0,10.0,600.0,1680.0,67.0,2,9.0,360.0,960.0,L3-14,17.0,13.0,26.0,1200.0,7,427.0,1627.0,120.0,4.0,9.0,360.0,665.0,L3-14,61,
40,40,8,3,3,20,14,29.0,1160.0,7.0,420.0,1580.0,167.0,3,9.0,360.0,780.0,L3-14,19.0,13.0,28.0,1295.0,7,427.0,1722.0,25.0,4.0,9.0,360.0,665.0,L3-14,39,
40,40,8,3,4,21,14,30.0,1200.0,7.0,420.0,1620.0,127.0,3,9.0,360.0,780.0,L3-14,20.0,13.0,29.0,1334.0,6,366.0,1700.0,47.0,5.0,9.0,360.0,665.0,L3-14,48,
40,40,8,4,3,21,14,30.0,1200.0,7.0,420.0,1620.0,127.0,3,9.0,360.0,780.0,L3-14,20.0,13.0,29.0,1351.0,6,366.0,1717.0,30.0,5.0,9.0,360.0,665.0,L3-14,48,
40,40,8,4,4,22,14,31.0,1240.0,8.0,480.0,1720.0,27.0,3,9.0,360.0,840.0,L3-14,21.0,13.0,30.0,1390.0,5,305.0,1695.0,52.0,6.0,9.0,360.0,665.0,L3-14,33,
40,40,9,2,2,18,14,28.0,1120.0,10.0,600.0,1720.0,27.0,2,10.0,400.0,1000.0,L3-14,17.0,13.0,27.0,1240.0,7,427.0,1667.0,80.0,4.0,10.0,400.0,705.0,L3-14,61,
40,40,9,3,3,20,14,30.0,1200.0,7.0,420.0,1620.0,127.0,3,10.0,400.0,820.0,L3-14,19.0,13.0,29.0,1335.0,6,366.0,1701.0,46.0,5.0,10.0,400.0,705.0,L3-14,39,
40,40,9,3,4,21,14,31.0,1240.0,8.0,480.0,1720.0,27.0,3,10.0,400.0,880.0,L3-14,20.0,13.0,30.0,1374.0,6,366.0,1740.0,7.0,5.0,10.0,400.0,705.0,L3-14,48,
40,40,9,4,3,21,14,31.0,1240.0,8.0,480.0,1720.0,27.0,3,10.0,400.0,880.0,L3-14,20.0,13.0,30.0,1391.0,5,305.0,1696.0,51.0,6.0,10.0,400.0,705.0,L3-14,48,
40,40,9,4,4,22,14,32.0,1280.0,6.0,360.0,1640.0,107.0,4,10.0,400.0,760.0,L3-14,21.0,13.0,31.0,1430.0,5,305.0,1735.0,12.0,7.0,10.0,400.0,705.0,L3-14,33,
40,40,10,2,2,18,14,29.0,1160.0,7.0,420.0,1580.0,167.0,3,11.0,440.0,860.0,L3-14,17.0,13.0,28.0,1280.0,7,427.0,1707.0,40.0,4.0,11.0,440.0,806.0,L3-14,61,
40,40,10,3,3,20,14,31.0,1240.0,8.0,480.0,1720.0,27.0,3,11.0,440.0,920.0,L3-14,19.0,13.0,30.0,1375.0,6,366.0,1741.0,6.0,5.0,11.0,440.0,806.0,L3-14,39,
40,40,10,3,4,21,14,32.0,1280.0,6.0,360.0,1640.0,107.0,4,11.0,440.0,800.0,L3-14,20.0,13.0,31.0,1414.0,5,305.0,1719.0,28.0,7.0,11.0,440.0,806.0,L3-14,48,
40,40,10,4,3,21,14,32.0,1280.0,6.0,360.0,1640.0,107.0,4,11.0,440.0,800.0,L3-14,20.0,13.0,31.0,1431.0,5,305.0,1736.0,11.0,7.0,11.0,440.0,806.0,L3-14,48,
40,40,10,4,4,22,14,33.0,1320.0,7.0,420.0,1740.0,7.0,4,11.0,440.0,860.0,L3-14,21.0,13.0,32.0,1470.0,4,244.0,1714.0,33.0,8.0,11.0,440.0,806.0,L3-14,33,
40,40,11,2,2,18,14,30.0,1200.0,7.0,420.0,1620.0,127.0,3,12.0,480.0,900.0,L3-14,17.0,13.0,29.0,1320.0,6,366.0,1686.0,61.0,5.0,12.0,480.0,846.0,L3-14,61,
40,40,11,3,3,20,14,32.0,1280.0,6.0,360.0,1640.0,107.0,4,12.0,480.0,840.0,L3-14,19.0,13.0,31.0,1415.0,5,305.0,1720.0,27.0,7.0,12.0,480.0,846.0,L3-14,39,
40,40,11,3,4,21,14,33.0,1320.0,7.0,420.0,1740.0,7.0,4,12.0,480.0,900.0,L3-14,20.0,13.0,32.0,1454.0,4,244.0,1698.0,49.0,8.0,12.0,480.0,846.0,L3-14,48,
40,40,11,4,3,21,14,33.0,1320.0,7.0,420.0,1740.0,7.0,4,12.0,480.0,900.0,L3-14,20.0,13.0,32.0,1471.0,4,244.0,1715.0,32.0,8.0,12.0,480.0,846.0,L3-14,48,
40,40,11,4,4,22,14,34.0,1360.0,5.0,300.0,1660.0,87.0,5,12.0,480.0,780.0,L3-14,21.0,13.0,33.0,1510.0,3,183.0,1693.0,54.0,11.0,12.0,480.0,846.0,L3-14,33,
40,40,12,2,2,18,14,31.0,1240.0,8.0,480.0,1720.0,27.0,3,13.0,520.0,1000.0,L3-14,17.0,13.0,30.0,1360.0,6,366.0,1726.0,21.0,5.0,13.0,520.0,947.0,L3-14,61,
40,40,12,3,3,20,14,33.0,1320.0,7.0,420.0,1740.0,7.0,4,13.0,520.0,940.0,L3-14,19.0,13.0,32.0,1455.0,4,244.0,1699.0,48.0,8.0,13.0,520.0,947.0,L3-14,39,
40,40,12,3,4,21,14,34.0,1360.0,5.0,300.0,1660.0,87.0,5,13.0,520.0,820.0,L3-14,20.0,13.0,33.0,1494.0,4,244.0,1738.0,9.0,9.0,13.0,520.0,947.0,L3-14,48,
40,40,12,4,3,21,14,34.0,1360.0,5.0,300.0,1660.0,87.0,5,13.0,520.0,820.0,L3-14,20.0,13.0,33.0,1511.0,3,183.0,1694.0,53.0,11.0,13.0,520.0,947.0,L3-14,48,
40,40,12,4,4,22,14,35.0,1400.0,5.0,300.0,1700.0,47.0,5,13.0,520.0,820.0,L3-14,21.0,13.0,34.0,1550.0,3,183.0,1733.0,14.0,12.0,13.0,520.0,947.0,L3-14,33,
40,40,13,2,2,18,14,32.0,1280.0,6.0,360.0,1640.0,107.0,4,14.0,560.0,920.0,L3-14,17.0,13.0,31.0,1400.0,5,305.0,1705.0,42.0,7.0,14.0,560.0,987.0,L3-14,61,
40,40,13,3,3,20,14,34.0,1360.0,5.0,300.0,1660.0,87.0,5,14.0,560.0,860.0,L3-14,19.0,13.0,33.0,1495.0,4,244.0,1739.0,8.0,9.0,14.0,560.0,987.0,L3-14,39,
40,40,13,3,4,21,14,35.0,1400.0,5.0,300.0,1700.0,47.0,5,14.0,560.0,860.0,L3-14,20.0,13.0,34.0,1534.0,3,183.0,1717.0,30.0,12.0,14.0,560.0,987.0,L3-14,48,
40,40,13,4,3,21,14,35.0,1400.0,5.0,300.0,1700.0,47.0,5,14.0,560.0,860.0,L3-14,20.0,13.0,34.0,1551.0,3,183.0,1734.0,13.0,12.0,14.0,560.0,987.0,L3-14,48,
40,40,13,4,4,22,14,36.0,1440.0,5.0,300.0,1740.0,7.0,6,14.0,560.0,860.0,L3-14,21.0,13.0,35.0,1590.0,2,122.0,1712.0,35.0,18.0,14.0,560.0,987.0,L3-14,33,
40,40,14,2,2,18,14,33.0,1320.0,7.0,420.0,1740.0,7.0,4,15.0,600.0,1020.0,L3-14,17.0,13.0,32.0,1440.0,5,305.0,1745.0,2.0,7.0,15.0,600.0,1088.0,L3-14,61,
40,40,14,3,3,20,14,35.0,1400.0,5.0,300.0,1700.0,47.0,5,15.0,600.0,900.0,L3-14,19.0,13.0,34.0,1535.0,3,183.0,1718.0,29.0,12.0,15.0,600.0,1088.0,L3-14,39,
40,40,14,3,4,21,14,36.0,1440.0,5.0,300.0,1740.0,7.0,6,15.0,600.0,900.0,L3-14,20.0,13.0,35.0,1574.0,2,122.0,1696.0,51.0,18.0,15.0,600.0,1088.0,L3-14,48,
40,40,14,4,3,21,14,36.0,1440.0,5.0,300.0,1740.0,7.0,6,15.0,600.0,900.0,L3-14,20.0,13.0,35.0,1591.0,2,122.0,1713.0,34.0,18.0,15.0,600.0,1088.0,L3-14,48,
40,40,14,4,4,22,14,37.0,1480.0,4.0,240.0,1720.0,27.0,8,15.0,600.0,840.0,L3-14,21.0,13.0,36.0,1630.0,1,61.0,1691.0,56.0,36.0,15.0,600.0,1088.0,L3-14,33,
40,40,15,2,2,18,14,34.0,1360.0,5.0,300.0,1660.0,87.0,5,16.0,640.0,940.0,L15-20,17.0,13.0,33.0,1480.0,4,244.0,1724.0,23.0,9.0,16.0,640.0,1128.0,L15-20,61,
40,40,15,3,3,20,14,36.0,1440.0,5.0,300.0,1740.0,7.0,6,16.0,640.0,940.0,L15-20,19.0,13.0,35.0,1575.0,2,122.0,1697.0,50.0,18.0,16.0,640.0,1128.0,L15-20,39,
40,40,15,3,4,21,14,37.0,1480.0,4.0,240.0,1720.0,27.0,8,16.0,640.0,880.0,L15-20,20.0,13.0,36.0,1614.0,2,122.0,1736.0,11.0,18.0,16.0,640.0,1128.0,L15-20,48,
40,40,15,4,3,21,14,37.0,1480.0,4.0,240.0,1720.0,27.0,8,16.0,640.0,880.0,L15-20,20.0,13.0,36.0,1631.0,1,61.0,1692.0,55.0,36.0,16.0,640.0,1128.0,L15-20,48,
40,40,15,4,4,22,14,38.0,1520.0,3.0,180.0,1700.0,47.0,10,16.0,640.0,820.0,L15-20,21.0,13.0,37.0,1670.0,1,61.0,1731.0,16.0,37.0,16.0,640.0,1128.0,L15-20,33,
40,40,16,2,2,18,14,35.0,1400.0,5.0,300.0,1700.0,47.0,5,17.0,680.0,980.0,L15-20,17.0,13.0,34.0,1520.0,3,183.0,1703.0,44.0,12.0,17.0,680.0,1046.0,L15-20,61,
40,40,16,3,3,20,14,37.0,1480.0,4.0,240.0,1720.0,27.0,8,17.0,680.0,920.0,L15-20,19.0,13.0,36.0,1615.0,2,122.0,1737.0,10.0,18.0,17.0,680.0,1046.0,L15-20,39,
40,40,16,3,4,21,14,38.0,1520.0,3.0,180.0,1700.0,47.0,10,17.0,680.0,860.0,L15-20,20.0,13.0,37.0,1654.0,1,61.0,1715.0,32.0,37.0,17.0,680.0,1046.0,L15-20,48,
40,40,16,4,3,21,14,38.0,1520.0,3.0,180.0,1700.0,47.0,10,17.0,680.0,860.0,L15-20,20.0,13.0,37.0,1671.0,1,61.0,1732.0,15.0,37.0,17.0,680.0,1046.0,L15-20,48,
40,40,17,2,2,18,14,36.0,1440.0,5.0,300.0,1740.0,7.0,6,18.0,720.0,1020.0,L15-20,17.0,13.0,35.0,1560.0,3,183.0,1743.0,4.0,12.0,18.0,720.0,1086.0,L15-20,61,
40,40,17,3,3,20,14,38.0,1520.0,3.0,180.0,1700.0,47.0,10,18.0,720.0,900.0,L15-20,19.0,13.0,37.0,1655.0,1,61.0,1716.0,31.0,37.0,18.0,720.0,1086.0,L15-20,39,
40,40,18,2,2,18,14,37.0,1480.0,4.0,240.0,1720.0,27.0,8,19.0,760.0,1000.0,L15-20,17.0,13.0,36.0,1600.0,2,122.0,1722.0,25.0,18.0,19.0,760.0,1187.0,L15-20,61,
40,40,19,2,2,18,14,38.0,1520.0,3.0,180.0,1700.0,47.0,10,20.0,800.0,980.0,L15-20,17.0,13.0,37.0,1640.0,1,61.0,1701.0,46.0,37.0,20.0,800.0,1227.0,L15-20,61,
40,40,20,2,2,18,14,39.0,1560.0,3.0,180.0,1740.0,7.0,10,21.0,840.0,1020.0,L15-20,17.0,13.0,38.0,1680.0,1,61.0,1741.0,6.0,38.0,21.0,840.0,1267.0,L15-20,61,
42,35,3,2,2,18,14,22.0,777.0,13.0,780.0,1557.0,190.0,1,4.0,147.0,927.0,L3-14,17.0,13.0,21.0,987.0,7,427.0,1414.0,333.0,3.0,4.0,147.0,391.0,L3-14,61,
42,35,3,3,3,20,14,24.0,847.0,15.0,900.0,1747.0,0.0,1,4.0,147.0,1047.0,L3-14,19.0,13.0,23.0,1082.0,8,488.0,1570.0,177.0,3.0,4.0,147.0,391.0,L3-14,39,
42,35,3,3,4,21,14,25.0,882.0,8.0,480.0,1362.0,385.0,2,4.0,147.0,627.0,L3-14,20.0,13.0,24.0,1121.0,8,488.0,1609.0,138.0,3.0,4.0,147.0,391.0,L3-14,48,
42,35,3,4,3,21,14,25.0,882.0,8.0,480.0,1362.0,385.0,2,4.0,147.0,627.0,L3-14,20.0,13.0,24.0,1138.0,8,488.0,1626.0,121.0,3.0,4.0,147.0,391.0,L3-14,48,
42,35,3,4,4,22,14,26.0,917.0,8.0,480.0,1397.0,350.0,2,4.0,147.0,627.0,L3-14,21.0,13.0,25.0,1177.0,7,427.0,1604.0,143.0,4.0,4.0,147.0,391.0,L3-14,33,
42,35,4,2,2,18,14,23.0,812.0,14.0,840.0,1652.0,95.0,1,5.0,182.0,1022.0,L3-14,17.0,13.0,22.0,1022.0,8,488.0,1510.0,237.0,3.0,5.0,182.0,487.0,L3-14,61,
42,35,4,3,3,20,14,25.0,882.0,8.0,480.0,1362.0,385.0,2,5.0,182.0,662.0,L3-14,19.0,13.0,24.0,1117.0,8,488.0,1605.0,142.0,3.0,5.0,182.0,487.0,L3-14,39,
42,35,4,3,4,21,14,26.0,917.0,8.0,480.0,1397.0,350.0,2,5.0,182.0,662.0,L3-14,20.0,13.0,25.0,1156.0,7,427.0,1583.0,164.0,4.0,5.0,182.0,487.0,L3-14,48,
42,35,4,4,3,21,14,26.0,917.0,8.0,480.0,1397.0,350.0,2,5.0,182.0,662.0,L3-14,20.0,13.0,25.0,1173.0,7,427.0,1600.0,147.0,4.0,5.0,182.0,487.0,L3-14,48,
42,35,4,4,4,22,14,27.0,952.0,9.0,540.0,1492.0,255.0,2,5.0,182.0,722.0,L3-14,21.0,13.0,26.0,1212.0,7,427.0,1639.0,108.0,4.0,5.0,182.0,487.0,L3-14,33,
42,35,5,2,2,18,14,24.0,847.0,15.0,900.0,1747.0,0.0,1,6.0,217.0,1117.0,L3-14,17.0,13.0,23.0,1057.0,8,488.0,1545.0,202.0,3.0,6.0,217.0,583.0,L3-14,61,
42,35,5,3,3,20,14,26.0,917.0,8.0,480.0,1397.0,350.0,2,6.0,217.0,697.0,L3-14,19.0,13.0,25.0,1152.0,7,427.0,1579.0,168.0,4.0,6.0,217.0,583.0,L3-14,39,
42,35,5,3,4,21,14,27.0,952.0,9.0,540.0,1492.0,255.0,2,6.0,217.0,757.0,L3-14,20.0,13.0,26.0,1191.0,7,427.0,1618.0,129.0,4.0,6.0,217.0,583.0,L3-14,48,
42,35,5,4,3,21,14,27.0,952.0,9.0,540.0,1492.0,255.0,2,6.0,217.0,757.0,L3-14,20.0,13.0,26.0,1208.0,7,427.0,1635.0,112.0,4.0,6.0,217.0,583.0,L3-14,48,
42,35,5,4,4,22,14,28.0,987.0,9.0,540.0,1527.0,220.0,2,6.0,217.0,757.0,L3-14,21.0,13.0,27.0,1247.0,7,427.0,1674.0,73.0,4.0,6.0,217.0,583.0,L3-14,33,
42,35,6,2,2,18,14,25.0,882.0,8.0,480.0,1362.0,385.0,2,7.0,252.0,732.0,L3-14,17.0,13.0,24.0,1092.0,8,488.0,1580.0,167.0,3.0,7.0,252.0,679.0,L3-14,61,
42,35,6,3,3,20,14,27.0,952.0,9.0,540.0,1492.0,255.0,2,7.0,252.0,792.0,L3-14,19.0,13.0,26.0,1187.0,7,427.0,1614.0,133.0,4.0,7.0,252.0,679.0,L3-14,39,
42,35,6,3,4,21,14,28.0,987.0,9.0,540.0,1527.0,220.0,2,7.0,252.0,792.0,L3-14,20.0,13.0,27.0,1226.0,7,427.0,1653.0,94.0,4.0,7.0,252.0,679.0,L3-14,48,
42,35,6,4,3,21,14,28.0,987.0,9.0,540.0,1527.0,220.0,2,7.0,252.0,792.0,L3-14,20.0,13.0,27.0,1243.0,7,427.0,1670.0,77.0,4.0,7.0,252.0,679.0,L3-14,48,
42,35,6,4,4,22,14,29.0,1022.0,9.0,540.0,1562.0,185.0,2,7.0,252.0,792.0,L3-14,21.0,13.0,28.0,1282.0,7,427.0,1709.0,38.0,4.0,7.0,252.0,679.0,L3-14,33,
42,35,7,2,2,18,14,26.0,917.0,8.0,480.0,1397.0,350.0,2,8.0,287.0,767.0,L3-14,17.0,13.0,25.0,1127.0,7,427.0,1554.0,193.0,4.0,8.0,287.0,775.0,L3-14,61,
42,35,7,3,3,20,14,28.0,987.0,9.0,540.0,1527.0,220.0,2,8.0,287.0,827.0,L3-14,19.0,13.0,27.0,1222.0,7,427.0,1649.0,98.0,4.0,8.0,287.0,775.0,L3-14,39,
42,35,7,3,4,21,14,29.0,1022.0,9.0,540.0,1562.0,185.0,2,8.0,287.0,827.0,L3-14,20.0,13.0,28.0,1261.0,7,427.0,1688.0,59.0,4.0,8.0,287.0,775.0,L3-14,48,
42,35,7,4,3,21,14,29.0,1022.0,9.0,540.0,1562.0,185.0,2,8.0,287.0,827.0,L3-14,20.0,13.0,28.0,1278.0,7,427.0,1705.0,42.0,4.0,8.0,287.0,775.0,L3-14,48,
42,35,7,4,4,22,14,30.0,1057.0,9.0,540.0,1597.0,150.0,2,8.0,287.0,827.0,L3-14,21.0,13.0,29.0,1317.0,6,366.0,1683.0,64.0,5.0,8.0,287.0,775.0,L3-14,33,
42,35,8,2,2,18,14,27.0,952.0,9.0,540.0,1492.0,255.0,2,9.0,322.0,862.0,L3-14,17.0,13.0,26.0,1162.0,7,427.0,1589.0,158.0,4.0,9.0,322.0,627.0,L3-14,61,
42,35,8,3,3,20,14,29.0,1022.0,9.0,540.0,1562.0,185.0,2,9.0,322.0,862.0,L3-14,19.0,13.0,28.0,1257.0,7,427.0,1684.0,63.0,4.0,9.0,322.0,627.0,L3-14,39,
42,35,8,3,4,21,14,30.0,1057.0,9.0,540.0,1597.0,150.0,2,9.0,322.0,862.0,L3-14,20.0,13.0,29.0,1296.0,6,366.0,1662.0,85.0,5.0,9.0,322.0,627.0,L3-14,48,
42,35,8,4,3,21,14,30.0,1057.0,9.0,540.0,1597.0,150.0,2,9.0,322.0,862.0,L3-14,20.0,13.0,29.0,1313.0,6,366.0,1679.0,68.0,5.0,9.0,322.0,627.0,L3-14,48,
42,35,8,4,4,22,14,31.0,1092.0,10.0,600.0,1692.0,55.0,2,9.0,322.0,922.0,L3-14,21.0,13.0,30.0,1352.0,6,366.0,1718.0,29.0,5.0,9.0,322.0,627.0,L3-14,33,
42,35,9,2,2,18,14,28.0,987.0,9.0,540.0,1527.0,220.0,2,10.0,357.0,897.0,L3-14,17.0,13.0,27.0,1197.0,7,427.0,1624.0,123.0,4.0,10.0,357.0,662.0,L3-14,61,
42,35,9,3,3,20,14,30.0,1057.0,9.0,540.0,1597.0,150.0,2,10.0,357.0,897.0,L3-14,19.0,13.0,29.0,1292.0,6,366.0,1658.0,89.0,5.0,10.0,357.0,662.0,L3-14,39,
42,35,9,3,4,21,14,31.0,1092.0,10.0,600.0,1692.0,55.0,2,10.0,357.0,957.0,L3-14,20.0,13.0,30.0,1331.0,6,366.0,1697.0,50.0,5.0,10.0,357.0,662.0,L3-14,48,
42,35,9,4,3,21,14,31.0,1092.0,10.0,600.0,1692.0,55.0,2,10.0,357.0,957.0,L3-14,20.0,13.0,30.0,1348.0,6,366.0,1714.0,33.0,5.0,10.0,357.0,662.0,L3-14,48,
42,35,9,4,4,22,14,32.0,1127.0,10.0,600.0,1727.0,20.0,2,10.0,357.0,957.0,L3-14,21.0,13.0,31.0,1387.0,5,305.0,1692.0,55.0,7.0,10.0,357.0,662.0,L3-14,33,
42,35,10,2,2,18,14,29.0,1022.0,9.0,540.0,1562.0,185.0,2,11.0,392.0,932.0,L3-14,17.0,13.0,28.0,1232.0,7,427.0,1659.0,88.0,4.0,11.0,392.0,758.0,L3-14,61,
42,35,10,3,3,20,14,31.0,1092.0,10.0,600.0,1692.0,55.0,2,11.0,392.0,992.0,L3-14,19.0,13.0,30.0,1327.0,6,366.0,1693.0,54.0,5.0,11.0,392.0,758.0,L3-14,39,
42,35,10,3,4,21,14,32.0,1127.0,10.0,600.0,1727.0,20.0,2,11.0,392.0,992.0,L3-14,20.0,13.0,31.0,1366.0,6,366.0,1732.0,15.0,6.0,11.0,392.0,758.0,L3-14,48,
42,35,10,4,3,21,14,32.0,1127.0,10.0,600.0,1727.0,20.0,2,11.0,392.0,992.0,L3-14,20.0,13.0,31.0,1383.0,5,305.0,1688.0,59.0,7.0,11.0,392.0,758.0,L3-14,48,
42,35,10,4,4,22,14,33.0,1162.0,7.0,420.0,1582.0,165.0,3,11.0,392.0,812.0,L3-14,21.0,13.0,32.0,1422.0,5,305.0,1727.0,20.0,7.0,11.0,392.0,758.0,L3-14,33,
42,35,11,2,2,18,14,30.0,1057.0,9.0,540.0,1597.0,150.0,2,12.0,427.0,967.0,L3-14,17.0,13.0,29.0,1267.0,6,366.0,1633.0,114.0,5.0,12.0,427.0,793.0,L3-14,61,
42,35,11,3,3,20,14,32.0,1127.0,10.0,600.0,1727.0,20.0,2,12.0,427.0,1027.0,L3-14,19.0,13.0,31.0,1362.0,6,366.0,1728.0,19.0,6.0,12.0,427.0,793.0,L3-14,39,
42,35,11,3,4,21,14,33.0,1162.0,7.0,420.0,1582.0,165.0,3,12.0,427.0,847.0,L3-14,20.0,13.0,32.0,1401.0,5,305.0,1706.0,41.0,7.0,12.0,427.0,793.0,L3-14,48,
42,35,11,4,3,21,14,33.0,1162.0,7.0,420.0,1582.0,165.0,3,12.0,427.0,847.0,L3-14,20.0,13.0,32.0,1418.0,5,305.0,1723.0,24.0,7.0,12.0,427.0,793.0,L3-14,48,
42,35,11,4,4,22,14,34.0,1197.0,8.0,480.0,1677.0,70.0,3,12.0,427.0,907.0,L3-14,21.0,13.0,33.0,1457.0,4,244.0,1701.0,46.0,9.0,12.0,427.0,793.0,L3-14,33,
42,35,12,2,2,18,14,31.0,1092.0,10.0,600.0,1692.0,55.0,2,13.0,462.0,1062.0,L3-14,17.0,13.0,30.0,1302.0,6,366.0,1668.0,79.0,5.0,13.0,462.0,889.0,L3-14,61,
42,35,12,3,3,20,14,33.0,1162.0,7.0,420.0,1582.0,165.0,3,13.0,462.0,882.0,L3-14,19.0,13.0,32.0,1397.0,5,305.0,1702.0,45.0,7.0,13.0,462.0,889.0,L3-14,39,
42,35,12,3,4,21,14,34.0,1197.0,8.0,480.0,1677.0,70.0,3,13.0,462.0,942.0,L3-14,20.0,13.0,33.0,1436.0,5,305.0,1741.0,6.0,7.0,13.0,462.0,889.0,L3-14,48,
42,35,12,4,3,21,14,34.0,1197.0,8.0,480.0,1677.0,70.0,3,13.0,462.0,942.0,L3-14,20.0,13.0,33.0,1453.0,4,244.0,1697.0,50.0,9.0,13.0,462.0,889.0,L3-14,48,
42,35,12,4,4,22,14,35.0,1232.0,8.0,480.0,1712.0,35.0,3,13.0,462.0,942.0,L3-14,21.0,13.0,34.0,1492.0,4,244.0,1736.0,11.0,9.0,13.0,462.0,889.0,L3-14,33,
42,35,13,2,2,18,14,32.0,1127.0,10.0,600.0,1727.0,20.0,2,14.0,497.0,1097.0,L3-14,17.0,13.0,31.0,1337.0,6,366.0,1703.0,44.0,6.0,14.0,497.0,924.0,L3-14,61,
42,35,13,3,3,20,14,34.0,1197.0,8.0,480.0,1677.0,70.0,3,14.0,497.0,977.0,L3-14,19.0,13.0,33.0,1432.0,5,305.0,1737.0,10.0,7.0,14.0,497.0,924.0,L3-14,39,
42,35,13,3,4,21,14,35.0,1232.0,8.0,480.0,1712.0,35.0,3,14.0,497.0,977.0,L3-14,20.0,13.0,34.0,1471.0,4,244.0,1715.0,32.0,9.0,14.0,497.0,924.0,L3-14,48,
42,35,13,4,3,21,14,35.0,1232.0,8.0,480.0,1712.0,35.0,3,14.0,497.0,977.0,L3-14,20.0,13.0,34.0,1488.0,4,244.0,1732.0,15.0,9.0,14.0,497.0,924.0,L3-14,48,
42,35,13,4,4,22,14,36.0,1267.0,8.0,480.0,1747.0,0.0,3,14.0,497.0,977.0,L3-14,21.0,13.0,35.0,1527.0,3,183.0,1710.0,37.0,12.0,14.0,497.0,924.0,L3-14,33,
42,35,14,2,2,18,14,33.0,1162.0,7.0,420.0,1582.0,165.0,3,15.0,532.0,952.0,L3-14,17.0,13.0,32.0,1372.0,6,366.0,1738.0,9.0,6.0,15.0,532.0,1020.0,L3-14,61,
42,35,14,3,3,20,14,35.0,1232.0,8.0,480.0,1712.0,35.0,3,15.0,532.0,1012.0,L3-14,19.0,13.0,34.0,1467.0,4,244.0,1711.0,36.0,9.0,15.0,532.0,1020.0,L3-14,39,
42,35,14,3,4,21,14,36.0,1267.0,8.0,480.0,1747.0,0.0,3,15.0,532.0,1012.0,L3-14,20.0,13.0,35.0,1506.0,3,183.0,1689.0,58.0,12.0,15.0,532.0,1020.0,L3-14,48,
42,35,14,4,3,21,14,36.0,1267.0,8.0,480.0,1747.0,0.0,3,15.0,532.0,1012.0,L3-14,20.0,13.0,35.0,1523.0,3,183.0,1706.0,41.0,12.0,15.0,532.0,1020.0,L3-14,48,
42,35,14,4,4,22,14,37.0,1302.0,6.0,360.0,1662.0,85.0,4,15.0,532.0,892.0,L3-14,21.0,13.0,36.0,1562.0,3,183.0,1745.0,2.0,12.0,15.0,532.0,1020.0,L3-14,33,
42,35,15,2,2,18,14,34.0,1197.0,8.0,480.0,1677.0,70.0,3,16.0,567.0,1047.0,L15-20,17.0,13.0,33.0,1407.0,5,305.0,1712.0,35.0,7.0,16.0,567.0,1055.0,L15-20,61,
42,35,15,3,3,20,14,36.0,1267.0,8.0,480.0,1747.0,0.0,3,16.0,567.0,1047.0,L15-20,19.0,13.0,35.0,1502.0,4,244.0,1746.0,1.0,9.0,16.0,567.0,1055.0,L15-20,39,
42,35,15,3,4,21,14,37.0,1302.0,6.0,360.0,1662.0,85.0,4,16.0,567.0,927.0,L15-20,20.0,13.0,36.0,1541.0,3,183.0,1724.0,23.0,12.0,16.0,567.0,1055.0,L15-20,48,
42,35,15,4,3,21,14,37.0,1302.0,6.0,360.0,1662.0,85.0,4,16.0,567.0,927.0,L15-20,20.0,13.0,36.0,1558.0,3,183.0,1741.0,6.0,12.0,16.0,567.0,1055.0,L15-20,48,
42,35,15,4,4,22,14,38.0,1337.0,6.0,360.0,1697.0,50.0,4,16.0,567.0,927.0,L15-20,21.0,13.0,37.0,1597.0,2,122.0,1719.0,28.0,19.0,16.0,567.0,1055.0,L15-20,33,
42,35,16,2,2,18,14,35.0,1232.0,8.0,480.0,1712.0,35.0,3,17.0,602.0,1082.0,L15-20,17.0,13.0,34.0,1442.0,5,305.0,1747.0,0.0,7.0,17.0,602.0,968.0,L15-20,61,
42,35,16,3,3,20,14,37.0,1302.0,6.0,360.0,1662.0,85.0,4,17.0,602.0,962.0,L15-20,19.0,13.0,36.0,1537.0,3,183.0,1720.0,27.0,12.0,17.0,602.0,968.0,L15-20,39,
42,35,16,3,4,21,14,38.0,1337.0,6.0,360.0,1697.0,50.0,4,17.0,602.0,962.0,L15-20,20.0,13.0,37.0,1576.0,2,122.0,1698.0,49.0,19.0,17.0,602.0,968.0,L15-20,48,
42,35,16,4,3,21,14,38.0,1337.0,6.0,360.0,1697.0,50.0,4,17.0,602.0,962.0,L15-20,20.0,13.0,37.0,1593.0,2,122.0,1715.0,32.0,19.0,17.0,602.0,968.0,L15-20,48,
42,35,16,4,4,22,14,39.0,1372.0,6.0,360.0,1732.0,15.0,4,17.0,602.0,962.0,L15-20,21.0,13.0,38.0,1632.0,1,61.0,1693.0,54.0,38.0,17.0,602.0,968.0,L15-20,33,
42,35,17,2,2,18,14,36.0,1267.0,8.0,480.0,1747.0,0.0,3,18.0,637.0,1117.0,L15-20,17.0,13.0,35.0,1477.0,4,244.0,1721.0,26.0,9.0,18.0,637.0,1003.0,L15-20,61,
42,35,17,3,3,20,14,38.0,1337.0,6.0,360.0,1697.0,50.0,4,18.0,637.0,997.0,L15-20,19.0,13.0,37.0,1572.0,2,122.0,1694.0,53.0,19.0,18.0,637.0,1003.0,L15-20,39,
42,35,17,3,4,21,14,39.0,1372.0,6.0,360.0,1732.0,15.0,4,18.0,637.0,997.0,L15-20,20.0,13.0,38.0,1611.0,2,122.0,1733.0,14.0,19.0,18.0,637.0,1003.0,L15-20,48,
42,35,17,4,3,21,14,39.0,1372.0,6.0,360.0,1732.0,15.0,4,18.0,637.0,997.0,L15-20,20.0,13.0,38.0,1628.0,1,61.0,1689.0,58.0,38.0,18.0,637.0,1003.0,L15-20,48,
42,35,17,4,4,22,14,40.0,1407.0,5.0,300.0,1707.0,40.0,5,18.0,637.0,937.0,L15-20,21.0,13.0,39.0,1667.0,1,61.0,1728.0,19.0,39.0,18.0,637.0,1003.0,L15-20,33,
42,35,18,2,2,18,14,37.0,1302.0,6.0,360.0,1662.0,85.0,4,19.0,672.0,1032.0,L15-20,17.0,13.0,36.0,1512.0,3,183.0,1695.0,52.0,12.0,19.0,672.0,1099.0,L15-20,61,
42,35,18,3,3,20,14,39.0,1372.0,6.0,360.0,1732.0,15.0,4,19.0,672.0,1032.0,L15-20,19.0,13.0,38.0,1607.0,2,122.0,1729.0,18.0,19.0,19.0,672.0,1099.0,L15-20,39,
42,35,18,3,4,21,14,40.0,1407.0,5.0,300.0,1707.0,40.0,5,19.0,672.0,972.0,L15-20,20.0,13.0,39.0,1646.0,1,61.0,1707.0,40.0,39.0,19.0,672.0,1099.0,L15-20,48,
42,35,18,4,3,21,14,40.0,1407.0,5.0,300.0,1707.0,40.0,5,19.0,672.0,972.0,L15-20,20.0,13.0,39.0,1663.0,1,61.0,1724.0,23.0,39.0,19.0,672.0,1099.0,L15-20,48,
42,35,19,2,2,18,14,38.0,1337.0,6.0,360.0,1697.0,50.0,4,20.0,707.0,1067.0,L15-20,17.0,13.0,37.0,1547.0,3,183.0,1730.0,17.0,13.0,20.0,707.0,1134.0,L15-20,61,
42,35,19,3,3,20,14,40.0,1407.0,5.0,300.0,1707.0,40.0,5,20.0,707.0,1007.0,L15-20,19.0,13.0,39.0,1642.0,1,61.0,1703.0,44.0,39.0,20.0,707.0,1134.0,L15-20,39,
42,35,19,3,4,21,14,41.0,1442.0,5.0,300.0,1742.0,5.0,6,20.0,707.0,1007.0,L15-20,20.0,13.0,40.0,1681.0,1,61.0,1742.0,5.0,40.0,20.0,707.0,1134.0,L15-20,48,
42,35,20,2,2,18,14,39.0,1372.0,6.0,360.0,1732.0,15.0,4,21.0,742.0,1102.0,L15-20,17.0,13.0,38.0,1582.0,2,122.0,1704.0,43.0,19.0,21.0,742.0,1169.0,L15-20,61,
42,35,20,3,3,20,14,41.0,1442.0,5.0,300.0,1742.0,5.0,6,21.0,742.0,1042.0,L15-20,19.0,13.0,40.0,1677.0,1,61.0,1738.0,9.0,40.0,21.0,742.0,1169.0,L15-20,39,
42,38,3,2,2,18,14,22.0,840.0,15.0,900.0,1740.0,7.0,1,4.0,156.0,1056.0,L3-14,17.0,13.0,21.0,996.0,7,427.0,1423.0,324.0,3.0,4.0,156.0,400.0,L3-14,61,
42,38,3,3,3,20,14,24.0,916.0,8.0,480.0,1396.0,351.0,2,4.0,156.0,636.0,L3-14,19.0,13.0,23.0,1091.0,8,488.0,1579.0,168.0,3.0,4.0,156.0,400.0,L3-14,39,
42,38,3,3,4,21,14,25.0,954.0,9.0,540.0,1494.0,253.0,2,4.0,156.0,696.0,L3-14,20.0,13.0,24.0,1130.0,8,488.0,1618.0,129.0,3.0,4.0,156.0,400.0,L3-14,48,
42,38,3,4,3,21,14,25.0,954.0,9.0,540.0,1494.0,253.0,2,4.0,156.0,696.0,L3-14,20.0,13.0,24.0,1147.0,8,488.0,1635.0,112.0,3.0,4.0,156.0,400.0,L3-14,48,
42,38,3,4,4,22,14,26.0,992.0,9.0,540.0,1532.0,215.0,2,4.0,156.0,696.0,L3-14,21.0,13.0,25.0,1186.0,7,427.0,1613.0,134.0,4.0,4.0,156.0,400.0,L3-14,33,
42,38,4,2,2,18,14,23.0,878.0,8.0,480.0,1358.0,389.0,2,5.0,194.0,674.0,L3-14,17.0,13.0,22.0,1034.0,8,488.0,1522.0,225.0,3.0,5.0,194.0,499.0,L3-14,61,
42,38,4,3,3,20,14,25.0,954.0,9.0,540.0,1494.0,253.0,2,5.0,194.0,734.0,L3-14,19.0,13.0,24.0,1129.0,8,488.0,1617.0,130.0,3.0,5.0,194.0,499.0,L3-14,39,
42,38,4,3,4,21,14,26.0,992.0,9.0,540.0,1532.0,215.0,2,5.0,194.0,734.0,L3-14,20.0,13.0,25.0,1168.0,7,427.0,1595.0,152.0,4.0,5.0,194.0,499.0,L3-14,48,
42,38,4,4,3,21,14,26.0,992.0,9.0,540.0,1532.0,215.0,2,5.0,194.0,734.0,L3-14,20.0,13.0,25.0,1185.0,7,427.0,1612.0,135.0,4.0,5.0,194.0,499.0,L3-14,48,
42,38,4,4,4,22,14,27.0,1030.0,9.0,540.0,1570.0,177.0,2,5.0,194.0,734.0,L3-14,21.0,13.0,26.0,1224.0,7,427.0,1651.0,96.0,4.0,5.0,194.0,499.0,L3-14,33,
42,38,5,2,2,18,14,24.0,916.0,8.0,480.0,1396.0,351.0,2,6.0,232.0,712.0,L3-14,17.0,13.0,23.0,1072.0,8,488.0,1560.0,187.0,3.0,6.0,232.0,598.0,L3-14,61,
42,38,5,3,3,20,14,26.0,992.0,9.0,540.0,1532.0,215.0,2,6.0,232.0,772.0,L3-14,19.0,13.0,25.0,1167.0,7,427.0,1594.0,153.0,4.0,6.0,232.0,598.0,L3-14,39,
42,38,5,3,4,21,14,27.0,1030.0,9.0,540.0,1570.0,177.0,2,6.0,232.0,772.0,L3-14,20.0,13.0,26.0,1206.0,7,427.0,1633.0,114.0,4.0,6.0,232.0,598.0,L3-14,48,
42,38,5,4,3,21,14,27.0,1030.0,9.0,540.0,1570.0,177.0,2,6.0,232.0,772.0,L3-14,20.0,13.0,26.0,1223.0,7,427.0,1650.0,97.0,4.0,6.0,232.0,598.0,L3-14,48,
42,38,5,4,4,22,14,28.0,1068.0,9.0,540.0,1608.0,139.0,2,6.0,232.0,772.0,L3-14,21.0,13.0,27.0,1262.0,7,427.0,1689.0,58.0,4.0,6.0,232.0,598.0,L3-14,33,
42,38,6,2,2,18,14,25.0,954.0,9.0,540.0,1494.0,253.0,2,7.0,270.0,810.0,L3-14,17.0,13.0,24.0,1110.0,8,488.0,1598.0,149.0,3.0,7.0,270.0,697.0,L3-14,61,
42,38,6,3,3,20,14,27.0,1030.0,9.0,540.0,1570.0,177.0,2,7.0,270.0,810.0,L3-14,19.0,13.0,26.0,1205.0,7,427.0,1632.0,115.0,4.0,7.0,270.0,697.0,L3-14,39,
42,38,6,3,4,21,14,28.0,1068.0,9.0,540.0,1608.0,139.0,2,7.0,270.0,810.0,L3-14,20.0,13.0,27.0,1244.0,7,427.0,1671.0,76.0,4.0,7.0,270.0,697.0,L3-14,48,
42,38,6,4,3,21,14,28.0,1068.0,9.0,540.0,1608.0,139.0,2,7.0,270.0,810.0,L3-14,20.0,13.0,27.0,1261.0,7,427.0,1688.0,59.0,4.0,7.0,270.0,697.0,L3-14,48,
42,38,6,4,4,22,14,29.0,1106.0,10.0,600.0,1706.0,41.0,2,7.0,270.0,870.0,L3-14,21.0,13.0,28.0,1300.0,7,427.0,1727.0,20.0,4.0,7.0,270.0,697.0,L3-14,33,
42,38,7,2,2,18,14,26.0,992.0,9.0,540.0,1532.0,215.0,2,8.0,308.0,848.0,L3-14,17.0,13.0,25.0,1148.0,7,427.0,1575.0,172.0,4.0,8.0,308.0,796.0,L3-14,61,
42,38,7,3,3,20,14,28.0,1068.0,9.0,540.0,1608.0,139.0,2,8.0,308.0,848.0,L3-14,19.0,13.0,27.0,1243.0,7,427.0,1670.0,77.0,4.0,8.0,308.0,796.0,L3-14,39,
42,38,7,3,4,21,14,29.0,1106.0,10.0,600.0,1706.0,41.0,2,8.0,308.0,908.0,L3-14,20.0,13.0,28.0,1282.0,7,427.0,1709.0,38.0,4.0,8.0,308.0,796.0,L3-14,48,
42,38,7,4,3,21,14,29.0,1106.0,10.0,600.0,1706.0,41.0,2,8.0,308.0,908.0,L3-14,20.0,13.0,28.0,1299.0,7,427.0,1726.0,21.0,4.0,8.0,308.0,796.0,L3-14,48,
42,38,7,4,4,22,14,30.0,1144.0,10.0,600.0,1744.0,3.0,2,8.0,308.0,908.0,L3-14,21.0,13.0,29.0,1338.0,6,366.0,1704.0,43.0,5.0,8.0,308.0,796.0,L3-14,33,
42,38,8,2,2,18,14,27.0,1030.0,9.0,540.0,1570.0,177.0,2,9.0,346.0,886.0,L3-14,17.0,13.0,26.0,1186.0,7,427.0,1613.0,134.0,4.0,9.0,346.0,651.0,L3-14,61,
42,38,8,3,3,20,14,29.0,1106.0,10.0,600.0,1706.0,41.0,2,9.0,346.0,946.0,L3-14,19.0,13.0,28.0,1281.0,7,427.0,1708.0,39.0,4.0,9.0,346.0,651.0,L3-14,39,
42,38,8,3,4,21,14,30.0,1144.0,10.0,600.0,1744.0,3.0,2,9.0,346.0,946.0,L3-14,20.0,13.0,29.0,1320.0,6,366.0,1686.0,61.0,5.0,9.0,346.0,651.0,L3-14,48,
42,38,8,4,3,21,14,30.0,1144.0,10.0,600.0,1744.0,3.0,2,9.0,346.0,946.0,L3-14,20.0,13.0,29.0,1337.0,6,366.0,1703.0,44.0,5.0,9.0,346.0,651.0,L3-14,48,
42,38,8,4,4,22,14,31.0,1182.0,8.0,480.0,1662.0,85.0,3,9.0,346.0,826.0,L3-14,21.0,13.0,30.0,1376.0,6,366.0,1742.0,5.0,5.0,9.0,346.0,651.0,L3-14,33,
42,38,9,2,2,18,14,28.0,1068.0,9.0,540.0,1608.0,139.0,2,10.0,384.0,924.0,L3-14,17.0,13.0,27.0,1224.0,7,427.0,1651.0,96.0,4.0,10.0,384.0,689.0,L3-14,61,
42,38,9,3,3,20,14,30.0,1144.0,10.0,600.0,1744.0,3.0,2,10.0,384.0,984.0,L3-14,19.0,13.0,29.0,1319.0,6,366.0,1685.0,62.0,5.0,10.0,384.0,689.0,L3-14,39,
42,38,9,3,4,21,14,31.0,1182.0,8.0,480.0,1662.0,85.0,3,10.0,384.0,864.0,L3-14,20.0,13.0,30.0,1358.0,6,366.0,1724.0,23.0,5.0,10.0,384.0,689.0,L3-14,48,
42,38,9,4,3,21,14,31.0,1182.0,8.0,480.0,1662.0,85.0,3,10.0,384.0,864.0,L3-14,20.0,13.0,30.0,1375.0,6,366.0,1741.0,6.0,5.0,10.0,384.0,689.0,L3-14,48,
42,38,9,4,4,22,14,32.0,1220.0,8.0,480.0,1700.0,47.0,3,10.0,384.0,864.0,L3-14,21.0,13.0,31.0,1414.0,5,305.0,1719.0,28.0,7.0,10.0,384.0,689.0,L3-14,33,
42,38,10,2,2,18,14,29.0,1106.0,10.0,600.0,1706.0,41.0,2,11.0,422.0,1022.0,L3-14,17.0,13.0,28.0,1262.0,7,427.0,1689.0,58.0,4.0,11.0,422.0,788.0,L3-14,61,
42,38,10,3,3,20,14,31.0,1182.0,8.0,480.0,1662.0,85.0,3,11.0,422.0,902.0,L3-14,19.0,13.0,30.0,1357.0,6,366.0,1723.0,24.0,5.0,11.0,422.0,788.0,L3-14,39,
42,38,10,3,4,21,14,32.0,1220.0,8.0,480.0,1700.0,47.0,3,11.0,422.0,902.0,L3-14,20.0,13.0,31.0,1396.0,5,305.0,1701.0,46.0,7.0,11.0,422.0,788.0,L3-14,48,
42,38,10,4,3,21,14,32.0,1220.0,8.0,480.0,1700.0,47.0,3,11.0,422.0,902.0,L3-14,20.0,13.0,31.0,1413.0,5,305.0,1718.0,29.0,7.0,11.0,422.0,788.0,L3-14,48,
42,38,10,4,4,22,14,33.0,1258.0,8.0,480.0,1738.0,9.0,3,11.0,422.0,902.0,L3-14,21.0,13.0,32.0,1452.0,4,244.0,1696.0,51.0,8.0,11.0,422.0,788.0,L3-14,33,
42,38,11,2,2,18,14,30.0,1144.0,10.0,600.0,1744.0,3.0,2,12.0,460.0,1060.0,L3-14,17.0,13.0,29.0,1300.0,6,366.0,1666.0,81.0,5.0,12.0,460.0,826.0,L3-14,61,
42,38,11,3,3,20,14,32.0,1220.0,8.0,480.0,1700.0,47.0,3,12.0,460.0,940.0,L3-14,19.0,13.0,31.0,1395.0,5,305.0,1700.0,47.0,7.0,12.0,460.0,826.0,L3-14,39,
42,38,11,3,4,21,14,33.0,1258.0,8.0,480.0,1738.0,9.0,3,12.0,460.0,940.0,L3-14,20.0,13.0,32.0,1434.0,5,305.0,1739.0,8.0,7.0,12.0,460.0,826.0,L3-14,48,
42,38,11,4,3,21,14,33.0,1258.0,8.0,480.0,1738.0,9.0,3,12.0,460.0,940.0,L3-14,20.0,13.0,32.0,1451.0,4,244.0,1695.0,52.0,8.0,12.0,460.0,826.0,L3-14,48,
42,38,11,4,4,22,14,34.0,1296.0,6.0,360.0,1656.0,91.0,4,12.0,460.0,820.0,L3-14,21.0,13.0,33.0,1490.0,4,244.0,1734.0,13.0,9.0,12.0,460.0,826.0,L3-14,33,
42,38,12,2,2,18,14,31.0,1182.0,8.0,480.0,1662.0,85.0,3,13.0,498.0,978.0,L3-14,17.0,13.0,30.0,1338.0,6,366.0,1704.0,43.0,5.0,13.0,498.0,925.0,L3-14,61,
42,38,12,3,3,20,14,33.0,1258.0,8.0,480.0,1738.0,9.0,3,13.0,498.0,978.0,L3-14,19.0,13.0,32.0,1433.0,5,305.0,1738.0,9.0,7.0,13.0,498.0,925.0,L3-14,39,
42,38,12,3,4,21,14,34.0,1296.0,6.0,360.0,1656.0,91.0,4,13.0,498.0,858.0,L3-14,20.0,13.0,33.0,1472.0,4,244.0,1716.0,31.0,9.0,13.0,498.0,925.0,L3-14,48,
42,38,12,4,3,21,14,34.0,1296.0,6.0,360.0,1656.0,91.0,4,13.0,498.0,858.0,L3-14,20.0,13.0,33.0,1489.0,4,244.0,1733.0,14.0,9.0,13.0,498.0,925.0,L3-14,48,
42,38,12,4,4,22,14,35.0,1334.0,6.0,360.0,1694.0,53.0,4,13.0,498.0,858.0,L3-14,21.0,13.0,34.0,1528.0,3,183.0,1711.0,36.0,12.0,13.0,498.0,925.0,L3-14,33,
42,38,13,2,2,18,14,32.0,1220.0,8.0,480.0,1700.0,47.0,3,14.0,536.0,1016.0,L3-14,17.0,13.0,31.0,1376.0,6,366.0,1742.0,5.0,6.0,14.0,536.0,963.0,L3-14,61,
42,38,13,3,3,20,14,34.0,1296.0,6.0,360.0,1656.0,91.0,4,14.0,536.0,896.0,L3-14,19.0,13.0,33.0,1471.0,4,244.0,1715.0,32.0,9.0,14.0,536.0,963.0,L3-14,39,
42,38,13,3,4,21,14,35.0,1334.0,6.0,360.0,1694.0,53.0,4,14.0,536.0,896.0,L3-14,20.0,13.0,34.0,1510.0,3,183.0,1693.0,54.0,12.0,14.0,536.0,963.0,L3-14,48,
42,38,13,4,3,21,14,35.0,1334.0,6.0,360.0,1694.0,53.0,4,14.0,536.0,896.0,L3-14,20.0,13.0,34.0,1527.0,3,183.0,1710.0,37.0,12.0,14.0,536.0,963.0,L3-14,48,
42,38,13,4,4,22,14,36.0,1372.0,6.0,360.0,1732.0,15.0,4,14.0,536.0,896.0,L3-14,21.0,13.0,35.0,1566.0,2,122.0,1688.0,59.0,18.0,14.0,536.0,963.0,L3-14,33,
42,38,14,2,2,18,14,33.0,1258.0,8.0,480.0,1738.0,9.0,3,15.0,574.0,1054.0,L3-14,17.0,13.0,32.0,1414.0,5,305.0,1719.0,28.0,7.0,15.0,574.0,1062.0,L3-14,61,
42,38,14,3,3,20,14,35.0,1334.0,6.0,360.0,1694.0,53.0,4,15.0,574.0,934.0,L3-14,19.0,13.0,34.0,1509.0,3,183.0,1692.0,55.0,12.0,15.0,574.0,1062.0,L3-14,39,
42,38,14,3,4,21,14,36.0,1372.0,6.0,360.0,1732.0,15.0,4,15.0,574.0,934.0,L3-14,20.0,13.0,35.0,1548.0,3,183.0,1731.0,16.0,12.0,15.0,574.0,1062.0,L3-14,48,
42,38,14,4,3,21,14,36.0,1372.0,6.0,360.0,1732.0,15.0,4,15.0,574.0,934.0,L3-14,20.0,13.0,35.0,1565.0,2,122.0,1687.0,60.0,18.0,15.0,574.0,1062.0,L3-14,48,
42,38,14,4,4,22,14,37.0,1410.0,5.0,300.0,1710.0,37.0,6,15.0,574.0,874.0,L3-14,21.0,13.0,36.0,1604.0,2,122.0,1726.0,21.0,18.0,15.0,574.0,1062.0,L3-14,33,
42,38,15,2,2,18,14,34.0,1296.0,6.0,360.0,1656.0,91.0,4,16.0,612.0,972.0,L15-20,17.0,13.0,33.0,1452.0,4,244.0,1696.0,51.0,9.0,16.0,612.0,1100.0,L15-20,61,
42,38,15,3,3,20,14,36.0,1372.0,6.0,360.0,1732.0,15.0,4,16.0,612.0,972.0,L15-20,19.0,13.0,35.0,1547.0,3,183.0,1730.0,17.0,12.0,16.0,612.0,1100.0,L15-20,39,
42,38,15,3,4,21,14,37.0,1410.0,5.0,300.0,1710.0,37.0,6,16.0,612.0,912.0,L15-20,20.0,13.0,36.0,1586.0,2,122.0,1708.0,39.0,18.0,16.0,612.0,1100.0,L15-20,48,
42,38,15,4,3,21,14,37.0,1410.0,5.0,300.0,1710.0,37.0,6,16.0,612.0,912.0,L15-20,20.0,13.0,36.0,1603.0,2,122.0,1725.0,22.0,18.0,16.0,612.0,1100.0,L15-20,48,
42,38,15,4,4,22,14,38.0,1448.0,4.0,240.0,1688.0,59.0,7,16.0,612.0,852.0,L15-20,21.0,13.0,37.0,1642.0,1,61.0,1703.0,44.0,37.0,16.0,612.0,1100.0,L15-20,33,
42,38,16,2,2,18,14,35.0,1334.0,6.0,360.0,1694.0,53.0,4,17.0,650.0,1010.0,L15-20,17.0,13.0,34.0,1490.0,4,244.0,1734.0,13.0,9.0,17.0,650.0,1016.0,L15-20,61,
42,38,16,3,3,20,14,37.0,1410.0,5.0,300.0,1710.0,37.0,6,17.0,650.0,950.0,L15-20,19.0,13.0,36.0,1585.0,2,122.0,1707.0,40.0,18.0,17.0,650.0,1016.0,L15-20,39,
42,38,16,3,4,21,14,38.0,1448.0,4.0,240.0,1688.0,59.0,7,17.0,650.0,890.0,L15-20,20.0,13.0,37.0,1624.0,2,122.0,1746.0,1.0,19.0,17.0,650.0,1016.0,L15-20,48,
42,38,16,4,3,21,14,38.0,1448.0,4.0,240.0,1688.0,59.0,7,17.0,650.0,890.0,L15-20,20.0,13.0,37.0,1641.0,1,61.0,1702.0,45.0,37.0,17.0,650.0,1016.0,L15-20,48,
42,38,16,4,4,22,14,39.0,1486.0,4.0,240.0,1726.0,21.0,7,17.0,650.0,890.0,L15-20,21.0,13.0,38.0,1680.0,1,61.0,1741.0,6.0,38.0,17.0,650.0,1016.0,L15-20,33,
42,38,17,2,2,18,14,36.0,1372.0,6.0,360.0,1732.0,15.0,4,18.0,688.0,1048.0,L15-20,17.0,13.0,35.0,1528.0,3,183.0,1711.0,36.0,12.0,18.0,688.0,1054.0,L15-20,61,
42,38,17,3,3,20,14,38.0,1448.0,4.0,240.0,1688.0,59.0,7,18.0,688.0,928.0,L15-20,19.0,13.0,37.0,1623.0,2,122.0,1745.0,2.0,19.0,18.0,688.0,1054.0,L15-20,39,
42,38,17,3,4,21,14,39.0,1486.0,4.0,240.0,1726.0,21.0,7,18.0,688.0,928.0,L15-20,20.0,13.0,38.0,1662.0,1,61.0,1723.0,24.0,38.0,18.0,688.0,1054.0,L15-20,48,
42,38,17,4,3,21,14,39.0,1486.0,4.0,240.0,1726.0,21.0,7,18.0,688.0,928.0,L15-20,20.0,13.0,38.0,1679.0,1,61.0,1740.0,7.0,38.0,18.0,688.0,1054.0,L15-20,48,
42,38,18,2,2,18,14,37.0,1410.0,5.0,300.0,1710.0,37.0,6,19.0,726.0,1026.0,L15-20,17.0,13.0,36.0,1566.0,2,122.0,1688.0,59.0,18.0,19.0,726.0,1153.0,L15-20,61,
42,38,18,3,3,20,14,39.0,1486.0,4.0,240.0,1726.0,21.0,7,19.0,726.0,966.0,L15-20,19.0,13.0,38.0,1661.0,1,61.0,1722.0,25.0,38.0,19.0,726.0,1153.0,L15-20,39,
42,38,19,2,2,18,14,38.0,1448.0,4.0,240.0,1688.0,59.0,7,20.0,764.0,1004.0,L15-20,17.0,13.0,37.0,1604.0,2,122.0,1726.0,21.0,19.0,20.0,764.0,1191.0,L15-20,61,
42,38,20,2,2,18,14,39.0,1486.0,4.0,240.0,1726.0,21.0,7,21.0,802.0,1042.0,L15-20,17.0,13.0,38.0,1642.0,1,61.0,1703.0,44.0,38.0,21.0,802.0,1229.0,L15-20,61,
42,40,3,2,2,18,14,22.0,882.0,8.0,480.0,1362.0,385.0,2,4.0,162.0,642.0,L3-14,17.0,13.0,21.0,1002.0,7,427.0,1429.0,318.0,3.0,4.0,162.0,406.0,L3-14,61,
42,40,3,3,3,20,14,24.0,962.0,9.0,540.0,1502.0,245.0,2,4.0,162.0,702.0,L3-14,19.0,13.0,23.0,1097.0,8,488.0,1585.0,162.0,3.0,4.0,162.0,406.0,L3-14,39,
42,40,3,3,4,21,14,25.0,1002.0,9.0,540.0,1542.0,205.0,2,4.0,162.0,702.0,L3-14,20.0,13.0,24.0,1136.0,8,488.0,1624.0,123.0,3.0,4.0,162.0,406.0,L3-14,48,
42,40,3,4,3,21,14,25.0,1002.0,9.0,540.0,1542.0,205.0,2,4.0,162.0,702.0,L3-14,20.0,13.0,24.0,1153.0,8,488.0,1641.0,106.0,3.0,4.0,162.0,406.0,L3-14,48,
42,40,3,4,4,22,14,26.0,1042.0,9.0,540.0,1582.0,165.0,2,4.0,162.0,702.0,L3-14,21.0,13.0,25.0,1192.0,7,427.0,1619.0,128.0,4.0,4.0,162.0,406.0,L3-14,33,
42,40,4,2,2,18,14,23.0,922.0,9.0,540.0,1462.0,285.0,2,5.0,202.0,742.0,L3-14,17.0,13.0,22.0,1042.0,8,488.0,1530.0,217.0,3.0,5.0,202.0,507.0,L3-14,61,
42,40,4,3,3,20,14,25.0,1002.0,9.0,540.0,1542.0,205.0,2,5.0,202.0,742.0,L3-14,19.0,13.0,24.0,1137.0,8,488.0,1625.0,122.0,3.0,5.0,202.0,507.0,L3-14,39,
42,40,4,3,4,21,14,26.0,1042.0,9.0,540.0,1582.0,165.0,2,5.0,202.0,742.0,L3-14,20.0,13.0,25.0,1176.0,7,427.0,1603.0,144.0,4.0,5.0,202.0,507.0,L3-14,48,
42,40,4,4,3,21,14,26.0,1042.0,9.0,540.0,1582.0,165.0,2,5.0,202.0,742.0,L3-14,20.0,13.0,25.0,1193.0,7,427.0,1620.0,127.0,4.0,5.0,202.0,507.0,L3-14,48,
42,40,4,4,4,22,14,27.0,1082.0,10.0,600.0,1682.0,65.0,2,5.0,202.0,802.0,L3-14,21.0,13.0,26.0,1232.0,7,427.0,1659.0,88.0,4.0,5.0,202.0,507.0,L3-14,33,
42,40,5,2,2,18,14,24.0,962.0,9.0,540.0,1502.0,245.0,2,6.0,242.0,782.0,L3-14,17.0,13.0,23.0,1082.0,8,488.0,1570.0,177.0,3.0,6.0,242.0,608.0,L3-14,61,
42,40,5,3,3,20,14,26.0,1042.0,9.0,540.0,1582.0,165.0,2,6.0,242.0,782.0,L3-14,19.0,13.0,25.0,1177.0,7,427.0,1604.0,143.0,4.0,6.0,242.0,608.0,L3-14,39,
42,40,5,3,4,21,14,27.0,1082.0,10.0,600.0,1682.0,65.0,2,6.0,242.0,842.0,L3-14,20.0,13.0,26.0,1216.0,7,427.0,1643.0,104.0,4.0,6.0,242.0,608.0,L3-14,48,
42,40,5,4,3,21,14,27.0,1082.0,10.0,600.0,1682.0,65.0,2,6.0,242.0,842.0,L3-14,20.0,13.0,26.0,1233.0,7,427.0,1660.0,87.0,4.0,6.0,242.0,608.0,L3-14,48,
42,40,5,4,4,22,14,28.0,1122.0,10.0,600.0,1722.0,25.0,2,6.0,242.0,842.0,L3-14,21.0,13.0,27.0,1272.0,7,427.0,1699.0,48.0,4.0,6.0,242.0,608.0,L3-14,33,
42,40,6,2,2,18,14,25.0,1002.0,9.0,540.0,1542.0,205.0,2,7.0,282.0,822.0,L3-14,17.0,13.0,24.0,1122.0,8,488.0,1610.0,137.0,3.0,7.0,282.0,709.0,L3-14,61,
42,40,6,3,3,20,14,27.0,1082.0,10.0,600.0,1682.0,65.0,2,7.0,282.0,882.0,L3-14,19.0,13.0,26.0,1217.0,7,427.0,1644.0,103.0,4.0,7.0,282.0,709.0,L3-14,39,
42,40,6,3,4,21,14,28.0,1122.0,10.0,600.0,1722.0,25.0,2,7.0,282.0,882.0,L3-14,20.0,13.0,27.0,1256.0,7,427.0,1683.0,64.0,4.0,7.0,282.0,709.0,L3-14,48,
42,40,6,4,3,21,14,28.0,1122.0,10.0,600.0,1722.0,25.0,2,7.0,282.0,882.0,L3-14,20.0,13.0,27.0,1273.0,7,427.0,1700.0,47.0,4.0,7.0,282.0,709.0,L3-14,48,
42,40,6,4,4,22,14,29.0,1162.0,7.0,420.0,1582.0,165.0,3,7.0,282.0,702.0,L3-14,21.0,13.0,28.0,1312.0,7,427.0,1739.0,8.0,4.0,7.0,282.0,709.0,L3-14,33,
42,40,7,2,2,18,14,26.0,1042.0,9.0,540.0,1582.0,165.0,2,8.0,322.0,862.0,L3-14,17.0,13.0,25.0,1162.0,7,427.0,1589.0,158.0,4.0,8.0,322.0,810.0,L3-14,61,
42,40,7,3,3,20,14,28.0,1122.0,10.0,600.0,1722.0,25.0,2,8.0,322.0,922.0,L3-14,19.0,13.0,27.0,1257.0,7,427.0,1684.0,63.0,4.0,8.0,322.0,810.0,L3-14,39,
42,40,7,3,4,21,14,29.0,1162.0,7.0,420.0,1582.0,165.0,3,8.0,322.0,742.0,L3-14,20.0,13.0,28.0,1296.0,7,427.0,1723.0,24.0,4.0,8.0,322.0,810.0,L3-14,48,
42,40,7,4,3,21,14,29.0,1162.0,7.0,420.0,1582.0,165.0,3,8.0,322.0,742.0,L3-14,20.0,13.0,28.0,1313.0,7,427.0,1740.0,7.0,4.0,8.0,322.0,810.0,L3-14,48,
42,40,7,4,4,22,14,30.0,1202.0,7.0,420.0,1622.0,125.0,3,8.0,322.0,742.0,L3-14,21.0,13.0,29.0,1352.0,6,366.0,1718.0,29.0,5.0,8.0,322.0,810.0,L3-14,33,
42,40,8,2,2,18,14,27.0,1082.0,10.0,600.0,1682.0,65.0,2,9.0,362.0,962.0,L3-14,17.0,13.0,26.0,1202.0,7,427.0,1629.0,118.0,4.0,9.0,362.0,667.0,L3-14,61,
42,40,8,3,3,20,14,29.0,1162.0,7.0,420.0,1582.0,165.0,3,9.0,362.0,782.0,L3-14,19.0,13.0,28.0,1297.0,7,427.0,1724.0,23.0,4.0,9.0,362.0,667.0,L3-14,39,
42,40,8,3,4,21,14,30.0,1202.0,7.0,420.0,1622.0,125.0,3,9.0,362.0,782.0,L3-14,20.0,13.0,29.0,1336.0,6,366.0,1702.0,45.0,5.0,9.0,362.0,667.0,L3-14,48,
42,40,8,4,3,21,14,30.0,1202.0,7.0,420.0,1622.0,125.0,3,9.0,362.0,782.0,L3-14,20.0,13.0,29.0,1353.0,6,366.0,1719.0,28.0,5.0,9.0,362.0,667.0,L3-14,48,
42,40,8,4,4,22,14,31.0,1242.0,8.0,480.0,1722.0,25.0,3,9.0,362.0,842.0,L3-14,21.0,13.0,30.0,1392.0,5,305.0,1697.0,50.0,6.0,9.0,362.0,667.0,L3-14,33,
42,40,9,2,2,18,14,28.0,1122.0,10.0,600.0,1722.0,25.0,2,10.0,402.0,1002.0,L3-14,17.0,13.0,27.0,1242.0,7,427.0,1669.0,78.0,4.0,10.0,402.0,707.0,L3-14,61,
42,40,9,3,3,20,14,30.0,1202.0,7.0,420.0,1622.0,125.0,3,10.0,402.0,822.0,L3-14,19.0,13.0,29.0,1337.0,6,366.0,1703.0,44.0,5.0,10.0,402.0,707.0,L3-14,39,
42,40,9,3,4,21,14,31.0,1242.0,8.0,480.0,1722.0,25.0,3,10.0,402.0,882.0,L3-14,20.0,13.0,30.0,1376.0,6,366.0,1742.0,5.0,5.0,10.0,402.0,707.0,L3-14,48,
42,40,9,4,3,21,14,31.0,1242.0,8.0,480.0,1722.0,25.0,3,10.0,402.0,882.0,L3-14,20.0,13.0,30.0,1393.0,5,305.0,1698.0,49.0,6.0,10.0,402.0,707.0,L3-14,48,
42,40,9,4,4,22,14,32.0,1282.0,6.0,360.0,1642.0,105.0,4,10.0,402.0,762.0,L3-14,21.0,13.0,31.0,1432.0,5,305.0,1737.0,10.0,7.0,10.0,402.0,707.0,L3-14,33,
42,40,10,2,2,18,14,29.0,1162.0,7.0,420.0,1582.0,165.0,3,11.0,442.0,862.0,L3-14,17.0,13.0,28.0,1282.0,7,427.0,1709.0,38.0,4.0,11.0,442.0,808.0,L3-14,61,
42,40,10,3,3,20,14,31.0,1242.0,8.0,480.0,1722.0,25.0,3,11.0,442.0,922.0,L3-14,19.0,13.0,30.0,1377.0,6,366.0,1743.0,4.0,5.0,11.0,442.0,808.0,L3-14,39,
42,40,10,3,4,21,14,32.0,1282.0,6.0,360.0,1642.0,105.0,4,11.0,442.0,802.0,L3-14,20.0,13.0,31.0,1416.0,5,305.0,1721.0,26.0,7.0,11.0,442.0,808.0,L3-14,48,
42,40,10,4,3,21,14,32.0,1282.0,6.0,360.0,1642.0,105.0,4,11.0,442.0,802.0,L3-14,20.0,13.0,31.0,1433.0,5,305.0,1738.0,9.0,7.0,11.0,442.0,808.0,L3-14,48,
42,40,10,4,4,22,14,33.0,1322.0,7.0,420.0,1742.0,5.0,4,11.0,442.0,862.0,L3-14,21.0,13.0,32.0,1472.0,4,244.0,1716.0,31.0,8.0,11.0,442.0,808.0,L3-14,33,
42,40,11,2,2,18,14,30.0,1202.0,7.0,420.0,1622.0,125.0,3,12.0,482.0,902.0,L3-14,17.0,13.0,29.0,1322.0,6,366.0,1688.0,59.0,5.0,12.0,482.0,848.0,L3-14,61,
42,40,11,3,3,20,14,32.0,1282.0,6.0,360.0,1642.0,105.0,4,12.0,482.0,842.0,L3-14,19.0,13.0,31.0,1417.0,5,305.0,1722.0,25.0,7.0,12.0,482.0,848.0,L3-14,39,
42,40,11,3,4,21,14,33.0,1322.0,7.0,420.0,1742.0,5.0,4,12.0,482.0,902.0,L3-14,20.0,13.0,32.0,1456.0,4,244.0,1700.0,47.0,8.0,12.0,482.0,848.0,L3-14,48,
42,40,11,4,3,21,14,33.0,1322.0,7.0,420.0,1742.0,5.0,4,12.0,482.0,902.0,L3-14,20.0,13.0,32.0,1473.0,4,244.0,1717.0,30.0,8.0,12.0,482.0,848.0,L3-14,48,
42,40,11,4,4,22,14,34.0,1362.0,5.0,300.0,1662.0,85.0,5,12.0,482.0,782.0,L3-14,21.0,13.0,33.0,1512.0,3,183.0,1695.0,52.0,11.0,12.0,482.0,848.0,L3-14,33,
42,40,12,2,2,18,14,31.0,1242.0,8.0,480.0,1722.0,25.0,3,13.0,522.0,1002.0,L3-14,17.0,13.0,30.0,1362.0,6,366.0,1728.0,19.0,5.0,13.0,522.0,949.0,L3-14,61,
42,40,12,3,3,20,14,33.0,1322.0,7.0,420.0,1742.0,5.0,4,13.0,522.0,942.0,L3-14,19.0,13.0,32.0,1457.0,4,244.0,1701.0,46.0,8.0,13.0,522.0,949.0,L3-14,39,
42,40,12,3,4,21,14,34.0,1362.0,5.0,300.0,1662.0,85.0,5,13.0,522.0,822.0,L3-14,20.0,13.0,33.0,1496.0,4,244.0,1740.0,7.0,9.0,13.0,522.0,949.0,L3-14,48,
42,40,12,4,3,21,14,34.0,1362.0,5.0,300.0,1662.0,85.0,5,13.0,522.0,822.0,L3-14,20.0,13.0,33.0,1513.0,3,183.0,1696.0,51.0,11.0,13.0,522.0,949.0,L3-14,48,
42,40,12,4,4,22,14,35.0,1402.0,5.0,300.0,1702.0,45.0,5,13.0,522.0,822.0,L3-14,21.0,13.0,34.0,1552.0,3,183.0,1735.0,12.0,12.0,13.0,522.0,949.0,L3-14,33,
42,40,13,2,2,18,14,32.0,1282.0,6.0,360.0,1642.0,105.0,4,14.0,562.0,922.0,L3-14,17.0,13.0,31.0,1402.0,5,305.0,1707.0,40.0,7.0,14.0,562.0,989.0,L3-14,61,
42,40,13,3,3,20,14,34.0,1362.0,5.0,300.0,1662.0,85.0,5,14.0,562.0,862.0,L3-14,19.0,13.0,33.0,1497.0,4,244.0,1741.0,6.0,9.0,14.0,562.0,989.0,L3-14,39,
42,40,13,3,4,21,14,35.0,1402.0,5.0,300.0,1702.0,45.0,5,14.0,562.0,862.0,L3-14,20.0,13.0,34.0,1536.0,3,183.0,1719.0,28.0,12.0,14.0,562.0,989.0,L3-14,48,
42,40,13,4,3,21,14,35.0,1402.0,5.0,300.0,1702.0,45.0,5,14.0,562.0,862.0,L3-14,20.0,13.0,34.0,1553.0,3,183.0,1736.0,11.0,12.0,14.0,562.0,989.0,L3-14,48,
42,40,13,4,4,22,14,36.0,1442.0,5.0,300.0,1742.0,5.0,6,14.0,562.0,862.0,L3-14,21.0,13.0,35.0,1592.0,2,122.0,1714.0,33.0,18.0,14.0,562.0,989.0,L3-14,33,
42,40,14,2,2,18,14,33.0,1322.0,7.0,420.0,1742.0,5.0,4,15.0,602.0,1022.0,L3-14,17.0,13.0,32.0,1442.0,5,305.0,1747.0,0.0,7.0,15.0,602.0,1090.0,L3-14,61,
42,40,14,3,3,20,14,35.0,1402.0,5.0,300.0,1702.0,45.0,5,15.0,602.0,902.0,L3-14,19.0,13.0,34.0,1537.0,3,183.0,1720.0,27.0,12.0,15.0,602.0,1090.0,L3-14,39,
42,40,14,3,4,21,14,36.0,1442.0,5.0,300.0,1742.0,5.0,6,15.0,602.0,902.0,L3-14,20.0,13.0,35.0,1576.0,2,122.0,1698.0,49.0,18.0,15.0,602.0,1090.0,L3-14,48,
42,40,14,4,3,21,14,36.0,1442.0,5.0,300.0,1742.0,5.0,6,15.0,602.0,902.0,L3-14,20.0,13.0,35.0,1593.0,2,122.0,1715.0,32.0,18.0,15.0,602.0,1090.0,L3-14,48,
42,40,14,4,4,22,14,37.0,1482.0,4.0,240.0,1722.0,25.0,8,15.0,602.0,842.0,L3-14,21.0,13.0,36.0,1632.0,1,61.0,1693.0,54.0,36.0,15.0,602.0,1090.0,L3-14,33,
42,40,15,2,2,18,14,34.0,1362.0,5.0,300.0,1662.0,85.0,5,16.0,642.0,942.0,L15-20,17.0,13.0,33.0,1482.0,4,244.0,1726.0,21.0,9.0,16.0,642.0,1130.0,L15-20,61,
42,40,15,3,3,20,14,36.0,1442.0,5.0,300.0,1742.0,5.0,6,16.0,642.0,942.0,L15-20,19.0,13.0,35.0,1577.0,2,122.0,1699.0,48.0,18.0,16.0,642.0,1130.0,L15-20,39,
42,40,15,3,4,21,14,37.0,1482.0,4.0,240.0,1722.0,25.0,8,16.0,642.0,882.0,L15-20,20.0,13.0,36.0,1616.0,2,122.0,1738.0,9.0,18.0,16.0,642.0,1130.0,L15-20,48,
42,40,15,4,3,21,14,37.0,1482.0,4.0,240.0,1722.0,25.0,8,16.0,642.0,882.0,L15-20,20.0,13.0,36.0,1633.0,1,61.0,1694.0,53.0,36.0,16.0,642.0,1130.0,L15-20,48,
42,40,15,4,4,22,14,38.0,1522.0,3.0,180.0,1702.0,45.0,10,16.0,642.0,822.0,L15-20,21.0,13.0,37.0,1672.0,1,61.0,1733.0,14.0,37.0,16.0,642.0,1130.0,L15-20,33,
42,40,16,2,2,18,14,35.0,1402.0,5.0,300.0,1702.0,45.0,5,17.0,682.0,982.0,L15-20,17.0,13.0,34.0,1522.0,3,183.0,1705.0,42.0,12.0,17.0,682.0,1048.0,L15-20,61,
42,40,16,3,3,20,14,37.0,1482.0,4.0,240.0,1722.0,25.0,8,17.0,682.0,922.0,L15-20,19.0,13.0,36.0,1617.0,2,122.0,1739.0,8.0,18.0,17.0,682.0,1048.0,L15-20,39,
42,40,16,3,4,21,14,38.0,1522.0,3.0,180.0,1702.0,45.0,10,17.0,682.0,862.0,L15-20,20.0,13.0,37.0,1656.0,1,61.0,1717.0,30.0,37.0,17.0,682.0,1048.0,L15-20,48,
42,40,16,4,3,21,14,38.0,1522.0,3.0,180.0,1702.0,45.0,10,17.0,682.0,862.0,L15-20,20.0,13.0,37.0,1673.0,1,61.0,1734.0,13.0,37.0,17.0,682.0,1048.0,L15-20,48,
42,40,17,2,2,18,14,36.0,1442.0,5.0,300.0,1742.0,5.0,6,18.0,722.0,1022.0,L15-20,17.0,13.0,35.0,1562.0,3,183.0,1745.0,2.0,12.0,18.0,722.0,1088.0,L15-20,61,
42,40,17,3,3,20,14,38.0,1522.0,3.0,180.0,1702.0,45.0,10,18.0,722.0,902.0,L15-20,19.0,13.0,37.0,1657.0,1,61.0,1718.0,29.0,37.0,18.0,722.0,1088.0,L15-20,39,
42,40,18,2,2,18,14,37.0,1482.0,4.0,240.0,1722.0,25.0,8,19.0,762.0,1002.0,L15-20,17.0,13.0,36.0,1602.0,2,122.0,1724.0,23.0,18.0,19.0,762.0,1189.0,L15-20,61,
42,40,19,2,2,18,14,38.0,1522.0,3.0,180.0,1702.0,45.0,10,20.0,802.0,982.0,L15-20,17.0,13.0,37.0,1642.0,1,61.0,1703.0,44.0,37.0,20.0,802.0,1229.0,L15-20,61,
42,40,20,2,2,18,14,39.0,1562.0,3.0,180.0,1742.0,5.0,10,21.0,842.0,1022.0,L15-20,17.0,13.0,38.0,1682.0,1,61.0,1743.0,4.0,38.0,21.0,842.0,1269.0,L15-20,61,
42,42,3,2,2,18,14,22.0,924.0,8.0,480.0,1404.0,343.0,2,4.0,168.0,648.0,L3-14,17.0,13.0,21.0,1008.0,7,427.0,1435.0,312.0,3.0,4.0,168.0,412.0,L3-14,61,
42,42,3,3,3,20,14,24.0,1008.0,9.0,540.0,1548.0,199.0,2,4.0,168.0,708.0,L3-14,19.0,13.0,23.0,1103.0,8,488.0,1591.0,156.0,3.0,4.0,168.0,412.0,L3-14,39,
42,42,3,3,4,21,14,25.0,1050.0,10.0,600.0,1650.0,97.0,2,4.0,168.0,768.0,L3-14,20.0,13.0,24.0,1142.0,8,488.0,1630.0,117.0,3.0,4.0,168.0,412.0,L3-14,48,
42,42,3,4,3,21,14,25.0,1050.0,10.0,600.0,1650.0,97.0,2,4.0,168.0,768.0,L3-14,20.0,13.0,24.0,1159.0,8,488.0,1647.0,100.0,3.0,4.0,168.0,412.0,L3-14,48,
42,42,3,4,4,22,14,26.0,1092.0,10.0,600.0,1692.0,55.0,2,4.0,168.0,768.0,L3-14,21.0,13.0,25.0,1198.0,7,427.0,1625.0,122.0,4.0,4.0,168.0,412.0,L3-14,33,
42,42,4,2,2,18,14,23.0,966.0,9.0,540.0,1506.0,241.0,2,5.0,210.0,750.0,L3-14,17.0,13.0,22.0,1050.0,8,488.0,1538.0,209.0,3.0,5.0,210.0,515.0,L3-14,61,
42,42,4,3,3,20,14,25.0,1050.0,10.0,600.0,1650.0,97.0,2,5.0,210.0,810.0,L3-14,19.0,13.0,24.0,1145.0,8,488.0,1633.0,114.0,3.0,5.0,210.0,515.0,L3-14,39,
42,42,4,3,4,21,14,26.0,1092.0,10.0,600.0,1692.0,55.0,2,5.0,210.0,810.0,L3-14,20.0,13.0,25.0,1184.0,7,427.0,1611.0,136.0,4.0,5.0,210.0,515.0,L3-14,48,
42,42,4,4,3,21,14,26.0,1092.0,10.0,600.0,1692.0,55.0,2,5.0,210.0,810.0,L3-14,20.0,13.0,25.0,1201.0,7,427.0,1628.0,119.0,4.0,5.0,210.0,515.0,L3-14,48,
42,42,4,4,4,22,14,27.0,1134.0,10.0,600.0,1734.0,13.0,2,5.0,210.0,810.0,L3-14,21.0,13.0,26.0,1240.0,7,427.0,1667.0,80.0,4.0,5.0,210.0,515.0,L3-14,33,
42,42,5,2,2,18,14,24.0,1008.0,9.0,540.0,1548.0,199.0,2,6.0,252.0,792.0,L3-14,17.0,13.0,23.0,1092.0,8,488.0,1580.0,167.0,3.0,6.0,252.0,618.0,L3-14,61,
42,42,5,3,3,20,14,26.0,1092.0,10.0,600.0,1692.0,55.0,2,6.0,252.0,852.0,L3-14,19.0,13.0,25.0,1187.0,7,427.0,1614.0,133.0,4.0,6.0,252.0,618.0,L3-14,39,
42,42,5,3,4,21,14,27.0,1134.0,10.0,600.0,1734.0,13.0,2,6.0,252.0,852.0,L3-14,20.0,13.0,26.0,1226.0,7,427.0,1653.0,94.0,4.0,6.0,252.0,618.0,L3-14,48,
42,42,5,4,3,21,14,27.0,1134.0,10.0,600.0,1734.0,13.0,2,6.0,252.0,852.0,L3-14,20.0,13.0,26.0,1243.0,7,427.0,1670.0,77.0,4.0,6.0,252.0,618.0,L3-14,48,
42,42,5,4,4,22,14,28.0,1176.0,8.0,480.0,1656.0,91.0,3,6.0,252.0,732.0,L3-14,21.0,13.0,27.0,1282.0,7,427.0,1709.0,38.0,4.0,6.0,252.0,618.0,L3-14,33,
42,42,6,2,2,18,14,25.0,1050.0,10.0,600.0,1650.0,97.0,2,7.0,294.0,894.0,L3-14,17.0,13.0,24.0,1134.0,8,488.0,1622.0,125.0,3.0,7.0,294.0,721.0,L3-14,61,
42,42,6,3,3,20,14,27.0,1134.0,10.0,600.0,1734.0,13.0,2,7.0,294.0,894.0,L3-14,19.0,13.0,26.0,1229.0,7,427.0,1656.0,91.0,4.0,7.0,294.0,721.0,L3-14,39,
42,42,6,3,4,21,14,28.0,1176.0,8.0,480.0,1656.0,91.0,3,7.0,294.0,774.0,L3-14,20.0,13.0,27.0,1268.0,7,427.0,1695.0,52.0,4.0,7.0,294.0,721.0,L3-14,48,
42,42,6,4,3,21,14,28.0,1176.0,8.0,480.0,1656.0,91.0,3,7.0,294.0,774.0,L3-14,20.0,13.0,27.0,1285.0,7,427.0,1712.0,35.0,4.0,7.0,294.0,721.0,L3-14,48,
42,42,6,4,4,22,14,29.0,1218.0,7.0,420.0,1638.0,109.0,3,7.0,294.0,714.0,L3-14,21.0,13.0,28.0,1324.0,6,366.0,1690.0,57.0,5.0,7.0,294.0,721.0,L3-14,33,
42,42,7,2,2,18,14,26.0,1092.0,10.0,600.0,1692.0,55.0,2,8.0,336.0,936.0,L3-14,17.0,13.0,25.0,1176.0,7,427.0,1603.0,144.0,4.0,8.0,336.0,824.0,L3-14,61,
42,42,7,3,3,20,14,28.0,1176.0,8.0,480.0,1656.0,91.0,3,8.0,336.0,816.0,L3-14,19.0,13.0,27.0,1271.0,7,427.0,1698.0,49.0,4.0,8.0,336.0,824.0,L3-14,39,
42,42,7,3,4,21,14,29.0,1218.0,7.0,420.0,1638.0,109.0,3,8.0,336.0,756.0,L3-14,20.0,13.0,28.0,1310.0,7,427.0,1737.0,10.0,4.0,8.0,336.0,824.0,L3-14,48,
42,42,7,4,3,21,14,29.0,1218.0,7.0,420.0,1638.0,109.0,3,8.0,336.0,756.0,L3-14,20.0,13.0,28.0,1327.0,6,366.0,1693.0,54.0,5.0,8.0,336.0,824.0,L3-14,48,
42,42,7,4,4,22,14,30.0,1260.0,8.0,480.0,1740.0,7.0,3,8.0,336.0,816.0,L3-14,21.0,13.0,29.0,1366.0,6,366.0,1732.0,15.0,5.0,8.0,336.0,824.0,L3-14,33,
42,42,8,2,2,18,14,27.0,1134.0,10.0,600.0,1734.0,13.0,2,9.0,378.0,978.0,L3-14,17.0,13.0,26.0,1218.0,7,427.0,1645.0,102.0,4.0,9.0,378.0,683.0,L3-14,61,
42,42,8,3,3,20,14,29.0,1218.0,7.0,420.0,1638.0,109.0,3,9.0,378.0,798.0,L3-14,19.0,13.0,28.0,1313.0,7,427.0,1740.0,7.0,4.0,9.0,378.0,683.0,L3-14,39,
42,42,8,3,4,21,14,30.0,1260.0,8.0,480.0,1740.0,7.0,3,9.0,378.0,858.0,L3-14,20.0,13.0,29.0,1352.0,6,366.0,1718.0,29.0,5.0,9.0,378.0,683.0,L3-14,48,
42,42,8,4,3,21,14,30.0,1260.0,8.0,480.0,1740.0,7.0,3,9.0,378.0,858.0,L3-14,20.0,13.0,29.0,1369.0,6,366.0,1735.0,12.0,5.0,9.0,378.0,683.0,L3-14,48,
42,42,8,4,4,22,14,31.0,1302.0,6.0,360.0,1662.0,85.0,4,9.0,378.0,738.0,L3-14,21.0,13.0,30.0,1408.0,5,305.0,1713.0,34.0,6.0,9.0,378.0,683.0,L3-14,33,
42,42,9,2,2,18,14,28.0,1176.0,8.0,480.0,1656.0,91.0,3,10.0,420.0,900.0,L3-14,17.0,13.0,27.0,1260.0,7,427.0,1687.0,60.0,4.0,10.0,420.0,725.0,L3-14,61,
42,42,9,3,3,20,14,30.0,1260.0,8.0,480.0,1740.0,7.0,3,10.0,420.0,900.0,L3-14,19.0,13.0,29.0,1355.0,6,366.0,1721.0,26.0,5.0,10.0,420.0,725.0,L3-14,39,
42,42,9,3,4,21,14,31.0,1302.0,6.0,360.0,1662.0,85.0,4,10.0,420.0,780.0,L3-14,20.0,13.0,30.0,1394.0,5,305.0,1699.0,48.0,6.0,10.0,420.0,725.0,L3-14,48,
42,42,9,4,3,21,14,31.0,1302.0,6.0,360.0,1662.0,85.0,4,10.0,420.0,780.0,L3-14,20.0,13.0,30.0,1411.0,5,305.0,1716.0,31.0,6.0,10.0,420.0,725.0,L3-14,48,
42,42,9,4,4,22,14,32.0,1344.0,6.0,360.0,1704.0,43.0,4,10.0,420.0,780.0,L3-14,21.0,13.0,31.0,1450.0,4,244.0,1694.0,53.0,8.0,10.0,420.0,725.0,L3-14,33,
42,42,10,2,2,18,14,29.0,1218.0,7.0,420.0,1638.0,109.0,3,11.0,462.0,882.0,L3-14,17.0,13.0,28.0,1302.0,7,427.0,1729.0,18.0,4.0,11.0,462.0,828.0,L3-14,61,
42,42,10,3,3,20,14,31.0,1302.0,6.0,360.0,1662.0,85.0,4,11.0,462.0,822.0,L3-14,19.0,13.0,30.0,1397.0,5,305.0,1702.0,45.0,6.0,11.0,462.0,828.0,L3-14,39,
42,42,10,3,4,21,14,32.0,1344.0,6.0,360.0,1704.0,43.0,4,11.0,462.0,822.0,L3-14,20.0,13.0,31.0,1436.0,5,305.0,1741.0,6.0,7.0,11.0,462.0,828.0,L3-14,48,
42,42,10,4,3,21,14,32.0,1344.0,6.0,360.0,1704.0,43.0,4,11.0,462.0,822.0,L3-14,20.0,13.0,31.0,1453.0,4,244.0,1697.0,50.0,8.0,11.0,462.0,828.0,L3-14,48,
42,42,10,4,4,22,14,33.0,1386.0,5.0,300.0,1686.0,61.0,5,11.0,462.0,762.0,L3-14,21.0,13.0,32.0,1492.0,4,244.0,1736.0,11.0,8.0,11.0,462.0,828.0,L3-14,33,
42,42,11,2,2,18,14,30.0,1260.0,8.0,480.0,1740.0,7.0,3,12.0,504.0,984.0,L3-14,17.0,13.0,29.0,1344.0,6,366.0,1710.0,37.0,5.0,12.0,504.0,870.0,L3-14,61,
42,42,11,3,3,20,14,32.0,1344.0,6.0,360.0,1704.0,43.0,4,12.0,504.0,864.0,L3-14,19.0,13.0,31.0,1439.0,5,305.0,1744.0,3.0,7.0,12.0,504.0,870.0,L3-14,39,
42,42,11,3,4,21,14,33.0,1386.0,5.0,300.0,1686.0,61.0,5,12.0,504.0,804.0,L3-14,20.0,13.0,32.0,1478.0,4,244.0,1722.0,25.0,8.0,12.0,504.0,870.0,L3-14,48,
42,42,11,4,3,21,14,33.0,1386.0,5.0,300.0,1686.0,61.0,5,12.0,504.0,804.0,L3-14,20.0,13.0,32.0,1495.0,4,244.0,1739.0,8.0,8.0,12.0,504.0,870.0,L3-14,48,
42,42,11,4,4,22,14,34.0,1428.0,5.0,300.0,1728.0,19.0,5,12.0,504.0,804.0,L3-14,21.0,13.0,33.0,1534.0,3,183.0,1717.0,30.0,11.0,12.0,504.0,870.0,L3-14,33,
42,42,12,2,2,18,14,31.0,1302.0,6.0,360.0,1662.0,85.0,4,13.0,546.0,906.0,L3-14,17.0,13.0,30.0,1386.0,5,305.0,1691.0,56.0,6.0,13.0,546.0,973.0,L3-14,61,
42,42,12,3,3,20,14,33.0,1386.0,5.0,300.0,1686.0,61.0,5,13.0,546.0,846.0,L3-14,19.0,13.0,32.0,1481.0,4,244.0,1725.0,22.0,8.0,13.0,546.0,973.0,L3-14,39,
42,42,12,3,4,21,14,34.0,1428.0,5.0,300.0,1728.0,19.0,5,13.0,546.0,846.0,L3-14,20.0,13.0,33.0,1520.0,3,183.0,1703.0,44.0,11.0,13.0,546.0,973.0,L3-14,48,
42,42,12,4,3,21,14,34.0,1428.0,5.0,300.0,1728.0,19.0,5,13.0,546.0,846.0,L3-14,20.0,13.0,33.0,1537.0,3,183.0,1720.0,27.0,11.0,13.0,546.0,973.0,L3-14,48,
42,42,12,4,4,22,14,35.0,1470.0,4.0,240.0,1710.0,37.0,7,13.0,546.0,786.0,L3-14,21.0,13.0,34.0,1576.0,2,122.0,1698.0,49.0,17.0,13.0,546.0,973.0,L3-14,33,
42,42,13,2,2,18,14,32.0,1344.0,6.0,360.0,1704.0,43.0,4,14.0,588.0,948.0,L3-14,17.0,13.0,31.0,1428.0,5,305.0,1733.0,14.0,7.0,14.0,588.0,1015.0,L3-14,61,
42,42,13,3,3,20,14,34.0,1428.0,5.0,300.0,1728.0,19.0,5,14.0,588.0,888.0,L3-14,19.0,13.0,33.0,1523.0,3,183.0,1706.0,41.0,11.0,14.0,588.0,1015.0,L3-14,39,
42,42,13,3,4,21,14,35.0,1470.0,4.0,240.0,1710.0,37.0,7,14.0,588.0,828.0,L3-14,20.0,13.0,34.0,1562.0,3,183.0,1745.0,2.0,12.0,14.0,588.0,1015.0,L3-14,48,
42,42,13,4,3,21,14,35.0,1470.0,4.0,240.0,1710.0,37.0,7,14.0,588.0,828.0,L3-14,20.0,13.0,34.0,1579.0,2,122.0,1701.0,46.0,17.0,14.0,588.0,1015.0,L3-14,48,
42,42,13,4,4,22,14,36.0,1512.0,3.0,180.0,1692.0,55.0,9,14.0,588.0,768.0,L3-14,21.0,13.0,35.0,1618.0,2,122.0,1740.0,7.0,18.0,14.0,588.0,1015.0,L3-14,33,
42,42,14,2,2,18,14,33.0,1386.0,5.0,300.0,1686.0,61.0,5,15.0,630.0,930.0,L3-14,17.0,13.0,32.0,1470.0,4,244.0,1714.0,33.0,8.0,15.0,630.0,1118.0,L3-14,61,
42,42,14,3,3,20,14,35.0,1470.0,4.0,240.0,1710.0,37.0,7,15.0,630.0,870.0,L3-14,19.0,13.0,34.0,1565.0,2,122.0,1687.0,60.0,17.0,15.0,630.0,1118.0,L3-14,39,
42,42,14,3,4,21,14,36.0,1512.0,3.0,180.0,1692.0,55.0,9,15.0,630.0,810.0,L3-14,20.0,13.0,35.0,1604.0,2,122.0,1726.0,21.0,18.0,15.0,630.0,1118.0,L3-14,48,
42,42,14,4,3,21,14,36.0,1512.0,3.0,180.0,1692.0,55.0,9,15.0,630.0,810.0,L3-14,20.0,13.0,35.0,1621.0,2,122.0,1743.0,4.0,18.0,15.0,630.0,1118.0,L3-14,48,
42,42,14,4,4,22,14,37.0,1554.0,3.0,180.0,1734.0,13.0,10,15.0,630.0,810.0,L3-14,21.0,13.0,36.0,1660.0,1,61.0,1721.0,26.0,36.0,15.0,630.0,1118.0,L3-14,33,
42,42,15,2,2,18,14,34.0,1428.0,5.0,300.0,1728.0,19.0,5,16.0,672.0,972.0,L15-20,17.0,13.0,33.0,1512.0,3,183.0,1695.0,52.0,11.0,16.0,672.0,1160.0,L15-20,61,
42,42,15,3,3,20,14,36.0,1512.0,3.0,180.0,1692.0,55.0,9,16.0,672.0,852.0,L15-20,19.0,13.0,35.0,1607.0,2,122.0,1729.0,18.0,18.0,16.0,672.0,1160.0,L15-20,39,
42,42,15,3,4,21,14,37.0,1554.0,3.0,180.0,1734.0,13.0,10,16.0,672.0,852.0,L15-20,20.0,13.0,36.0,1646.0,1,61.0,1707.0,40.0,36.0,16.0,672.0,1160.0,L15-20,48,
42,42,15,4,3,21,14,37.0,1554.0,3.0,180.0,1734.0,13.0,10,16.0,672.0,852.0,L15-20,20.0,13.0,36.0,1663.0,1,61.0,1724.0,23.0,36.0,16.0,672.0,1160.0,L15-20,48,
42,42,16,2,2,18,14,35.0,1470.0,4.0,240.0,1710.0,37.0,7,17.0,714.0,954.0,L15-20,17.0,13.0,34.0,1554.0,3,183.0,1737.0,10.0,12.0,17.0,714.0,1080.0,L15-20,61,
42,42,16,3,3,20,14,37.0,1554.0,3.0,180.0,1734.0,13.0,10,17.0,714.0,894.0,L15-20,19.0,13.0,36.0,1649.0,1,61.0,1710.0,37.0,36.0,17.0,714.0,1080.0,L15-20,39,
42,42,17,2,2,18,14,36.0,1512.0,3.0,180.0,1692.0,55.0,9,18.0,756.0,936.0,L15-20,17.0,13.0,35.0,1596.0,2,122.0,1718.0,29.0,18.0,18.0,756.0,1122.0,L15-20,61,
42,42,18,2,2,18,14,37.0,1554.0,3.0,180.0,1734.0,13.0,10,19.0,798.0,978.0,L15-20,17.0,13.0,36.0,1638.0,1,61.0,1699.0,48.0,36.0,19.0,798.0,1225.0,L15-20,61,
42,42,19,2,2,18,14,38.0,1596.0,2.0,120.0,1716.0,31.0,19,20.0,840.0,960.0,L15-20,17.0,13.0,37.0,1680.0,1,61.0,1741.0,6.0,37.0,20.0,840.0,1267.0,L15-20,61,
45,38,3,2,2,18,14,22.0,843.0,15.0,900.0,1743.0,4.0,1,4.0,159.0,1059.0,L3-14,17.0,13.0,21.0,999.0,7,427.0,1426.0,321.0,3.0,4.0,159.0,403.0,L3-14,61,
45,38,3,3,3,20,14,24.0,919.0,8.0,480.0,1399.0,348.0,2,4.0,159.0,639.0,L3-14,19.0,13.0,23.0,1094.0,8,488.0,1582.0,165.0,3.0,4.0,159.0,403.0,L3-14,39,
45,38,3,3,4,21,14,25.0,957.0,9.0,540.0,1497.0,250.0,2,4.0,159.0,699.0,L3-14,20.0,13.0,24.0,1133.0,8,488.0,1621.0,126.0,3.0,4.0,159.0,403.0,L3-14,48,
45,38,3,4,3,21,14,25.0,957.0,9.0,540.0,1497.0,250.0,2,4.0,159.0,699.0,L3-14,20.0,13.0,24.0,1150.0,8,488.0,1638.0,109.0,3.0,4.0,159.0,403.0,L3-14,48,
45,38,3,4,4,22,14,26.0,995.0,9.0,540.0,1535.0,212.0,2,4.0,159.0,699.0,L3-14,21.0,13.0,25.0,1189.0,7,427.0,1616.0,131.0,4.0,4.0,159.0,403.0,L3-14,33,
45,38,4,2,2,18,14,23.0,881.0,8.0,480.0,1361.0,386.0,2,5.0,197.0,677.0,L3-14,17.0,13.0,22.0,1037.0,8,488.0,1525.0,222.0,3.0,5.0,197.0,502.0,L3-14,61,
45,38,4,3,3,20,14,25.0,957.0,9.0,540.0,1497.0,250.0,2,5.0,197.0,737.0,L3-14,19.0,13.0,24.0,1132.0,8,488.0,1620.0,127.0,3.0,5.0,197.0,502.0,L3-14,39,
45,38,4,3,4,21,14,26.0,995.0,9.0,540.0,1535.0,212.0,2,5.0,197.0,737.0,L3-14,20.0,13.0,25.0,1171.0,7,427.0,1598.0,149.0,4.0,5.0,197.0,502.0,L3-14,48,
45,38,4,4,3,21,14,26.0,995.0,9.0,540.0,1535.0,212.0,2,5.0,197.0,737.0,L3-14,20.0,13.0,25.0,1188.0,7,427.0,1615.0,132.0,4.0,5.0,197.0,502.0,L3-14,48,
45,38,4,4,4,22,14,27.0,1033.0,9.0,540.0,1573.0,174.0,2,5.0,197.0,737.0,L3-14,21.0,13.0,26.0,1227.0,7,427.0,1654.0,93.0,4.0,5.0,197.0,502.0,L3-14,33,
45,38,5,2,2,18,14,24.0,919.0,8.0,480.0,1399.0,348.0,2,6.0,235.0,715.0,L3-14,17.0,13.0,23.0,1075.0,8,488.0,1563.0,184.0,3.0,6.0,235.0,601.0,L3-14,61,
45,38,5,3,3,20,14,26.0,995.0,9.0,540.0,1535.0,212.0,2,6.0,235.0,775.0,L3-14,19.0,13.0,25.0,1170.0,7,427.0,1597.0,150.0,4.0,6.0,235.0,601.0,L3-14,39,
45,38,5,3,4,21,14,27.0,1033.0,9.0,540.0,1573.0,174.0,2,6.0,235.0,775.0,L3-14,20.0,13.0,26.0,1209.0,7,427.0,1636.0,111.0,4.0,6.0,235.0,601.0,L3-14,48,
45,38,5,4,3,21,14,27.0,1033.0,9.0,540.0,1573.0,174.0,2,6.0,235.0,775.0,L3-14,20.0,13.0,26.0,1226.0,7,427.0,1653.0,94.0,4.0,6.0,235.0,601.0,L3-14,48,
45,38,5,4,4,22,14,28.0,1071.0,9.0,540.0,1611.0,136.0,2,6.0,235.0,775.0,L3-14,21.0,13.0,27.0,1265.0,7,427.0,1692.0,55.0,4.0,6.0,235.0,601.0,L3-14,33,
45,38,6,2,2,18,14,25.0,957.0,9.0,540.0,1497.0,250.0,2,7.0,273.0,813.0,L3-14,17.0,13.0,24.0,1113.0,8,488.0,1601.0,146.0,3.0,7.0,273.0,700.0,L3-14,61,
45,38,6,3,3,20,14,27.0,1033.0,9.0,540.0,1573.0,174.0,2,7.0,273.0,813.0,L3-14,19.0,13.0,26.0,1208.0,7,427.0,1635.0,112.0,4.0,7.0,273.0,700.0,L3-14,39,
45,38,6,3,4,21,14,28.0,1071.0,9.0,540.0,1611.0,136.0,2,7.0,273.0,813.0,L3-14,20.0,13.0,27.0,1247.0,7,427.0,1674.0,73.0,4.0,7.0,273.0,700.0,L3-14,48,
45,38,6,4,3,21,14,28.0,1071.0,9.0,540.0,1611.0,136.0,2,7.0,273.0,813.0,L3-14,20.0,13.0,27.0,1264.0,7,427.0,1691.0,56.0,4.0,7.0,273.0,700.0,L3-14,48,
45,38,6,4,4,22,14,29.0,1109.0,10.0,600.0,1709.0,38.0,2,7.0,273.0,873.0,L3-14,21.0,13.0,28.0,1303.0,7,427.0,1730.0,17.0,4.0,7.0,273.0,700.0,L3-14,33,
45,38,7,2,2,18,14,26.0,995.0,9.0,540.0,1535.0,212.0,2,8.0,311.0,851.0,L3-14,17.0,13.0,25.0,1151.0,7,427.0,1578.0,169.0,4.0,8.0,311.0,799.0,L3-14,61,
45,38,7,3,3,20,14,28.0,1071.0,9.0,540.0,1611.0,136.0,2,8.0,311.0,851.0,L3-14,19.0,13.0,27.0,1246.0,7,427.0,1673.0,74.0,4.0,8.0,311.0,799.0,L3-14,39,
45,38,7,3,4,21,14,29.0,1109.0,10.0,600.0,1709.0,38.0,2,8.0,311.0,911.0,L3-14,20.0,13.0,28.0,1285.0,7,427.0,1712.0,35.0,4.0,8.0,311.0,799.0,L3-14,48,
45,38,7,4,3,21,14,29.0,1109.0,10.0,600.0,1709.0,38.0,2,8.0,311.0,911.0,L3-14,20.0,13.0,28.0,1302.0,7,427.0,1729.0,18.0,4.0,8.0,311.0,799.0,L3-14,48,
45,38,7,4,4,22,14,30.0,1147.0,10.0,600.0,1747.0,0.0,2,8.0,311.0,911.0,L3-14,21.0,13.0,29.0,1341.0,6,366.0,1707.0,40.0,5.0,8.0,311.0,799.0,L3-14,33,
45,38,8,2,2,18,14,27.0,1033.0,9.0,540.0,1573.0,174.0,2,9.0,349.0,889.0,L3-14,17.0,13.0,26.0,1189.0,7,427.0,1616.0,131.0,4.0,9.0,349.0,654.0,L3-14,61,
45,38,8,3,3,20,14,29.0,1109.0,10.0,600.0,1709.0,38.0,2,9.0,349.0,949.0,L3-14,19.0,13.0,28.0,1284.0,7,427.0,1711.0,36.0,4.0,9.0,349.0,654.0,L3-14,39,
45,38,8,3,4,21,14,30.0,1147.0,10.0,600.0,1747.0,0.0,2,9.0,349.0,949.0,L3-14,20.0,13.0,29.0,1323.0,6,366.0,1689.0,58.0,5.0,9.0,349.0,654.0,L3-14,48,
45,38,8,4,3,21,14,30.0,1147.0,10.0,600.0,1747.0,0.0,2,9.0,349.0,949.0,L3-14,20.0,13.0,29.0,1340.0,6,366.0,1706.0,41.0,5.0,9.0,349.0,654.0,L3-14,48,
45,38,8,4,4,22,14,31.0,1185.0,8.0,480.0,1665.0,82.0,3,9.0,349.0,829.0,L3-14,21.0,13.0,30.0,1379.0,6,366.0,1745.0,2.0,5.0,9.0,349.0,654.0,L3-14,33,
45,38,9,2,2,18,14,28.0,1071.0,9.0,540.0,1611.0,136.0,2,10.0,387.0,927.0,L3-14,17.0,13.0,27.0,1227.0,7,427.0,1654.0,93.0,4.0,10.0,387.0,692.0,L3-14,61,
45,38,9,3,3,20,14,30.0,1147.0,10.0,600.0,1747.0,0.0,2,10.0,387.0,987.0,L3-14,19.0,13.0,29.0,1322.0,6,366.0,1688.0,59.0,5.0,10.0,387.0,692.0,L3-14,39,
45,38,9,3,4,21,14,31.0,1185.0,8.0,480.0,1665.0,82.0,3,10.0,387.0,867.0,L3-14,20.0,13.0,30.0,1361.0,6,366.0,1727.0,20.0,5.0,10.0,387.0,692.0,L3-14,48,
45,38,9,4,3,21,14,31.0,1185.0,8.0,480.0,1665.0,82.0,3,10.0,387.0,867.0,L3-14,20.0,13.0,30.0,1378.0,6,366.0,1744.0,3.0,5.0,10.0,387.0,692.0,L3-14,48,
45,38,9,4,4,22,14,32.0,1223.0,8.0,480.0,1703.0,44.0,3,10.0,387.0,867.0,L3-14,21.0,13.0,31.0,1417.0,5,305.0,1722.0,25.0,7.0,10.0,387.0,692.0,L3-14,33,
45,38,10,2,2,18,14,29.0,1109.0,10.0,600.0,1709.0,38.0,2,11.0,425.0,1025.0,L3-14,17.0,13.0,28.0,1265.0,7,427.0,1692.0,55.0,4.0,11.0,425.0,791.0,L3-14,61,
45,38,10,3,3,20,14,31.0,1185.0,8.0,480.0,1665.0,82.0,3,11.0,425.0,905.0,L3-14,19.0,13.0,30.0,1360.0,6,366.0,1726.0,21.0,5.0,11.0,425.0,791.0,L3-14,39,
45,38,10,3,4,21,14,32.0,1223.0,8.0,480.0,1703.0,44.0,3,11.0,425.0,905.0,L3-14,20.0,13.0,31.0,1399.0,5,305.0,1704.0,43.0,7.0,11.0,425.0,791.0,L3-14,48,
45,38,10,4,3,21,14,32.0,1223.0,8.0,480.0,1703.0,44.0,3,11.0,425.0,905.0,L3-14,20.0,13.0,31.0,1416.0,5,305.0,1721.0,26.0,7.0,11.0,425.0,791.0,L3-14,48,
45,38,10,4,4,22,14,33.0,1261.0,8.0,480.0,1741.0,6.0,3,11.0,425.0,905.0,L3-14,21.0,13.0,32.0,1455.0,4,244.0,1699.0,48.0,8.0,11.0,425.0,791.0,L3-14,33,
45,38,11,2,2,18,14,30.0,1147.0,10.0,600.0,1747.0,0.0,2,12.0,463.0,1063.0,L3-14,17.0,13.0,29.0,1303.0,6,366.0,1669.0,78.0,5.0,12.0,463.0,829.0,L3-14,61,
45,38,11,3,3,20,14,32.0,1223.0,8.0,480.0,1703.0,44.0,3,12.0,463.0,943.0,L3-14,19.0,13.0,31.0,1398.0,5,305.0,1703.0,44.0,7.0,12.0,463.0,829.0,L3-14,39,
45,38,11,3,4,21,14,33.0,1261.0,8.0,480.0,1741.0,6.0,3,12.0,463.0,943.0,L3-14,20.0,13.0,32.0,1437.0,5,305.0,1742.0,5.0,7.0,12.0,463.0,829.0,L3-14,48,
45,38,11,4,3,21,14,33.0,1261.0,8.0,480.0,1741.0,6.0,3,12.0,463.0,943.0,L3-14,20.0,13.0,32.0,1454.0,4,244.0,1698.0,49.0,8.0,12.0,463.0,829.0,L3-14,48,
45,38,11,4,4,22,14,34.0,1299.0,6.0,360.0,1659.0,88.0,4,12.0,463.0,823.0,L3-14,21.0,13.0,33.0,1493.0,4,244.0,1737.0,10.0,9.0,12.0,463.0,829.0,L3-14,33,
45,38,12,2,2,18,14,31.0,1185.0,8.0,480.0,1665.0,82.0,3,13.0,501.0,981.0,L3-14,17.0,13.0,30.0,1341.0,6,366.0,1707.0,40.0,5.0,13.0,501.0,928.0,L3-14,61,
45,38,12,3,3,20,14,33.0,1261.0,8.0,480.0,1741.0,6.0,3,13.0,501.0,981.0,L3-14,19.0,13.0,32.0,1436.0,5,305.0,1741.0,6.0,7.0,13.0,501.0,928.0,L3-14,39,
45,38,12,3,4,21,14,34.0,1299.0,6.0,360.0,1659.0,88.0,4,13.0,501.0,861.0,L3-14,20.0,13.0,33.0,1475.0,4,244.0,1719.0,28.0,9.0,13.0,501.0,928.0,L3-14,48,
45,38,12,4,3,21,14,34.0,1299.0,6.0,360.0,1659.0,88.0,4,13.0,501.0,861.0,L3-14,20.0,13.0,33.0,1492.0,4,244.0,1736.0,11.0,9.0,13.0,501.0,928.0,L3-14,48,
45,38,12,4,4,22,14,35.0,1337.0,6.0,360.0,1697.0,50.0,4,13.0,501.0,861.0,L3-14,21.0,13.0,34.0,1531.0,3,183.0,1714.0,33.0,12.0,13.0,501.0,928.0,L3-14,33,
45,38,13,2,2,18,14,32.0,1223.0,8.0,480.0,1703.0,44.0,3,14.0,539.0,1019.0,L3-14,17.0,13.0,31.0,1379.0,6,366.0,1745.0,2.0,6.0,14.0,539.0,966.0,L3-14,61,
45,38,13,3,3,20,14,34.0,1299.0,6.0,360.0,1659.0,88.0,4,14.0,539.0,899.0,L3-14,19.0,13.0,33.0,1474.0,4,244.0,1718.0,29.0,9.0,14.0,539.0,966.0,L3-14,39,
45,38,13,3,4,21,14,35.0,1337.0,6.0,360.0,1697.0,50.0,4,14.0,539.0,899.0,L3-14,20.0,13.0,34.0,1513.0,3,183.0,1696.0,51.0,12.0,14.0,539.0,966.0,L3-14,48,
45,38,13,4,3,21,14,35.0,1337.0,6.0,360.0,1697.0,50.0,4,14.0,539.0,899.0,L3-14,20.0,13.0,34.0,1530.0,3,183.0,1713.0,34.0,12.0,14.0,539.0,966.0,L3-14,48,
45,38,13,4,4,22,14,36.0,1375.0,6.0,360.0,1735.0,12.0,4,14.0,539.0,899.0,L3-14,21.0,13.0,35.0,1569.0,2,122.0,1691.0,56.0,18.0,14.0,539.0,966.0,L3-14,33,
45,38,14,2,2,18,14,33.0,1261.0,8.0,480.0,1741.0,6.0,3,15.0,577.0,1057.0,L3-14,17.0,13.0,32.0,1417.0,5,305.0,1722.0,25.0,7.0,15.0,577.0,1065.0,L3-14,61,
45,38,14,3,3,20,14,35.0,1337.0,6.0,360.0,1697.0,50.0,4,15.0,577.0,937.0,L3-14,19.0,13.0,34.0,1512.0,3,183.0,1695.0,52.0,12.0,15.0,577.0,1065.0,L3-14,39,
45,38,14,3,4,21,14,36.0,1375.0,6.0,360.0,1735.0,12.0,4,15.0,577.0,937.0,L3-14,20.0,13.0,35.0,1551.0,3,183.0,1734.0,13.0,12.0,15.0,577.0,1065.0,L3-14,48,
45,38,14,4,3,21,14,36.0,1375.0,6.0,360.0,1735.0,12.0,4,15.0,577.0,937.0,L3-14,20.0,13.0,35.0,1568.0,2,122.0,1690.0,57.0,18.0,15.0,577.0,1065.0,L3-14,48,
45,38,14,4,4,22,14,37.0,1413.0,5.0,300.0,1713.0,34.0,6,15.0,577.0,877.0,L3-14,21.0,13.0,36.0,1607.0,2,122.0,1729.0,18.0,18.0,15.0,577.0,1065.0,L3-14,33,
45,38,15,2,2,18,14,34.0,1299.0,6.0,360.0,1659.0,88.0,4,16.0,615.0,975.0,L15-20,17.0,13.0,33.0,1455.0,4,244.0,1699.0,48.0,9.0,16.0,615.0,1103.0,L15-20,61,
45,38,15,3,3,20,14,36.0,1375.0,6.0,360.0,1735.0,12.0,4,16.0,615.0,975.0,L15-20,19.0,13.0,35.0,1550.0,3,183.0,1733.0,14.0,12.0,16.0,615.0,1103.0,L15-20,39,
45,38,15,3,4,21,14,37.0,1413.0,5.0,300.0,1713.0,34.0,6,16.0,615.0,915.0,L15-20,20.0,13.0,36.0,1589.0,2,122.0,1711.0,36.0,18.0,16.0,615.0,1103.0,L15-20,48,
45,38,15,4,3,21,14,37.0,1413.0,5.0,300.0,1713.0,34.0,6,16.0,615.0,915.0,L15-20,20.0,13.0,36.0,1606.0,2,122.0,1728.0,19.0,18.0,16.0,615.0,1103.0,L15-20,48,
45,38,15,4,4,22,14,38.0,1451.0,4.0,240.0,1691.0,56.0,7,16.0,615.0,855.0,L15-20,21.0,13.0,37.0,1645.0,1,61.0,1706.0,41.0,37.0,16.0,615.0,1103.0,L15-20,33,
45,38,16,2,2,18,14,35.0,1337.0,6.0,360.0,1697.0,50.0,4,17.0,653.0,1013.0,L15-20,17.0,13.0,34.0,1493.0,4,244.0,1737.0,10.0,9.0,17.0,653.0,1019.0,L15-20,61,
45,38,16,3,3,20,14,37.0,1413.0,5.0,300.0,1713.0,34.0,6,17.0,653.0,953.0,L15-20,19.0,13.0,36.0,1588.0,2,122.0,1710.0,37.0,18.0,17.0,653.0,1019.0,L15-20,39,
45,38,16,3,4,21,14,38.0,1451.0,4.0,240.0,1691.0,56.0,7,17.0,653.0,893.0,L15-20,20.0,13.0,37.0,1627.0,1,61.0,1688.0,59.0,37.0,17.0,653.0,1019.0,L15-20,48,
45,38,16,4,3,21,14,38.0,1451.0,4.0,240.0,1691.0,56.0,7,17.0,653.0,893.0,L15-20,20.0,13.0,37.0,1644.0,1,61.0,1705.0,42.0,37.0,17.0,653.0,1019.0,L15-20,48,
45,38,16,4,4,22,14,39.0,1489.0,4.0,240.0,1729.0,18.0,7,17.0,653.0,893.0,L15-20,21.0,13.0,38.0,1683.0,1,61.0,1744.0,3.0,38.0,17.0,653.0,1019.0,L15-20,33,
45,38,17,2,2,18,14,36.0,1375.0,6.0,360.0,1735.0,12.0,4,18.0,691.0,1051.0,L15-20,17.0,13.0,35.0,1531.0,3,183.0,1714.0,33.0,12.0,18.0,691.0,1057.0,L15-20,61,
45,38,17,3,3,20,14,38.0,1451.0,4.0,240.0,1691.0,56.0,7,18.0,691.0,931.0,L15-20,19.0,13.0,37.0,1626.0,1,61.0,1687.0,60.0,37.0,18.0,691.0,1057.0,L15-20,39,
45,38,17,3,4,21,14,39.0,1489.0,4.0,240.0,1729.0,18.0,7,18.0,691.0,931.0,L15-20,20.0,13.0,38.0,1665.0,1,61.0,1726.0,21.0,38.0,18.0,691.0,1057.0,L15-20,48,
45,38,17,4,3,21,14,39.0,1489.0,4.0,240.0,1729.0,18.0,7,18.0,691.0,931.0,L15-20,20.0,13.0,38.0,1682.0,1,61.0,1743.0,4.0,38.0,18.0,691.0,1057.0,L15-20,48,
45,38,18,2,2,18,14,37.0,1413.0,5.0,300.0,1713.0,34.0,6,19.0,729.0,1029.0,L15-20,17.0,13.0,36.0,1569.0,2,122.0,1691.0,56.0,18.0,19.0,729.0,1156.0,L15-20,61,
45,38,18,3,3,20,14,39.0,1489.0,4.0,240.0,1729.0,18.0,7,19.0,729.0,969.0,L15-20,19.0,13.0,38.0,1664.0,1,61.0,1725.0,22.0,38.0,19.0,729.0,1156.0,L15-20,39,
45,38,19,2,2,18,14,38.0,1451.0,4.0,240.0,1691.0,56.0,7,20.0,767.0,1007.0,L15-20,17.0,13.0,37.0,1607.0,2,122.0,1729.0,18.0,19.0,20.0,767.0,1194.0,L15-20,61,
45,38,20,2,2,18,14,39.0,1489.0,4.0,240.0,1729.0,18.0,7,21.0,805.0,1045.0,L15-20,17.0,13.0,38.0,1645.0,1,61.0,1706.0,41.0,38.0,21.0,805.0,1232.0,L15-20,61,
45,40,3,2,2,18,14,22.0,885.0,8.0,480.0,1365.0,382.0,2,4.0,165.0,645.0,L3-14,17.0,13.0,21.0,1005.0,7,427.0,1432.0,315.0,3.0,4.0,165.0,409.0,L3-14,61,
45,40,3,3,3,20,14,24.0,965.0,9.0,540.0,1505.0,242.0,2,4.0,165.0,705.0,L3-14,19.0,13.0,23.0,1100.0,8,488.0,1588.0,159.0,3.0,4.0,165.0,409.0,L3-14,39,
45,40,3,3,4,21,14,25.0,1005.0,9.0,540.0,1545.0,202.0,2,4.0,165.0,705.0,L3-14,20.0,13.0,24.0,1139.0,8,488.0,1627.0,120.0,3.0,4.0,165.0,409.0,L3-14,48,
45,40,3,4,3,21,14,25.0,1005.0,9.0,540.0,1545.0,202.0,2,4.0,165.0,705.0,L3-14,20.0,13.0,24.0,1156.0,8,488.0,1644.0,103.0,3.0,4.0,165.0,409.0,L3-14,48,
45,40,3,4,4,22,14,26.0,1045.0,9.0,540.0,1585.0,162.0,2,4.0,165.0,705.0,L3-14,21.0,13.0,25.0,1195.0,7,427.0,1622.0,125.0,4.0,4.0,165.0,409.0,L3-14,33,
45,40,4,2,2,18,14,23.0,925.0,9.0,540.0,1465.0,282.0,2,5.0,205.0,745.0,L3-14,17.0,13.0,22.0,1045.0,8,488.0,1533.0,214.0,3.0,5.0,205.0,510.0,L3-14,61,
45,40,4,3,3,20,14,25.0,1005.0,9.0,540.0,1545.0,202.0,2,5.0,205.0,745.0,L3-14,19.0,13.0,24.0,1140.0,8,488.0,1628.0,119.0,3.0,5.0,205.0,510.0,L3-14,39,
45,40,4,3,4,21,14,26.0,1045.0,9.0,540.0,1585.0,162.0,2,5.0,205.0,745.0,L3-14,20.0,13.0,25.0,1179.0,7,427.0,1606.0,141.0,4.0,5.0,205.0,510.0,L3-14,48,
45,40,4,4,3,21,14,26.0,1045.0,9.0,540.0,1585.0,162.0,2,5.0,205.0,745.0,L3-14,20.0,13.0,25.0,1196.0,7,427.0,1623.0,124.0,4.0,5.0,205.0,510.0,L3-14,48,
45,40,4,4,4,22,14,27.0,1085.0,10.0,600.0,1685.0,62.0,2,5.0,205.0,805.0,L3-14,21.0,13.0,26.0,1235.0,7,427.0,1662.0,85.0,4.0,5.0,205.0,510.0,L3-14,33,
45,40,5,2,2,18,14,24.0,965.0,9.0,540.0,1505.0,242.0,2,6.0,245.0,785.0,L3-14,17.0,13.0,23.0,1085.0,8,488.0,1573.0,174.0,3.0,6.0,245.0,611.0,L3-14,61,
45,40,5,3,3,20,14,26.0,1045.0,9.0,540.0,1585.0,162.0,2,6.0,245.0,785.0,L3-14,19.0,13.0,25.0,1180.0,7,427.0,1607.0,140.0,4.0,6.0,245.0,611.0,L3-14,39,
45,40,5,3,4,21,14,27.0,1085.0,10.0,600.0,1685.0,62.0,2,6.0,245.0,845.0,L3-14,20.0,13.0,26.0,1219.0,7,427.0,1646.0,101.0,4.0,6.0,245.0,611.0,L3-14,48,
45,40,5,4,3,21,14,27.0,1085.0,10.0,600.0,1685.0,62.0,2,6.0,245.0,845.0,L3-14,20.0,13.0,26.0,1236.0,7,427.0,1663.0,84.0,4.0,6.0,245.0,611.0,L3-14,48,
45,40,5,4,4,22,14,28.0,1125.0,10.0,600.0,1725.0,22.0,2,6.0,245.0,845.0,L3-14,21.0,13.0,27.0,1275.0,7,427.0,1702.0,45.0,4.0,6.0,245.0,611.0,L3-14,33,
45,40,6,2,2,18,14,25.0,1005.0,9.0,540.0,1545.0,202.0,2,7.0,285.0,825.0,L3-14,17.0,13.0,24.0,1125.0,8,488.0,1613.0,134.0,3.0,7.0,285.0,712.0,L3-14,61,
45,40,6,3,3,20,14,27.0,1085.0,10.0,600.0,1685.0,62.0,2,7.0,285.0,885.0,L3-14,19.0,13.0,26.0,1220.0,7,427.0,1647.0,100.0,4.0,7.0,285.0,712.0,L3-14,39,
45,40,6,3,4,21,14,28.0,1125.0,10.0,600.0,1725.0,22.0,2,7.0,285.0,885.0,L3-14,20.0,13.0,27.0,1259.0,7,427.0,1686.0,61.0,4.0,7.0,285.0,712.0,L3-14,48,
45,40,6,4,3,21,14,28.0,1125.0,10.0,600.0,1725.0,22.0,2,7.0,285.0,885.0,L3-14,20.0,13.0,27.0,1276.0,7,427.0,1703.0,44.0,4.0,7.0,285.0,712.0,L3-14,48,
45,40,6,4,4,22,14,29.0,1165.0,7.0,420.0,1585.0,162.0,3,7.0,285.0,705.0,L3-14,21.0,13.0,28.0,1315.0,7,427.0,1742.0,5.0,4.0,7.0,285.0,712.0,L3-14,33,
45,40,7,2,2,18,14,26.0,1045.0,9.0,540.0,1585.0,162.0,2,8.0,325.0,865.0,L3-14,17.0,13.0,25.0,1165.0,7,427.0,1592.0,155.0,4.0,8.0,325.0,813.0,L3-14,61,
45,40,7,3,3,20,14,28.0,1125.0,10.0,600.0,1725.0,22.0,2,8.0,325.0,925.0,L3-14,19.0,13.0,27.0,1260.0,7,427.0,1687.0,60.0,4.0,8.0,325.0,813.0,L3-14,39,
45,40,7,3,4,21,14,29.0,1165.0,7.0,420.0,1585.0,162.0,3,8.0,325.0,745.0,L3-14,20.0,13.0,28.0,1299.0,7,427.0,1726.0,21.0,4.0,8.0,325.0,813.0,L3-14,48,
45,40,7,4,3,21,14,29.0,1165.0,7.0,420.0,1585.0,162.0,3,8.0,325.0,745.0,L3-14,20.0,13.0,28.0,1316.0,7,427.0,1743.0,4.0,4.0,8.0,325.0,813.0,L3-14,48,
45,40,7,4,4,22,14,30.0,1205.0,7.0,420.0,1625.0,122.0,3,8.0,325.0,745.0,L3-14,21.0,13.0,29.0,1355.0,6,366.0,1721.0,26.0,5.0,8.0,325.0,813.0,L3-14,33,
45,40,8,2,2,18,14,27.0,1085.0,10.0,600.0,1685.0,62.0,2,9.0,365.0,965.0,L3-14,17.0,13.0,26.0,1205.0,7,427.0,1632.0,115.0,4.0,9.0,365.0,670.0,L3-14,61,
45,40,8,3,3,20,14,29.0,1165.0,7.0,420.0,1585.0,162.0,3,9.0,365.0,785.0,L3-14,19.0,13.0,28.0,1300.0,7,427.0,1727.0,20.0,4.0,9.0,365.0,670.0,L3-14,39,
45,40,8,3,4,21,14,30.0,1205.0,7.0,420.0,1625.0,122.0,3,9.0,365.0,785.0,L3-14,20.0,13.0,29.0,1339.0,6,366.0,1705.0,42.0,5.0,9.0,365.0,670.0,L3-14,48,
45,40,8,4,3,21,14,30.0,1205.0,7.0,420.0,1625.0,122.0,3,9.0,365.0,785.0,L3-14,20.0,13.0,29.0,1356.0,6,366.0,1722.0,25.0,5.0,9.0,365.0,670.0,L3-14,48,
45,40,8,4,4,22,14,31.0,1245.0,8.0,480.0,1725.0,22.0,3,9.0,365.0,845.0,L3-14,21.0,13.0,30.0,1395.0,5,305.0,1700.0,47.0,6.0,9.0,365.0,670.0,L3-14,33,
45,40,9,2,2,18,14,28.0,1125.0,10.0,600.0,1725.0,22.0,2,10.0,405.0,1005.0,L3-14,17.0,13.0,27.0,1245.0,7,427.0,1672.0,75.0,4.0,10.0,405.0,710.0,L3-14,61,
45,40,9,3,3,20,14,30.0,1205.0,7.0,420.0,1625.0,122.0,3,10.0,405.0,825.0,L3-14,19.0,13.0,29.0,1340.0,6,366.0,1706.0,41.0,5.0,10.0,405.0,710.0,L3-14,39,
45,40,9,3,4,21,14,31.0,1245.0,8.0,480.0,1725.0,22.0,3,10.0,405.0,885.0,L3-14,20.0,13.0,30.0,1379.0,6,366.0,1745.0,2.0,5.0,10.0,405.0,710.0,L3-14,48,
45,40,9,4,3,21,14,31.0,1245.0,8.0,480.0,1725.0,22.0,3,10.0,405.0,885.0,L3-14,20.0,13.0,30.0,1396.0,5,305.0,1701.0,46.0,6.0,10.0,405.0,710.0,L3-14,48,
45,40,9,4,4,22,14,32.0,1285.0,6.0,360.0,1645.0,102.0,4,10.0,405.0,765.0,L3-14,21.0,13.0,31.0,1435.0,5,305.0,1740.0,7.0,7.0,10.0,405.0,710.0,L3-14,33,
45,40,10,2,2,18,14,29.0,1165.0,7.0,420.0,1585.0,162.0,3,11.0,445.0,865.0,L3-14,17.0,13.0,28.0,1285.0,7,427.0,1712.0,35.0,4.0,11.0,445.0,811.0,L3-14,61,
45,40,10,3,3,20,14,31.0,1245.0,8.0,480.0,1725.0,22.0,3,11.0,445.0,925.0,L3-14,19.0,13.0,30.0,1380.0,6,366.0,1746.0,1.0,5.0,11.0,445.0,811.0,L3-14,39,
45,40,10,3,4,21,14,32.0,1285.0,6.0,360.0,1645.0,102.0,4,11.0,445.0,805.0,L3-14,20.0,13.0,31.0,1419.0,5,305.0,1724.0,23.0,7.0,11.0,445.0,811.0,L3-14,48,
45,40,10,4,3,21,14,32.0,1285.0,6.0,360.0,1645.0,102.0,4,11.0,445.0,805.0,L3-14,20.0,13.0,31.0,1436.0,5,305.0,1741.0,6.0,7.0,11.0,445.0,811.0,L3-14,48,
45,40,10,4,4,22,14,33.0,1325.0,7.0,420.0,1745.0,2.0,4,11.0,445.0,865.0,L3-14,21.0,13.0,32.0,1475.0,4,244.0,1719.0,28.0,8.0,11.0,445.0,811.0,L3-14,33,
45,40,11,2,2,18,14,30.0,1205.0,7.0,420.0,1625.0,122.0,3,12.0,485.0,905.0,L3-14,17.0,13.0,29.0,1325.0,6,366.0,1691.0,56.0,5.0,12.0,485.0,851.0,L3-14,61,
45,40,11,3,3,20,14,32.0,1285.0,6.0,360.0,1645.0,102.0,4,12.0,485.0,845.0,L3-14,19.0,13.0,31.0,1420.0,5,305.0,1725.0,22.0,7.0,12.0,485.0,851.0,L3-14,39,
45,40,11,3,4,21,14,33.0,1325.0,7.0,420.0,1745.0,2.0,4,12.0,485.0,905.0,L3-14,20.0,13.0,32.0,1459.0,4,244.0,1703.0,44.0,8.0,12.0,485.0,851.0,L3-14,48,
45,40,11,4,3,21,14,33.0,1325.0,7.0,420.0,1745.0,2.0,4,12.0,485.0,905.0,L3-14,20.0,13.0,32.0,1476.0,4,244.0,1720.0,27.0,8.0,12.0,485.0,851.0,L3-14,48,
45,40,11,4,4,22,14,34.0,1365.0,5.0,300.0,1665.0,82.0,5,12.0,485.0,785.0,L3-14,21.0,13.0,33.0,1515.0,3,183.0,1698.0,49.0,11.0,12.0,485.0,851.0,L3-14,33,
45,40,12,2,2,18,14,31.0,1245.0,8.0,480.0,1725.0,22.0,3,13.0,525.0,1005.0,L3-14,17.0,13.0,30.0,1365.0,6,366.0,1731.0,16.0,5.0,13.0,525.0,952.0,L3-14,61,
45,40,12,3,3,20,14,33.0,1325.0,7.0,420.0,1745.0,2.0,4,13.0,525.0,945.0,L3-14,19.0,13.0,32.0,1460.0,4,244.0,1704.0,43.0,8.0,13.0,525.0,952.0,L3-14,39,
45,40,12,3,4,21,14,34.0,1365.0,5.0,300.0,1665.0,82.0,5,13.0,525.0,825.0,L3-14,20.0,13.0,33.0,1499.0,4,244.0,1743.0,4.0,9.0,13.0,525.0,952.0,L3-14,48,
45,40,12,4,3,21,14,34.0,1365.0,5.0,300.0,1665.0,82.0,5,13.0,525.0,825.0,L3-14,20.0,13.0,33.0,1516.0,3,183.0,1699.0,48.0,11.0,13.0,525.0,952.0,L3-14,48,
45,40,12,4,4,22,14,35.0,1405.0,5.0,300.0,1705.0,42.0,5,13.0,525.0,825.0,L3-14,21.0,13.0,34.0,1555.0,3,183.0,1738.0,9.0,12.0,13.0,525.0,952.0,L3-14,33,
45,40,13,2,2,18,14,32.0,1285.0,6.0,360.0,1645.0,102.0,4,14.0,565.0,925.0,L3-14,17.0,13.0,31.0,1405.0,5,305.0,1710.0,37.0,7.0,14.0,565.0,992.0,L3-14,61,
45,40,13,3,3,20,14,34.0,1365.0,5.0,300.0,1665.0,82.0,5,14.0,565.0,865.0,L3-14,19.0,13.0,33.0,1500.0,4,244.0,1744.0,3.0,9.0,14.0,565.0,992.0,L3-14,39,
45,40,13,3,4,21,14,35.0,1405.0,5.0,300.0,1705.0,42.0,5,14.0,565.0,865.0,L3-14,20.0,13.0,34.0,1539.0,3,183.0,1722.0,25.0,12.0,14.0,565.0,992.0,L3-14,48,
45,40,13,4,3,21,14,35.0,1405.0,5.0,300.0,1705.0,42.0,5,14.0,565.0,865.0,L3-14,20.0,13.0,34.0,1556.0,3,183.0,1739.0,8.0,12.0,14.0,565.0,992.0,L3-14,48,
45,40,13,4,4,22,14,36.0,1445.0,5.0,300.0,1745.0,2.0,6,14.0,565.0,865.0,L3-14,21.0,13.0,35.0,1595.0,2,122.0,1717.0,30.0,18.0,14.0,565.0,992.0,L3-14,33,
45,40,14,2,2,18,14,33.0,1325.0,7.0,420.0,1745.0,2.0,4,15.0,605.0,1025.0,L3-14,17.0,13.0,32.0,1445.0,4,244.0,1689.0,58.0,8.0,15.0,605.0,1093.0,L3-14,61,
45,40,14,3,3,20,14,35.0,1405.0,5.0,300.0,1705.0,42.0,5,15.0,605.0,905.0,L3-14,19.0,13.0,34.0,1540.0,3,183.0,1723.0,24.0,12.0,15.0,605.0,1093.0,L3-14,39,
45,40,14,3,4,21,14,36.0,1445.0,5.0,300.0,1745.0,2.0,6,15.0,605.0,905.0,L3-14,20.0,13.0,35.0,1579.0,2,122.0,1701.0,46.0,18.0,15.0,605.0,1093.0,L3-14,48,
45,40,14,4,3,21,14,36.0,1445.0,5.0,300.0,1745.0,2.0,6,15.0,605.0,905.0,L3-14,20.0,13.0,35.0,1596.0,2,122.0,1718.0,29.0,18.0,15.0,605.0,1093.0,L3-14,48,
45,40,14,4,4,22,14,37.0,1485.0,4.0,240.0,1725.0,22.0,8,15.0,605.0,845.0,L3-14,21.0,13.0,36.0,1635.0,1,61.0,1696.0,51.0,36.0,15.0,605.0,1093.0,L3-14,33,
45,40,15,2,2,18,14,34.0,1365.0,5.0,300.0,1665.0,82.0,5,16.0,645.0,945.0,L15-20,17.0,13.0,33.0,1485.0,4,244.0,1729.0,18.0,9.0,16.0,645.0,1133.0,L15-20,61,
45,40,15,3,3,20,14,36.0,1445.0,5.0,300.0,1745.0,2.0,6,16.0,645.0,945.0,L15-20,19.0,13.0,35.0,1580.0,2,122.0,1702.0,45.0,18.0,16.0,645.0,1133.0,L15-20,39,
45,40,15,3,4,21,14,37.0,1485.0,4.0,240.0,1725.0,22.0,8,16.0,645.0,885.0,L15-20,20.0,13.0,36.0,1619.0,2,122.0,1741.0,6.0,18.0,16.0,645.0,1133.0,L15-20,48,
45,40,15,4,3,21,14,37.0,1485.0,4.0,240.0,1725.0,22.0,8,16.0,645.0,885.0,L15-20,20.0,13.0,36.0,1636.0,1,61.0,1697.0,50.0,36.0,16.0,645.0,1133.0,L15-20,48,
45,40,15,4,4,22,14,38.0,1525.0,3.0,180.0,1705.0,42.0,10,16.0,645.0,825.0,L15-20,21.0,13.0,37.0,1675.0,1,61.0,1736.0,11.0,37.0,16.0,645.0,1133.0,L15-20,33,
45,40,16,2,2,18,14,35.0,1405.0,5.0,300.0,1705.0,42.0,5,17.0,685.0,985.0,L15-20,17.0,13.0,34.0,1525.0,3,183.0,1708.0,39.0,12.0,17.0,685.0,1051.0,L15-20,61,
45,40,16,3,3,20,14,37.0,1485.0,4.0,240.0,1725.0,22.0,8,17.0,685.0,925.0,L15-20,19.0,13.0,36.0,1620.0,2,122.0,1742.0,5.0,18.0,17.0,685.0,1051.0,L15-20,39,
45,40,16,3,4,21,14,38.0,1525.0,3.0,180.0,1705.0,42.0,10,17.0,685.0,865.0,L15-20,20.0,13.0,37.0,1659.0,1,61.0,1720.0,27.0,37.0,17.0,685.0,1051.0,L15-20,48,
45,40,16,4,3,21,14,38.0,1525.0,3.0,180.0,1705.0,42.0,10,17.0,685.0,865.0,L15-20,20.0,13.0,37.0,1676.0,1,61.0,1737.0,10.0,37.0,17.0,685.0,1051.0,L15-20,48,
45,40,17,2,2,18,14,36.0,1445.0,5.0,300.0,1745.0,2.0,6,18.0,725.0,1025.0,L15-20,17.0,13.0,35.0,1565.0,2,122.0,1687.0,60.0,18.0,18.0,725.0,1091.0,L15-20,61,
45,40,17,3,3,20,14,38.0,1525.0,3.0,180.0,1705.0,42.0,10,18.0,725.0,905.0,L15-20,19.0,13.0,37.0,1660.0,1,61.0,1721.0,26.0,37.0,18.0,725.0,1091.0,L15-20,39,
45,40,18,2,2,18,14,37.0,1485.0,4.0,240.0,1725.0,22.0,8,19.0,765.0,1005.0,L15-20,17.0,13.0,36.0,1605.0,2,122.0,1727.0,20.0,18.0,19.0,765.0,1192.0,L15-20,61,
45,40,19,2,2,18,14,38.0,1525.0,3.0,180.0,1705.0,42.0,10,20.0,805.0,985.0,L15-20,17.0,13.0,37.0,1645.0,1,61.0,1706.0,41.0,37.0,20.0,805.0,1232.0,L15-20,61,
45,40,20,2,2,18,14,39.0,1565.0,3.0,180.0,1745.0,2.0,10,21.0,845.0,1025.0,L15-20,17.0,13.0,38.0,1685.0,1,61.0,1746.0,1.0,38.0,21.0,845.0,1272.0,L15-20,61,
45,42,3,2,2,18,14,22.0,927.0,8.0,480.0,1407.0,340.0,2,4.0,171.0,651.0,L3-14,17.0,13.0,21.0,1011.0,7,427.0,1438.0,309.0,3.0,4.0,171.0,415.0,L3-14,61,
45,42,3,3,3,20,14,24.0,1011.0,9.0,540.0,1551.0,196.0,2,4.0,171.0,711.0,L3-14,19.0,13.0,23.0,1106.0,8,488.0,1594.0,153.0,3.0,4.0,171.0,415.0,L3-14,39,
45,42,3,3,4,21,14,25.0,1053.0,10.0,600.0,1653.0,94.0,2,4.0,171.0,771.0,L3-14,20.0,13.0,24.0,1145.0,8,488.0,1633.0,114.0,3.0,4.0,171.0,415.0,L3-14,48,
45,42,3,4,3,21,14,25.0,1053.0,10.0,600.0,1653.0,94.0,2,4.0,171.0,771.0,L3-14,20.0,13.0,24.0,1162.0,8,488.0,1650.0,97.0,3.0,4.0,171.0,415.0,L3-14,48,
45,42,3,4,4,22,14,26.0,1095.0,10.0,600.0,1695.0,52.0,2,4.0,171.0,771.0,L3-14,21.0,13.0,25.0,1201.0,7,427.0,1628.0,119.0,4.0,4.0,171.0,415.0,L3-14,33,
45,42,4,2,2,18,14,23.0,969.0,9.0,540.0,1509.0,238.0,2,5.0,213.0,753.0,L3-14,17.0,13.0,22.0,1053.0,8,488.0,1541.0,206.0,3.0,5.0,213.0,518.0,L3-14,61,
45,42,4,3,3,20,14,25.0,1053.0,10.0,600.0,1653.0,94.0,2,5.0,213.0,813.0,L3-14,19.0,13.0,24.0,1148.0,8,488.0,1636.0,111.0,3.0,5.0,213.0,518.0,L3-14,39,
45,42,4,3,4,21,14,26.0,1095.0,10.0,600.0,1695.0,52.0,2,5.0,213.0,813.0,L3-14,20.0,13.0,25.0,1187.0,7,427.0,1614.0,133.0,4.0,5.0,213.0,518.0,L3-14,48,
45,42,4,4,3,21,14,26.0,1095.0,10.0,600.0,1695.0,52.0,2,5.0,213.0,813.0,L3-14,20.0,13.0,25.0,1204.0,7,427.0,1631.0,116.0,4.0,5.0,213.0,518.0,L3-14,48,
45,42,4,4,4,22,14,27.0,1137.0,10.0,600.0,1737.0,10.0,2,5.0,213.0,813.0,L3-14,21.0,13.0,26.0,1243.0,7,427.0,1670.0,77.0,4.0,5.0,213.0,518.0,L3-14,33,
45,42,5,2,2,18,14,24.0,1011.0,9.0,540.0,1551.0,196.0,2,6.0,255.0,795.0,L3-14,17.0,13.0,23.0,1095.0,8,488.0,1583.0,164.0,3.0,6.0,255.0,621.0,L3-14,61,
45,42,5,3,3,20,14,26.0,1095.0,10.0,600.0,1695.0,52.0,2,6.0,255.0,855.0,L3-14,19.0,13.0,25.0,1190.0,7,427.0,1617.0,130.0,4.0,6.0,255.0,621.0,L3-14,39,
45,42,5,3,4,21,14,27.0,1137.0,10.0,600.0,1737.0,10.0,2,6.0,255.0,855.0,L3-14,20.0,13.0,26.0,1229.0,7,427.0,1656.0,91.0,4.0,6.0,255.0,621.0,L3-14,48,
45,42,5,4,3,21,14,27.0,1137.0,10.0,600.0,1737.0,10.0,2,6.0,255.0,855.0,L3-14,20.0,13.0,26.0,1246.0,7,427.0,1673.0,74.0,4.0,6.0,255.0,621.0,L3-14,48,
45,42,5,4,4,22,14,28.0,1179.0,8.0,480.0,1659.0,88.0,3,6.0,255.0,735.0,L3-14,21.0,13.0,27.0,1285.0,7,427.0,1712.0,35.0,4.0,6.0,255.0,621.0,L3-14,33,
45,42,6,2,2,18,14,25.0,1053.0,10.0,600.0,1653.0,94.0,2,7.0,297.0,897.0,L3-14,17.0,13.0,24.0,1137.0,8,488.0,1625.0,122.0,3.0,7.0,297.0,724.0,L3-14,61,
45,42,6,3,3,20,14,27.0,1137.0,10.0,600.0,1737.0,10.0,2,7.0,297.0,897.0,L3-14,19.0,13.0,26.0,1232.0,7,427.0,1659.0,88.0,4.0,7.0,297.0,724.0,L3-14,39,
45,42,6,3,4,21,14,28.0,1179.0,8.0,480.0,1659.0,88.0,3,7.0,297.0,777.0,L3-14,20.0,13.0,27.0,1271.0,7,427.0,1698.0,49.0,4.0,7.0,297.0,724.0,L3-14,48,
45,42,6,4,3,21,14,28.0,1179.0,8.0,480.0,1659.0,88.0,3,7.0,297.0,777.0,L3-14,20.0,13.0,27.0,1288.0,7,427.0,1715.0,32.0,4.0,7.0,297.0,724.0,L3-14,48,
45,42,6,4,4,22,14,29.0,1221.0,8.0,480.0,1701.0,46.0,3,7.0,297.0,777.0,L3-14,21.0,13.0,28.0,1327.0,6,366.0,1693.0,54.0,5.0,7.0,297.0,724.0,L3-14,33,
45,42,7,2,2,18,14,26.0,1095.0,10.0,600.0,1695.0,52.0,2,8.0,339.0,939.0,L3-14,17.0,13.0,25.0,1179.0,7,427.0,1606.0,141.0,4.0,8.0,339.0,827.0,L3-14,61,
45,42,7,3,3,20,14,28.0,1179.0,8.0,480.0,1659.0,88.0,3,8.0,339.0,819.0,L3-14,19.0,13.0,27.0,1274.0,7,427.0,1701.0,46.0,4.0,8.0,339.0,827.0,L3-14,39,
45,42,7,3,4,21,14,29.0,1221.0,8.0,480.0,1701.0,46.0,3,8.0,339.0,819.0,L3-14,20.0,13.0,28.0,1313.0,7,427.0,1740.0,7.0,4.0,8.0,339.0,827.0,L3-14,48,
45,42,7,4,3,21,14,29.0,1221.0,8.0,480.0,1701.0,46.0,3,8.0,339.0,819.0,L3-14,20.0,13.0,28.0,1330.0,6,366.0,1696.0,51.0,5.0,8.0,339.0,827.0,L3-14,48,
45,42,7,4,4,22,14,30.0,1263.0,8.0,480.0,1743.0,4.0,3,8.0,339.0,819.0,L3-14,21.0,13.0,29.0,1369.0,6,366.0,1735.0,12.0,5.0,8.0,339.0,827.0,L3-14,33,
45,42,8,2,2,18,14,27.0,1137.0,10.0,600.0,1737.0,10.0,2,9.0,381.0,981.0,L3-14,17.0,13.0,26.0,1221.0,7,427.0,1648.0,99.0,4.0,9.0,381.0,686.0,L3-14,61,
45,42,8,3,3,20,14,29.0,1221.0,8.0,480.0,1701.0,46.0,3,9.0,381.0,861.0,L3-14,19.0,13.0,28.0,1316.0,7,427.0,1743.0,4.0,4.0,9.0,381.0,686.0,L3-14,39,
45,42,8,3,4,21,14,30.0,1263.0,8.0,480.0,1743.0,4.0,3,9.0,381.0,861.0,L3-14,20.0,13.0,29.0,1355.0,6,366.0,1721.0,26.0,5.0,9.0,381.0,686.0,L3-14,48,
45,42,8,4,3,21,14,30.0,1263.0,8.0,480.0,1743.0,4.0,3,9.0,381.0,861.0,L3-14,20.0,13.0,29.0,1372.0,6,366.0,1738.0,9.0,5.0,9.0,381.0,686.0,L3-14,48,
45,42,8,4,4,22,14,31.0,1305.0,6.0,360.0,1665.0,82.0,4,9.0,381.0,741.0,L3-14,21.0,13.0,30.0,1411.0,5,305.0,1716.0,31.0,6.0,9.0,381.0,686.0,L3-14,33,
45,42,9,2,2,18,14,28.0,1179.0,8.0,480.0,1659.0,88.0,3,10.0,423.0,903.0,L3-14,17.0,13.0,27.0,1263.0,7,427.0,1690.0,57.0,4.0,10.0,423.0,728.0,L3-14,61,
45,42,9,3,3,20,14,30.0,1263.0,8.0,480.0,1743.0,4.0,3,10.0,423.0,903.0,L3-14,19.0,13.0,29.0,1358.0,6,366.0,1724.0,23.0,5.0,10.0,423.0,728.0,L3-14,39,
45,42,9,3,4,21,14,31.0,1305.0,6.0,360.0,1665.0,82.0,4,10.0,423.0,783.0,L3-14,20.0,13.0,30.0,1397.0,5,305.0,1702.0,45.0,6.0,10.0,423.0,728.0,L3-14,48,
45,42,9,4,3,21,14,31.0,1305.0,6.0,360.0,1665.0,82.0,4,10.0,423.0,783.0,L3-14,20.0,13.0,30.0,1414.0,5,305.0,1719.0,28.0,6.0,10.0,423.0,728.0,L3-14,48,
45,42,9,4,4,22,14,32.0,1347.0,6.0,360.0,1707.0,40.0,4,10.0,423.0,783.0,L3-14,21.0,13.0,31.0,1453.0,4,244.0,1697.0,50.0,8.0,10.0,423.0,728.0,L3-14,33,
45,42,10,2,2,18,14,29.0,1221.0,8.0,480.0,1701.0,46.0,3,11.0,465.0,945.0,L3-14,17.0,13.0,28.0,1305.0,7,427.0,1732.0,15.0,4.0,11.0,465.0,831.0,L3-14,61,
45,42,10,3,3,20,14,31.0,1305.0,6.0,360.0,1665.0,82.0,4,11.0,465.0,825.0,L3-14,19.0,13.0,30.0,1400.0,5,305.0,1705.0,42.0,6.0,11.0,465.0,831.0,L3-14,39,
45,42,10,3,4,21,14,32.0,1347.0,6.0,360.0,1707.0,40.0,4,11.0,465.0,825.0,L3-14,20.0,13.0,31.0,1439.0,5,305.0,1744.0,3.0,7.0,11.0,465.0,831.0,L3-14,48,
45,42,10,4,3,21,14,32.0,1347.0,6.0,360.0,1707.0,40.0,4,11.0,465.0,825.0,L3-14,20.0,13.0,31.0,1456.0,4,244.0,1700.0,47.0,8.0,11.0,465.0,831.0,L3-14,48,
45,42,10,4,4,22,14,33.0,1389.0,5.0,300.0,1689.0,58.0,5,11.0,465.0,765.0,L3-14,21.0,13.0,32.0,1495.0,4,244.0,1739.0,8.0,8.0,11.0,465.0,831.0,L3-14,33,
45,42,11,2,2,18,14,30.0,1263.0,8.0,480.0,1743.0,4.0,3,12.0,507.0,987.0,L3-14,17.0,13.0,29.0,1347.0,6,366.0,1713.0,34.0,5.0,12.0,507.0,873.0,L3-14,61,
45,42,11,3,3,20,14,32.0,1347.0,6.0,360.0,1707.0,40.0,4,12.0,507.0,867.0,L3-14,19.0,13.0,31.0,1442.0,5,305.0,1747.0,0.0,7.0,12.0,507.0,873.0,L3-14,39,
45,42,11,3,4,21,14,33.0,1389.0,5.0,300.0,1689.0,58.0,5,12.0,507.0,807.0,L3-14,20.0,13.0,32.0,1481.0,4,244.0,1725.0,22.0,8.0,12.0,507.0,873.0,L3-14,48,
45,42,11,4,3,21,14,33.0,1389.0,5.0,300.0,1689.0,58.0,5,12.0,507.0,807.0,L3-14,20.0,13.0,32.0,1498.0,4,244.0,1742.0,5.0,8.0,12.0,507.0,873.0,L3-14,48,
45,42,11,4,4,22,14,34.0,1431.0,5.0,300.0,1731.0,16.0,5,12.0,507.0,807.0,L3-14,21.0,13.0,33.0,1537.0,3,183.0,1720.0,27.0,11.0,12.0,507.0,873.0,L3-14,33,
45,42,12,2,2,18,14,31.0,1305.0,6.0,360.0,1665.0,82.0,4,13.0,549.0,909.0,L3-14,17.0,13.0,30.0,1389.0,5,305.0,1694.0,53.0,6.0,13.0,549.0,976.0,L3-14,61,
45,42,12,3,3,20,14,33.0,1389.0,5.0,300.0,1689.0,58.0,5,13.0,549.0,849.0,L3-14,19.0,13.0,32.0,1484.0,4,244.0,1728.0,19.0,8.0,13.0,549.0,976.0,L3-14,39,
45,42,12,3,4,21,14,34.0,1431.0,5.0,300.0,1731.0,16.0,5,13.0,549.0,849.0,L3-14,20.0,13.0,33.0,1523.0,3,183.0,1706.0,41.0,11.0,13.0,549.0,976.0,L3-14,48,
45,42,12,4,3,21,14,34.0,1431.0,5.0,300.0,1731.0,16.0,5,13.0,549.0,849.0,L3-14,20.0,13.0,33.0,1540.0,3,183.0,1723.0,24.0,11.0,13.0,549.0,976.0,L3-14,48,
45,42,12,4,4,22,14,35.0,1473.0,4.0,240.0,1713.0,34.0,7,13.0,549.0,789.0,L3-14,21.0,13.0,34.0,1579.0,2,122.0,1701.0,46.0,17.0,13.0,549.0,976.0,L3-14,33,
45,42,13,2,2,18,14,32.0,1347.0,6.0,360.0,1707.0,40.0,4,14.0,591.0,951.0,L3-14,17.0,13.0,31.0,1431.0,5,305.0,1736.0,11.0,7.0,14.0,591.0,1018.0,L3-14,61,
45,42,13,3,3,20,14,34.0,1431.0,5.0,300.0,1731.0,16.0,5,14.0,591.0,891.0,L3-14,19.0,13.0,33.0,1526.0,3,183.0,1709.0,38.0,11.0,14.0,591.0,1018.0,L3-14,39,
45,42,13,3,4,21,14,35.0,1473.0,4.0,240.0,1713.0,34.0,7,14.0,591.0,831.0,L3-14,20.0,13.0,34.0,1565.0,2,122.0,1687.0,60.0,17.0,14.0,591.0,1018.0,L3-14,48,
45,42,13,4,3,21,14,35.0,1473.0,4.0,240.0,1713.0,34.0,7,14.0,591.0,831.0,L3-14,20.0,13.0,34.0,1582.0,2,122.0,1704.0,43.0,17.0,14.0,591.0,1018.0,L3-14,48,
45,42,13,4,4,22,14,36.0,1515.0,3.0,180.0,1695.0,52.0,9,14.0,591.0,771.0,L3-14,21.0,13.0,35.0,1621.0,2,122.0,1743.0,4.0,18.0,14.0,591.0,1018.0,L3-14,33,
45,42,14,2,2,18,14,33.0,1389.0,5.0,300.0,1689.0,58.0,5,15.0,633.0,933.0,L3-14,17.0,13.0,32.0,1473.0,4,244.0,1717.0,30.0,8.0,15.0,633.0,1121.0,L3-14,61,
45,42,14,3,3,20,14,35.0,1473.0,4.0,240.0,1713.0,34.0,7,15.0,633.0,873.0,L3-14,19.0,13.0,34.0,1568.0,2,122.0,1690.0,57.0,17.0,15.0,633.0,1121.0,L3-14,39,
45,42,14,3,4,21,14,36.0,1515.0,3.0,180.0,1695.0,52.0,9,15.0,633.0,813.0,L3-14,20.0,13.0,35.0,1607.0,2,122.0,1729.0,18.0,18.0,15.0,633.0,1121.0,L3-14,48,
45,42,14,4,3,21,14,36.0,1515.0,3.0,180.0,1695.0,52.0,9,15.0,633.0,813.0,L3-14,20.0,13.0,35.0,1624.0,2,122.0,1746.0,1.0,18.0,15.0,633.0,1121.0,L3-14,48,
45,42,14,4,4,22,14,37.0,1557.0,3.0,180.0,1737.0,10.0,10,15.0,633.0,813.0,L3-14,21.0,13.0,36.0,1663.0,1,61.0,1724.0,23.0,36.0,15.0,633.0,1121.0,L3-14,33,
45,42,15,2,2,18,14,34.0,1431.0,5.0,300.0,1731.0,16.0,5,16.0,675.0,975.0,L15-20,17.0,13.0,33.0,1515.0,3,183.0,1698.0,49.0,11.0,16.0,675.0,1163.0,L15-20,61,
45,42,15,3,3,20,14,36.0,1515.0,3.0,180.0,1695.0,52.0,9,16.0,675.0,855.0,L15-20,19.0,13.0,35.0,1610.0,2,122.0,1732.0,15.0,18.0,16.0,675.0,1163.0,L15-20,39,
45,42,15,3,4,21,14,37.0,1557.0,3.0,180.0,1737.0,10.0,10,16.0,675.0,855.0,L15-20,20.0,13.0,36.0,1649.0,1,61.0,1710.0,37.0,36.0,16.0,675.0,1163.0,L15-20,48,
45,42,15,4,3,21,14,37.0,1557.0,3.0,180.0,1737.0,10.0,10,16.0,675.0,855.0,L15-20,20.0,13.0,36.0,1666.0,1,61.0,1727.0,20.0,36.0,16.0,675.0,1163.0,L15-20,48,
45,42,16,2,2,18,14,35.0,1473.0,4.0,240.0,1713.0,34.0,7,17.0,717.0,957.0,L15-20,17.0,13.0,34.0,1557.0,3,183.0,1740.0,7.0,12.0,17.0,717.0,1083.0,L15-20,61,
45,42,16,3,3,20,14,37.0,1557.0,3.0,180.0,1737.0,10.0,10,17.0,717.0,897.0,L15-20,19.0,13.0,36.0,1652.0,1,61.0,1713.0,34.0,36.0,17.0,717.0,1083.0,L15-20,39,
45,42,17,2,2,18,14,36.0,1515.0,3.0,180.0,1695.0,52.0,9,18.0,759.0,939.0,L15-20,17.0,13.0,35.0,1599.0,2,122.0,1721.0,26.0,18.0,18.0,759.0,1125.0,L15-20,61,
45,42,18,2,2,18,14,37.0,1557.0,3.0,180.0,1737.0,10.0,10,19.0,801.0,981.0,L15-20,17.0,13.0,36.0,1641.0,1,61.0,1702.0,45.0,36.0,19.0,801.0,1228.0,L15-20,61,
45,42,19,2,2,18,14,38.0,1599.0,2.0,120.0,1719.0,28.0,19,20.0,843.0,963.0,L15-20,17.0,13.0,37.0,1683.0,1,61.0,1744.0,3.0,37.0,20.0,843.0,1270.0,L15-20,61,
45,45,3,2,2,18,14,22.0,990.0,9.0,540.0,1530.0,217.0,2,4.0,180.0,720.0,L3-14,17.0,13.0,21.0,1020.0,7,427.0,1447.0,300.0,3.0,4.0,180.0,424.0,L3-14,61,
45,45,3,3,3,20,14,24.0,1080.0,9.0,540.0,1620.0,127.0,2,4.0,180.0,720.0,L3-14,19.0,13.0,23.0,1115.0,8,488.0,1603.0,144.0,3.0,4.0,180.0,424.0,L3-14,39,
45,45,3,3,4,21,14,25.0,1125.0,10.0,600.0,1725.0,22.0,2,4.0,180.0,780.0,L3-14,20.0,13.0,24.0,1154.0,8,488.0,1642.0,105.0,3.0,4.0,180.0,424.0,L3-14,48,
45,45,3,4,3,21,14,25.0,1125.0,10.0,600.0,1725.0,22.0,2,4.0,180.0,780.0,L3-14,20.0,13.0,24.0,1171.0,8,488.0,1659.0,88.0,3.0,4.0,180.0,424.0,L3-14,48,
45,45,3,4,4,22,14,26.0,1170.0,7.0,420.0,1590.0,157.0,3,4.0,180.0,600.0,L3-14,21.0,13.0,25.0,1210.0,7,427.0,1637.0,110.0,4.0,4.0,180.0,424.0,L3-14,33,
45,45,4,2,2,18,14,23.0,1035.0,9.0,540.0,1575.0,172.0,2,5.0,225.0,765.0,L3-14,17.0,13.0,22.0,1065.0,8,488.0,1553.0,194.0,3.0,5.0,225.0,530.0,L3-14,61,
45,45,4,3,3,20,14,25.0,1125.0,10.0,600.0,1725.0,22.0,2,5.0,225.0,825.0,L3-14,19.0,13.0,24.0,1160.0,8,488.0,1648.0,99.0,3.0,5.0,225.0,530.0,L3-14,39,
45,45,4,3,4,21,14,26.0,1170.0,7.0,420.0,1590.0,157.0,3,5.0,225.0,645.0,L3-14,20.0,13.0,25.0,1199.0,7,427.0,1626.0,121.0,4.0,5.0,225.0,530.0,L3-14,48,
45,45,4,4,3,21,14,26.0,1170.0,7.0,420.0,1590.0,157.0,3,5.0,225.0,645.0,L3-14,20.0,13.0,25.0,1216.0,7,427.0,1643.0,104.0,4.0,5.0,225.0,530.0,L3-14,48,
45,45,4,4,4,22,14,27.0,1215.0,7.0,420.0,1635.0,112.0,3,5.0,225.0,645.0,L3-14,21.0,13.0,26.0,1255.0,7,427.0,1682.0,65.0,4.0,5.0,225.0,530.0,L3-14,33,
45,45,5,2,2,18,14,24.0,1080.0,9.0,540.0,1620.0,127.0,2,6.0,270.0,810.0,L3-14,17.0,13.0,23.0,1110.0,8,488.0,1598.0,149.0,3.0,6.0,270.0,636.0,L3-14,61,
45,45,5,3,3,20,14,26.0,1170.0,7.0,420.0,1590.0,157.0,3,6.0,270.0,690.0,L3-14,19.0,13.0,25.0,1205.0,7,427.0,1632.0,115.0,4.0,6.0,270.0,636.0,L3-14,39,
45,45,5,3,4,21,14,27.0,1215.0,7.0,420.0,1635.0,112.0,3,6.0,270.0,690.0,L3-14,20.0,13.0,26.0,1244.0,7,427.0,1671.0,76.0,4.0,6.0,270.0,636.0,L3-14,48,
45,45,5,4,3,21,14,27.0,1215.0,7.0,420.0,1635.0,112.0,3,6.0,270.0,690.0,L3-14,20.0,13.0,26.0,1261.0,7,427.0,1688.0,59.0,4.0,6.0,270.0,636.0,L3-14,48,
45,45,5,4,4,22,14,28.0,1260.0,8.0,480.0,1740.0,7.0,3,6.0,270.0,750.0,L3-14,21.0,13.0,27.0,1300.0,7,427.0,1727.0,20.0,4.0,6.0,270.0,636.0,L3-14,33,
45,45,6,2,2,18,14,25.0,1125.0,10.0,600.0,1725.0,22.0,2,7.0,315.0,915.0,L3-14,17.0,13.0,24.0,1155.0,8,488.0,1643.0,104.0,3.0,7.0,315.0,742.0,L3-14,61,
45,45,6,3,3,20,14,27.0,1215.0,7.0,420.0,1635.0,112.0,3,7.0,315.0,735.0,L3-14,19.0,13.0,26.0,1250.0,7,427.0,1677.0,70.0,4.0,7.0,315.0,742.0,L3-14,39,
45,45,6,3,4,21,14,28.0,1260.0,8.0,480.0,1740.0,7.0,3,7.0,315.0,795.0,L3-14,20.0,13.0,27.0,1289.0,7,427.0,1716.0,31.0,4.0,7.0,315.0,742.0,L3-14,48,
45,45,6,4,3,21,14,28.0,1260.0,8.0,480.0,1740.0,7.0,3,7.0,315.0,795.0,L3-14,20.0,13.0,27.0,1306.0,7,427.0,1733.0,14.0,4.0,7.0,315.0,742.0,L3-14,48,
45,45,6,4,4,22,14,29.0,1305.0,6.0,360.0,1665.0,82.0,4,7.0,315.0,675.0,L3-14,21.0,13.0,28.0,1345.0,6,366.0,1711.0,36.0,5.0,7.0,315.0,742.0,L3-14,33,
45,45,7,2,2,18,14,26.0,1170.0,7.0,420.0,1590.0,157.0,3,8.0,360.0,780.0,L3-14,17.0,13.0,25.0,1200.0,7,427.0,1627.0,120.0,4.0,8.0,360.0,848.0,L3-14,61,
45,45,7,3,3,20,14,28.0,1260.0,8.0,480.0,1740.0,7.0,3,8.0,360.0,840.0,L3-14,19.0,13.0,27.0,1295.0,7,427.0,1722.0,25.0,4.0,8.0,360.0,848.0,L3-14,39,
45,45,7,3,4,21,14,29.0,1305.0,6.0,360.0,1665.0,82.0,4,8.0,360.0,720.0,L3-14,20.0,13.0,28.0,1334.0,6,366.0,1700.0,47.0,5.0,8.0,360.0,848.0,L3-14,48,
45,45,7,4,3,21,14,29.0,1305.0,6.0,360.0,1665.0,82.0,4,8.0,360.0,720.0,L3-14,20.0,13.0,28.0,1351.0,6,366.0,1717.0,30.0,5.0,8.0,360.0,848.0,L3-14,48,
45,45,7,4,4,22,14,30.0,1350.0,5.0,300.0,1650.0,97.0,5,8.0,360.0,660.0,L3-14,21.0,13.0,29.0,1390.0,5,305.0,1695.0,52.0,6.0,8.0,360.0,848.0,L3-14,33,
45,45,8,2,2,18,14,27.0,1215.0,7.0,420.0,1635.0,112.0,3,9.0,405.0,825.0,L3-14,17.0,13.0,26.0,1245.0,7,427.0,1672.0,75.0,4.0,9.0,405.0,710.0,L3-14,61,
45,45,8,3,3,20,14,29.0,1305.0,6.0,360.0,1665.0,82.0,4,9.0,405.0,765.0,L3-14,19.0,13.0,28.0,1340.0,6,366.0,1706.0,41.0,5.0,9.0,405.0,710.0,L3-14,39,
45,45,8,3,4,21,14,30.0,1350.0,5.0,300.0,1650.0,97.0,5,9.0,405.0,705.0,L3-14,20.0,13.0,29.0,1379.0,6,366.0,1745.0,2.0,5.0,9.0,405.0,710.0,L3-14,48,
45,45,8,4,3,21,14,30.0,1350.0,5.0,300.0,1650.0,97.0,5,9.0,405.0,705.0,L3-14,20.0,13.0,29.0,1396.0,5,305.0,1701.0,46.0,6.0,9.0,405.0,710.0,L3-14,48,
45,45,8,4,4,22,14,31.0,1395.0,5.0,300.0,1695.0,52.0,6,9.0,405.0,705.0,L3-14,21.0,13.0,30.0,1435.0,5,305.0,1740.0,7.0,6.0,9.0,405.0,710.0,L3-14,33,
45,45,9,2,2,18,14,28.0,1260.0,8.0,480.0,1740.0,7.0,3,10.0,450.0,930.0,L3-14,17.0,13.0,27.0,1290.0,7,427.0,1717.0,30.0,4.0,10.0,450.0,755.0,L3-14,61,
45,45,9,3,3,20,14,30.0,1350.0,5.0,300.0,1650.0,97.0,5,10.0,450.0,750.0,L3-14,19.0,13.0,29.0,1385.0,5,305.0,1690.0,57.0,6.0,10.0,450.0,755.0,L3-14,39,
45,45,9,3,4,21,14,31.0,1395.0,5.0,300.0,1695.0,52.0,6,10.0,450.0,750.0,L3-14,20.0,13.0,30.0,1424.0,5,305.0,1729.0,18.0,6.0,10.0,450.0,755.0,L3-14,48,
45,45,9,4,3,21,14,31.0,1395.0,5.0,300.0,1695.0,52.0,6,10.0,450.0,750.0,L3-14,20.0,13.0,30.0,1441.0,5,305.0,1746.0,1.0,6.0,10.0,450.0,755.0,L3-14,48,
45,45,9,4,4,22,14,32.0,1440.0,5.0,300.0,1740.0,7.0,6,10.0,450.0,750.0,L3-14,21.0,13.0,31.0,1480.0,4,244.0,1724.0,23.0,8.0,10.0,450.0,755.0,L3-14,33,
45,45,10,2,2,18,14,29.0,1305.0,6.0,360.0,1665.0,82.0,4,11.0,495.0,855.0,L3-14,17.0,13.0,28.0,1335.0,6,366.0,1701.0,46.0,5.0,11.0,495.0,861.0,L3-14,61,
45,45,10,3,3,20,14,31.0,1395.0,5.0,300.0,1695.0,52.0,6,11.0,495.0,795.0,L3-14,19.0,13.0,30.0,1430.0,5,305.0,1735.0,12.0,6.0,11.0,495.0,861.0,L3-14,39,
45,45,10,3,4,21,14,32.0,1440.0,5.0,300.0,1740.0,7.0,6,11.0,495.0,795.0,L3-14,20.0,13.0,31.0,1469.0,4,244.0,1713.0,34.0,8.0,11.0,495.0,861.0,L3-14,48,
45,45,10,4,3,21,14,32.0,1440.0,5.0,300.0,1740.0,7.0,6,11.0,495.0,795.0,L3-14,20.0,13.0,31.0,1486.0,4,244.0,1730.0,17.0,8.0,11.0,495.0,861.0,L3-14,48,
45,45,10,4,4,22,14,33.0,1485.0,4.0,240.0,1725.0,22.0,7,11.0,495.0,735.0,L3-14,21.0,13.0,32.0,1525.0,3,183.0,1708.0,39.0,11.0,11.0,495.0,861.0,L3-14,33,
45,45,11,2,2,18,14,30.0,1350.0,5.0,300.0,1650.0,97.0,5,12.0,540.0,840.0,L3-14,17.0,13.0,29.0,1380.0,6,366.0,1746.0,1.0,5.0,12.0,540.0,906.0,L3-14,61,
45,45,11,3,3,20,14,32.0,1440.0,5.0,300.0,1740.0,7.0,6,12.0,540.0,840.0,L3-14,19.0,13.0,31.0,1475.0,4,244.0,1719.0,28.0,8.0,12.0,540.0,906.0,L3-14,39,
45,45,11,3,4,21,14,33.0,1485.0,4.0,240.0,1725.0,22.0,7,12.0,540.0,780.0,L3-14,20.0,13.0,32.0,1514.0,3,183.0,1697.0,50.0,11.0,12.0,540.0,906.0,L3-14,48,
45,45,11,4,3,21,14,33.0,1485.0,4.0,240.0,1725.0,22.0,7,12.0,540.0,780.0,L3-14,20.0,13.0,32.0,1531.0,3,183.0,1714.0,33.0,11.0,12.0,540.0,906.0,L3-14,48,
45,45,11,4,4,22,14,34.0,1530.0,3.0,180.0,1710.0,37.0,12,12.0,540.0,720.0,L3-14,21.0,13.0,33.0,1570.0,2,122.0,1692.0,55.0,17.0,12.0,540.0,906.0,L3-14,33,
45,45,12,2,2,18,14,31.0,1395.0,5.0,300.0,1695.0,52.0,6,13.0,585.0,885.0,L3-14,17.0,13.0,30.0,1425.0,5,305.0,1730.0,17.0,6.0,13.0,585.0,1012.0,L3-14,61,
45,45,12,3,3,20,14,33.0,1485.0,4.0,240.0,1725.0,22.0,7,13.0,585.0,825.0,L3-14,19.0,13.0,32.0,1520.0,3,183.0,1703.0,44.0,11.0,13.0,585.0,1012.0,L3-14,39,
45,45,12,3,4,21,14,34.0,1530.0,3.0,180.0,1710.0,37.0,12,13.0,585.0,765.0,L3-14,20.0,13.0,33.0,1559.0,3,183.0,1742.0,5.0,11.0,13.0,585.0,1012.0,L3-14,48,
45,45,12,4,3,21,14,34.0,1530.0,3.0,180.0,1710.0,37.0,12,13.0,585.0,765.0,L3-14,20.0,13.0,33.0,1576.0,2,122.0,1698.0,49.0,17.0,13.0,585.0,1012.0,L3-14,48,
45,45,12,4,4,22,14,35.0,1575.0,2.0,120.0,1695.0,52.0,18,13.0,585.0,705.0,L3-14,21.0,13.0,34.0,1615.0,2,122.0,1737.0,10.0,17.0,13.0,585.0,1012.0,L3-14,33,
45,45,13,2,2,18,14,32.0,1440.0,5.0,300.0,1740.0,7.0,6,14.0,630.0,930.0,L3-14,17.0,13.0,31.0,1470.0,4,244.0,1714.0,33.0,8.0,14.0,630.0,1057.0,L3-14,61,
45,45,13,3,3,20,14,34.0,1530.0,3.0,180.0,1710.0,37.0,12,14.0,630.0,810.0,L3-14,19.0,13.0,33.0,1565.0,2,122.0,1687.0,60.0,17.0,14.0,630.0,1057.0,L3-14,39,
45,45,13,3,4,21,14,35.0,1575.0,2.0,120.0,1695.0,52.0,18,14.0,630.0,750.0,L3-14,20.0,13.0,34.0,1604.0,2,122.0,1726.0,21.0,17.0,14.0,630.0,1057.0,L3-14,48,
45,45,13,4,3,21,14,35.0,1575.0,2.0,120.0,1695.0,52.0,18,14.0,630.0,750.0,L3-14,20.0,13.0,34.0,1621.0,2,122.0,1743.0,4.0,17.0,14.0,630.0,1057.0,L3-14,48,
45,45,13,4,4,22,14,36.0,1620.0,2.0,120.0,1740.0,7.0,18,14.0,630.0,750.0,L3-14,21.0,13.0,35.0,1660.0,1,61.0,1721.0,26.0,35.0,14.0,630.0,1057.0,L3-14,33,
45,45,14,2,2,18,14,33.0,1485.0,4.0,240.0,1725.0,22.0,7,15.0,675.0,915.0,L3-14,17.0,13.0,32.0,1515.0,3,183.0,1698.0,49.0,11.0,15.0,675.0,1163.0,L3-14,61,
45,45,14,3,3,20,14,35.0,1575.0,2.0,120.0,1695.0,52.0,18,15.0,675.0,795.0,L3-14,19.0,13.0,34.0,1610.0,2,122.0,1732.0,15.0,17.0,15.0,675.0,1163.0,L3-14,39,
45,45,14,3,4,21,14,36.0,1620.0,2.0,120.0,1740.0,7.0,18,15.0,675.0,795.0,L3-14,20.0,13.0,35.0,1649.0,1,61.0,1710.0,37.0,35.0,15.0,675.0,1163.0,L3-14,48,
45,45,14,4,3,21,14,36.0,1620.0,2.0,120.0,1740.0,7.0,18,15.0,675.0,795.0,L3-14,20.0,13.0,35.0,1666.0,1,61.0,1727.0,20.0,35.0,15.0,675.0,1163.0,L3-14,48,
45,45,15,2,2,18,14,34.0,1530.0,3.0,180.0,1710.0,37.0,12,16.0,720.0,900.0,L15-20,17.0,13.0,33.0,1560.0,3,183.0,1743.0,4.0,11.0,16.0,720.0,1208.0,L15-20,61,
45,45,15,3,3,20,14,36.0,1620.0,2.0,120.0,1740.0,7.0,18,16.0,720.0,840.0,L15-20,19.0,13.0,35.0,1655.0,1,61.0,1716.0,31.0,35.0,16.0,720.0,1208.0,L15-20,39,
45,45,16,2,2,18,14,35.0,1575.0,2.0,120.0,1695.0,52.0,18,17.0,765.0,885.0,L15-20,17.0,13.0,34.0,1605.0,2,122.0,1727.0,20.0,17.0,17.0,765.0,1131.0,L15-20,61,
45,45,17,2,2,18,14,36.0,1620.0,2.0,120.0,1740.0,7.0,18,18.0,810.0,930.0,L15-20,17.0,13.0,35.0,1650.0,1,61.0,1711.0,36.0,35.0,18.0,810.0,1176.0,L15-20,61,
50,45,3,2,2,18,14,22.0,995.0,9.0,540.0,1535.0,212.0,2,4.0,185.0,725.0,L3-14,17.0,13.0,21.0,1025.0,7,427.0,1452.0,295.0,3.0,4.0,185.0,429.0,L3-14,61,
50,45,3,3,3,20,14,24.0,1085.0,10.0,600.0,1685.0,62.0,2,4.0,185.0,785.0,L3-14,19.0,13.0,23.0,1120.0,8,488.0,1608.0,139.0,3.0,4.0,185.0,429.0,L3-14,39,
50,45,3,3,4,21,14,25.0,1130.0,10.0,600.0,1730.0,17.0,2,4.0,185.0,785.0,L3-14,20.0,13.0,24.0,1159.0,8,488.0,1647.0,100.0,3.0,4.0,185.0,429.0,L3-14,48,
50,45,3,4,3,21,14,25.0,1130.0,10.0,600.0,1730.0,17.0,2,4.0,185.0,785.0,L3-14,20.0,13.0,24.0,1176.0,8,488.0,1664.0,83.0,3.0,4.0,185.0,429.0,L3-14,48,
50,45,3,4,4,22,14,26.0,1175.0,7.0,420.0,1595.0,152.0,3,4.0,185.0,605.0,L3-14,21.0,13.0,25.0,1215.0,7,427.0,1642.0,105.0,4.0,4.0,185.0,429.0,L3-14,33,
50,45,4,2,2,18,14,23.0,1040.0,10.0,600.0,1640.0,107.0,2,5.0,230.0,830.0,L3-14,17.0,13.0,22.0,1070.0,8,488.0,1558.0,189.0,3.0,5.0,230.0,535.0,L3-14,61,
50,45,4,3,3,20,14,25.0,1130.0,10.0,600.0,1730.0,17.0,2,5.0,230.0,830.0,L3-14,19.0,13.0,24.0,1165.0,8,488.0,1653.0,94.0,3.0,5.0,230.0,535.0,L3-14,39,
50,45,4,3,4,21,14,26.0,1175.0,7.0,420.0,1595.0,152.0,3,5.0,230.0,650.0,L3-14,20.0,13.0,25.0,1204.0,7,427.0,1631.0,116.0,4.0,5.0,230.0,535.0,L3-14,48,
50,45,4,4,3,21,14,26.0,1175.0,7.0,420.0,1595.0,152.0,3,5.0,230.0,650.0,L3-14,20.0,13.0,25.0,1221.0,7,427.0,1648.0,99.0,4.0,5.0,230.0,535.0,L3-14,48,
50,45,4,4,4,22,14,27.0,1220.0,7.0,420.0,1640.0,107.0,3,5.0,230.0,650.0,L3-14,21.0,13.0,26.0,1260.0,7,427.0,1687.0,60.0,4.0,5.0,230.0,535.0,L3-14,33,
50,45,5,2,2,18,14,24.0,1085.0,10.0,600.0,1685.0,62.0,2,6.0,275.0,875.0,L3-14,17.0,13.0,23.0,1115.0,8,488.0,1603.0,144.0,3.0,6.0,275.0,641.0,L3-14,61,
50,45,5,3,3,20,14,26.0,1175.0,7.0,420.0,1595.0,152.0,3,6.0,275.0,695.0,L3-14,19.0,13.0,25.0,1210.0,7,427.0,1637.0,110.0,4.0,6.0,275.0,641.0,L3-14,39,
50,45,5,3,4,21,14,27.0,1220.0,7.0,420.0,1640.0,107.0,3,6.0,275.0,695.0,L3-14,20.0,13.0,26.0,1249.0,7,427.0,1676.0,71.0,4.0,6.0,275.0,641.0,L3-14,48,
50,45,5,4,3,21,14,27.0,1220.0,7.0,420.0,1640.0,107.0,3,6.0,275.0,695.0,L3-14,20.0,13.0,26.0,1266.0,7,427.0,1693.0,54.0,4.0,6.0,275.0,641.0,L3-14,48,
50,45,5,4,4,22,14,28.0,1265.0,8.0,480.0,1745.0,2.0,3,6.0,275.0,755.0,L3-14,21.0,13.0,27.0,1305.0,7,427.0,1732.0,15.0,4.0,6.0,275.0,641.0,L3-14,33,
50,45,6,2,2,18,14,25.0,1130.0,10.0,600.0,1730.0,17.0,2,7.0,320.0,920.0,L3-14,17.0,13.0,24.0,1160.0,8,488.0,1648.0,99.0,3.0,7.0,320.0,747.0,L3-14,61,
50,45,6,3,3,20,14,27.0,1220.0,7.0,420.0,1640.0,107.0,3,7.0,320.0,740.0,L3-14,19.0,13.0,26.0,1255.0,7,427.0,1682.0,65.0,4.0,7.0,320.0,747.0,L3-14,39,
50,45,6,3,4,21,14,28.0,1265.0,8.0,480.0,1745.0,2.0,3,7.0,320.0,800.0,L3-14,20.0,13.0,27.0,1294.0,7,427.0,1721.0,26.0,4.0,7.0,320.0,747.0,L3-14,48,
50,45,6,4,3,21,14,28.0,1265.0,8.0,480.0,1745.0,2.0,3,7.0,320.0,800.0,L3-14,20.0,13.0,27.0,1311.0,7,427.0,1738.0,9.0,4.0,7.0,320.0,747.0,L3-14,48,
50,45,6,4,4,22,14,29.0,1310.0,7.0,420.0,1730.0,17.0,4,7.0,320.0,740.0,L3-14,21.0,13.0,28.0,1350.0,6,366.0,1716.0,31.0,5.0,7.0,320.0,747.0,L3-14,33,
50,45,7,2,2,18,14,26.0,1175.0,7.0,420.0,1595.0,152.0,3,8.0,365.0,785.0,L3-14,17.0,13.0,25.0,1205.0,7,427.0,1632.0,115.0,4.0,8.0,365.0,853.0,L3-14,61,
50,45,7,3,3,20,14,28.0,1265.0,8.0,480.0,1745.0,2.0,3,8.0,365.0,845.0,L3-14,19.0,13.0,27.0,1300.0,7,427.0,1727.0,20.0,4.0,8.0,365.0,853.0,L3-14,39,
50,45,7,3,4,21,14,29.0,1310.0,7.0,420.0,1730.0,17.0,4,8.0,365.0,785.0,L3-14,20.0,13.0,28.0,1339.0,6,366.0,1705.0,42.0,5.0,8.0,365.0,853.0,L3-14,48,
50,45,7,4,3,21,14,29.0,1310.0,7.0,420.0,1730.0,17.0,4,8.0,365.0,785.0,L3-14,20.0,13.0,28.0,1356.0,6,366.0,1722.0,25.0,5.0,8.0,365.0,853.0,L3-14,48,
50,45,7,4,4,22,14,30.0,1355.0,5.0,300.0,1655.0,92.0,5,8.0,365.0,665.0,L3-14,21.0,13.0,29.0,1395.0,5,305.0,1700.0,47.0,6.0,8.0,365.0,853.0,L3-14,33,
50,45,8,2,2,18,14,27.0,1220.0,7.0,420.0,1640.0,107.0,3,9.0,410.0,830.0,L3-14,17.0,13.0,26.0,1250.0,7,427.0,1677.0,70.0,4.0,9.0,410.0,715.0,L3-14,61,
50,45,8,3,3,20,14,29.0,1310.0,7.0,420.0,1730.0,17.0,4,9.0,410.0,830.0,L3-14,19.0,13.0,28.0,1345.0,6,366.0,1711.0,36.0,5.0,9.0,410.0,715.0,L3-14,39,
50,45,8,3,4,21,14,30.0,1355.0,5.0,300.0,1655.0,92.0,5,9.0,410.0,710.0,L3-14,20.0,13.0,29.0,1384.0,5,305.0,1689.0,58.0,6.0,9.0,410.0,715.0,L3-14,48,
50,45,8,4,3,21,14,30.0,1355.0,5.0,300.0,1655.0,92.0,5,9.0,410.0,710.0,L3-14,20.0,13.0,29.0,1401.0,5,305.0,1706.0,41.0,6.0,9.0,410.0,715.0,L3-14,48,
50,45,8,4,4,22,14,31.0,1400.0,5.0,300.0,1700.0,47.0,6,9.0,410.0,710.0,L3-14,21.0,13.0,30.0,1440.0,5,305.0,1745.0,2.0,6.0,9.0,410.0,715.0,L3-14,33,
50,45,9,2,2,18,14,28.0,1265.0,8.0,480.0,1745.0,2.0,3,10.0,455.0,935.0,L3-14,17.0,13.0,27.0,1295.0,7,427.0,1722.0,25.0,4.0,10.0,455.0,760.0,L3-14,61,
50,45,9,3,3,20,14,30.0,1355.0,5.0,300.0,1655.0,92.0,5,10.0,455.0,755.0,L3-14,19.0,13.0,29.0,1390.0,5,305.0,1695.0,52.0,6.0,10.0,455.0,760.0,L3-14,39,
50,45,9,3,4,21,14,31.0,1400.0,5.0,300.0,1700.0,47.0,6,10.0,455.0,755.0,L3-14,20.0,13.0,30.0,1429.0,5,305.0,1734.0,13.0,6.0,10.0,455.0,760.0,L3-14,48,
50,45,9,4,3,21,14,31.0,1400.0,5.0,300.0,1700.0,47.0,6,10.0,455.0,755.0,L3-14,20.0,13.0,30.0,1446.0,4,244.0,1690.0,57.0,8.0,10.0,455.0,760.0,L3-14,48,
50,45,9,4,4,22,14,32.0,1445.0,5.0,300.0,1745.0,2.0,6,10.0,455.0,755.0,L3-14,21.0,13.0,31.0,1485.0,4,244.0,1729.0,18.0,8.0,10.0,455.0,760.0,L3-14,33,
50,45,10,2,2,18,14,29.0,1310.0,7.0,420.0,1730.0,17.0,4,11.0,500.0,920.0,L3-14,17.0,13.0,28.0,1340.0,6,366.0,1706.0,41.0,5.0,11.0,500.0,866.0,L3-14,61,
50,45,10,3,3,20,14,31.0,1400.0,5.0,300.0,1700.0,47.0,6,11.0,500.0,800.0,L3-14,19.0,13.0,30.0,1435.0,5,305.0,1740.0,7.0,6.0,11.0,500.0,866.0,L3-14,39,
50,45,10,3,4,21,14,32.0,1445.0,5.0,300.0,1745.0,2.0,6,11.0,500.0,800.0,L3-14,20.0,13.0,31.0,1474.0,4,244.0,1718.0,29.0,8.0,11.0,500.0,866.0,L3-14,48,
50,45,10,4,3,21,14,32.0,1445.0,5.0,300.0,1745.0,2.0,6,11.0,500.0,800.0,L3-14,20.0,13.0,31.0,1491.0,4,244.0,1735.0,12.0,8.0,11.0,500.0,866.0,L3-14,48,
50,45,10,4,4,22,14,33.0,1490.0,4.0,240.0,1730.0,17.0,7,11.0,500.0,740.0,L3-14,21.0,13.0,32.0,1530.0,3,183.0,1713.0,34.0,11.0,11.0,500.0,866.0,L3-14,33,
50,45,11,2,2,18,14,30.0,1355.0,5.0,300.0,1655.0,92.0,5,12.0,545.0,845.0,L3-14,17.0,13.0,29.0,1385.0,5,305.0,1690.0,57.0,6.0,12.0,545.0,911.0,L3-14,61,
50,45,11,3,3,20,14,32.0,1445.0,5.0,300.0,1745.0,2.0,6,12.0,545.0,845.0,L3-14,19.0,13.0,31.0,1480.0,4,244.0,1724.0,23.0,8.0,12.0,545.0,911.0,L3-14,39,
50,45,11,3,4,21,14,33.0,1490.0,4.0,240.0,1730.0,17.0,7,12.0,545.0,785.0,L3-14,20.0,13.0,32.0,1519.0,3,183.0,1702.0,45.0,11.0,12.0,545.0,911.0,L3-14,48,
50,45,11,4,3,21,14,33.0,1490.0,4.0,240.0,1730.0,17.0,7,12.0,545.0,785.0,L3-14,20.0,13.0,32.0,1536.0,3,183.0,1719.0,28.0,11.0,12.0,545.0,911.0,L3-14,48,
50,45,11,4,4,22,14,34.0,1535.0,3.0,180.0,1715.0,32.0,12,12.0,545.0,725.0,L3-14,21.0,13.0,33.0,1575.0,2,122.0,1697.0,50.0,17.0,12.0,545.0,911.0,L3-14,33,
50,45,12,2,2,18,14,31.0,1400.0,5.0,300.0,1700.0,47.0,6,13.0,590.0,890.0,L3-14,17.0,13.0,30.0,1430.0,5,305.0,1735.0,12.0,6.0,13.0,590.0,1017.0,L3-14,61,
50,45,12,3,3,20,14,33.0,1490.0,4.0,240.0,1730.0,17.0,7,13.0,590.0,830.0,L3-14,19.0,13.0,32.0,1525.0,3,183.0,1708.0,39.0,11.0,13.0,590.0,1017.0,L3-14,39,
50,45,12,3,4,21,14,34.0,1535.0,3.0,180.0,1715.0,32.0,12,13.0,590.0,770.0,L3-14,20.0,13.0,33.0,1564.0,3,183.0,1747.0,0.0,11.0,13.0,590.0,1017.0,L3-14,48,
50,45,12,4,3,21,14,34.0,1535.0,3.0,180.0,1715.0,32.0,12,13.0,590.0,770.0,L3-14,20.0,13.0,33.0,1581.0,2,122.0,1703.0,44.0,17.0,13.0,590.0,1017.0,L3-14,48,
50,45,12,4,4,22,14,35.0,1580.0,2.0,120.0,1700.0,47.0,18,13.0,590.0,710.0,L3-14,21.0,13.0,34.0,1620.0,2,122.0,1742.0,5.0,17.0,13.0,590.0,1017.0,L3-14,33,
50,45,13,2,2,18,14,32.0,1445.0,5.0,300.0,1745.0,2.0,6,14.0,635.0,935.0,L3-14,17.0,13.0,31.0,1475.0,4,244.0,1719.0,28.0,8.0,14.0,635.0,1062.0,L3-14,61,
50,45,13,3,3,20,14,34.0,1535.0,3.0,180.0,1715.0,32.0,12,14.0,635.0,815.0,L3-14,19.0,13.0,33.0,1570.0,2,122.0,1692.0,55.0,17.0,14.0,635.0,1062.0,L3-14,39,
50,45,13,3,4,21,14,35.0,1580.0,2.0,120.0,1700.0,47.0,18,14.0,635.0,755.0,L3-14,20.0,13.0,34.0,1609.0,2,122.0,1731.0,16.0,17.0,14.0,635.0,1062.0,L3-14,48,
50,45,13,4,3,21,14,35.0,1580.0,2.0,120.0,1700.0,47.0,18,14.0,635.0,755.0,L3-14,20.0,13.0,34.0,1626.0,1,61.0,1687.0,60.0,34.0,14.0,635.0,1062.0,L3-14,48,
50,45,13,4,4,22,14,36.0,1625.0,2.0,120.0,1745.0,2.0,18,14.0,635.0,755.0,L3-14,21.0,13.0,35.0,1665.0,1,61.0,1726.0,21.0,35.0,14.0,635.0,1062.0,L3-14,33,
50,45,14,2,2,18,14,33.0,1490.0,4.0,240.0,1730.0,17.0,7,15.0,680.0,920.0,L3-14,17.0,13.0,32.0,1520.0,3,183.0,1703.0,44.0,11.0,15.0,680.0,1168.0,L3-14,61,
50,45,14,3,3,20,14,35.0,1580.0,2.0,120.0,1700.0,47.0,18,15.0,680.0,800.0,L3-14,19.0,13.0,34.0,1615.0,2,122.0,1737.0,10.0,17.0,15.0,680.0,1168.0,L3-14,39,
50,45,14,3,4,21,14,36.0,1625.0,2.0,120.0,1745.0,2.0,18,15.0,680.0,800.0,L3-14,20.0,13.0,35.0,1654.0,1,61.0,1715.0,32.0,35.0,15.0,680.0,1168.0,L3-14,48,
50,45,14,4,3,21,14,36.0,1625.0,2.0,120.0,1745.0,2.0,18,15.0,680.0,800.0,L3-14,20.0,13.0,35.0,1671.0,1,61.0,1732.0,15.0,35.0,15.0,680.0,1168.0,L3-14,48,
50,45,15,2,2,18,14,34.0,1535.0,3.0,180.0,1715.0,32.0,12,16.0,725.0,905.0,L15-20,17.0,13.0,33.0,1565.0,2,122.0,1687.0,60.0,17.0,16.0,725.0,1213.0,L15-20,61,
50,45,15,3,3,20,14,36.0,1625.0,2.0,120.0,1745.0,2.0,18,16.0,725.0,845.0,L15-20,19.0,13.0,35.0,1660.0,1,61.0,1721.0,26.0,35.0,16.0,725.0,1213.0,L15-20,39,
50,45,16,2,2,18,14,35.0,1580.0,2.0,120.0,1700.0,47.0,18,17.0,770.0,890.0,L15-20,17.0,13.0,34.0,1610.0,2,122.0,1732.0,15.0,17.0,17.0,770.0,1136.0,L15-20,61,
50,45,17,2,2,18,14,36.0,1625.0,2.0,120.0,1745.0,2.0,18,18.0,815.0,935.0,L15-20,17.0,13.0,35.0,1655.0,1,61.0,1716.0,31.0,35.0,18.0,815.0,1181.0,L15-20,61,
50,48,3,2,2,18,14,22.0,1058.0,9.0,540.0,1598.0,149.0,2,4.0,194.0,734.0,L3-14,17.0,13.0,21.0,1034.0,7,427.0,1461.0,286.0,3.0,4.0,194.0,438.0,L3-14,61,
50,48,3,3,3,20,14,24.0,1154.0,7.0,420.0,1574.0,173.0,3,4.0,194.0,614.0,L3-14,19.0,13.0,23.0,1129.0,8,488.0,1617.0,130.0,3.0,4.0,194.0,438.0,L3-14,39,
50,48,3,3,4,21,14,25.0,1202.0,8.0,480.0,1682.0,65.0,3,4.0,194.0,674.0,L3-14,20.0,13.0,24.0,1168.0,8,488.0,1656.0,91.0,3.0,4.0,194.0,438.0,L3-14,48,
50,48,3,4,3,21,14,25.0,1202.0,8.0,480.0,1682.0,65.0,3,4.0,194.0,674.0,L3-14,20.0,13.0,24.0,1185.0,8,488.0,1673.0,74.0,3.0,4.0,194.0,438.0,L3-14,48,
50,48,3,4,4,22,14,26.0,1250.0,8.0,480.0,1730.0,17.0,3,4.0,194.0,674.0,L3-14,21.0,13.0,25.0,1224.0,7,427.0,1651.0,96.0,4.0,4.0,194.0,438.0,L3-14,33,
50,48,4,2,2,18,14,23.0,1106.0,10.0,600.0,1706.0,41.0,2,5.0,242.0,842.0,L3-14,17.0,13.0,22.0,1082.0,8,488.0,1570.0,177.0,3.0,5.0,242.0,547.0,L3-14,61,
50,48,4,3,3,20,14,25.0,1202.0,8.0,480.0,1682.0,65.0,3,5.0,242.0,722.0,L3-14,19.0,13.0,24.0,1177.0,8,488.0,1665.0,82.0,3.0,5.0,242.0,547.0,L3-14,39,
50,48,4,3,4,21,14,26.0,1250.0,8.0,480.0,1730.0,17.0,3,5.0,242.0,722.0,L3-14,20.0,13.0,25.0,1216.0,7,427.0,1643.0,104.0,4.0,5.0,242.0,547.0,L3-14,48,
50,48,4,4,3,21,14,26.0,1250.0,8.0,480.0,1730.0,17.0,3,5.0,242.0,722.0,L3-14,20.0,13.0,25.0,1233.0,7,427.0,1660.0,87.0,4.0,5.0,242.0,547.0,L3-14,48,
50,48,4,4,4,22,14,27.0,1298.0,6.0,360.0,1658.0,89.0,4,5.0,242.0,602.0,L3-14,21.0,13.0,26.0,1272.0,7,427.0,1699.0,48.0,4.0,5.0,242.0,547.0,L3-14,33,
50,48,5,2,2,18,14,24.0,1154.0,7.0,420.0,1574.0,173.0,3,6.0,290.0,710.0,L3-14,17.0,13.0,23.0,1130.0,8,488.0,1618.0,129.0,3.0,6.0,290.0,656.0,L3-14,61,
50,48,5,3,3,20,14,26.0,1250.0,8.0,480.0,1730.0,17.0,3,6.0,290.0,770.0,L3-14,19.0,13.0,25.0,1225.0,7,427.0,1652.0,95.0,4.0,6.0,290.0,656.0,L3-14,39,
50,48,5,3,4,21,14,27.0,1298.0,6.0,360.0,1658.0,89.0,4,6.0,290.0,650.0,L3-14,20.0,13.0,26.0,1264.0,7,427.0,1691.0,56.0,4.0,6.0,290.0,656.0,L3-14,48,
50,48,5,4,3,21,14,27.0,1298.0,6.0,360.0,1658.0,89.0,4,6.0,290.0,650.0,L3-14,20.0,13.0,26.0,1281.0,7,427.0,1708.0,39.0,4.0,6.0,290.0,656.0,L3-14,48,
50,48,5,4,4,22,14,28.0,1346.0,6.0,360.0,1706.0,41.0,4,6.0,290.0,650.0,L3-14,21.0,13.0,27.0,1320.0,7,427.0,1747.0,0.0,4.0,6.0,290.0,656.0,L3-14,33,
50,48,6,2,2,18,14,25.0,1202.0,8.0,480.0,1682.0,65.0,3,7.0,338.0,818.0,L3-14,17.0,13.0,24.0,1178.0,8,488.0,1666.0,81.0,3.0,7.0,338.0,765.0,L3-14,61,
50,48,6,3,3,20,14,27.0,1298.0,6.0,360.0,1658.0,89.0,4,7.0,338.0,698.0,L3-14,19.0,13.0,26.0,1273.0,7,427.0,1700.0,47.0,4.0,7.0,338.0,765.0,L3-14,39,
50,48,6,3,4,21,14,28.0,1346.0,6.0,360.0,1706.0,41.0,4,7.0,338.0,698.0,L3-14,20.0,13.0,27.0,1312.0,7,427.0,1739.0,8.0,4.0,7.0,338.0,765.0,L3-14,48,
50,48,6,4,3,21,14,28.0,1346.0,6.0,360.0,1706.0,41.0,4,7.0,338.0,698.0,L3-14,20.0,13.0,27.0,1329.0,6,366.0,1695.0,52.0,5.0,7.0,338.0,765.0,L3-14,48,
50,48,6,4,4,22,14,29.0,1394.0,5.0,300.0,1694.0,53.0,5,7.0,338.0,638.0,L3-14,21.0,13.0,28.0,1368.0,6,366.0,1734.0,13.0,5.0,7.0,338.0,765.0,L3-14,33,
50,48,7,2,2,18,14,26.0,1250.0,8.0,480.0,1730.0,17.0,3,8.0,386.0,866.0,L3-14,17.0,13.0,25.0,1226.0,7,427.0,1653.0,94.0,4.0,8.0,386.0,874.0,L3-14,61,
50,48,7,3,3,20,14,28.0,1346.0,6.0,360.0,1706.0,41.0,4,8.0,386.0,746.0,L3-14,19.0,13.0,27.0,1321.0,6,366.0,1687.0,60.0,5.0,8.0,386.0,874.0,L3-14,39,
50,48,7,3,4,21,14,29.0,1394.0,5.0,300.0,1694.0,53.0,5,8.0,386.0,686.0,L3-14,20.0,13.0,28.0,1360.0,6,366.0,1726.0,21.0,5.0,8.0,386.0,874.0,L3-14,48,
50,48,7,4,3,21,14,29.0,1394.0,5.0,300.0,1694.0,53.0,5,8.0,386.0,686.0,L3-14,20.0,13.0,28.0,1377.0,6,366.0,1743.0,4.0,5.0,8.0,386.0,874.0,L3-14,48,
50,48,7,4,4,22,14,30.0,1442.0,5.0,300.0,1742.0,5.0,5,8.0,386.0,686.0,L3-14,21.0,13.0,29.0,1416.0,5,305.0,1721.0,26.0,6.0,8.0,386.0,874.0,L3-14,33,
50,48,8,2,2,18,14,27.0,1298.0,6.0,360.0,1658.0,89.0,4,9.0,434.0,794.0,L3-14,17.0,13.0,26.0,1274.0,7,427.0,1701.0,46.0,4.0,9.0,434.0,739.0,L3-14,61,
50,48,8,3,3,20,14,29.0,1394.0,5.0,300.0,1694.0,53.0,5,9.0,434.0,734.0,L3-14,19.0,13.0,28.0,1369.0,6,366.0,1735.0,12.0,5.0,9.0,434.0,739.0,L3-14,39,
50,48,8,3,4,21,14,30.0,1442.0,5.0,300.0,1742.0,5.0,5,9.0,434.0,734.0,L3-14,20.0,13.0,29.0,1408.0,5,305.0,1713.0,34.0,6.0,9.0,434.0,739.0,L3-14,48,
50,48,8,4,3,21,14,30.0,1442.0,5.0,300.0,1742.0,5.0,5,9.0,434.0,734.0,L3-14,20.0,13.0,29.0,1425.0,5,305.0,1730.0,17.0,6.0,9.0,434.0,739.0,L3-14,48,
50,48,8,4,4,22,14,31.0,1490.0,4.0,240.0,1730.0,17.0,8,9.0,434.0,674.0,L3-14,21.0,13.0,30.0,1464.0,4,244.0,1708.0,39.0,8.0,9.0,434.0,739.0,L3-14,33,
50,48,9,2,2,18,14,28.0,1346.0,6.0,360.0,1706.0,41.0,4,10.0,482.0,842.0,L3-14,17.0,13.0,27.0,1322.0,6,366.0,1688.0,59.0,5.0,10.0,482.0,787.0,L3-14,61,
50,48,9,3,3,20,14,30.0,1442.0,5.0,300.0,1742.0,5.0,5,10.0,482.0,782.0,L3-14,19.0,13.0,29.0,1417.0,5,305.0,1722.0,25.0,6.0,10.0,482.0,787.0,L3-14,39,
50,48,9,3,4,21,14,31.0,1490.0,4.0,240.0,1730.0,17.0,8,10.0,482.0,722.0,L3-14,20.0,13.0,30.0,1456.0,4,244.0,1700.0,47.0,8.0,10.0,482.0,787.0,L3-14,48,
50,48,9,4,3,21,14,31.0,1490.0,4.0,240.0,1730.0,17.0,8,10.0,482.0,722.0,L3-14,20.0,13.0,30.0,1473.0,4,244.0,1717.0,30.0,8.0,10.0,482.0,787.0,L3-14,48,
50,48,9,4,4,22,14,32.0,1538.0,3.0,180.0,1718.0,29.0,11,10.0,482.0,662.0,L3-14,21.0,13.0,31.0,1512.0,3,183.0,1695.0,52.0,11.0,10.0,482.0,787.0,L3-14,33,
50,48,10,2,2,18,14,29.0,1394.0,5.0,300.0,1694.0,53.0,5,11.0,530.0,830.0,L3-14,17.0,13.0,28.0,1370.0,6,366.0,1736.0,11.0,5.0,11.0,530.0,896.0,L3-14,61,
50,48,10,3,3,20,14,31.0,1490.0,4.0,240.0,1730.0,17.0,8,11.0,530.0,770.0,L3-14,19.0,13.0,30.0,1465.0,4,244.0,1709.0,38.0,8.0,11.0,530.0,896.0,L3-14,39,
50,48,10,3,4,21,14,32.0,1538.0,3.0,180.0,1718.0,29.0,11,11.0,530.0,710.0,L3-14,20.0,13.0,31.0,1504.0,3,183.0,1687.0,60.0,11.0,11.0,530.0,896.0,L3-14,48,
50,48,10,4,3,21,14,32.0,1538.0,3.0,180.0,1718.0,29.0,11,11.0,530.0,710.0,L3-14,20.0,13.0,31.0,1521.0,3,183.0,1704.0,43.0,11.0,11.0,530.0,896.0,L3-14,48,
50,48,10,4,4,22,14,33.0,1586.0,2.0,120.0,1706.0,41.0,17,11.0,530.0,650.0,L3-14,21.0,13.0,32.0,1560.0,3,183.0,1743.0,4.0,11.0,11.0,530.0,896.0,L3-14,33,
50,48,11,2,2,18,14,30.0,1442.0,5.0,300.0,1742.0,5.0,5,12.0,578.0,878.0,L3-14,17.0,13.0,29.0,1418.0,5,305.0,1723.0,24.0,6.0,12.0,578.0,944.0,L3-14,61,
50,48,11,3,3,20,14,32.0,1538.0,3.0,180.0,1718.0,29.0,11,12.0,578.0,758.0,L3-14,19.0,13.0,31.0,1513.0,3,183.0,1696.0,51.0,11.0,12.0,578.0,944.0,L3-14,39,
50,48,11,3,4,21,14,33.0,1586.0,2.0,120.0,1706.0,41.0,17,12.0,578.0,698.0,L3-14,20.0,13.0,32.0,1552.0,3,183.0,1735.0,12.0,11.0,12.0,578.0,944.0,L3-14,48,
50,48,11,4,3,21,14,33.0,1586.0,2.0,120.0,1706.0,41.0,17,12.0,578.0,698.0,L3-14,20.0,13.0,32.0,1569.0,2,122.0,1691.0,56.0,16.0,12.0,578.0,944.0,L3-14,48,
50,48,11,4,4,22,14,34.0,1634.0,1.0,60.0,1694.0,53.0,34,12.0,578.0,638.0,L3-14,21.0,13.0,33.0,1608.0,2,122.0,1730.0,17.0,17.0,12.0,578.0,944.0,L3-14,33,
50,48,12,2,2,18,14,31.0,1490.0,4.0,240.0,1730.0,17.0,8,13.0,626.0,866.0,L3-14,17.0,13.0,30.0,1466.0,4,244.0,1710.0,37.0,8.0,13.0,626.0,1053.0,L3-14,61,
50,48,12,3,3,20,14,33.0,1586.0,2.0,120.0,1706.0,41.0,17,13.0,626.0,746.0,L3-14,19.0,13.0,32.0,1561.0,3,183.0,1744.0,3.0,11.0,13.0,626.0,1053.0,L3-14,39,
50,48,12,3,4,21,14,34.0,1634.0,1.0,60.0,1694.0,53.0,34,13.0,626.0,686.0,L3-14,20.0,13.0,33.0,1600.0,2,122.0,1722.0,25.0,17.0,13.0,626.0,1053.0,L3-14,48,
50,48,12,4,3,21,14,34.0,1634.0,1.0,60.0,1694.0,53.0,34,13.0,626.0,686.0,L3-14,20.0,13.0,33.0,1617.0,2,122.0,1739.0,8.0,17.0,13.0,626.0,1053.0,L3-14,48,
50,48,12,4,4,22,14,35.0,1682.0,1.0,60.0,1742.0,5.0,35,13.0,626.0,686.0,L3-14,21.0,13.0,34.0,1656.0,1,61.0,1717.0,30.0,34.0,13.0,626.0,1053.0,L3-14,33,
50,48,13,2,2,18,14,32.0,1538.0,3.0,180.0,1718.0,29.0,11,14.0,674.0,854.0,L3-14,17.0,13.0,31.0,1514.0,3,183.0,1697.0,50.0,11.0,14.0,674.0,1101.0,L3-14,61,
50,48,13,3,3,20,14,34.0,1634.0,1.0,60.0,1694.0,53.0,34,14.0,674.0,734.0,L3-14,19.0,13.0,33.0,1609.0,2,122.0,1731.0,16.0,17.0,14.0,674.0,1101.0,L3-14,39,
50,48,13,3,4,21,14,35.0,1682.0,1.0,60.0,1742.0,5.0,35,14.0,674.0,734.0,L3-14,20.0,13.0,34.0,1648.0,1,61.0,1709.0,38.0,34.0,14.0,674.0,1101.0,L3-14,48,
50,48,13,4,3,21,14,35.0,1682.0,1.0,60.0,1742.0,5.0,35,14.0,674.0,734.0,L3-14,20.0,13.0,34.0,1665.0,1,61.0,1726.0,21.0,34.0,14.0,674.0,1101.0,L3-14,48,
50,48,14,2,2,18,14,33.0,1586.0,2.0,120.0,1706.0,41.0,17,15.0,722.0,842.0,L3-14,17.0,13.0,32.0,1562.0,3,183.0,1745.0,2.0,11.0,15.0,722.0,1210.0,L3-14,61,
50,48,14,3,3,20,14,35.0,1682.0,1.0,60.0,1742.0,5.0,35,15.0,722.0,782.0,L3-14,19.0,13.0,34.0,1657.0,1,61.0,1718.0,29.0,34.0,15.0,722.0,1210.0,L3-14,39,
50,48,15,2,2,18,14,34.0,1634.0,1.0,60.0,1694.0,53.0,34,16.0,770.0,830.0,L15-20,17.0,13.0,33.0,1610.0,2,122.0,1732.0,15.0,17.0,16.0,770.0,1258.0,L15-20,61,
50,48,16,2,2,18,14,35.0,1682.0,1.0,60.0,1742.0,5.0,35,17.0,818.0,878.0,L15-20,17.0,13.0,34.0,1658.0,1,61.0,1719.0,28.0,34.0,17.0,818.0,1184.0,L15-20,61,
50,50,3,2,2,18,14,22.0,1100.0,10.0,600.0,1700.0,47.0,2,4.0,200.0,800.0,L3-14,17.0,13.0,21.0,1040.0,7,427.0,1467.0,280.0,3.0,4.0,200.0,444.0,L3-14,61,
50,50,3,3,3,20,14,24.0,1200.0,7.0,420.0,1620.0,127.0,3,4.0,200.0,620.0,L3-14,19.0,13.0,23.0,1135.0,8,488.0,1623.0,124.0,3.0,4.0,200.0,444.0,L3-14,39,
50,50,3,3,4,21,14,25.0,1250.0,8.0,480.0,1730.0,17.0,3,4.0,200.0,680.0,L3-14,20.0,13.0,24.0,1174.0,8,488.0,1662.0,85.0,3.0,4.0,200.0,444.0,L3-14,48,
50,50,3,4,3,21,14,25.0,1250.0,8.0,480.0,1730.0,17.0,3,4.0,200.0,680.0,L3-14,20.0,13.0,24.0,1191.0,8,488.0,1679.0,68.0,3.0,4.0,200.0,444.0,L3-14,48,
50,50,3,4,4,22,14,26.0,1300.0,6.0,360.0,1660.0,87.0,4,4.0,200.0,560.0,L3-14,21.0,13.0,25.0,1230.0,7,427.0,1657.0,90.0,4.0,4.0,200.0,444.0,L3-14,33,
50,50,4,2,2,18,14,23.0,1150.0,7.0,420.0,1570.0,177.0,3,5.0,250.0,670.0,L3-14,17.0,13.0,22.0,1090.0,8,488.0,1578.0,169.0,3.0,5.0,250.0,555.0,L3-14,61,
50,50,4,3,3,20,14,25.0,1250.0,8.0,480.0,1730.0,17.0,3,5.0,250.0,730.0,L3-14,19.0,13.0,24.0,1185.0,8,488.0,1673.0,74.0,3.0,5.0,250.0,555.0,L3-14,39,
50,50,4,3,4,21,14,26.0,1300.0,6.0,360.0,1660.0,87.0,4,5.0,250.0,610.0,L3-14,20.0,13.0,25.0,1224.0,7,427.0,1651.0,96.0,4.0,5.0,250.0,555.0,L3-14,48,
50,50,4,4,3,21,14,26.0,1300.0,6.0,360.0,1660.0,87.0,4,5.0,250.0,610.0,L3-14,20.0,13.0,25.0,1241.0,7,427.0,1668.0,79.0,4.0,5.0,250.0,555.0,L3-14,48,
50,50,4,4,4,22,14,27.0,1350.0,6.0,360.0,1710.0,37.0,4,5.0,250.0,610.0,L3-14,21.0,13.0,26.0,1280.0,7,427.0,1707.0,40.0,4.0,5.0,250.0,555.0,L3-14,33,
50,50,5,2,2,18,14,24.0,1200.0,7.0,420.0,1620.0,127.0,3,6.0,300.0,720.0,L3-14,17.0,13.0,23.0,1140.0,8,488.0,1628.0,119.0,3.0,6.0,300.0,666.0,L3-14,61,
50,50,5,3,3,20,14,26.0,1300.0,6.0,360.0,1660.0,87.0,4,6.0,300.0,660.0,L3-14,19.0,13.0,25.0,1235.0,7,427.0,1662.0,85.0,4.0,6.0,300.0,666.0,L3-14,39,
50,50,5,3,4,21,14,27.0,1350.0,6.0,360.0,1710.0,37.0,4,6.0,300.0,660.0,L3-14,20.0,13.0,26.0,1274.0,7,427.0,1701.0,46.0,4.0,6.0,300.0,666.0,L3-14,48,
50,50,5,4,3,21,14,27.0,1350.0,6.0,360.0,1710.0,37.0,4,6.0,300.0,660.0,L3-14,20.0,13.0,26.0,1291.0,7,427.0,1718.0,29.0,4.0,6.0,300.0,666.0,L3-14,48,
50,50,5,4,4,22,14,28.0,1400.0,5.0,300.0,1700.0,47.0,6,6.0,300.0,600.0,L3-14,21.0,13.0,27.0,1330.0,6,366.0,1696.0,51.0,5.0,6.0,300.0,666.0,L3-14,33,
50,50,6,2,2,18,14,25.0,1250.0,8.0,480.0,1730.0,17.0,3,7.0,350.0,830.0,L3-14,17.0,13.0,24.0,1190.0,8,488.0,1678.0,69.0,3.0,7.0,350.0,777.0,L3-14,61,
50,50,6,3,3,20,14,27.0,1350.0,6.0,360.0,1710.0,37.0,4,7.0,350.0,710.0,L3-14,19.0,13.0,26.0,1285.0,7,427.0,1712.0,35.0,4.0,7.0,350.0,777.0,L3-14,39,
50,50,6,3,4,21,14,28.0,1400.0,5.0,300.0,1700.0,47.0,6,7.0,350.0,650.0,L3-14,20.0,13.0,27.0,1324.0,6,366.0,1690.0,57.0,5.0,7.0,350.0,777.0,L3-14,48,
50,50,6,4,3,21,14,28.0,1400.0,5.0,300.0,1700.0,47.0,6,7.0,350.0,650.0,L3-14,20.0,13.0,27.0,1341.0,6,366.0,1707.0,40.0,5.0,7.0,350.0,777.0,L3-14,48,
50,50,6,4,4,22,14,29.0,1450.0,4.0,240.0,1690.0,57.0,8,7.0,350.0,590.0,L3-14,21.0,13.0,28.0,1380.0,6,366.0,1746.0,1.0,5.0,7.0,350.0,777.0,L3-14,33,
50,50,7,2,2,18,14,26.0,1300.0,6.0,360.0,1660.0,87.0,4,8.0,400.0,760.0,L3-14,17.0,13.0,25.0,1240.0,7,427.0,1667.0,80.0,4.0,8.0,400.0,888.0,L3-14,61,
50,50,7,3,3,20,14,28.0,1400.0,5.0,300.0,1700.0,47.0,6,8.0,400.0,700.0,L3-14,19.0,13.0,27.0,1335.0,6,366.0,1701.0,46.0,5.0,8.0,400.0,888.0,L3-14,39,
50,50,7,3,4,21,14,29.0,1450.0,4.0,240.0,1690.0,57.0,8,8.0,400.0,640.0,L3-14,20.0,13.0,28.0,1374.0,6,366.0,1740.0,7.0,5.0,8.0,400.0,888.0,L3-14,48,
50,50,7,4,3,21,14,29.0,1450.0,4.0,240.0,1690.0,57.0,8,8.0,400.0,640.0,L3-14,20.0,13.0,28.0,1391.0,5,305.0,1696.0,51.0,6.0,8.0,400.0,888.0,L3-14,48,
50,50,7,4,4,22,14,30.0,1500.0,4.0,240.0,1740.0,7.0,8,8.0,400.0,640.0,L3-14,21.0,13.0,29.0,1430.0,5,305.0,1735.0,12.0,6.0,8.0,400.0,888.0,L3-14,33,
50,50,8,2,2,18,14,27.0,1350.0,6.0,360.0,1710.0,37.0,4,9.0,450.0,810.0,L3-14,17.0,13.0,26.0,1290.0,7,427.0,1717.0,30.0,4.0,9.0,450.0,755.0,L3-14,61,
50,50,8,3,3,20,14,29.0,1450.0,4.0,240.0,1690.0,57.0,8,9.0,450.0,690.0,L3-14,19.0,13.0,28.0,1385.0,5,305.0,1690.0,57.0,6.0,9.0,450.0,755.0,L3-14,39,
50,50,8,3,4,21,14,30.0,1500.0,4.0,240.0,1740.0,7.0,8,9.0,450.0,690.0,L3-14,20.0,13.0,29.0,1424.0,5,305.0,1729.0,18.0,6.0,9.0,450.0,755.0,L3-14,48,
50,50,8,4,3,21,14,30.0,1500.0,4.0,240.0,1740.0,7.0,8,9.0,450.0,690.0,L3-14,20.0,13.0,29.0,1441.0,5,305.0,1746.0,1.0,6.0,9.0,450.0,755.0,L3-14,48,
50,50,8,4,4,22,14,31.0,1550.0,3.0,180.0,1730.0,17.0,11,9.0,450.0,630.0,L3-14,21.0,13.0,30.0,1480.0,4,244.0,1724.0,23.0,8.0,9.0,450.0,755.0,L3-14,33,
50,50,9,2,2,18,14,28.0,1400.0,5.0,300.0,1700.0,47.0,6,10.0,500.0,800.0,L3-14,17.0,13.0,27.0,1340.0,6,366.0,1706.0,41.0,5.0,10.0,500.0,805.0,L3-14,61,
50,50,9,3,3,20,14,30.0,1500.0,4.0,240.0,1740.0,7.0,8,10.0,500.0,740.0,L3-14,19.0,13.0,29.0,1435.0,5,305.0,1740.0,7.0,6.0,10.0,500.0,805.0,L3-14,39,
50,50,9,3,4,21,14,31.0,1550.0,3.0,180.0,1730.0,17.0,11,10.0,500.0,680.0,L3-14,20.0,13.0,30.0,1474.0,4,244.0,1718.0,29.0,8.0,10.0,500.0,805.0,L3-14,48,
50,50,9,4,3,21,14,31.0,1550.0,3.0,180.0,1730.0,17.0,11,10.0,500.0,680.0,L3-14,20.0,13.0,30.0,1491.0,4,244.0,1735.0,12.0,8.0,10.0,500.0,805.0,L3-14,48,
50,50,9,4,4,22,14,32.0,1600.0,2.0,120.0,1720.0,27.0,16,10.0,500.0,620.0,L3-14,21.0,13.0,31.0,1530.0,3,183.0,1713.0,34.0,11.0,10.0,500.0,805.0,L3-14,33,
50,50,10,2,2,18,14,29.0,1450.0,4.0,240.0,1690.0,57.0,8,11.0,550.0,790.0,L3-14,17.0,13.0,28.0,1390.0,5,305.0,1695.0,52.0,6.0,11.0,550.0,916.0,L3-14,61,
50,50,10,3,3,20,14,31.0,1550.0,3.0,180.0,1730.0,17.0,11,11.0,550.0,730.0,L3-14,19.0,13.0,30.0,1485.0,4,244.0,1729.0,18.0,8.0,11.0,550.0,916.0,L3-14,39,
50,50,10,3,4,21,14,32.0,1600.0,2.0,120.0,1720.0,27.0,16,11.0,550.0,670.0,L3-14,20.0,13.0,31.0,1524.0,3,183.0,1707.0,40.0,11.0,11.0,550.0,916.0,L3-14,48,
50,50,10,4,3,21,14,32.0,1600.0,2.0,120.0,1720.0,27.0,16,11.0,550.0,670.0,L3-14,20.0,13.0,31.0,1541.0,3,183.0,1724.0,23.0,11.0,11.0,550.0,916.0,L3-14,48,
50,50,10,4,4,22,14,33.0,1650.0,1.0,60.0,1710.0,37.0,33,11.0,550.0,610.0,L3-14,21.0,13.0,32.0,1580.0,2,122.0,1702.0,45.0,16.0,11.0,550.0,916.0,L3-14,33,
50,50,11,2,2,18,14,30.0,1500.0,4.0,240.0,1740.0,7.0,8,12.0,600.0,840.0,L3-14,17.0,13.0,29.0,1440.0,5,305.0,1745.0,2.0,6.0,12.0,600.0,966.0,L3-14,61,
50,50,11,3,3,20,14,32.0,1600.0,2.0,120.0,1720.0,27.0,16,12.0,600.0,720.0,L3-14,19.0,13.0,31.0,1535.0,3,183.0,1718.0,29.0,11.0,12.0,600.0,966.0,L3-14,39,
50,50,11,3,4,21,14,33.0,1650.0,1.0,60.0,1710.0,37.0,33,12.0,600.0,660.0,L3-14,20.0,13.0,32.0,1574.0,2,122.0,1696.0,51.0,16.0,12.0,600.0,966.0,L3-14,48,
50,50,11,4,3,21,14,33.0,1650.0,1.0,60.0,1710.0,37.0,33,12.0,600.0,660.0,L3-14,20.0,13.0,32.0,1591.0,2,122.0,1713.0,34.0,16.0,12.0,600.0,966.0,L3-14,48,
50,50,12,2,2,18,14,31.0,1550.0,3.0,180.0,1730.0,17.0,11,13.0,650.0,830.0,L3-14,17.0,13.0,30.0,1490.0,4,244.0,1734.0,13.0,8.0,13.0,650.0,1077.0,L3-14,61,
50,50,12,3,3,20,14,33.0,1650.0,1.0,60.0,1710.0,37.0,33,13.0,650.0,710.0,L3-14,19.0,13.0,32.0,1585.0,2,122.0,1707.0,40.0,16.0,13.0,650.0,1077.0,L3-14,39,
50,50,13,2,2,18,14,32.0,1600.0,2.0,120.0,1720.0,27.0,16,14.0,700.0,820.0,L3-14,17.0,13.0,31.0,1540.0,3,183.0,1723.0,24.0,11.0,14.0,700.0,1127.0,L3-14,61,
50,50,14,2,2,18,14,33.0,1650.0,1.0,60.0,1710.0,37.0,33,15.0,750.0,810.0,L3-14,17.0,13.0,32.0,1590.0,2,122.0,1712.0,35.0,16.0,15.0,750.0,1238.0,L3-14,61,
55,48,3,2,2,18,14,22.0,1063.0,9.0,540.0,1603.0,144.0,2,4.0,199.0,739.0,L3-14,17.0,13.0,21.0,1039.0,7,427.0,1466.0,281.0,3.0,4.0,199.0,443.0,L3-14,61,
55,48,3,3,3,20,14,24.0,1159.0,7.0,420.0,1579.0,168.0,3,4.0,199.0,619.0,L3-14,19.0,13.0,23.0,1134.0,8,488.0,1622.0,125.0,3.0,4.0,199.0,443.0,L3-14,39,
55,48,3,3,4,21,14,25.0,1207.0,8.0,480.0,1687.0,60.0,3,4.0,199.0,679.0,L3-14,20.0,13.0,24.0,1173.0,8,488.0,1661.0,86.0,3.0,4.0,199.0,443.0,L3-14,48,
55,48,3,4,3,21,14,25.0,1207.0,8.0,480.0,1687.0,60.0,3,4.0,199.0,679.0,L3-14,20.0,13.0,24.0,1190.0,8,488.0,1678.0,69.0,3.0,4.0,199.0,443.0,L3-14,48,
55,48,3,4,4,22,14,26.0,1255.0,8.0,480.0,1735.0,12.0,3,4.0,199.0,679.0,L3-14,21.0,13.0,25.0,1229.0,7,427.0,1656.0,91.0,4.0,4.0,199.0,443.0,L3-14,33,
55,48,4,2,2,18,14,23.0,1111.0,10.0,600.0,1711.0,36.0,2,5.0,247.0,847.0,L3-14,17.0,13.0,22.0,1087.0,8,488.0,1575.0,172.0,3.0,5.0,247.0,552.0,L3-14,61,
55,48,4,3,3,20,14,25.0,1207.0,8.0,480.0,1687.0,60.0,3,5.0,247.0,727.0,L3-14,19.0,13.0,24.0,1182.0,8,488.0,1670.0,77.0,3.0,5.0,247.0,552.0,L3-14,39,
55,48,4,3,4,21,14,26.0,1255.0,8.0,480.0,1735.0,12.0,3,5.0,247.0,727.0,L3-14,20.0,13.0,25.0,1221.0,7,427.0,1648.0,99.0,4.0,5.0,247.0,552.0,L3-14,48,
55,48,4,4,3,21,14,26.0,1255.0,8.0,480.0,1735.0,12.0,3,5.0,247.0,727.0,L3-14,20.0,13.0,25.0,1238.0,7,427.0,1665.0,82.0,4.0,5.0,247.0,552.0,L3-14,48,
55,48,4,4,4,22,14,27.0,1303.0,6.0,360.0,1663.0,84.0,4,5.0,247.0,607.0,L3-14,21.0,13.0,26.0,1277.0,7,427.0,1704.0,43.0,4.0,5.0,247.0,552.0,L3-14,33,
55,48,5,2,2,18,14,24.0,1159.0,7.0,420.0,1579.0,168.0,3,6.0,295.0,715.0,L3-14,17.0,13.0,23.0,1135.0,8,488.0,1623.0,124.0,3.0,6.0,295.0,661.0,L3-14,61,
55,48,5,3,3,20,14,26.0,1255.0,8.0,480.0,1735.0,12.0,3,6.0,295.0,775.0,L3-14,19.0,13.0,25.0,1230.0,7,427.0,1657.0,90.0,4.0,6.0,295.0,661.0,L3-14,39,
55,48,5,3,4,21,14,27.0,1303.0,6.0,360.0,1663.0,84.0,4,6.0,295.0,655.0,L3-14,20.0,13.0,26.0,1269.0,7,427.0,1696.0,51.0,4.0,6.0,295.0,661.0,L3-14,48,
55,48,5,4,3,21,14,27.0,1303.0,6.0,360.0,1663.0,84.0,4,6.0,295.0,655.0,L3-14,20.0,13.0,26.0,1286.0,7,427.0,1713.0,34.0,4.0,6.0,295.0,661.0,L3-14,48,
55,48,5,4,4,22,14,28.0,1351.0,6.0,360.0,1711.0,36.0,4,6.0,295.0,655.0,L3-14,21.0,13.0,27.0,1325.0,6,366.0,1691.0,56.0,5.0,6.0,295.0,661.0,L3-14,33,
55,48,6,2,2,18,14,25.0,1207.0,8.0,480.0,1687.0,60.0,3,7.0,343.0,823.0,L3-14,17.0,13.0,24.0,1183.0,8,488.0,1671.0,76.0,3.0,7.0,343.0,770.0,L3-14,61,
55,48,6,3,3,20,14,27.0,1303.0,6.0,360.0,1663.0,84.0,4,7.0,343.0,703.0,L3-14,19.0,13.0,26.0,1278.0,7,427.0,1705.0,42.0,4.0,7.0,343.0,770.0,L3-14,39,
55,48,6,3,4,21,14,28.0,1351.0,6.0,360.0,1711.0,36.0,4,7.0,343.0,703.0,L3-14,20.0,13.0,27.0,1317.0,7,427.0,1744.0,3.0,4.0,7.0,343.0,770.0,L3-14,48,
55,48,6,4,3,21,14,28.0,1351.0,6.0,360.0,1711.0,36.0,4,7.0,343.0,703.0,L3-14,20.0,13.0,27.0,1334.0,6,366.0,1700.0,47.0,5.0,7.0,343.0,770.0,L3-14,48,
55,48,6,4,4,22,14,29.0,1399.0,5.0,300.0,1699.0,48.0,5,7.0,343.0,643.0,L3-14,21.0,13.0,28.0,1373.0,6,366.0,1739.0,8.0,5.0,7.0,343.0,770.0,L3-14,33,
55,48,7,2,2,18,14,26.0,1255.0,8.0,480.0,1735.0,12.0,3,8.0,391.0,871.0,L3-14,17.0,13.0,25.0,1231.0,7,427.0,1658.0,89.0,4.0,8.0,391.0,879.0,L3-14,61,
55,48,7,3,3,20,14,28.0,1351.0,6.0,360.0,1711.0,36.0,4,8.0,391.0,751.0,L3-14,19.0,13.0,27.0,1326.0,6,366.0,1692.0,55.0,5.0,8.0,391.0,879.0,L3-14,39,
55,48,7,3,4,21,14,29.0,1399.0,5.0,300.0,1699.0,48.0,5,8.0,391.0,691.0,L3-14,20.0,13.0,28.0,1365.0,6,366.0,1731.0,16.0,5.0,8.0,391.0,879.0,L3-14,48,
55,48,7,4,3,21,14,29.0,1399.0,5.0,300.0,1699.0,48.0,5,8.0,391.0,691.0,L3-14,20.0,13.0,28.0,1382.0,5,305.0,1687.0,60.0,6.0,8.0,391.0,879.0,L3-14,48,
55,48,7,4,4,22,14,30.0,1447.0,5.0,300.0,1747.0,0.0,5,8.0,391.0,691.0,L3-14,21.0,13.0,29.0,1421.0,5,305.0,1726.0,21.0,6.0,8.0,391.0,879.0,L3-14,33,
55,48,8,2,2,18,14,27.0,1303.0,6.0,360.0,1663.0,84.0,4,9.0,439.0,799.0,L3-14,17.0,13.0,26.0,1279.0,7,427.0,1706.0,41.0,4.0,9.0,439.0,744.0,L3-14,61,
55,48,8,3,3,20,14,29.0,1399.0,5.0,300.0,1699.0,48.0,5,9.0,439.0,739.0,L3-14,19.0,13.0,28.0,1374.0,6,366.0,1740.0,7.0,5.0,9.0,439.0,744.0,L3-14,39,
55,48,8,3,4,21,14,30.0,1447.0,5.0,300.0,1747.0,0.0,5,9.0,439.0,739.0,L3-14,20.0,13.0,29.0,1413.0,5,305.0,1718.0,29.0,6.0,9.0,439.0,744.0,L3-14,48,
55,48,8,4,3,21,14,30.0,1447.0,5.0,300.0,1747.0,0.0,5,9.0,439.0,739.0,L3-14,20.0,13.0,29.0,1430.0,5,305.0,1735.0,12.0,6.0,9.0,439.0,744.0,L3-14,48,
55,48,8,4,4,22,14,31.0,1495.0,4.0,240.0,1735.0,12.0,8,9.0,439.0,679.0,L3-14,21.0,13.0,30.0,1469.0,4,244.0,1713.0,34.0,8.0,9.0,439.0,744.0,L3-14,33,
55,48,9,2,2,18,14,28.0,1351.0,6.0,360.0,1711.0,36.0,4,10.0,487.0,847.0,L3-14,17.0,13.0,27.0,1327.0,6,366.0,1693.0,54.0,5.0,10.0,487.0,792.0,L3-14,61,
55,48,9,3,3,20,14,30.0,1447.0,5.0,300.0,1747.0,0.0,5,10.0,487.0,787.0,L3-14,19.0,13.0,29.0,1422.0,5,305.0,1727.0,20.0,6.0,10.0,487.0,792.0,L3-14,39,
55,48,9,3,4,21,14,31.0,1495.0,4.0,240.0,1735.0,12.0,8,10.0,487.0,727.0,L3-14,20.0,13.0,30.0,1461.0,4,244.0,1705.0,42.0,8.0,10.0,487.0,792.0,L3-14,48,
55,48,9,4,3,21,14,31.0,1495.0,4.0,240.0,1735.0,12.0,8,10.0,487.0,727.0,L3-14,20.0,13.0,30.0,1478.0,4,244.0,1722.0,25.0,8.0,10.0,487.0,792.0,L3-14,48,
55,48,9,4,4,22,14,32.0,1543.0,3.0,180.0,1723.0,24.0,11,10.0,487.0,667.0,L3-14,21.0,13.0,31.0,1517.0,3,183.0,1700.0,47.0,11.0,10.0,487.0,792.0,L3-14,33,
55,48,10,2,2,18,14,29.0,1399.0,5.0,300.0,1699.0,48.0,5,11.0,535.0,835.0,L3-14,17.0,13.0,28.0,1375.0,6,366.0,1741.0,6.0,5.0,11.0,535.0,901.0,L3-14,61,
55,48,10,3,3,20,14,31.0,1495.0,4.0,240.0,1735.0,12.0,8,11.0,535.0,775.0,L3-14,19.0,13.0,30.0,1470.0,4,244.0,1714.0,33.0,8.0,11.0,535.0,901.0,L3-14,39,
55,48,10,3,4,21,14,32.0,1543.0,3.0,180.0,1723.0,24.0,11,11.0,535.0,715.0,L3-14,20.0,13.0,31.0,1509.0,3,183.0,1692.0,55.0,11.0,11.0,535.0,901.0,L3-14,48,
55,48,10,4,3,21,14,32.0,1543.0,3.0,180.0,1723.0,24.0,11,11.0,535.0,715.0,L3-14,20.0,13.0,31.0,1526.0,3,183.0,1709.0,38.0,11.0,11.0,535.0,901.0,L3-14,48,
55,48,10,4,4,22,14,33.0,1591.0,2.0,120.0,1711.0,36.0,17,11.0,535.0,655.0,L3-14,21.0,13.0,32.0,1565.0,2,122.0,1687.0,60.0,16.0,11.0,535.0,901.0,L3-14,33,
55,48,11,2,2,18,14,30.0,1447.0,5.0,300.0,1747.0,0.0,5,12.0,583.0,883.0,L3-14,17.0,13.0,29.0,1423.0,5,305.0,1728.0,19.0,6.0,12.0,583.0,949.0,L3-14,61,
55,48,11,3,3,20,14,32.0,1543.0,3.0,180.0,1723.0,24.0,11,12.0,583.0,763.0,L3-14,19.0,13.0,31.0,1518.0,3,183.0,1701.0,46.0,11.0,12.0,583.0,949.0,L3-14,39,
55,48,11,3,4,21,14,33.0,1591.0,2.0,120.0,1711.0,36.0,17,12.0,583.0,703.0,L3-14,20.0,13.0,32.0,1557.0,3,183.0,1740.0,7.0,11.0,12.0,583.0,949.0,L3-14,48,
55,48,11,4,3,21,14,33.0,1591.0,2.0,120.0,1711.0,36.0,17,12.0,583.0,703.0,L3-14,20.0,13.0,32.0,1574.0,2,122.0,1696.0,51.0,16.0,12.0,583.0,949.0,L3-14,48,
55,48,11,4,4,22,14,34.0,1639.0,1.0,60.0,1699.0,48.0,34,12.0,583.0,643.0,L3-14,21.0,13.0,33.0,1613.0,2,122.0,1735.0,12.0,17.0,12.0,583.0,949.0,L3-14,33,
55,48,12,2,2,18,14,31.0,1495.0,4.0,240.0,1735.0,12.0,8,13.0,631.0,871.0,L3-14,17.0,13.0,30.0,1471.0,4,244.0,1715.0,32.0,8.0,13.0,631.0,1058.0,L3-14,61,
55,48,12,3,3,20,14,33.0,1591.0,2.0,120.0,1711.0,36.0,17,13.0,631.0,751.0,L3-14,19.0,13.0,32.0,1566.0,2,122.0,1688.0,59.0,16.0,13.0,631.0,1058.0,L3-14,39,
55,48,12,3,4,21,14,34.0,1639.0,1.0,60.0,1699.0,48.0,34,13.0,631.0,691.0,L3-14,20.0,13.0,33.0,1605.0,2,122.0,1727.0,20.0,17.0,13.0,631.0,1058.0,L3-14,48,
55,48,12,4,3,21,14,34.0,1639.0,1.0,60.0,1699.0,48.0,34,13.0,631.0,691.0,L3-14,20.0,13.0,33.0,1622.0,2,122.0,1744.0,3.0,17.0,13.0,631.0,1058.0,L3-14,48,
55,48,12,4,4,22,14,35.0,1687.0,1.0,60.0,1747.0,0.0,35,13.0,631.0,691.0,L3-14,21.0,13.0,34.0,1661.0,1,61.0,1722.0,25.0,34.0,13.0,631.0,1058.0,L3-14,33,
55,48,13,2,2,18,14,32.0,1543.0,3.0,180.0,1723.0,24.0,11,14.0,679.0,859.0,L3-14,17.0,13.0,31.0,1519.0,3,183.0,1702.0,45.0,11.0,14.0,679.0,1106.0,L3-14,61,
55,48,13,3,3,20,14,34.0,1639.0,1.0,60.0,1699.0,48.0,34,14.0,679.0,739.0,L3-14,19.0,13.0,33.0,1614.0,2,122.0,1736.0,11.0,17.0,14.0,679.0,1106.0,L3-14,39,
55,48,13,3,4,21,14,35.0,1687.0,1.0,60.0,1747.0,0.0,35,14.0,679.0,739.0,L3-14,20.0,13.0,34.0,1653.0,1,61.0,1714.0,33.0,34.0,14.0,679.0,1106.0,L3-14,48,
55,48,13,4,3,21,14,35.0,1687.0,1.0,60.0,1747.0,0.0,35,14.0,679.0,739.0,L3-14,20.0,13.0,34.0,1670.0,1,61.0,1731.0,16.0,34.0,14.0,679.0,1106.0,L3-14,48,
55,48,14,2,2,18,14,33.0,1591.0,2.0,120.0,1711.0,36.0,17,15.0,727.0,847.0,L3-14,17.0,13.0,32.0,1567.0,2,122.0,1689.0,58.0,16.0,15.0,727.0,1215.0,L3-14,61,
55,48,14,3,3,20,14,35.0,1687.0,1.0,60.0,1747.0,0.0,35,15.0,727.0,787.0,L3-14,19.0,13.0,34.0,1662.0,1,61.0,1723.0,24.0,34.0,15.0,727.0,1215.0,L3-14,39,
55,48,15,2,2,18,14,34.0,1639.0,1.0,60.0,1699.0,48.0,34,16.0,775.0,835.0,L15-20,17.0,13.0,33.0,1615.0,2,122.0,1737.0,10.0,17.0,16.0,775.0,1263.0,L15-20,61,
55,48,16,2,2,18,14,35.0,1687.0,1.0,60.0,1747.0,0.0,35,17.0,823.0,883.0,L15-20,17.0,13.0,34.0,1663.0,1,61.0,1724.0,23.0,34.0,17.0,823.0,1189.0,L15-20,61,
55,50,3,2,2,18,14,22.0,1105.0,10.0,600.0,1705.0,42.0,2,4.0,205.0,805.0,L3-14,17.0,13.0,21.0,1045.0,7,427.0,1472.0,275.0,3.0,4.0,205.0,449.0,L3-14,61,
55,50,3,3,3,20,14,24.0,1205.0,7.0,420.0,1625.0,122.0,3,4.0,205.0,625.0,L3-14,19.0,13.0,23.0,1140.0,8,488.0,1628.0,119.0,3.0,4.0,205.0,449.0,L3-14,39,
55,50,3,3,4,21,14,25.0,1255.0,8.0,480.0,1735.0,12.0,3,4.0,205.0,685.0,L3-14,20.0,13.0,24.0,1179.0,8,488.0,1667.0,80.0,3.0,4.0,205.0,449.0,L3-14,48,
55,50,3,4,3,21,14,25.0,1255.0,8.0,480.0,1735.0,12.0,3,4.0,205.0,685.0,L3-14,20.0,13.0,24.0,1196.0,8,488.0,1684.0,63.0,3.0,4.0,205.0,449.0,L3-14,48,
55,50,3,4,4,22,14,26.0,1305.0,6.0,360.0,1665.0,82.0,4,4.0,205.0,565.0,L3-14,21.0,13.0,25.0,1235.0,7,427.0,1662.0,85.0,4.0,4.0,205.0,449.0,L3-14,33,
55,50,4,2,2,18,14,23.0,1155.0,7.0,420.0,1575.0,172.0,3,5.0,255.0,675.0,L3-14,17.0,13.0,22.0,1095.0,8,488.0,1583.0,164.0,3.0,5.0,255.0,560.0,L3-14,61,
55,50,4,3,3,20,14,25.0,1255.0,8.0,480.0,1735.0,12.0,3,5.0,255.0,735.0,L3-14,19.0,13.0,24.0,1190.0,8,488.0,1678.0,69.0,3.0,5.0,255.0,560.0,L3-14,39,
55,50,4,3,4,21,14,26.0,1305.0,6.0,360.0,1665.0,82.0,4,5.0,255.0,615.0,L3-14,20.0,13.0,25.0,1229.0,7,427.0,1656.0,91.0,4.0,5.0,255.0,560.0,L3-14,48,
55,50,4,4,3,21,14,26.0,1305.0,6.0,360.0,1665.0,82.0,4,5.0,255.0,615.0,L3-14,20.0,13.0,25.0,1246.0,7,427.0,1673.0,74.0,4.0,5.0,255.0,560.0,L3-14,48,
55,50,4,4,4,22,14,27.0,1355.0,6.0,360.0,1715.0,32.0,4,5.0,255.0,615.0,L3-14,21.0,13.0,26.0,1285.0,7,427.0,1712.0,35.0,4.0,5.0,255.0,560.0,L3-14,33,
55,50,5,2,2,18,14,24.0,1205.0,7.0,420.0,1625.0,122.0,3,6.0,305.0,725.0,L3-14,17.0,13.0,23.0,1145.0,8,488.0,1633.0,114.0,3.0,6.0,305.0,671.0,L3-14,61,
55,50,5,3,3,20,14,26.0,1305.0,6.0,360.0,1665.0,82.0,4,6.0,305.0,665.0,L3-14,19.0,13.0,25.0,1240.0,7,427.0,1667.0,80.0,4.0,6.0,305.0,671.0,L3-14,39,
55,50,5,3,4,21,14,27.0,1355.0,6.0,360.0,1715.0,32.0,4,6.0,305.0,665.0,L3-14,20.0,13.0,26.0,1279.0,7,427.0,1706.0,41.0,4.0,6.0,305.0,671.0,L3-14,48,
55,50,5,4,3,21,14,27.0,1355.0,6.0,360.0,1715.0,32.0,4,6.0,305.0,665.0,L3-14,20.0,13.0,26.0,1296.0,7,427.0,1723.0,24.0,4.0,6.0,305.0,671.0,L3-14,48,
55,50,5,4,4,22,14,28.0,1405.0,5.0,300.0,1705.0,42.0,6,6.0,305.0,605.0,L3-14,21.0,13.0,27.0,1335.0,6,366.0,1701.0,46.0,5.0,6.0,305.0,671.0,L3-14,33,
55,50,6,2,2,18,14,25.0,1255.0,8.0,480.0,1735.0,12.0,3,7.0,355.0,835.0,L3-14,17.0,13.0,24.0,1195.0,8,488.0,1683.0,64.0,3.0,7.0,355.0,782.0,L3-14,61,
55,50,6,3,3,20,14,27.0,1355.0,6.0,360.0,1715.0,32.0,4,7.0,355.0,715.0,L3-14,19.0,13.0,26.0,1290.0,7,427.0,1717.0,30.0,4.0,7.0,355.0,782.0,L3-14,39,
55,50,6,3,4,21,14,28.0,1405.0,5.0,300.0,1705.0,42.0,6,7.0,355.0,655.0,L3-14,20.0,13.0,27.0,1329.0,6,366.0,1695.0,52.0,5.0,7.0,355.0,782.0,L3-14,48,
55,50,6,4,3,21,14,28.0,1405.0,5.0,300.0,1705.0,42.0,6,7.0,355.0,655.0,L3-14,20.0,13.0,27.0,1346.0,6,366.0,1712.0,35.0,5.0,7.0,355.0,782.0,L3-14,48,
55,50,6,4,4,22,14,29.0,1455.0,4.0,240.0,1695.0,52.0,8,7.0,355.0,595.0,L3-14,21.0,13.0,28.0,1385.0,5,305.0,1690.0,57.0,6.0,7.0,355.0,782.0,L3-14,33,
55,50,7,2,2,18,14,26.0,1305.0,6.0,360.0,1665.0,82.0,4,8.0,405.0,765.0,L3-14,17.0,13.0,25.0,1245.0,7,427.0,1672.0,75.0,4.0,8.0,405.0,893.0,L3-14,61,
55,50,7,3,3,20,14,28.0,1405.0,5.0,300.0,1705.0,42.0,6,8.0,405.0,705.0,L3-14,19.0,13.0,27.0,1340.0,6,366.0,1706.0,41.0,5.0,8.0,405.0,893.0,L3-14,39,
55,50,7,3,4,21,14,29.0,1455.0,4.0,240.0,1695.0,52.0,8,8.0,405.0,645.0,L3-14,20.0,13.0,28.0,1379.0,6,366.0,1745.0,2.0,5.0,8.0,405.0,893.0,L3-14,48,
55,50,7,4,3,21,14,29.0,1455.0,4.0,240.0,1695.0,52.0,8,8.0,405.0,645.0,L3-14,20.0,13.0,28.0,1396.0,5,305.0,1701.0,46.0,6.0,8.0,405.0,893.0,L3-14,48,
55,50,7,4,4,22,14,30.0,1505.0,4.0,240.0,1745.0,2.0,8,8.0,405.0,645.0,L3-14,21.0,13.0,29.0,1435.0,5,305.0,1740.0,7.0,6.0,8.0,405.0,893.0,L3-14,33,
55,50,8,2,2,18,14,27.0,1355.0,6.0,360.0,1715.0,32.0,4,9.0,455.0,815.0,L3-14,17.0,13.0,26.0,1295.0,7,427.0,1722.0,25.0,4.0,9.0,455.0,760.0,L3-14,61,
55,50,8,3,3,20,14,29.0,1455.0,4.0,240.0,1695.0,52.0,8,9.0,455.0,695.0,L3-14,19.0,13.0,28.0,1390.0,5,305.0,1695.0,52.0,6.0,9.0,455.0,760.0,L3-14,39,
55,50,8,3,4,21,14,30.0,1505.0,4.0,240.0,1745.0,2.0,8,9.0,455.0,695.0,L3-14,20.0,13.0,29.0,1429.0,5,305.0,1734.0,13.0,6.0,9.0,455.0,760.0,L3-14,48,
55,50,8,4,3,21,14,30.0,1505.0,4.0,240.0,1745.0,2.0,8,9.0,455.0,695.0,L3-14,20.0,13.0,29.0,1446.0,4,244.0,1690.0,57.0,8.0,9.0,455.0,760.0,L3-14,48,
55,50,8,4,4,22,14,31.0,1555.0,3.0,180.0,1735.0,12.0,11,9.0,455.0,635.0,L3-14,21.0,13.0,30.0,1485.0,4,244.0,1729.0,18.0,8.0,9.0,455.0,760.0,L3-14,33,
55,50,9,2,2,18,14,28.0,1405.0,5.0,300.0,1705.0,42.0,6,10.0,505.0,805.0,L3-14,17.0,13.0,27.0,1345.0,6,366.0,1711.0,36.0,5.0,10.0,505.0,810.0,L3-14,61,
55,50,9,3,3,20,14,30.0,1505.0,4.0,240.0,1745.0,2.0,8,10.0,505.0,745.0,L3-14,19.0,13.0,29.0,1440.0,5,305.0,1745.0,2.0,6.0,10.0,505.0,810.0,L3-14,39,
55,50,9,3,4,21,14,31.0,1555.0,3.0,180.0,1735.0,12.0,11,10.0,505.0,685.0,L3-14,20.0,13.0,30.0,1479.0,4,244.0,1723.0,24.0,8.0,10.0,505.0,810.0,L3-14,48,
55,50,9,4,3,21,14,31.0,1555.0,3.0,180.0,1735.0,12.0,11,10.0,505.0,685.0,L3-14,20.0,13.0,30.0,1496.0,4,244.0,1740.0,7.0,8.0,10.0,505.0,810.0,L3-14,48,
55,50,9,4,4,22,14,32.0,1605.0,2.0,120.0,1725.0,22.0,16,10.0,505.0,625.0,L3-14,21.0,13.0,31.0,1535.0,3,183.0,1718.0,29.0,11.0,10.0,505.0,810.0,L3-14,33,
55,50,10,2,2,18,14,29.0,1455.0,4.0,240.0,1695.0,52.0,8,11.0,555.0,795.0,L3-14,17.0,13.0,28.0,1395.0,5,305.0,1700.0,47.0,6.0,11.0,555.0,921.0,L3-14,61,
55,50,10,3,3,20,14,31.0,1555.0,3.0,180.0,1735.0,12.0,11,11.0,555.0,735.0,L3-14,19.0,13.0,30.0,1490.0,4,244.0,1734.0,13.0,8.0,11.0,555.0,921.0,L3-14,39,
55,50,10,3,4,21,14,32.0,1605.0,2.0,120.0,1725.0,22.0,16,11.0,555.0,675.0,L3-14,20.0,13.0,31.0,1529.0,3,183.0,1712.0,35.0,11.0,11.0,555.0,921.0,L3-14,48,
55,50,10,4,3,21,14,32.0,1605.0,2.0,120.0,1725.0,22.0,16,11.0,555.0,675.0,L3-14,20.0,13.0,31.0,1546.0,3,183.0,1729.0,18.0,11.0,11.0,555.0,921.0,L3-14,48,
55,50,10,4,4,22,14,33.0,1655.0,1.0,60.0,1715.0,32.0,33,11.0,555.0,615.0,L3-14,21.0,13.0,32.0,1585.0,2,122.0,1707.0,40.0,16.0,11.0,555.0,921.0,L3-14,33,
55,50,11,2,2,18,14,30.0,1505.0,4.0,240.0,1745.0,2.0,8,12.0,605.0,845.0,L3-14,17.0,13.0,29.0,1445.0,4,244.0,1689.0,58.0,8.0,12.0,605.0,971.0,L3-14,61,
55,50,11,3,3,20,14,32.0,1605.0,2.0,120.0,1725.0,22.0,16,12.0,605.0,725.0,L3-14,19.0,13.0,31.0,1540.0,3,183.0,1723.0,24.0,11.0,12.0,605.0,971.0,L3-14,39,
55,50,11,3,4,21,14,33.0,1655.0,1.0,60.0,1715.0,32.0,33,12.0,605.0,665.0,L3-14,20.0,13.0,32.0,1579.0,2,122.0,1701.0,46.0,16.0,12.0,605.0,971.0,L3-14,48,
55,50,11,4,3,21,14,33.0,1655.0,1.0,60.0,1715.0,32.0,33,12.0,605.0,665.0,L3-14,20.0,13.0,32.0,1596.0,2,122.0,1718.0,29.0,16.0,12.0,605.0,971.0,L3-14,48,
55,50,12,2,2,18,14,31.0,1555.0,3.0,180.0,1735.0,12.0,11,13.0,655.0,835.0,L3-14,17.0,13.0,30.0,1495.0,4,244.0,1739.0,8.0,8.0,13.0,655.0,1082.0,L3-14,61,
55,50,12,3,3,20,14,33.0,1655.0,1.0,60.0,1715.0,32.0,33,13.0,655.0,715.0,L3-14,19.0,13.0,32.0,1590.0,2,122.0,1712.0,35.0,16.0,13.0,655.0,1082.0,L3-14,39,
55,50,13,2,2,18,14,32.0,1605.0,2.0,120.0,1725.0,22.0,16,14.0,705.0,825.0,L3-14,17.0,13.0,31.0,1545.0,3,183.0,1728.0,19.0,11.0,14.0,705.0,1132.0,L3-14,61,
55,50,14,2,2,18,14,33.0,1655.0,1.0,60.0,1715.0,32.0,33,15.0,755.0,815.0,L3-14,17.0,13.0,32.0,1595.0,2,122.0,1717.0,30.0,16.0,15.0,755.0,1243.0,L3-14,61,
55,55,3,2,2,18,14,22.0,1210.0,8.0,480.0,1690.0,57.0,3,4.0,220.0,700.0,L3-14,17.0,13.0,21.0,1060.0,7,427.0,1487.0,260.0,3.0,4.0,220.0,464.0,L3-14,61,
55,55,3,3,3,20,14,24.0,1320.0,6.0,360.0,1680.0,67.0,4,4.0,220.0,580.0,L3-14,19.0,13.0,23.0,1155.0,8,488.0,1643.0,104.0,3.0,4.0,220.0,464.0,L3-14,39,
55,55,3,3,4,21,14,25.0,1375.0,5.0,300.0,1675.0,72.0,5,4.0,220.0,520.0,L3-14,20.0,13.0,24.0,1194.0,8,488.0,1682.0,65.0,3.0,4.0,220.0,464.0,L3-14,48,
55,55,3,4,3,21,14,25.0,1375.0,5.0,300.0,1675.0,72.0,5,4.0,220.0,520.0,L3-14,20.0,13.0,24.0,1211.0,8,488.0,1699.0,48.0,3.0,4.0,220.0,464.0,L3-14,48,
55,55,3,4,4,22,14,26.0,1430.0,5.0,300.0,1730.0,17.0,6,4.0,220.0,520.0,L3-14,21.0,13.0,25.0,1250.0,7,427.0,1677.0,70.0,4.0,4.0,220.0,464.0,L3-14,33,
55,55,4,2,2,18,14,23.0,1265.0,8.0,480.0,1745.0,2.0,3,5.0,275.0,755.0,L3-14,17.0,13.0,22.0,1115.0,8,488.0,1603.0,144.0,3.0,5.0,275.0,580.0,L3-14,61,
55,55,4,3,3,20,14,25.0,1375.0,5.0,300.0,1675.0,72.0,5,5.0,275.0,575.0,L3-14,19.0,13.0,24.0,1210.0,8,488.0,1698.0,49.0,3.0,5.0,275.0,580.0,L3-14,39,
55,55,4,3,4,21,14,26.0,1430.0,5.0,300.0,1730.0,17.0,6,5.0,275.0,575.0,L3-14,20.0,13.0,25.0,1249.0,7,427.0,1676.0,71.0,4.0,5.0,275.0,580.0,L3-14,48,
55,55,4,4,3,21,14,26.0,1430.0,5.0,300.0,1730.0,17.0,6,5.0,275.0,575.0,L3-14,20.0,13.0,25.0,1266.0,7,427.0,1693.0,54.0,4.0,5.0,275.0,580.0,L3-14,48,
55,55,4,4,4,22,14,27.0,1485.0,4.0,240.0,1725.0,22.0,7,5.0,275.0,515.0,L3-14,21.0,13.0,26.0,1305.0,7,427.0,1732.0,15.0,4.0,5.0,275.0,580.0,L3-14,33,
55,55,5,2,2,18,14,24.0,1320.0,6.0,360.0,1680.0,67.0,4,6.0,330.0,690.0,L3-14,17.0,13.0,23.0,1170.0,8,488.0,1658.0,89.0,3.0,6.0,330.0,696.0,L3-14,61,
55,55,5,3,3,20,14,26.0,1430.0,5.0,300.0,1730.0,17.0,6,6.0,330.0,630.0,L3-14,19.0,13.0,25.0,1265.0,7,427.0,1692.0,55.0,4.0,6.0,330.0,696.0,L3-14,39,
55,55,5,3,4,21,14,27.0,1485.0,4.0,240.0,1725.0,22.0,7,6.0,330.0,570.0,L3-14,20.0,13.0,26.0,1304.0,7,427.0,1731.0,16.0,4.0,6.0,330.0,696.0,L3-14,48,
55,55,5,4,3,21,14,27.0,1485.0,4.0,240.0,1725.0,22.0,7,6.0,330.0,570.0,L3-14,20.0,13.0,26.0,1321.0,6,366.0,1687.0,60.0,5.0,6.0,330.0,696.0,L3-14,48,
55,55,5,4,4,22,14,28.0,1540.0,3.0,180.0,1720.0,27.0,10,6.0,330.0,510.0,L3-14,21.0,13.0,27.0,1360.0,6,366.0,1726.0,21.0,5.0,6.0,330.0,696.0,L3-14,33,
55,55,6,2,2,18,14,25.0,1375.0,5.0,300.0,1675.0,72.0,5,7.0,385.0,685.0,L3-14,17.0,13.0,24.0,1225.0,8,488.0,1713.0,34.0,3.0,7.0,385.0,812.0,L3-14,61,
55,55,6,3,3,20,14,27.0,1485.0,4.0,240.0,1725.0,22.0,7,7.0,385.0,625.0,L3-14,19.0,13.0,26.0,1320.0,7,427.0,1747.0,0.0,4.0,7.0,385.0,812.0,L3-14,39,
55,55,6,3,4,21,14,28.0,1540.0,3.0,180.0,1720.0,27.0,10,7.0,385.0,565.0,L3-14,20.0,13.0,27.0,1359.0,6,366.0,1725.0,22.0,5.0,7.0,385.0,812.0,L3-14,48,
55,55,6,4,3,21,14,28.0,1540.0,3.0,180.0,1720.0,27.0,10,7.0,385.0,565.0,L3-14,20.0,13.0,27.0,1376.0,6,366.0,1742.0,5.0,5.0,7.0,385.0,812.0,L3-14,48,
55,55,6,4,4,22,14,29.0,1595.0,2.0,120.0,1715.0,32.0,15,7.0,385.0,505.0,L3-14,21.0,13.0,28.0,1415.0,5,305.0,1720.0,27.0,6.0,7.0,385.0,812.0,L3-14,33,
55,55,7,2,2,18,14,26.0,1430.0,5.0,300.0,1730.0,17.0,6,8.0,440.0,740.0,L3-14,17.0,13.0,25.0,1280.0,7,427.0,1707.0,40.0,4.0,8.0,440.0,928.0,L3-14,61,
55,55,7,3,3,20,14,28.0,1540.0,3.0,180.0,1720.0,27.0,10,8.0,440.0,620.0,L3-14,19.0,13.0,27.0,1375.0,6,366.0,1741.0,6.0,5.0,8.0,440.0,928.0,L3-14,39,
55,55,7,3,4,21,14,29.0,1595.0,2.0,120.0,1715.0,32.0,15,8.0,440.0,560.0,L3-14,20.0,13.0,28.0,1414.0,5,305.0,1719.0,28.0,6.0,8.0,440.0,928.0,L3-14,48,
55,55,7,4,3,21,14,29.0,1595.0,2.0,120.0,1715.0,32.0,15,8.0,440.0,560.0,L3-14,20.0,13.0,28.0,1431.0,5,305.0,1736.0,11.0,6.0,8.0,440.0,928.0,L3-14,48,
55,55,7,4,4,22,14,30.0,1650.0,1.0,60.0,1710.0,37.0,30,8.0,440.0,500.0,L3-14,21.0,13.0,29.0,1470.0,4,244.0,1714.0,33.0,8.0,8.0,440.0,928.0,L3-14,33,
55,55,8,2,2,18,14,27.0,1485.0,4.0,240.0,1725.0,22.0,7,9.0,495.0,735.0,L3-14,17.0,13.0,26.0,1335.0,6,366.0,1701.0,46.0,5.0,9.0,495.0,800.0,L3-14,61,
55,55,8,3,3,20,14,29.0,1595.0,2.0,120.0,1715.0,32.0,15,9.0,495.0,615.0,L3-14,19.0,13.0,28.0,1430.0,5,305.0,1735.0,12.0,6.0,9.0,495.0,800.0,L3-14,39,
55,55,8,3,4,21,14,30.0,1650.0,1.0,60.0,1710.0,37.0,30,9.0,495.0,555.0,L3-14,20.0,13.0,29.0,1469.0,4,244.0,1713.0,34.0,8.0,9.0,495.0,800.0,L3-14,48,
55,55,8,4,3,21,14,30.0,1650.0,1.0,60.0,1710.0,37.0,30,9.0,495.0,555.0,L3-14,20.0,13.0,29.0,1486.0,4,244.0,1730.0,17.0,8.0,9.0,495.0,800.0,L3-14,48,
55,55,9,2,2,18,14,28.0,1540.0,3.0,180.0,1720.0,27.0,10,10.0,550.0,730.0,L3-14,17.0,13.0,27.0,1390.0,5,305.0,1695.0,52.0,6.0,10.0,550.0,855.0,L3-14,61,
55,55,9,3,3,20,14,30.0,1650.0,1.0,60.0,1710.0,37.0,30,10.0,550.0,610.0,L3-14,19.0,13.0,29.0,1485.0,4,244.0,1729.0,18.0,8.0,10.0,550.0,855.0,L3-14,39,
55,55,10,2,2,18,14,29.0,1595.0,2.0,120.0,1715.0,32.0,15,11.0,605.0,725.0,L3-14,17.0,13.0,28.0,1445.0,4,244.0,1689.0,58.0,7.0,11.0,605.0,971.0,L3-14,61,
55,55,11,2,2,18,14,30.0,1650.0,1.0,60.0,1710.0,37.0,30,12.0,660.0,720.0,L3-14,17.0,13.0,29.0,1500.0,4,244.0,1744.0,3.0,8.0,12.0,660.0,1026.0,L3-14,61,
60,55,3,2,2,18,14,22.0,1215.0,8.0,480.0,1695.0,52.0,3,4.0,225.0,705.0,L3-14,17.0,13.0,21.0,1065.0,7,427.0,1492.0,255.0,3.0,4.0,225.0,469.0,L3-14,61,
60,55,3,3,3,20,14,24.0,1325.0,6.0,360.0,1685.0,62.0,4,4.0,225.0,585.0,L3-14,19.0,13.0,23.0,1160.0,8,488.0,1648.0,99.0,3.0,4.0,225.0,469.0,L3-14,39,
60,55,3,3,4,21,14,25.0,1380.0,5.0,300.0,1680.0,67.0,5,4.0,225.0,525.0,L3-14,20.0,13.0,24.0,1199.0,8,488.0,1687.0,60.0,3.0,4.0,225.0,469.0,L3-14,48,
60,55,3,4,3,21,14,25.0,1380.0,5.0,300.0,1680.0,67.0,5,4.0,225.0,525.0,L3-14,20.0,13.0,24.0,1216.0,8,488.0,1704.0,43.0,3.0,4.0,225.0,469.0,L3-14,48,
60,55,3,4,4,22,14,26.0,1435.0,5.0,300.0,1735.0,12.0,6,4.0,225.0,525.0,L3-14,21.0,13.0,25.0,1255.0,7,427.0,1682.0,65.0,4.0,4.0,225.0,469.0,L3-14,33,
60,55,4,2,2,18,14,23.0,1270.0,6.0,360.0,1630.0,117.0,4,5.0,280.0,640.0,L3-14,17.0,13.0,22.0,1120.0,8,488.0,1608.0,139.0,3.0,5.0,280.0,585.0,L3-14,61,
60,55,4,3,3,20,14,25.0,1380.0,5.0,300.0,1680.0,67.0,5,5.0,280.0,580.0,L3-14,19.0,13.0,24.0,1215.0,8,488.0,1703.0,44.0,3.0,5.0,280.0,585.0,L3-14,39,
60,55,4,3,4,21,14,26.0,1435.0,5.0,300.0,1735.0,12.0,6,5.0,280.0,580.0,L3-14,20.0,13.0,25.0,1254.0,7,427.0,1681.0,66.0,4.0,5.0,280.0,585.0,L3-14,48,
60,55,4,4,3,21,14,26.0,1435.0,5.0,300.0,1735.0,12.0,6,5.0,280.0,580.0,L3-14,20.0,13.0,25.0,1271.0,7,427.0,1698.0,49.0,4.0,5.0,280.0,585.0,L3-14,48,
60,55,4,4,4,22,14,27.0,1490.0,4.0,240.0,1730.0,17.0,7,5.0,280.0,520.0,L3-14,21.0,13.0,26.0,1310.0,7,427.0,1737.0,10.0,4.0,5.0,280.0,585.0,L3-14,33,
60,55,5,2,2,18,14,24.0,1325.0,6.0,360.0,1685.0,62.0,4,6.0,335.0,695.0,L3-14,17.0,13.0,23.0,1175.0,8,488.0,1663.0,84.0,3.0,6.0,335.0,701.0,L3-14,61,
60,55,5,3,3,20,14,26.0,1435.0,5.0,300.0,1735.0,12.0,6,6.0,335.0,635.0,L3-14,19.0,13.0,25.0,1270.0,7,427.0,1697.0,50.0,4.0,6.0,335.0,701.0,L3-14,39,
60,55,5,3,4,21,14,27.0,1490.0,4.0,240.0,1730.0,17.0,7,6.0,335.0,575.0,L3-14,20.0,13.0,26.0,1309.0,7,427.0,1736.0,11.0,4.0,6.0,335.0,701.0,L3-14,48,
60,55,5,4,3,21,14,27.0,1490.0,4.0,240.0,1730.0,17.0,7,6.0,335.0,575.0,L3-14,20.0,13.0,26.0,1326.0,6,366.0,1692.0,55.0,5.0,6.0,335.0,701.0,L3-14,48,
60,55,5,4,4,22,14,28.0,1545.0,3.0,180.0,1725.0,22.0,10,6.0,335.0,515.0,L3-14,21.0,13.0,27.0,1365.0,6,366.0,1731.0,16.0,5.0,6.0,335.0,701.0,L3-14,33,
60,55,6,2,2,18,14,25.0,1380.0,5.0,300.0,1680.0,67.0,5,7.0,390.0,690.0,L3-14,17.0,13.0,24.0,1230.0,8,488.0,1718.0,29.0,3.0,7.0,390.0,817.0,L3-14,61,
60,55,6,3,3,20,14,27.0,1490.0,4.0,240.0,1730.0,17.0,7,7.0,390.0,630.0,L3-14,19.0,13.0,26.0,1325.0,6,366.0,1691.0,56.0,5.0,7.0,390.0,817.0,L3-14,39,
60,55,6,3,4,21,14,28.0,1545.0,3.0,180.0,1725.0,22.0,10,7.0,390.0,570.0,L3-14,20.0,13.0,27.0,1364.0,6,366.0,1730.0,17.0,5.0,7.0,390.0,817.0,L3-14,48,
60,55,6,4,3,21,14,28.0,1545.0,3.0,180.0,1725.0,22.0,10,7.0,390.0,570.0,L3-14,20.0,13.0,27.0,1381.0,6,366.0,1747.0,0.0,5.0,7.0,390.0,817.0,L3-14,48,
60,55,6,4,4,22,14,29.0,1600.0,2.0,120.0,1720.0,27.0,15,7.0,390.0,510.0,L3-14,21.0,13.0,28.0,1420.0,5,305.0,1725.0,22.0,6.0,7.0,390.0,817.0,L3-14,33,
60,55,7,2,2,18,14,26.0,1435.0,5.0,300.0,1735.0,12.0,6,8.0,445.0,745.0,L3-14,17.0,13.0,25.0,1285.0,7,427.0,1712.0,35.0,4.0,8.0,445.0,933.0,L3-14,61,
60,55,7,3,3,20,14,28.0,1545.0,3.0,180.0,1725.0,22.0,10,8.0,445.0,625.0,L3-14,19.0,13.0,27.0,1380.0,6,366.0,1746.0,1.0,5.0,8.0,445.0,933.0,L3-14,39,
60,55,7,3,4,21,14,29.0,1600.0,2.0,120.0,1720.0,27.0,15,8.0,445.0,565.0,L3-14,20.0,13.0,28.0,1419.0,5,305.0,1724.0,23.0,6.0,8.0,445.0,933.0,L3-14,48,
60,55,7,4,3,21,14,29.0,1600.0,2.0,120.0,1720.0,27.0,15,8.0,445.0,565.0,L3-14,20.0,13.0,28.0,1436.0,5,305.0,1741.0,6.0,6.0,8.0,445.0,933.0,L3-14,48,
60,55,7,4,4,22,14,30.0,1655.0,1.0,60.0,1715.0,32.0,30,8.0,445.0,505.0,L3-14,21.0,13.0,29.0,1475.0,4,244.0,1719.0,28.0,8.0,8.0,445.0,933.0,L3-14,33,
60,55,8,2,2,18,14,27.0,1490.0,4.0,240.0,1730.0,17.0,7,9.0,500.0,740.0,L3-14,17.0,13.0,26.0,1340.0,6,366.0,1706.0,41.0,5.0,9.0,500.0,805.0,L3-14,61,
60,55,8,3,3,20,14,29.0,1600.0,2.0,120.0,1720.0,27.0,15,9.0,500.0,620.0,L3-14,19.0,13.0,28.0,1435.0,5,305.0,1740.0,7.0,6.0,9.0,500.0,805.0,L3-14,39,
60,55,8,3,4,21,14,30.0,1655.0,1.0,60.0,1715.0,32.0,30,9.0,500.0,560.0,L3-14,20.0,13.0,29.0,1474.0,4,244.0,1718.0,29.0,8.0,9.0,500.0,805.0,L3-14,48,
60,55,8,4,3,21,14,30.0,1655.0,1.0,60.0,1715.0,32.0,30,9.0,500.0,560.0,L3-14,20.0,13.0,29.0,1491.0,4,244.0,1735.0,12.0,8.0,9.0,500.0,805.0,L3-14,48,
60,55,9,2,2,18,14,28.0,1545.0,3.0,180.0,1725.0,22.0,10,10.0,555.0,735.0,L3-14,17.0,13.0,27.0,1395.0,5,305.0,1700.0,47.0,6.0,10.0,555.0,860.0,L3-14,61,
60,55,9,3,3,20,14,30.0,1655.0,1.0,60.0,1715.0,32.0,30,10.0,555.0,615.0,L3-14,19.0,13.0,29.0,1490.0,4,244.0,1734.0,13.0,8.0,10.0,555.0,860.0,L3-14,39,
60,55,10,2,2,18,14,29.0,1600.0,2.0,120.0,1720.0,27.0,15,11.0,610.0,730.0,L3-14,17.0,13.0,28.0,1450.0,4,244.0,1694.0,53.0,7.0,11.0,610.0,976.0,L3-14,61,
60,55,11,2,2,18,14,30.0,1655.0,1.0,60.0,1715.0,32.0,30,12.0,665.0,725.0,L3-14,17.0,13.0,29.0,1505.0,3,183.0,1688.0,59.0,10.0,12.0,665.0,1031.0,L3-14,61,
60,58,3,2,2,18,14,22.0,1278.0,6.0,360.0,1638.0,109.0,4,4.0,234.0,594.0,L3-14,17.0,13.0,21.0,1074.0,7,427.0,1501.0,246.0,3.0,4.0,234.0,478.0,L3-14,61,
60,58,3,3,3,20,14,24.0,1394.0,5.0,300.0,1694.0,53.0,5,4.0,234.0,534.0,L3-14,19.0,13.0,23.0,1169.0,8,488.0,1657.0,90.0,3.0,4.0,234.0,478.0,L3-14,39,
60,58,3,3,4,21,14,25.0,1452.0,4.0,240.0,1692.0,55.0,7,4.0,234.0,474.0,L3-14,20.0,13.0,24.0,1208.0,8,488.0,1696.0,51.0,3.0,4.0,234.0,478.0,L3-14,48,
60,58,3,4,3,21,14,25.0,1452.0,4.0,240.0,1692.0,55.0,7,4.0,234.0,474.0,L3-14,20.0,13.0,24.0,1225.0,8,488.0,1713.0,34.0,3.0,4.0,234.0,478.0,L3-14,48,
60,58,3,4,4,22,14,26.0,1510.0,3.0,180.0,1690.0,57.0,9,4.0,234.0,414.0,L3-14,21.0,13.0,25.0,1264.0,7,427.0,1691.0,56.0,4.0,4.0,234.0,478.0,L3-14,33,
60,58,4,2,2,18,14,23.0,1336.0,6.0,360.0,1696.0,51.0,4,5.0,292.0,652.0,L3-14,17.0,13.0,22.0,1132.0,8,488.0,1620.0,127.0,3.0,5.0,292.0,597.0,L3-14,61,
60,58,4,3,3,20,14,25.0,1452.0,4.0,240.0,1692.0,55.0,7,5.0,292.0,532.0,L3-14,19.0,13.0,24.0,1227.0,8,488.0,1715.0,32.0,3.0,5.0,292.0,597.0,L3-14,39,
60,58,4,3,4,21,14,26.0,1510.0,3.0,180.0,1690.0,57.0,9,5.0,292.0,472.0,L3-14,20.0,13.0,25.0,1266.0,7,427.0,1693.0,54.0,4.0,5.0,292.0,597.0,L3-14,48,
60,58,4,4,3,21,14,26.0,1510.0,3.0,180.0,1690.0,57.0,9,5.0,292.0,472.0,L3-14,20.0,13.0,25.0,1283.0,7,427.0,1710.0,37.0,4.0,5.0,292.0,597.0,L3-14,48,
60,58,4,4,4,22,14,27.0,1568.0,2.0,120.0,1688.0,59.0,14,5.0,292.0,412.0,L3-14,21.0,13.0,26.0,1322.0,6,366.0,1688.0,59.0,5.0,5.0,292.0,597.0,L3-14,33,
60,58,5,2,2,18,14,24.0,1394.0,5.0,300.0,1694.0,53.0,5,6.0,350.0,650.0,L3-14,17.0,13.0,23.0,1190.0,8,488.0,1678.0,69.0,3.0,6.0,350.0,716.0,L3-14,61,
60,58,5,3,3,20,14,26.0,1510.0,3.0,180.0,1690.0,57.0,9,6.0,350.0,530.0,L3-14,19.0,13.0,25.0,1285.0,7,427.0,1712.0,35.0,4.0,6.0,350.0,716.0,L3-14,39,
60,58,5,3,4,21,14,27.0,1568.0,2.0,120.0,1688.0,59.0,14,6.0,350.0,470.0,L3-14,20.0,13.0,26.0,1324.0,6,366.0,1690.0,57.0,5.0,6.0,350.0,716.0,L3-14,48,
60,58,5,4,3,21,14,27.0,1568.0,2.0,120.0,1688.0,59.0,14,6.0,350.0,470.0,L3-14,20.0,13.0,26.0,1341.0,6,366.0,1707.0,40.0,5.0,6.0,350.0,716.0,L3-14,48,
60,58,5,4,4,22,14,28.0,1626.0,2.0,120.0,1746.0,1.0,14,6.0,350.0,470.0,L3-14,21.0,13.0,27.0,1380.0,6,366.0,1746.0,1.0,5.0,6.0,350.0,716.0,L3-14,33,
60,58,6,2,2,18,14,25.0,1452.0,4.0,240.0,1692.0,55.0,7,7.0,408.0,648.0,L3-14,17.0,13.0,24.0,1248.0,8,488.0,1736.0,11.0,3.0,7.0,408.0,835.0,L3-14,61,
60,58,6,3,3,20,14,27.0,1568.0,2.0,120.0,1688.0,59.0,14,7.0,408.0,528.0,L3-14,19.0,13.0,26.0,1343.0,6,366.0,1709.0,38.0,5.0,7.0,408.0,835.0,L3-14,39,
60,58,6,3,4,21,14,28.0,1626.0,2.0,120.0,1746.0,1.0,14,7.0,408.0,528.0,L3-14,20.0,13.0,27.0,1382.0,5,305.0,1687.0,60.0,6.0,7.0,408.0,835.0,L3-14,48,
60,58,6,4,3,21,14,28.0,1626.0,2.0,120.0,1746.0,1.0,14,7.0,408.0,528.0,L3-14,20.0,13.0,27.0,1399.0,5,305.0,1704.0,43.0,6.0,7.0,408.0,835.0,L3-14,48,
60,58,6,4,4,22,14,29.0,1684.0,1.0,60.0,1744.0,3.0,29,7.0,408.0,468.0,L3-14,21.0,13.0,28.0,1438.0,5,305.0,1743.0,4.0,6.0,7.0,408.0,835.0,L3-14,33,
60,58,7,2,2,18,14,26.0,1510.0,3.0,180.0,1690.0,57.0,9,8.0,466.0,646.0,L3-14,17.0,13.0,25.0,1306.0,7,427.0,1733.0,14.0,4.0,8.0,466.0,954.0,L3-14,61,
60,58,7,3,3,20,14,28.0,1626.0,2.0,120.0,1746.0,1.0,14,8.0,466.0,586.0,L3-14,19.0,13.0,27.0,1401.0,5,305.0,1706.0,41.0,6.0,8.0,466.0,954.0,L3-14,39,
60,58,7,3,4,21,14,29.0,1684.0,1.0,60.0,1744.0,3.0,29,8.0,466.0,526.0,L3-14,20.0,13.0,28.0,1440.0,5,305.0,1745.0,2.0,6.0,8.0,466.0,954.0,L3-14,48,
60,58,7,4,3,21,14,29.0,1684.0,1.0,60.0,1744.0,3.0,29,8.0,466.0,526.0,L3-14,20.0,13.0,28.0,1457.0,4,244.0,1701.0,46.0,7.0,8.0,466.0,954.0,L3-14,48,
60,58,8,2,2,18,14,27.0,1568.0,2.0,120.0,1688.0,59.0,14,9.0,524.0,644.0,L3-14,17.0,13.0,26.0,1364.0,6,366.0,1730.0,17.0,5.0,9.0,524.0,829.0,L3-14,61,
60,58,8,3,3,20,14,29.0,1684.0,1.0,60.0,1744.0,3.0,29,9.0,524.0,584.0,L3-14,19.0,13.0,28.0,1459.0,4,244.0,1703.0,44.0,7.0,9.0,524.0,829.0,L3-14,39,
60,58,9,2,2,18,14,28.0,1626.0,2.0,120.0,1746.0,1.0,14,10.0,582.0,702.0,L3-14,17.0,13.0,27.0,1422.0,5,305.0,1727.0,20.0,6.0,10.0,582.0,887.0,L3-14,61,
60,58,10,2,2,18,14,29.0,1684.0,1.0,60.0,1744.0,3.0,29,11.0,640.0,700.0,L3-14,17.0,13.0,28.0,1480.0,4,244.0,1724.0,23.0,7.0,11.0,640.0,1006.0,L3-14,61,
