library,logN,numSlots,q0,delta,residual_L,boot_depth,levelBudget_c2s,levelBudget_s2c,evalmod_levels,K,QCount_boot,logQ_boot,PCount_boot,logP_boot,logQP_boot,QCount_residual,logQ_residual,logP_residual,logQP_residual,dnum,maxDigitBits,margin_1747,ok,fail_reason
openfhe,16,32768,40,33,15,16,1,1,14,512,,,,,,,,,,1,,,0,예측 탈락(§8.5 규칙4): logQ 1063 + 예측 logP 1080 > 1747+60 → 컨텍스트 미생성
openfhe,16,32768,40,33,15,16,1,1,14,512,32,1063,9,540,1603,16,535,540,1075,2,536,144,1,
openfhe,16,32768,40,33,15,16,1,1,14,512,32,1063,7,420,1483,16,535,420,955,3,371,264,1,
openfhe,16,32768,40,33,15,16,1,1,14,512,32,1063,5,300,1363,16,535,300,835,4,272,384,1,
openfhe,16,32768,40,33,15,16,1,1,14,512,32,1063,4,240,1303,16,535,240,775,5,239,444,1,
openfhe,16,32768,40,33,15,16,1,1,14,512,32,1063,4,240,1303,16,535,240,775,6,206,444,1,
openfhe,16,32768,40,33,15,16,1,1,14,512,32,1063,3,180,1243,16,535,180,715,7,173,504,1,
openfhe,16,32768,40,33,15,16,1,1,14,512,32,1063,3,180,1243,16,535,180,715,8,140,504,1,
openfhe,16,32768,40,33,15,16,1,1,14,512,32,1063,2,120,1183,16,535,120,655,11,107,564,1,
openfhe,16,32768,40,33,15,16,1,1,14,512,32,1063,2,120,1183,16,535,120,655,16,74,564,1,
openfhe,16,32768,40,33,15,16,1,1,14,512,32,1063,1,60,1123,16,535,60,595,32,40,624,1,
openfhe,16,32768,40,33,16,16,1,1,14,512,,,,,,,,,,1,,,0,예측 탈락(§8.5 규칙4): logQ 1096 + 예측 logP 1140 > 1747+60 → 컨텍스트 미생성
openfhe,16,32768,40,33,16,16,1,1,14,512,33,1096,10,600,1696,17,568,600,1168,2,569,51,1,
openfhe,16,32768,40,33,16,16,1,1,14,512,33,1096,7,420,1516,17,568,420,988,3,371,231,1,
openfhe,16,32768,40,33,16,16,1,1,14,512,33,1096,6,360,1456,17,568,360,928,4,305,291,1,
openfhe,16,32768,40,33,16,16,1,1,14,512,33,1096,4,240,1336,17,568,240,808,5,239,411,1,
openfhe,16,32768,40,33,16,16,1,1,14,512,33,1096,4,240,1336,17,568,240,808,6,205,411,1,
openfhe,16,32768,40,33,16,16,1,1,14,512,33,1096,3,180,1276,17,568,180,748,7,173,471,1,
openfhe,16,32768,40,33,16,16,1,1,14,512,33,1096,3,180,1276,17,568,180,748,9,139,471,1,
openfhe,16,32768,40,33,16,16,1,1,14,512,33,1096,2,120,1216,17,568,120,688,11,107,531,1,
openfhe,16,32768,40,33,16,16,1,1,14,512,33,1096,2,120,1216,17,568,120,688,17,73,531,1,
openfhe,16,32768,40,33,16,16,1,1,14,512,33,1096,1,60,1156,17,568,60,628,33,40,591,1,
openfhe,16,32768,40,33,15,18,2,2,14,512,,,,,,,,,,1,,,0,예측 탈락(§8.5 규칙4): logQ 1129 + 예측 logP 1140 > 1747+60 → 컨텍스트 미생성
openfhe,16,32768,40,33,17,16,1,1,14,512,,,,,,,,,,1,,,0,예측 탈락(§8.5 규칙4): logQ 1129 + 예측 logP 1140 > 1747+60 → 컨텍스트 미생성
openfhe,16,32768,40,33,15,18,2,2,14,512,34,1129,10,600,1729,16,535,600,1135,2,569,18,1,
openfhe,16,32768,40,33,17,16,1,1,14,512,34,1129,10,600,1729,18,601,600,1201,2,569,18,1,
openfhe,16,32768,40,33,15,18,2,2,14,512,34,1129,7,420,1549,16,535,420,955,3,404,198,1,
openfhe,16,32768,40,33,17,16,1,1,14,512,34,1129,7,420,1549,18,601,420,1021,3,404,198,1,
openfhe,16,32768,40,33,15,18,2,2,14,512,34,1129,6,360,1489,16,535,360,895,4,305,258,1,
openfhe,16,32768,40,33,17,16,1,1,14,512,34,1129,6,360,1489,18,601,360,961,4,305,258,1,
openfhe,16,32768,40,33,15,18,2,2,14,512,34,1129,4,240,1369,16,535,240,775,5,239,378,1,
openfhe,16,32768,40,33,17,16,1,1,14,512,34,1129,4,240,1369,18,601,240,841,5,239,378,1,
openfhe,16,32768,40,33,15,18,2,2,14,512,34,1129,4,240,1369,16,535,240,775,6,206,378,1,
openfhe,16,32768,40,33,17,16,1,1,14,512,34,1129,4,240,1369,18,601,240,841,6,206,378,1,
openfhe,16,32768,40,33,15,18,2,2,14,512,34,1129,3,180,1309,16,535,180,715,7,173,438,1,
openfhe,16,32768,40,33,17,16,1,1,14,512,34,1129,3,180,1309,18,601,180,781,7,173,438,1,
openfhe,16,32768,40,33,15,18,2,2,14,512,34,1129,3,180,1309,16,535,180,715,9,140,438,1,
openfhe,16,32768,40,33,17,16,1,1,14,512,34,1129,3,180,1309,18,601,180,781,9,140,438,1,
openfhe,16,32768,40,33,15,18,2,2,14,512,34,1129,2,120,1249,16,535,120,655,12,107,498,1,
openfhe,16,32768,40,33,17,16,1,1,14,512,34,1129,2,120,1249,18,601,120,721,12,107,498,1,
openfhe,16,32768,40,33,15,18,2,2,14,512,34,1129,2,120,1249,16,535,120,655,17,74,498,1,
openfhe,16,32768,40,33,17,16,1,1,14,512,34,1129,2,120,1249,18,601,120,721,17,74,498,1,
openfhe,16,32768,40,33,15,18,2,2,14,512,34,1129,1,60,1189,16,535,60,595,34,40,558,1,
openfhe,16,32768,40,33,17,16,1,1,14,512,34,1129,1,60,1189,18,601,60,661,34,40,558,1,
openfhe,16,32768,40,33,16,18,2,2,14,512,,,,,,,,,,1,,,0,예측 탈락(§8.5 규칙4): logQ 1162 + 예측 logP 1200 > 1747+60 → 컨텍스트 미생성
openfhe,16,32768,40,33,18,16,1,1,14,512,,,,,,,,,,1,,,0,예측 탈락(§8.5 규칙4): logQ 1162 + 예측 logP 1200 > 1747+60 → 컨텍스트 미생성
openfhe,16,32768,40,33,16,18,2,2,14,512,,,,,,,,,,2,,,0,예측 탈락(§8.5 규칙4): logQ 1162 + 예측 logP 660 > 1747+60 → 컨텍스트 미생성
openfhe,16,32768,40,33,18,16,1,1,14,512,,,,,,,,,,2,,,0,예측 탈락(§8.5 규칙4): logQ 1162 + 예측 logP 660 > 1747+60 → 컨텍스트 미생성
openfhe,16,32768,40,33,16,18,2,2,14,512,35,1162,7,420,1582,17,568,420,988,3,403,165,1,
openfhe,16,32768,40,33,18,16,1,1,14,512,35,1162,7,420,1582,19,634,420,1054,3,403,165,1,
openfhe,16,32768,40,33,16,18,2,2,14,512,35,1162,6,360,1522,17,568,360,928,4,305,225,1,
openfhe,16,32768,40,33,18,16,1,1,14,512,35,1162,6,360,1522,19,634,360,994,4,305,225,1,
openfhe,16,32768,40,33,16,18,2,2,14,512,35,1162,4,240,1402,17,568,240,808,5,238,345,1,
openfhe,16,32768,40,33,18,16,1,1,14,512,35,1162,4,240,1402,19,634,240,874,5,238,345,1,
openfhe,16,32768,40,33,16,18,2,2,14,512,35,1162,4,240,1402,17,568,240,808,6,205,345,1,
openfhe,16,32768,40,33,18,16,1,1,14,512,35,1162,4,240,1402,19,634,240,874,6,205,345,1,
openfhe,16,32768,40,33,16,18,2,2,14,512,35,1162,3,180,1342,17,568,180,748,7,172,405,1,
openfhe,16,32768,40,33,18,16,1,1,14,512,35,1162,3,180,1342,19,634,180,814,7,172,405,1,
openfhe,16,32768,40,33,16,18,2,2,14,512,35,1162,3,180,1342,17,568,180,748,9,139,405,1,
openfhe,16,32768,40,33,18,16,1,1,14,512,35,1162,3,180,1342,19,634,180,814,9,139,405,1,
openfhe,16,32768,40,33,16,18,2,2,14,512,35,1162,2,120,1282,17,568,120,688,12,106,465,1,
openfhe,16,32768,40,33,18,16,1,1,14,512,35,1162,2,120,1282,19,634,120,754,12,106,465,1,
openfhe,16,32768,40,33,16,18,2,2,14,512,35,1162,2,120,1282,17,568,120,688,18,73,465,1,
openfhe,16,32768,40,33,18,16,1,1,14,512,35,1162,2,120,1282,19,634,120,754,18,73,465,1,
openfhe,16,32768,40,33,16,18,2,2,14,512,35,1162,1,60,1222,17,568,60,628,35,40,525,1,
openfhe,16,32768,40,33,18,16,1,1,14,512,35,1162,1,60,1222,19,634,60,694,35,40,525,1,
openfhe,16,32768,40,33,15,20,3,3,14,512,,,,,,,,,,1,,,0,예측 탈락(§8.5 규칙4): logQ 1195 + 예측 logP 1200 > 1747+60 → 컨텍스트 미생성
openfhe,16,32768,40,33,17,18,2,2,14,512,,,,,,,,,,1,,,0,예측 탈락(§8.5 규칙4): logQ 1195 + 예측 logP 1200 > 1747+60 → 컨텍스트 미생성
openfhe,16,32768,40,33,19,16,1,1,14,512,,,,,,,,,,1,,,0,예측 탈락(§8.5 규칙4): logQ 1195 + 예측 logP 1200 > 1747+60 → 컨텍스트 미생성
openfhe,16,32768,40,33,15,20,3,3,14,512,,,,,,,,,,2,,,0,예측 탈락(§8.5 규칙4): logQ 1195 + 예측 logP 660 > 1747+60 → 컨텍스트 미생성
openfhe,16,32768,40,33,17,18,2,2,14,512,,,,,,,,,,2,,,0,예측 탈락(§8.5 규칙4): logQ 1195 + 예측 logP 660 > 1747+60 → 컨텍스트 미생성
openfhe,16,32768,40,33,19,16,1,1,14,512,,,,,,,,,,2,,,0,예측 탈락(§8.5 규칙4): logQ 1195 + 예측 logP 660 > 1747+60 → 컨텍스트 미생성
openfhe,16,32768,40,33,15,20,3,3,14,512,36,1195,7,420,1615,16,535,420,955,3,404,132,1,
openfhe,16,32768,40,33,17,18,2,2,14,512,36,1195,7,420,1615,18,601,420,1021,3,404,132,1,
openfhe,16,32768,40,33,19,16,1,1,14,512,36,1195,7,420,1615,20,667,420,1087,3,404,132,1,
openfhe,16,32768,40,33,15,20,3,3,14,512,36,1195,6,360,1555,16,535,360,895,4,305,192,1,
openfhe,16,32768,40,33,17,18,2,2,14,512,36,1195,6,360,1555,18,601,360,961,4,305,192,1,
openfhe,16,32768,40,33,19,16,1,1,14,512,36,1195,6,360,1555,20,667,360,1027,4,305,192,1,
openfhe,16,32768,40,33,15,20,3,3,14,512,36,1195,5,300,1495,16,535,300,835,5,272,252,1,
openfhe,16,32768,40,33,17,18,2,2,14,512,36,1195,5,300,1495,18,601,300,901,5,272,252,1,
openfhe,16,32768,40,33,19,16,1,1,14,512,36,1195,5,300,1495,20,667,300,967,5,272,252,1,
openfhe,16,32768,40,33,15,20,3,3,14,512,36,1195,4,240,1435,16,535,240,775,6,206,312,1,
openfhe,16,32768,40,33,17,18,2,2,14,512,36,1195,4,240,1435,18,601,240,841,6,206,312,1,
openfhe,16,32768,40,33,19,16,1,1,14,512,36,1195,4,240,1435,20,667,240,907,6,206,312,1,
openfhe,16,32768,40,33,15,20,3,3,14,512,36,1195,3,180,1375,16,535,180,715,8,172,372,1,
openfhe,16,32768,40,33,17,18,2,2,14,512,36,1195,3,180,1375,18,601,180,781,8,172,372,1,
openfhe,16,32768,40,33,19,16,1,1,14,512,36,1195,3,180,1375,20,667,180,847,8,172,372,1,
openfhe,16,32768,40,33,15,20,3,3,14,512,36,1195,3,180,1375,16,535,180,715,9,140,372,1,
openfhe,16,32768,40,33,17,18,2,2,14,512,36,1195,3,180,1375,18,601,180,781,9,140,372,1,
openfhe,16,32768,40,33,19,16,1,1,14,512,36,1195,3,180,1375,20,667,180,847,9,140,372,1,
openfhe,16,32768,40,33,15,20,3,3,14,512,36,1195,2,120,1315,16,535,120,655,12,106,432,1,
openfhe,16,32768,40,33,17,18,2,2,14,512,36,1195,2,120,1315,18,601,120,721,12,106,432,1,
openfhe,16,32768,40,33,19,16,1,1,14,512,36,1195,2,120,1315,20,667,120,787,12,106,432,1,
openfhe,16,32768,40,33,15,20,3,3,14,512,36,1195,2,120,1315,16,535,120,655,18,74,432,1,
openfhe,16,32768,40,33,17,18,2,2,14,512,36,1195,2,120,1315,18,601,120,721,18,74,432,1,
openfhe,16,32768,40,33,19,16,1,1,14,512,36,1195,2,120,1315,20,667,120,787,18,74,432,1,
openfhe,16,32768,40,33,15,20,3,3,14,512,36,1195,1,60,1255,16,535,60,595,36,40,492,1,
openfhe,16,32768,40,33,17,18,2,2,14,512,36,1195,1,60,1255,18,601,60,661,36,40,492,1,
openfhe,16,32768,40,33,19,16,1,1,14,512,36,1195,1,60,1255,20,667,60,727,36,40,492,1,
openfhe,16,32768,40,33,15,21,3,4,14,512,,,,,,,,,,1,,,0,예측 탈락(§8.5 규칙4): logQ 1228 + 예측 logP 1260 > 1747+60 → 컨텍스트 미생성
openfhe,16,32768,40,33,15,21,4,3,14,512,,,,,,,,,,1,,,0,예측 탈락(§8.5 규칙4): logQ 1228 + 예측 logP 1260 > 1747+60 → 컨텍스트 미생성
openfhe,16,32768,40,33,16,20,3,3,14,512,,,,,,,,,,1,,,0,예측 탈락(§8.5 규칙4): logQ 1228 + 예측 logP 1260 > 1747+60 → 컨텍스트 미생성
openfhe,16,32768,40,33,18,18,2,2,14,512,,,,,,,,,,1,,,0,예측 탈락(§8.5 규칙4): logQ 1228 + 예측 logP 1260 > 1747+60 → 컨텍스트 미생성
openfhe,16,32768,40,33,20,16,1,1,14,512,,,,,,,,,,1,,,0,예측 탈락(§8.5 규칙4): logQ 1228 + 예측 logP 1260 > 1747+60 → 컨텍스트 미생성
openfhe,16,32768,40,33,15,21,3,4,14,512,,,,,,,,,,2,,,0,예측 탈락(§8.5 규칙4): logQ 1228 + 예측 logP 660 > 1747+60 → 컨텍스트 미생성
openfhe,16,32768,40,33,15,21,4,3,14,512,,,,,,,,,,2,,,0,예측 탈락(§8.5 규칙4): logQ 1228 + 예측 logP 660 > 1747+60 → 컨텍스트 미생성
openfhe,16,32768,40,33,16,20,3,3,14,512,,,,,,,,,,2,,,0,예측 탈락(§8.5 규칙4): logQ 1228 + 예측 logP 660 > 1747+60 → 컨텍스트 미생성
openfhe,16,32768,40,33,18,18,2,2,14,512,,,,,,,,,,2,,,0,예측 탈락(§8.5 규칙4): logQ 1228 + 예측 logP 660 > 1747+60 → 컨텍스트 미생성
openfhe,16,32768,40,33,20,16,1,1,14,512,,,,,,,,,,2,,,0,예측 탈락(§8.5 규칙4): logQ 1228 + 예측 logP 660 > 1747+60 → 컨텍스트 미생성
openfhe,16,32768,40,33,15,21,3,4,14,512,37,1228,8,480,1708,16,535,480,1015,3,437,39,1,
openfhe,16,32768,40,33,15,21,4,3,14,512,37,1228,8,480,1708,16,535,480,1015,3,437,39,1,
openfhe,16,32768,40,33,16,20,3,3,14,512,37,1228,8,480,1708,17,568,480,1048,3,437,39,1,
openfhe,16,32768,40,33,18,18,2,2,14,512,37,1228,8,480,1708,19,634,480,1114,3,437,39,1,
openfhe,16,32768,40,33,20,16,1,1,14,512,37,1228,8,480,1708,21,700,480,1180,3,437,39,1,
openfhe,16,32768,40,33,15,21,3,4,14,512,37,1228,6,360,1588,16,535,360,895,4,337,159,1,
openfhe,16,32768,40,33,15,21,4,3,14,512,37,1228,6,360,1588,16,535,360,895,4,337,159,1,
openfhe,16,32768,40,33,16,20,3,3,14,512,37,1228,6,360,1588,17,568,360,928,4,337,159,1,
openfhe,16,32768,40,33,18,18,2,2,14,512,37,1228,6,360,1588,19,634,360,994,4,337,159,1,
openfhe,16,32768,40,33,20,16,1,1,14,512,37,1228,6,360,1588,21,700,360,1060,4,337,159,1,
openfhe,16,32768,40,33,15,21,3,4,14,512,37,1228,5,300,1528,16,535,300,835,5,271,219,1,
openfhe,16,32768,40,33,15,21,4,3,14,512,37,1228,5,300,1528,16,535,300,835,5,271,219,1,
openfhe,16,32768,40,33,16,20,3,3,14,512,37,1228,5,300,1528,17,568,300,868,5,271,219,1,
openfhe,16,32768,40,33,18,18,2,2,14,512,37,1228,5,300,1528,19,634,300,934,5,271,219,1,
openfhe,16,32768,40,33,20,16,1,1,14,512,37,1228,5,300,1528,21,700,300,1000,5,271,219,1,
openfhe,16,32768,40,33,15,21,3,4,14,512,37,1228,4,240,1468,16,535,240,775,6,238,279,1,
openfhe,16,32768,40,33,15,21,4,3,14,512,37,1228,4,240,1468,16,535,240,775,6,238,279,1,
openfhe,16,32768,40,33,16,20,3,3,14,512,37,1228,4,240,1468,17,568,240,808,6,238,279,1,
openfhe,16,32768,40,33,18,18,2,2,14,512,37,1228,4,240,1468,19,634,240,874,6,238,279,1,
openfhe,16,32768,40,33,20,16,1,1,14,512,37,1228,4,240,1468,21,700,240,940,6,238,279,1,
openfhe,16,32768,40,33,15,21,3,4,14,512,37,1228,4,240,1468,16,535,240,775,7,205,279,1,
openfhe,16,32768,40,33,15,21,4,3,14,512,37,1228,4,240,1468,16,535,240,775,7,205,279,1,
openfhe,16,32768,40,33,16,20,3,3,14,512,37,1228,4,240,1468,17,568,240,808,7,205,279,1,
openfhe,16,32768,40,33,18,18,2,2,14,512,37,1228,4,240,1468,19,634,240,874,7,205,279,1,
openfhe,16,32768,40,33,20,16,1,1,14,512,37,1228,4,240,1468,21,700,240,940,7,205,279,1,
openfhe,16,32768,40,33,15,21,3,4,14,512,37,1228,3,180,1408,16,535,180,715,8,172,339,1,
openfhe,16,32768,40,33,15,21,4,3,14,512,37,1228,3,180,1408,16,535,180,715,8,172,339,1,
openfhe,16,32768,40,33,16,20,3,3,14,512,37,1228,3,180,1408,17,568,180,748,8,172,339,1,
openfhe,16,32768,40,33,18,18,2,2,14,512,37,1228,3,180,1408,19,634,180,814,8,172,339,1,
openfhe,16,32768,40,33,20,16,1,1,14,512,37,1228,3,180,1408,21,700,180,880,8,172,339,1,
openfhe,16,32768,40,33,15,21,3,4,14,512,37,1228,3,180,1408,16,535,180,715,10,139,339,1,
openfhe,16,32768,40,33,15,21,4,3,14,512,37,1228,3,180,1408,16,535,180,715,10,139,339,1,
openfhe,16,32768,40,33,16,20,3,3,14,512,37,1228,3,180,1408,17,568,180,748,10,139,339,1,
openfhe,16,32768,40,33,18,18,2,2,14,512,37,1228,3,180,1408,19,634,180,814,10,139,339,1,
openfhe,16,32768,40,33,20,16,1,1,14,512,37,1228,3,180,1408,21,700,180,880,10,139,339,1,
openfhe,16,32768,40,33,15,21,3,4,14,512,37,1228,2,120,1348,16,535,120,655,13,106,399,1,
openfhe,16,32768,40,33,15,21,4,3,14,512,37,1228,2,120,1348,16,535,120,655,13,106,399,1,
openfhe,16,32768,40,33,16,20,3,3,14,512,37,1228,2,120,1348,17,568,120,688,13,106,399,1,
openfhe,16,32768,40,33,18,18,2,2,14,512,37,1228,2,120,1348,19,634,120,754,13,106,399,1,
openfhe,16,32768,40,33,20,16,1,1,14,512,37,1228,2,120,1348,21,700,120,820,13,106,399,1,
openfhe,16,32768,40,33,15,21,3,4,14,512,37,1228,2,120,1348,16,535,120,655,19,73,399,1,
openfhe,16,32768,40,33,15,21,4,3,14,512,37,1228,2,120,1348,16,535,120,655,19,73,399,1,
openfhe,16,32768,40,33,16,20,3,3,14,512,37,1228,2,120,1348,17,568,120,688,19,73,399,1,
openfhe,16,32768,40,33,18,18,2,2,14,512,37,1228,2,120,1348,19,634,120,754,19,73,399,1,
openfhe,16,32768,40,33,20,16,1,1,14,512,37,1228,2,120,1348,21,700,120,820,19,73,399,1,
openfhe,16,32768,40,33,15,21,3,4,14,512,37,1228,1,60,1288,16,535,60,595,37,40,459,1,
openfhe,16,32768,40,33,15,21,4,3,14,512,37,1228,1,60,1288,16,535,60,595,37,40,459,1,
openfhe,16,32768,40,33,16,20,3,3,14,512,37,1228,1,60,1288,17,568,60,628,37,40,459,1,
openfhe,16,32768,40,33,18,18,2,2,14,512,37,1228,1,60,1288,19,634,60,694,37,40,459,1,
openfhe,16,32768,40,33,20,16,1,1,14,512,37,1228,1,60,1288,21,700,60,760,37,40,459,1,
openfhe,16,32768,40,33,15,22,4,4,14,512,,,,,,,,,,1,,,0,예측 탈락(§8.5 규칙4): logQ 1261 + 예측 logP 1320 > 1747+60 → 컨텍스트 미생성
openfhe,16,32768,40,33,16,21,3,4,14,512,,,,,,,,,,1,,,0,예측 탈락(§8.5 규칙4): logQ 1261 + 예측 logP 1320 > 1747+60 → 컨텍스트 미생성
openfhe,16,32768,40,33,16,21,4,3,14,512,,,,,,,,,,1,,,0,예측 탈락(§8.5 규칙4): logQ 1261 + 예측 logP 1320 > 1747+60 → 컨텍스트 미생성
openfhe,16,32768,40,33,17,20,3,3,14,512,,,,,,,,,,1,,,0,예측 탈락(§8.5 규칙4): logQ 1261 + 예측 logP 1320 > 1747+60 → 컨텍스트 미생성
openfhe,16,32768,40,33,19,18,2,2,14,512,,,,,,,,,,1,,,0,예측 탈락(§8.5 규칙4): logQ 1261 + 예측 logP 1320 > 1747+60 → 컨텍스트 미생성
openfhe,16,32768,40,33,15,22,4,4,14,512,,,,,,,,,,2,,,0,예측 탈락(§8.5 규칙4): logQ 1261 + 예측 logP 660 > 1747+60 → 컨텍스트 미생성
openfhe,16,32768,40,33,16,21,3,4,14,512,,,,,,,,,,2,,,0,예측 탈락(§8.5 규칙4): logQ 1261 + 예측 logP 660 > 1747+60 → 컨텍스트 미생성
openfhe,16,32768,40,33,16,21,4,3,14,512,,,,,,,,,,2,,,0,예측 탈락(§8.5 규칙4): logQ 1261 + 예측 logP 660 > 1747+60 → 컨텍스트 미생성
openfhe,16,32768,40,33,17,20,3,3,14,512,,,,,,,,,,2,,,0,예측 탈락(§8.5 규칙4): logQ 1261 + 예측 logP 660 > 1747+60 → 컨텍스트 미생성
openfhe,16,32768,40,33,19,18,2,2,14,512,,,,,,,,,,2,,,0,예측 탈락(§8.5 규칙4): logQ 1261 + 예측 logP 660 > 1747+60 → 컨텍스트 미생성
openfhe,16,32768,40,33,15,22,4,4,14,512,38,1261,8,480,1741,16,535,480,1015,3,437,6,1,
openfhe,16,32768,40,33,16,21,3,4,14,512,38,1261,8,480,1741,17,568,480,1048,3,437,6,1,
openfhe,16,32768,40,33,16,21,4,3,14,512,38,1261,8,480,1741,17,568,480,1048,3,437,6,1,
openfhe,16,32768,40,33,17,20,3,3,14,512,38,1261,8,480,1741,18,601,480,1081,3,437,6,1,
openfhe,16,32768,40,33,19,18,2,2,14,512,38,1261,8,480,1741,20,667,480,1147,3,437,6,1,
openfhe,16,32768,40,33,15,22,4,4,14,512,38,1261,6,360,1621,16,535,360,895,4,338,126,1,
openfhe,16,32768,40,33,16,21,3,4,14,512,38,1261,6,360,1621,17,568,360,928,4,338,126,1,
openfhe,16,32768,40,33,16,21,4,3,14,512,38,1261,6,360,1621,17,568,360,928,4,338,126,1,
openfhe,16,32768,40,33,17,20,3,3,14,512,38,1261,6,360,1621,18,601,360,961,4,338,126,1,
openfhe,16,32768,40,33,19,18,2,2,14,512,38,1261,6,360,1621,20,667,360,1027,4,338,126,1,
openfhe,16,32768,40,33,15,22,4,4,14,512,38,1261,5,300,1561,16,535,300,835,5,272,186,1,
openfhe,16,32768,40,33,16,21,3,4,14,512,38,1261,5,300,1561,17,568,300,868,5,272,186,1,
openfhe,16,32768,40,33,16,21,4,3,14,512,38,1261,5,300,1561,17,568,300,868,5,272,186,1,
openfhe,16,32768,40,33,17,20,3,3,14,512,38,1261,5,300,1561,18,601,300,901,5,272,186,1,
openfhe,16,32768,40,33,19,18,2,2,14,512,38,1261,5,300,1561,20,667,300,967,5,272,186,1,
openfhe,16,32768,40,33,15,22,4,4,14,512,38,1261,4,240,1501,16,535,240,775,6,239,246,1,
openfhe,16,32768,40,33,16,21,3,4,14,512,38,1261,4,240,1501,17,568,240,808,6,239,246,1,
openfhe,16,32768,40,33,16,21,4,3,14,512,38,1261,4,240,1501,17,568,240,808,6,239,246,1,
openfhe,16,32768,40,33,17,20,3,3,14,512,38,1261,4,240,1501,18,601,240,841,6,239,246,1,
openfhe,16,32768,40,33,19,18,2,2,14,512,38,1261,4,240,1501,20,667,240,907,6,239,246,1,
openfhe,16,32768,40,33,15,22,4,4,14,512,38,1261,4,240,1501,16,535,240,775,7,206,246,1,
openfhe,16,32768,40,33,16,21,3,4,14,512,38,1261,4,240,1501,17,568,240,808,7,206,246,1,
openfhe,16,32768,40,33,16,21,4,3,14,512,38,1261,4,240,1501,17,568,240,808,7,206,246,1,
openfhe,16,32768,40,33,17,20,3,3,14,512,38,1261,4,240,1501,18,601,240,841,7,206,246,1,
openfhe,16,32768,40,33,19,18,2,2,14,512,38,1261,4,240,1501,20,667,240,907,7,206,246,1,
openfhe,16,32768,40,33,15,22,4,4,14,512,38,1261,3,180,1441,16,535,180,715,8,172,306,1,
openfhe,16,32768,40,33,16,21,3,4,14,512,38,1261,3,180,1441,17,568,180,748,8,172,306,1,
openfhe,16,32768,40,33,16,21,4,3,14,512,38,1261,3,180,1441,17,568,180,748,8,172,306,1,
openfhe,16,32768,40,33,17,20,3,3,14,512,38,1261,3,180,1441,18,601,180,781,8,172,306,1,
openfhe,16,32768,40,33,19,18,2,2,14,512,38,1261,3,180,1441,20,667,180,847,8,172,306,1,
openfhe,16,32768,40,33,15,22,4,4,14,512,38,1261,3,180,1441,16,535,180,715,10,140,306,1,
openfhe,16,32768,40,33,16,21,3,4,14,512,38,1261,3,180,1441,17,568,180,748,10,140,306,1,
openfhe,16,32768,40,33,16,21,4,3,14,512,38,1261,3,180,1441,17,568,180,748,10,140,306,1,
openfhe,16,32768,40,33,17,20,3,3,14,512,38,1261,3,180,1441,18,601,180,781,10,140,306,1,
openfhe,16,32768,40,33,19,18,2,2,14,512,38,1261,3,180,1441,20,667,180,847,10,140,306,1,
openfhe,16,32768,40,33,15,22,4,4,14,512,38,1261,2,120,1381,16,535,120,655,13,107,366,1,
openfhe,16,32768,40,33,16,21,3,4,14,512,38,1261,2,120,1381,17,568,120,688,13,107,366,1,
openfhe,16,32768,40,33,16,21,4,3,14,512,38,1261,2,120,1381,17,568,120,688,13,107,366,1,
openfhe,16,32768,40,33,17,20,3,3,14,512,38,1261,2,120,1381,18,601,120,721,13,107,366,1,
openfhe,16,32768,40,33,19,18,2,2,14,512,38,1261,2,120,1381,20,667,120,787,13,107,366,1,
openfhe,16,32768,40,33,15,22,4,4,14,512,38,1261,2,120,1381,16,535,120,655,19,74,366,1,
openfhe,16,32768,40,33,16,21,3,4,14,512,38,1261,2,120,1381,17,568,120,688,19,74,366,1,
openfhe,16,32768,40,33,16,21,4,3,14,512,38,1261,2,120,1381,17,568,120,688,19,74,366,1,
openfhe,16,32768,40,33,17,20,3,3,14,512,38,1261,2,120,1381,18,601,120,721,19,74,366,1,
openfhe,16,32768,40,33,19,18,2,2,14,512,38,1261,2,120,1381,20,667,120,787,19,74,366,1,
openfhe,16,32768,40,33,15,22,4,4,14,512,38,1261,1,60,1321,16,535,60,595,38,40,426,1,
openfhe,16,32768,40,33,16,21,3,4,14,512,38,1261,1,60,1321,17,568,60,628,38,40,426,1,
openfhe,16,32768,40,33,16,21,4,3,14,512,38,1261,1,60,1321,17,568,60,628,38,40,426,1,
openfhe,16,32768,40,33,17,20,3,3,14,512,38,1261,1,60,1321,18,601,60,661,38,40,426,1,
openfhe,16,32768,40,33,19,18,2,2,14,512,38,1261,1,60,1321,20,667,60,727,38,40,426,1,
openfhe,16,32768,40,33,16,22,4,4,14,512,,,,,,,,,,1,,,0,예측 탈락(§8.5 규칙4): logQ 1294 + 예측 logP 1320 > 1747+60 → 컨텍스트 미생성
openfhe,16,32768,40,33,17,21,3,4,14,512,,,,,,,,,,1,,,0,예측 탈락(§8.5 규칙4): logQ 1294 + 예측 logP 1320 > 1747+60 → 컨텍스트 미생성
openfhe,16,32768,40,33,17,21,4,3,14,512,,,,,,,,,,1,,,0,예측 탈락(§8.5 규칙4): logQ 1294 + 예측 logP 1320 > 1747+60 → 컨텍스트 미생성
openfhe,16,32768,40,33,18,20,3,3,14,512,,,,,,,,,,1,,,0,예측 탈락(§8.5 규칙4): logQ 1294 + 예측 logP 1320 > 1747+60 → 컨텍스트 미생성
openfhe,16,32768,40,33,20,18,2,2,14,512,,,,,,,,,,1,,,0,예측 탈락(§8.5 규칙4): logQ 1294 + 예측 logP 1320 > 1747+60 → 컨텍스트 미생성
openfhe,16,32768,40,33,16,22,4,4,14,512,,,,,,,,,,2,,,0,예측 탈락(§8.5 규칙4): logQ 1294 + 예측 logP 720 > 1747+60 → 컨텍스트 미생성
openfhe,16,32768,40,33,17,21,3,4,14,512,,,,,,,,,,2,,,0,예측 탈락(§8.5 규칙4): logQ 1294 + 예측 logP 720 > 1747+60 → 컨텍스트 미생성
openfhe,16,32768,40,33,17,21,4,3,14,512,,,,,,,,,,2,,,0,예측 탈락(§8.5 규칙4): logQ 1294 + 예측 logP 720 > 1747+60 → 컨텍스트 미생성
openfhe,16,32768,40,33,18,20,3,3,14,512,,,,,,,,,,2,,,0,예측 탈락(§8.5 규칙4): logQ 1294 + 예측 logP 720 > 1747+60 → 컨텍스트 미생성
openfhe,16,32768,40,33,20,18,2,2,14,512,,,,,,,,,,2,,,0,예측 탈락(§8.5 규칙4): logQ 1294 + 예측 logP 720 > 1747+60 → 컨텍스트 미생성
openfhe,16,32768,40,33,16,22,4,4,14,512,39,1294,8,480,1774,17,568,480,1048,3,437,-27,0,logQP_boot 1774 > 1747
openfhe,16,32768,40,33,17,21,3,4,14,512,39,1294,8,480,1774,18,601,480,1081,3,437,-27,0,logQP_boot 1774 > 1747
openfhe,16,32768,40,33,17,21,4,3,14,512,39,1294,8,480,1774,18,601,480,1081,3,437,-27,0,logQP_boot 1774 > 1747
openfhe,16,32768,40,33,18,20,3,3,14,512,39,1294,8,480,1774,19,634,480,1114,3,437,-27,0,logQP_boot 1774 > 1747
openfhe,16,32768,40,33,20,18,2,2,14,512,39,1294,8,480,1774,21,700,480,1180,3,437,-27,0,logQP_boot 1774 > 1747
openfhe,16,32768,40,33,16,22,4,4,14,512,39,1294,6,360,1654,17,568,360,928,4,337,93,1,
openfhe,16,32768,40,33,17,21,3,4,14,512,39,1294,6,360,1654,18,601,360,961,4,337,93,1,
openfhe,16,32768,40,33,17,21,4,3,14,512,39,1294,6,360,1654,18,601,360,961,4,337,93,1,
openfhe,16,32768,40,33,18,20,3,3,14,512,39,1294,6,360,1654,19,634,360,994,4,337,93,1,
openfhe,16,32768,40,33,20,18,2,2,14,512,39,1294,6,360,1654,21,700,360,1060,4,337,93,1,
openfhe,16,32768,40,33,16,22,4,4,14,512,39,1294,5,300,1594,17,568,300,868,5,271,153,1,
openfhe,16,32768,40,33,17,21,3,4,14,512,39,1294,5,300,1594,18,601,300,901,5,271,153,1,
openfhe,16,32768,40,33,17,21,4,3,14,512,39,1294,5,300,1594,18,601,300,901,5,271,153,1,
openfhe,16,32768,40,33,18,20,3,3,14,512,39,1294,5,300,1594,19,634,300,934,5,271,153,1,
openfhe,16,32768,40,33,20,18,2,2,14,512,39,1294,5,300,1594,21,700,300,1000,5,271,153,1,
openfhe,16,32768,40,33,16,22,4,4,14,512,39,1294,4,240,1534,17,568,240,808,6,238,213,1,
openfhe,16,32768,40,33,17,21,3,4,14,512,39,1294,4,240,1534,18,601,240,841,6,238,213,1,
openfhe,16,32768,40,33,17,21,4,3,14,512,39,1294,4,240,1534,18,601,240,841,6,238,213,1,
openfhe,16,32768,40,33,18,20,3,3,14,512,39,1294,4,240,1534,19,634,240,874,6,238,213,1,
openfhe,16,32768,40,33,20,18,2,2,14,512,39,1294,4,240,1534,21,700,240,940,6,238,213,1,
openfhe,16,32768,40,33,16,22,4,4,14,512,39,1294,4,240,1534,17,568,240,808,7,205,213,1,
openfhe,16,32768,40,33,17,21,3,4,14,512,39,1294,4,240,1534,18,601,240,841,7,205,213,1,
openfhe,16,32768,40,33,17,21,4,3,14,512,39,1294,4,240,1534,18,601,240,841,7,205,213,1,
openfhe,16,32768,40,33,18,20,3,3,14,512,39,1294,4,240,1534,19,634,240,874,7,205,213,1,
openfhe,16,32768,40,33,20,18,2,2,14,512,39,1294,4,240,1534,21,700,240,940,7,205,213,1,
openfhe,16,32768,40,33,16,22,4,4,14,512,39,1294,3,180,1474,17,568,180,748,8,172,273,1,
openfhe,16,32768,40,33,17,21,3,4,14,512,39,1294,3,180,1474,18,601,180,781,8,172,273,1,
openfhe,16,32768,40,33,17,21,4,3,14,512,39,1294,3,180,1474,18,601,180,781,8,172,273,1,
openfhe,16,32768,40,33,18,20,3,3,14,512,39,1294,3,180,1474,19,634,180,814,8,172,273,1,
openfhe,16,32768,40,33,20,18,2,2,14,512,39,1294,3,180,1474,21,700,180,880,8,172,273,1,
openfhe,16,32768,40,33,16,22,4,4,14,512,39,1294,3,180,1474,17,568,180,748,10,139,273,1,
openfhe,16,32768,40,33,17,21,3,4,14,512,39,1294,3,180,1474,18,601,180,781,10,139,273,1,
openfhe,16,32768,40,33,17,21,4,3,14,512,39,1294,3,180,1474,18,601,180,781,10,139,273,1,
openfhe,16,32768,40,33,18,20,3,3,14,512,39,1294,3,180,1474,19,634,180,814,10,139,273,1,
openfhe,16,32768,40,33,20,18,2,2,14,512,39,1294,3,180,1474,21,700,180,880,10,139,273,1,
openfhe,16,32768,40,33,16,22,4,4,14,512,39,1294,2,120,1414,17,568,120,688,13,107,333,1,
openfhe,16,32768,40,33,17,21,3,4,14,512,39,1294,2,120,1414,18,601,120,721,13,107,333,1,
openfhe,16,32768,40,33,17,21,4,3,14,512,39,1294,2,120,1414,18,601,120,721,13,107,333,1,
openfhe,16,32768,40,33,18,20,3,3,14,512,39,1294,2,120,1414,19,634,120,754,13,107,333,1,
openfhe,16,32768,40,33,20,18,2,2,14,512,39,1294,2,120,1414,21,700,120,820,13,107,333,1,
openfhe,16,32768,40,33,16,22,4,4,14,512,39,1294,2,120,1414,17,568,120,688,20,73,333,1,
openfhe,16,32768,40,33,17,21,3,4,14,512,39,1294,2,120,1414,18,601,120,721,20,73,333,1,
openfhe,16,32768,40,33,17,21,4,3,14,512,39,1294,2,120,1414,18,601,120,721,20,73,333,1,
openfhe,16,32768,40,33,18,20,3,3,14,512,39,1294,2,120,1414,19,634,120,754,20,73,333,1,
openfhe,16,32768,40,33,20,18,2,2,14,512,39,1294,2,120,1414,21,700,120,820,20,73,333,1,
openfhe,16,32768,40,33,16,22,4,4,14,512,39,1294,1,60,1354,17,568,60,628,39,40,393,1,
openfhe,16,32768,40,33,17,21,3,4,14,512,39,1294,1,60,1354,18,601,60,661,39,40,393,1,
openfhe,16,32768,40,33,17,21,4,3,14,512,39,1294,1,60,1354,18,601,60,661,39,40,393,1,
openfhe,16,32768,40,33,18,20,3,3,14,512,39,1294,1,60,1354,19,634,60,694,39,40,393,1,
openfhe,16,32768,40,33,20,18,2,2,14,512,39,1294,1,60,1354,21,700,60,760,39,40,393,1,
openfhe,16,32768,40,33,17,22,4,4,14,512,,,,,,,,,,1,,,0,예측 탈락(§8.5 규칙4): logQ 1327 + 예측 logP 1380 > 1747+60 → 컨텍스트 미생성
openfhe,16,32768,40,33,18,21,3,4,14,512,,,,,,,,,,1,,,0,예측 탈락(§8.5 규칙4): logQ 1327 + 예측 logP 1380 > 1747+60 → 컨텍스트 미생성
openfhe,16,32768,40,33,18,21,4,3,14,512,,,,,,,,,,1,,,0,예측 탈락(§8.5 규칙4): logQ 1327 + 예측 logP 1380 > 1747+60 → 컨텍스트 미생성
openfhe,16,32768,40,33,19,20,3,3,14,512,,,,,,,,,,1,,,0,예측 탈락(§8.5 규칙4): logQ 1327 + 예측 logP 1380 > 1747+60 → 컨텍스트 미생성
openfhe,16,32768,40,33,17,22,4,4,14,512,,,,,,,,,,2,,,0,예측 탈락(§8.5 규칙4): logQ 1327 + 예측 logP 720 > 1747+60 → 컨텍스트 미생성
openfhe,16,32768,40,33,18,21,3,4,14,512,,,,,,,,,,2,,,0,예측 탈락(§8.5 규칙4): logQ 1327 + 예측 logP 720 > 1747+60 → 컨텍스트 미생성
openfhe,16,32768,40,33,18,21,4,3,14,512,,,,,,,,,,2,,,0,예측 탈락(§8.5 규칙4): logQ 1327 + 예측 logP 720 > 1747+60 → 컨텍스트 미생성
openfhe,16,32768,40,33,19,20,3,3,14,512,,,,,,,,,,2,,,0,예측 탈락(§8.5 규칙4): logQ 1327 + 예측 logP 720 > 1747+60 → 컨텍스트 미생성
openfhe,16,32768,40,33,17,22,4,4,14,512,40,1327,8,480,1807,18,601,480,1081,3,470,-60,0,logQP_boot 1807 > 1747
openfhe,16,32768,40,33,18,21,3,4,14,512,40,1327,8,480,1807,19,634,480,1114,3,470,-60,0,logQP_boot 1807 > 1747
openfhe,16,32768,40,33,18,21,4,3,14,512,40,1327,8,480,1807,19,634,480,1114,3,470,-60,0,logQP_boot 1807 > 1747
openfhe,16,32768,40,33,19,20,3,3,14,512,40,1327,8,480,1807,20,667,480,1147,3,470,-60,0,logQP_boot 1807 > 1747
openfhe,16,32768,40,33,17,22,4,4,14,512,40,1327,6,360,1687,18,601,360,961,4,338,60,1,
openfhe,16,32768,40,33,18,21,3,4,14,512,40,1327,6,360,1687,19,634,360,994,4,338,60,1,
openfhe,16,32768,40,33,18,21,4,3,14,512,40,1327,6,360,1687,19,634,360,994,4,338,60,1,
openfhe,16,32768,40,33,19,20,3,3,14,512,40,1327,6,360,1687,20,667,360,1027,4,338,60,1,
openfhe,16,32768,40,33,17,22,4,4,14,512,40,1327,5,300,1627,18,601,300,901,5,272,120,1,
openfhe,16,32768,40,33,18,21,3,4,14,512,40,1327,5,300,1627,19,634,300,934,5,272,120,1,
openfhe,16,32768,40,33,18,21,4,3,14,512,40,1327,5,300,1627,19,634,300,934,5,272,120,1,
openfhe,16,32768,40,33,19,20,3,3,14,512,40,1327,5,300,1627,20,667,300,967,5,272,120,1,
openfhe,16,32768,40,33,17,22,4,4,14,512,40,1327,4,240,1567,18,601,240,841,6,238,180,1,
openfhe,16,32768,40,33,18,21,3,4,14,512,40,1327,4,240,1567,19,634,240,874,6,238,180,1,
openfhe,16,32768,40,33,18,21,4,3,14,512,40,1327,4,240,1567,19,634,240,874,6,238,180,1,
openfhe,16,32768,40,33,19,20,3,3,14,512,40,1327,4,240,1567,20,667,240,907,6,238,180,1,
openfhe,16,32768,40,33,17,22,4,4,14,512,40,1327,4,240,1567,18,601,240,841,7,206,180,1,
openfhe,16,32768,40,33,18,21,3,4,14,512,40,1327,4,240,1567,19,634,240,874,7,206,180,1,
openfhe,16,32768,40,33,18,21,4,3,14,512,40,1327,4,240,1567,19,634,240,874,7,206,180,1,
openfhe,16,32768,40,33,19,20,3,3,14,512,40,1327,4,240,1567,20,667,240,907,7,206,180,1,
openfhe,16,32768,40,33,17,22,4,4,14,512,40,1327,3,180,1507,18,601,180,781,8,173,240,1,
openfhe,16,32768,40,33,18,21,3,4,14,512,40,1327,3,180,1507,19,634,180,814,8,173,240,1,
openfhe,16,32768,40,33,18,21,4,3,14,512,40,1327,3,180,1507,19,634,180,814,8,173,240,1,
openfhe,16,32768,40,33,19,20,3,3,14,512,40,1327,3,180,1507,20,667,180,847,8,173,240,1,
openfhe,16,32768,40,33,17,22,4,4,14,512,40,1327,3,180,1507,18,601,180,781,10,140,240,1,
openfhe,16,32768,40,33,18,21,3,4,14,512,40,1327,3,180,1507,19,634,180,814,10,140,240,1,
openfhe,16,32768,40,33,18,21,4,3,14,512,40,1327,3,180,1507,19,634,180,814,10,140,240,1,
openfhe,16,32768,40,33,19,20,3,3,14,512,40,1327,3,180,1507,20,667,180,847,10,140,240,1,
openfhe,16,32768,40,33,17,22,4,4,14,512,40,1327,2,120,1447,18,601,120,721,14,107,300,1,
openfhe,16,32768,40,33,18,21,3,4,14,512,40,1327,2,120,1447,19,634,120,754,14,107,300,1,
openfhe,16,32768,40,33,18,21,4,3,14,512,40,1327,2,120,1447,19,634,120,754,14,107,300,1,
openfhe,16,32768,40,33,19,20,3,3,14,512,40,1327,2,120,1447,20,667,120,787,14,107,300,1,
openfhe,16,32768,40,33,17,22,4,4,14,512,40,1327,2,120,1447,18,601,120,721,20,74,300,1,
openfhe,16,32768,40,33,18,21,3,4,14,512,40,1327,2,120,1447,19,634,120,754,20,74,300,1,
openfhe,16,32768,40,33,18,21,4,3,14,512,40,1327,2,120,1447,19,634,120,754,20,74,300,1,
openfhe,16,32768,40,33,19,20,3,3,14,512,40,1327,2,120,1447,20,667,120,787,20,74,300,1,
openfhe,16,32768,40,33,17,22,4,4,14,512,40,1327,1,60,1387,18,601,60,661,40,40,360,1,
openfhe,16,32768,40,33,18,21,3,4,14,512,40,1327,1,60,1387,19,634,60,694,40,40,360,1,
openfhe,16,32768,40,33,18,21,4,3,14,512,40,1327,1,60,1387,19,634,60,694,40,40,360,1,
openfhe,16,32768,40,33,19,20,3,3,14,512,40,1327,1,60,1387,20,667,60,727,40,40,360,1,
openfhe,16,32768,40,33,18,22,4,4,14,512,,,,,,,,,,1,,,0,예측 탈락(§8.5 규칙4): logQ 1360 + 예측 logP 1380 > 1747+60 → 컨텍스트 미생성
openfhe,16,32768,40,33,19,21,3,4,14,512,,,,,,,,,,1,,,0,예측 탈락(§8.5 규칙4): logQ 1360 + 예측 logP 1380 > 1747+60 → 컨텍스트 미생성
openfhe,16,32768,40,33,19,21,4,3,14,512,,,,,,,,,,1,,,0,예측 탈락(§8.5 규칙4): logQ 1360 + 예측 logP 1380 > 1747+60 → 컨텍스트 미생성
openfhe,16,32768,40,33,20,20,3,3,14,512,,,,,,,,,,1,,,0,예측 탈락(§8.5 규칙4): logQ 1360 + 예측 logP 1380 > 1747+60 → 컨텍스트 미생성
openfhe,16,32768,40,33,18,22,4,4,14,512,,,,,,,,,,2,,,0,예측 탈락(§8.5 규칙4): logQ 1360 + 예측 logP 720 > 1747+60 → 컨텍스트 미생성
openfhe,16,32768,40,33,19,21,3,4,14,512,,,,,,,,,,2,,,0,예측 탈락(§8.5 규칙4): logQ 1360 + 예측 logP 720 > 1747+60 → 컨텍스트 미생성
openfhe,16,32768,40,33,19,21,4,3,14,512,,,,,,,,,,2,,,0,예측 탈락(§8.5 규칙4): logQ 1360 + 예측 logP 720 > 1747+60 → 컨텍스트 미생성
openfhe,16,32768,40,33,20,20,3,3,14,512,,,,,,,,,,2,,,0,예측 탈락(§8.5 규칙4): logQ 1360 + 예측 logP 720 > 1747+60 → 컨텍스트 미생성
openfhe,16,32768,40,33,18,22,4,4,14,512,,,,,,,,,,3,,,0,예측 탈락(§8.5 규칙4): logQ 1360 + 예측 logP 480 > 1747+60 → 컨텍스트 미생성
openfhe,16,32768,40,33,19,21,3,4,14,512,,,,,,,,,,3,,,0,예측 탈락(§8.5 규칙4): logQ 1360 + 예측 logP 480 > 1747+60 → 컨텍스트 미생성
openfhe,16,32768,40,33,19,21,4,3,14,512,,,,,,,,,,3,,,0,예측 탈락(§8.5 규칙4): logQ 1360 + 예측 logP 480 > 1747+60 → 컨텍스트 미생성
openfhe,16,32768,40,33,20,20,3,3,14,512,,,,,,,,,,3,,,0,예측 탈락(§8.5 규칙4): logQ 1360 + 예측 logP 480 > 1747+60 → 컨텍스트 미생성
openfhe,16,32768,40,33,18,22,4,4,14,512,41,1360,7,420,1780,19,634,420,1054,4,370,-33,0,logQP_boot 1780 > 1747
openfhe,16,32768,40,33,19,21,3,4,14,512,41,1360,7,420,1780,20,667,420,1087,4,370,-33,0,logQP_boot 1780 > 1747
openfhe,16,32768,40,33,19,21,4,3,14,512,41,1360,7,420,1780,20,667,420,1087,4,370,-33,0,logQP_boot 1780 > 1747
openfhe,16,32768,40,33,20,20,3,3,14,512,41,1360,7,420,1780,21,700,420,1120,4,370,-33,0,logQP_boot 1780 > 1747
openfhe,16,32768,40,33,18,22,4,4,14,512,41,1360,6,360,1720,19,634,360,994,5,304,27,1,
openfhe,16,32768,40,33,19,21,3,4,14,512,41,1360,6,360,1720,20,667,360,1027,5,304,27,1,
openfhe,16,32768,40,33,19,21,4,3,14,512,41,1360,6,360,1720,20,667,360,1027,5,304,27,1,
openfhe,16,32768,40,33,20,20,3,3,14,512,41,1360,6,360,1720,21,700,360,1060,5,304,27,1,
openfhe,16,32768,40,33,18,22,4,4,14,512,41,1360,4,240,1600,19,634,240,874,6,238,147,1,
openfhe,16,32768,40,33,19,21,3,4,14,512,41,1360,4,240,1600,20,667,240,907,6,238,147,1,
openfhe,16,32768,40,33,19,21,4,3,14,512,41,1360,4,240,1600,20,667,240,907,6,238,147,1,
openfhe,16,32768,40,33,20,20,3,3,14,512,41,1360,4,240,1600,21,700,240,940,6,238,147,1,
openfhe,16,32768,40,33,18,22,4,4,14,512,41,1360,4,240,1600,19,634,240,874,7,205,147,1,
openfhe,16,32768,40,33,19,21,3,4,14,512,41,1360,4,240,1600,20,667,240,907,7,205,147,1,
openfhe,16,32768,40,33,19,21,4,3,14,512,41,1360,4,240,1600,20,667,240,907,7,205,147,1,
openfhe,16,32768,40,33,20,20,3,3,14,512,41,1360,4,240,1600,21,700,240,940,7,205,147,1,
openfhe,16,32768,40,33,18,22,4,4,14,512,41,1360,3,180,1540,19,634,180,814,9,172,207,1,
openfhe,16,32768,40,33,19,21,3,4,14,512,41,1360,3,180,1540,20,667,180,847,9,172,207,1,
openfhe,16,32768,40,33,19,21,4,3,14,512,41,1360,3,180,1540,20,667,180,847,9,172,207,1,
openfhe,16,32768,40,33,20,20,3,3,14,512,41,1360,3,180,1540,21,700,180,880,9,172,207,1,
openfhe,16,32768,40,33,18,22,4,4,14,512,41,1360,3,180,1540,19,634,180,814,11,139,207,1,
openfhe,16,32768,40,33,19,21,3,4,14,512,41,1360,3,180,1540,20,667,180,847,11,139,207,1,
openfhe,16,32768,40,33,19,21,4,3,14,512,41,1360,3,180,1540,20,667,180,847,11,139,207,1,
openfhe,16,32768,40,33,20,20,3,3,14,512,41,1360,3,180,1540,21,700,180,880,11,139,207,1,
openfhe,16,32768,40,33,18,22,4,4,14,512,41,1360,2,120,1480,19,634,120,754,14,106,267,1,
openfhe,16,32768,40,33,19,21,3,4,14,512,41,1360,2,120,1480,20,667,120,787,14,106,267,1,
openfhe,16,32768,40,33,19,21,4,3,14,512,41,1360,2,120,1480,20,667,120,787,14,106,267,1,
openfhe,16,32768,40,33,20,20,3,3,14,512,41,1360,2,120,1480,21,700,120,820,14,106,267,1,
openfhe,16,32768,40,33,18,22,4,4,14,512,41,1360,2,120,1480,19,634,120,754,21,73,267,1,
openfhe,16,32768,40,33,19,21,3,4,14,512,41,1360,2,120,1480,20,667,120,787,21,73,267,1,
openfhe,16,32768,40,33,19,21,4,3,14,512,41,1360,2,120,1480,20,667,120,787,21,73,267,1,
openfhe,16,32768,40,33,20,20,3,3,14,512,41,1360,2,120,1480,21,700,120,820,21,73,267,1,
openfhe,16,32768,40,33,18,22,4,4,14,512,41,1360,1,60,1420,19,634,60,694,41,40,327,1,
openfhe,16,32768,40,33,19,21,3,4,14,512,41,1360,1,60,1420,20,667,60,727,41,40,327,1,
openfhe,16,32768,40,33,19,21,4,3,14,512,41,1360,1,60,1420,20,667,60,727,41,40,327,1,
openfhe,16,32768,40,33,20,20,3,3,14,512,41,1360,1,60,1420,21,700,60,760,41,40,327,1,
openfhe,16,32768,40,33,19,22,4,4,14,512,,,,,,,,,,1,,,0,예측 탈락(§8.5 규칙4): logQ 1393 + 예측 logP 1440 > 1747+60 → 컨텍스트 미생성
openfhe,16,32768,40,33,20,21,3,4,14,512,,,,,,,,,,1,,,0,예측 탈락(§8.5 규칙4): logQ 1393 + 예측 logP 1440 > 1747+60 → 컨텍스트 미생성
openfhe,16,32768,40,33,20,21,4,3,14,512,,,,,,,,,,1,,,0,예측 탈락(§8.5 규칙4): logQ 1393 + 예측 logP 1440 > 1747+60 → 컨텍스트 미생성
openfhe,16,32768,40,33,19,22,4,4,14,512,,,,,,,,,,2,,,0,예측 탈락(§8.5 규칙4): logQ 1393 + 예측 logP 720 > 1747+60 → 컨텍스트 미생성
openfhe,16,32768,40,33,20,21,3,4,14,512,,,,,,,,,,2,,,0,예측 탈락(§8.5 규칙4): logQ 1393 + 예측 logP 720 > 1747+60 → 컨텍스트 미생성
openfhe,16,32768,40,33,20,21,4,3,14,512,,,,,,,,,,2,,,0,예측 탈락(§8.5 규칙4): logQ 1393 + 예측 logP 720 > 1747+60 → 컨텍스트 미생성
openfhe,16,32768,40,33,19,22,4,4,14,512,,,,,,,,,,3,,,0,예측 탈락(§8.5 규칙4): logQ 1393 + 예측 logP 480 > 1747+60 → 컨텍스트 미생성
openfhe,16,32768,40,33,20,21,3,4,14,512,,,,,,,,,,3,,,0,예측 탈락(§8.5 규칙4): logQ 1393 + 예측 logP 480 > 1747+60 → 컨텍스트 미생성
openfhe,16,32768,40,33,20,21,4,3,14,512,,,,,,,,,,3,,,0,예측 탈락(§8.5 규칙4): logQ 1393 + 예측 logP 480 > 1747+60 → 컨텍스트 미생성
openfhe,16,32768,40,33,19,22,4,4,14,512,,,,,,,,,,4,,,0,예측 탈락(§8.5 규칙4): logQ 1393 + 예측 logP 420 > 1747+60 → 컨텍스트 미생성
openfhe,16,32768,40,33,20,21,3,4,14,512,,,,,,,,,,4,,,0,예측 탈락(§8.5 규칙4): logQ 1393 + 예측 logP 420 > 1747+60 → 컨텍스트 미생성
openfhe,16,32768,40,33,20,21,4,3,14,512,,,,,,,,,,4,,,0,예측 탈락(§8.5 규칙4): logQ 1393 + 예측 logP 420 > 1747+60 → 컨텍스트 미생성
openfhe,16,32768,40,33,19,22,4,4,14,512,42,1393,6,360,1753,20,667,360,1027,5,305,-6,0,logQP_boot 1753 > 1747
openfhe,16,32768,40,33,20,21,3,4,14,512,42,1393,6,360,1753,21,700,360,1060,5,305,-6,0,logQP_boot 1753 > 1747
openfhe,16,32768,40,33,20,21,4,3,14,512,42,1393,6,360,1753,21,700,360,1060,5,305,-6,0,logQP_boot 1753 > 1747
openfhe,16,32768,40,33,19,22,4,4,14,512,42,1393,4,240,1633,20,667,240,907,6,239,114,1,
openfhe,16,32768,40,33,20,21,3,4,14,512,42,1393,4,240,1633,21,700,240,940,6,239,114,1,
openfhe,16,32768,40,33,20,21,4,3,14,512,42,1393,4,240,1633,21,700,240,940,6,239,114,1,
openfhe,16,32768,40,33,19,22,4,4,14,512,42,1393,4,240,1633,20,667,240,907,7,206,114,1,
openfhe,16,32768,40,33,20,21,3,4,14,512,42,1393,4,240,1633,21,700,240,940,7,206,114,1,
openfhe,16,32768,40,33,20,21,4,3,14,512,42,1393,4,240,1633,21,700,240,940,7,206,114,1,
openfhe,16,32768,40,33,19,22,4,4,14,512,42,1393,3,180,1573,20,667,180,847,9,173,174,1,
openfhe,16,32768,40,33,20,21,3,4,14,512,42,1393,3,180,1573,21,700,180,880,9,173,174,1,
openfhe,16,32768,40,33,20,21,4,3,14,512,42,1393,3,180,1573,21,700,180,880,9,173,174,1,
openfhe,16,32768,40,33,19,22,4,4,14,512,42,1393,3,180,1573,20,667,180,847,11,140,174,1,
openfhe,16,32768,40,33,20,21,3,4,14,512,42,1393,3,180,1573,21,700,180,880,11,140,174,1,
openfhe,16,32768,40,33,20,21,4,3,14,512,42,1393,3,180,1573,21,700,180,880,11,140,174,1,
openfhe,16,32768,40,33,19,22,4,4,14,512,42,1393,2,120,1513,20,667,120,787,14,107,234,1,
openfhe,16,32768,40,33,20,21,3,4,14,512,42,1393,2,120,1513,21,700,120,820,14,107,234,1,
openfhe,16,32768,40,33,20,21,4,3,14,512,42,1393,2,120,1513,21,700,120,820,14,107,234,1,
openfhe,16,32768,40,33,19,22,4,4,14,512,42,1393,2,120,1513,20,667,120,787,21,74,234,1,
openfhe,16,32768,40,33,20,21,3,4,14,512,42,1393,2,120,1513,21,700,120,820,21,74,234,1,
openfhe,16,32768,40,33,20,21,4,3,14,512,42,1393,2,120,1513,21,700,120,820,21,74,234,1,
openfhe,16,32768,40,33,19,22,4,4,14,512,42,1393,1,60,1453,20,667,60,727,42,40,294,1,
openfhe,16,32768,40,33,20,21,3,4,14,512,42,1393,1,60,1453,21,700,60,760,42,40,294,1,
openfhe,16,32768,40,33,20,21,4,3,14,512,42,1393,1,60,1453,21,700,60,760,42,40,294,1,
openfhe,16,32768,40,33,20,22,4,4,14,512,,,,,,,,,,1,,,0,예측 탈락(§8.5 규칙4): logQ 1426 + 예측 logP 1440 > 1747+60 → 컨텍스트 미생성
openfhe,16,32768,40,33,20,22,4,4,14,512,,,,,,,,,,2,,,0,예측 탈락(§8.5 규칙4): logQ 1426 + 예측 logP 780 > 1747+60 → 컨텍스트 미생성
openfhe,16,32768,40,33,20,22,4,4,14,512,,,,,,,,,,3,,,0,예측 탈락(§8.5 규칙4): logQ 1426 + 예측 logP 540 > 1747+60 → 컨텍스트 미생성
openfhe,16,32768,40,33,20,22,4,4,14,512,,,,,,,,,,4,,,0,예측 탈락(§8.5 규칙4): logQ 1426 + 예측 logP 420 > 1747+60 → 컨텍스트 미생성
openfhe,16,32768,40,33,20,22,4,4,14,512,43,1426,6,360,1786,21,700,360,1060,5,304,-39,0,logQP_boot 1786 > 1747
openfhe,16,32768,40,33,20,22,4,4,14,512,43,1426,5,300,1726,21,700,300,1000,6,271,21,1,
openfhe,16,32768,40,33,20,22,4,4,14,512,43,1426,4,240,1666,21,700,240,940,7,239,81,1,
openfhe,16,32768,40,33,20,22,4,4,14,512,43,1426,4,240,1666,21,700,240,940,8,205,81,1,
openfhe,16,32768,40,33,20,22,4,4,14,512,43,1426,3,180,1606,21,700,180,880,9,173,141,1,
openfhe,16,32768,40,33,20,22,4,4,14,512,43,1426,3,180,1606,21,700,180,880,11,139,141,1,
openfhe,16,32768,40,33,20,22,4,4,14,512,43,1426,2,120,1546,21,700,120,820,15,107,201,1,
openfhe,16,32768,40,33,20,22,4,4,14,512,43,1426,2,120,1546,21,700,120,820,22,73,201,1,
openfhe,16,32768,40,33,20,22,4,4,14,512,43,1426,1,60,1486,21,700,60,760,43,40,261,1,
openfhe,16,32768,40,35,15,16,1,1,14,512,,,,,,,,,,1,,,0,예측 탈락(§8.5 규칙4): logQ 1125 + 예측 logP 1140 > 1747+60 → 컨텍스트 미생성
openfhe,16,32768,40,35,15,16,1,1,14,512,32,1125,10,600,1725,16,565,600,1165,2,566,22,1,
openfhe,16,32768,40,35,15,16,1,1,14,512,32,1125,7,420,1545,16,565,420,985,3,391,202,1,
openfhe,16,32768,40,35,15,16,1,1,14,512,32,1125,5,300,1425,16,565,300,865,4,286,322,1,
openfhe,16,32768,40,35,15,16,1,1,14,512,32,1125,5,300,1425,16,565,300,865,5,251,322,1,
openfhe,16,32768,40,35,15,16,1,1,14,512,32,1125,4,240,1365,16,565,240,805,6,216,382,1,
openfhe,16,32768,40,35,15,16,1,1,14,512,32,1125,4,240,1365,16,565,240,805,7,181,382,1,
openfhe,16,32768,40,35,15,16,1,1,14,512,32,1125,3,180,1305,16,565,180,745,8,146,442,1,
openfhe,16,32768,40,35,15,16,1,1,14,512,32,1125,2,120,1245,16,565,120,685,11,111,502,1,
openfhe,16,32768,40,35,15,16,1,1,14,512,32,1125,2,120,1245,16,565,120,685,16,76,502,1,
openfhe,16,32768,40,35,15,16,1,1,14,512,32,1125,1,60,1185,16,565,60,625,32,40,562,1,
openfhe,16,32768,40,35,16,16,1,1,14,512,,,,,,,,,,1,,,0,예측 탈락(§8.5 규칙4): logQ 1160 + 예측 logP 1200 > 1747+60 → 컨텍스트 미생성
openfhe,16,32768,40,35,16,16,1,1,14,512,33,1160,11,660,1820,17,600,660,1260,2,601,-73,0,logQP_boot 1820 > 1747
openfhe,16,32768,40,35,16,16,1,1,14,512,33,1160,7,420,1580,17,600,420,1020,3,391,167,1,
openfhe,16,32768,40,35,16,16,1,1,14,512,33,1160,6,360,1520,17,600,360,960,4,321,227,1,
openfhe,16,32768,40,35,16,16,1,1,14,512,33,1160,5,300,1460,17,600,300,900,5,251,287,1,
openfhe,16,32768,40,35,16,16,1,1,14,512,33,1160,4,240,1400,17,600,240,840,6,215,347,1,
openfhe,16,32768,40,35,16,16,1,1,14,512,33,1160,4,240,1400,17,600,240,840,7,181,347,1,
openfhe,16,32768,40,35,16,16,1,1,14,512,33,1160,3,180,1340,17,600,180,780,9,145,407,1,
openfhe,16,32768,40,35,16,16,1,1,14,512,33,1160,2,120,1280,17,600,120,720,11,111,467,1,
openfhe,16,32768,40,35,16,16,1,1,14,512,33,1160,2,120,1280,17,600,120,720,17,75,467,1,
openfhe,16,32768,40,35,16,16,1,1,14,512,33,1160,1,60,1220,17,600,60,660,33,40,527,1,
openfhe,16,32768,40,35,15,18,2,2,14,512,,,,,,,,,,1,,,0,예측 탈락(§8.5 규칙4): logQ 1195 + 예측 logP 1200 > 1747+60 → 컨텍스트 미생성
openfhe,16,32768,40,35,17,16,1,1,14,512,,,,,,,,,,1,,,0,예측 탈락(§8.5 규칙4): logQ 1195 + 예측 logP 1200 > 1747+60 → 컨텍스트 미생성
openfhe,16,32768,40,35,15,18,2,2,14,512,34,1195,11,660,1855,16,565,660,1225,2,601,-108,0,logQP_boot 1855 > 1747
openfhe,16,32768,40,35,17,16,1,1,14,512,34,1195,11,660,1855,18,635,660,1295,2,601,-108,0,logQP_boot 1855 > 1747
openfhe,16,32768,40,35,15,18,2,2,14,512,34,1195,8,480,1675,16,565,480,1045,3,426,72,1,
openfhe,16,32768,40,35,17,16,1,1,14,512,34,1195,8,480,1675,18,635,480,1115,3,426,72,1,
openfhe,16,32768,40,35,15,18,2,2,14,512,34,1195,6,360,1555,16,565,360,925,4,321,192,1,
openfhe,16,32768,40,35,17,16,1,1,14,512,34,1195,6,360,1555,18,635,360,995,4,321,192,1,
openfhe,16,32768,40,35,15,18,2,2,14,512,34,1195,5,300,1495,16,565,300,865,5,251,252,1,
openfhe,16,32768,40,35,17,16,1,1,14,512,34,1195,5,300,1495,18,635,300,935,5,251,252,1,
openfhe,16,32768,40,35,15,18,2,2,14,512,34,1195,4,240,1435,16,565,240,805,6,216,312,1,
openfhe,16,32768,40,35,17,16,1,1,14,512,34,1195,4,240,1435,18,635,240,875,6,216,312,1,
openfhe,16,32768,40,35,15,18,2,2,14,512,34,1195,4,240,1435,16,565,240,805,7,181,312,1,
openfhe,16,32768,40,35,17,16,1,1,14,512,34,1195,4,240,1435,18,635,240,875,7,181,312,1,
openfhe,16,32768,40,35,15,18,2,2,14,512,34,1195,3,180,1375,16,565,180,745,9,146,372,1,
openfhe,16,32768,40,35,17,16,1,1,14,512,34,1195,3,180,1375,18,635,180,815,9,146,372,1,
openfhe,16,32768,40,35,15,18,2,2,14,512,34,1195,2,120,1315,16,565,120,685,12,111,432,1,
openfhe,16,32768,40,35,17,16,1,1,14,512,34,1195,2,120,1315,18,635,120,755,12,111,432,1,
openfhe,16,32768,40,35,15,18,2,2,14,512,34,1195,2,120,1315,16,565,120,685,17,76,432,1,
openfhe,16,32768,40,35,17,16,1,1,14,512,34,1195,2,120,1315,18,635,120,755,17,76,432,1,
openfhe,16,32768,40,35,15,18,2,2,14,512,34,1195,1,60,1255,16,565,60,625,34,40,492,1,
openfhe,16,32768,40,35,17,16,1,1,14,512,34,1195,1,60,1255,18,635,60,695,34,40,492,1,
openfhe,16,32768,40,35,16,18,2,2,14,512,,,,,,,,,,1,,,0,예측 탈락(§8.5 규칙4): logQ 1230 + 예측 logP 1260 > 1747+60 → 컨텍스트 미생성
openfhe,16,32768,40,35,18,16,1,1,14,512,,,,,,,,,,1,,,0,예측 탈락(§8.5 규칙4): logQ 1230 + 예측 logP 1260 > 1747+60 → 컨텍스트 미생성
openfhe,16,32768,40,35,16,18,2,2,14,512,,,,,,,,,,2,,,0,예측 탈락(§8.5 규칙4): logQ 1230 + 예측 logP 660 > 1747+60 → 컨텍스트 미생성
openfhe,16,32768,40,35,18,16,1,1,14,512,,,,,,,,,,2,,,0,예측 탈락(§8.5 규칙4): logQ 1230 + 예측 logP 660 > 1747+60 → 컨텍스트 미생성
openfhe,16,32768,40,35,16,18,2,2,14,512,35,1230,8,480,1710,17,600,480,1080,3,425,37,1,
openfhe,16,32768,40,35,18,16,1,1,14,512,35,1230,8,480,1710,19,670,480,1150,3,425,37,1,
openfhe,16,32768,40,35,16,18,2,2,14,512,35,1230,6,360,1590,17,600,360,960,4,321,157,1,
openfhe,16,32768,40,35,18,16,1,1,14,512,35,1230,6,360,1590,19,670,360,1030,4,321,157,1,
openfhe,16,32768,40,35,16,18,2,2,14,512,35,1230,5,300,1530,17,600,300,900,5,251,217,1,
openfhe,16,32768,40,35,18,16,1,1,14,512,35,1230,5,300,1530,19,670,300,970,5,251,217,1,
openfhe,16,32768,40,35,16,18,2,2,14,512,35,1230,4,240,1470,17,600,240,840,6,215,277,1,
openfhe,16,32768,40,35,18,16,1,1,14,512,35,1230,4,240,1470,19,670,240,910,6,215,277,1,
openfhe,16,32768,40,35,16,18,2,2,14,512,35,1230,4,240,1470,17,600,240,840,7,181,277,1,
openfhe,16,32768,40,35,18,16,1,1,14,512,35,1230,4,240,1470,19,670,240,910,7,181,277,1,
openfhe,16,32768,40,35,16,18,2,2,14,512,35,1230,3,180,1410,17,600,180,780,9,145,337,1,
openfhe,16,32768,40,35,18,16,1,1,14,512,35,1230,3,180,1410,19,670,180,850,9,145,337,1,
openfhe,16,32768,40,35,16,18,2,2,14,512,35,1230,2,120,1350,17,600,120,720,12,111,397,1,
openfhe,16,32768,40,35,18,16,1,1,14,512,35,1230,2,120,1350,19,670,120,790,12,111,397,1,
openfhe,16,32768,40,35,16,18,2,2,14,512,35,1230,2,120,1350,17,600,120,720,18,75,397,1,
openfhe,16,32768,40,35,18,16,1,1,14,512,35,1230,2,120,1350,19,670,120,790,18,75,397,1,
openfhe,16,32768,40,35,16,18,2,2,14,512,35,1230,1,60,1290,17,600,60,660,35,40,457,1,
openfhe,16,32768,40,35,18,16,1,1,14,512,35,1230,1,60,1290,19,670,60,730,35,40,457,1,
openfhe,16,32768,40,35,15,20,3,3,14,512,,,,,,,,,,1,,,0,예측 탈락(§8.5 규칙4): logQ 1265 + 예측 logP 1320 > 1747+60 → 컨텍스트 미생성
openfhe,16,32768,40,35,17,18,2,2,14,512,,,,,,,,,,1,,,0,예측 탈락(§8.5 규칙4): logQ 1265 + 예측 logP 1320 > 1747+60 → 컨텍스트 미생성
openfhe,16,32768,40,35,19,16,1,1,14,512,,,,,,,,,,1,,,0,예측 탈락(§8.5 규칙4): logQ 1265 + 예측 logP 1320 > 1747+60 → 컨텍스트 미생성
openfhe,16,32768,40,35,15,20,3,3,14,512,,,,,,,,,,2,,,0,예측 탈락(§8.5 규칙4): logQ 1265 + 예측 logP 660 > 1747+60 → 컨텍스트 미생성
openfhe,16,32768,40,35,17,18,2,2,14,512,,,,,,,,,,2,,,0,예측 탈락(§8.5 규칙4): logQ 1265 + 예측 logP 660 > 1747+60 → 컨텍스트 미생성
openfhe,16,32768,40,35,19,16,1,1,14,512,,,,,,,,,,2,,,0,예측 탈락(§8.5 규칙4): logQ 1265 + 예측 logP 660 > 1747+60 → 컨텍스트 미생성
openfhe,16,32768,40,35,15,20,3,3,14,512,36,1265,8,480,1745,16,565,480,1045,3,426,2,1,
openfhe,16,32768,40,35,17,18,2,2,14,512,36,1265,8,480,1745,18,635,480,1115,3,426,2,1,
openfhe,16,32768,40,35,19,16,1,1,14,512,36,1265,8,480,1745,20,705,480,1185,3,426,2,1,
openfhe,16,32768,40,35,15,20,3,3,14,512,36,1265,6,360,1625,16,565,360,925,4,321,122,1,
openfhe,16,32768,40,35,17,18,2,2,14,512,36,1265,6,360,1625,18,635,360,995,4,321,122,1,
openfhe,16,32768,40,35,19,16,1,1,14,512,36,1265,6,360,1625,20,705,360,1065,4,321,122,1,
openfhe,16,32768,40,35,15,20,3,3,14,512,36,1265,5,300,1565,16,565,300,865,5,286,182,1,
openfhe,16,32768,40,35,17,18,2,2,14,512,36,1265,5,300,1565,18,635,300,935,5,286,182,1,
openfhe,16,32768,40,35,19,16,1,1,14,512,36,1265,5,300,1565,20,705,300,1005,5,286,182,1,
openfhe,16,32768,40,35,15,20,3,3,14,512,36,1265,4,240,1505,16,565,240,805,6,216,242,1,
openfhe,16,32768,40,35,17,18,2,2,14,512,36,1265,4,240,1505,18,635,240,875,6,216,242,1,
openfhe,16,32768,40,35,19,16,1,1,14,512,36,1265,4,240,1505,20,705,240,945,6,216,242,1,
openfhe,16,32768,40,35,15,20,3,3,14,512,36,1265,4,240,1505,16,565,240,805,8,181,242,1,
openfhe,16,32768,40,35,17,18,2,2,14,512,36,1265,4,240,1505,18,635,240,875,8,181,242,1,
openfhe,16,32768,40,35,19,16,1,1,14,512,36,1265,4,240,1505,20,705,240,945,8,181,242,1,
openfhe,16,32768,40,35,15,20,3,3,14,512,36,1265,3,180,1445,16,565,180,745,9,146,302,1,
openfhe,16,32768,40,35,17,18,2,2,14,512,36,1265,3,180,1445,18,635,180,815,9,146,302,1,
openfhe,16,32768,40,35,19,16,1,1,14,512,36,1265,3,180,1445,20,705,180,885,9,146,302,1,
openfhe,16,32768,40,35,15,20,3,3,14,512,36,1265,2,120,1385,16,565,120,685,12,111,362,1,
openfhe,16,32768,40,35,17,18,2,2,14,512,36,1265,2,120,1385,18,635,120,755,12,111,362,1,
openfhe,16,32768,40,35,19,16,1,1,14,512,36,1265,2,120,1385,20,705,120,825,12,111,362,1,
openfhe,16,32768,40,35,15,20,3,3,14,512,36,1265,2,120,1385,16,565,120,685,18,76,362,1,
openfhe,16,32768,40,35,17,18,2,2,14,512,36,1265,2,120,1385,18,635,120,755,18,76,362,1,
openfhe,16,32768,40,35,19,16,1,1,14,512,36,1265,2,120,1385,20,705,120,825,18,76,362,1,
openfhe,16,32768,40,35,15,20,3,3,14,512,36,1265,1,60,1325,16,565,60,625,36,40,422,1,
openfhe,16,32768,40,35,17,18,2,2,14,512,36,1265,1,60,1325,18,635,60,695,36,40,422,1,
openfhe,16,32768,40,35,19,16,1,1,14,512,36,1265,1,60,1325,20,705,60,765,36,40,422,1,
openfhe,16,32768,40,35,15,21,3,4,14,512,,,,,,,,,,1,,,0,예측 탈락(§8.5 규칙4): logQ 1300 + 예측 logP 1320 > 1747+60 → 컨텍스트 미생성
openfhe,16,32768,40,35,15,21,4,3,14,512,,,,,,,,,,1,,,0,예측 탈락(§8.5 규칙4): logQ 1300 + 예측 logP 1320 > 1747+60 → 컨텍스트 미생성
openfhe,16,32768,40,35,16,20,3,3,14,512,,,,,,,,,,1,,,0,예측 탈락(§8.5 규칙4): logQ 1300 + 예측 logP 1320 > 1747+60 → 컨텍스트 미생성
openfhe,16,32768,40,35,18,18,2,2,14,512,,,,,,,,,,1,,,0,예측 탈락(§8.5 규칙4): logQ 1300 + 예측 logP 1320 > 1747+60 → 컨텍스트 미생성
openfhe,16,32768,40,35,20,16,1,1,14,512,,,,,,,,,,1,,,0,예측 탈락(§8.5 규칙4): logQ 1300 + 예측 logP 1320 > 1747+60 → 컨텍스트 미생성
openfhe,16,32768,40,35,15,21,3,4,14,512,,,,,,,,,,2,,,0,예측 탈락(§8.5 규칙4): logQ 1300 + 예측 logP 720 > 1747+60 → 컨텍스트 미생성
openfhe,16,32768,40,35,15,21,4,3,14,512,,,,,,,,,,2,,,0,예측 탈락(§8.5 규칙4): logQ 1300 + 예측 logP 720 > 1747+60 → 컨텍스트 미생성
openfhe,16,32768,40,35,16,20,3,3,14,512,,,,,,,,,,2,,,0,예측 탈락(§8.5 규칙4): logQ 1300 + 예측 logP 720 > 1747+60 → 컨텍스트 미생성
openfhe,16,32768,40,35,18,18,2,2,14,512,,,,,,,,,,2,,,0,예측 탈락(§8.5 규칙4): logQ 1300 + 예측 logP 720 > 1747+60 → 컨텍스트 미생성
openfhe,16,32768,40,35,20,16,1,1,14,512,,,,,,,,,,2,,,0,예측 탈락(§8.5 규칙4): logQ 1300 + 예측 logP 720 > 1747+60 → 컨텍스트 미생성
openfhe,16,32768,40,35,15,21,3,4,14,512,37,1300,8,480,1780,16,565,480,1045,3,461,-33,0,logQP_boot 1780 > 1747
openfhe,16,32768,40,35,15,21,4,3,14,512,37,1300,8,480,1780,16,565,480,1045,3,461,-33,0,logQP_boot 1780 > 1747
openfhe,16,32768,40,35,16,20,3,3,14,512,37,1300,8,480,1780,17,600,480,1080,3,461,-33,0,logQP_boot 1780 > 1747
openfhe,16,32768,40,35,18,18,2,2,14,512,37,1300,8,480,1780,19,670,480,1150,3,461,-33,0,logQP_boot 1780 > 1747
openfhe,16,32768,40,35,20,16,1,1,14,512,37,1300,8,480,1780,21,740,480,1220,3,461,-33,0,logQP_boot 1780 > 1747
openfhe,16,32768,40,35,15,21,3,4,14,512,37,1300,6,360,1660,16,565,360,925,4,355,87,1,
openfhe,16,32768,40,35,15,21,4,3,14,512,37,1300,6,360,1660,16,565,360,925,4,355,87,1,
openfhe,16,32768,40,35,16,20,3,3,14,512,37,1300,6,360,1660,17,600,360,960,4,355,87,1,
openfhe,16,32768,40,35,18,18,2,2,14,512,37,1300,6,360,1660,19,670,360,1030,4,355,87,1,
openfhe,16,32768,40,35,20,16,1,1,14,512,37,1300,6,360,1660,21,740,360,1100,4,355,87,1,
openfhe,16,32768,40,35,15,21,3,4,14,512,37,1300,5,300,1600,16,565,300,865,5,285,147,1,
openfhe,16,32768,40,35,15,21,4,3,14,512,37,1300,5,300,1600,16,565,300,865,5,285,147,1,
openfhe,16,32768,40,35,16,20,3,3,14,512,37,1300,5,300,1600,17,600,300,900,5,285,147,1,
openfhe,16,32768,40,35,18,18,2,2,14,512,37,1300,5,300,1600,19,670,300,970,5,285,147,1,
openfhe,16,32768,40,35,20,16,1,1,14,512,37,1300,5,300,1600,21,740,300,1040,5,285,147,1,
openfhe,16,32768,40,35,15,21,3,4,14,512,37,1300,5,300,1600,16,565,300,865,6,251,147,1,
openfhe,16,32768,40,35,15,21,4,3,14,512,37,1300,5,300,1600,16,565,300,865,6,251,147,1,
openfhe,16,32768,40,35,16,20,3,3,14,512,37,1300,5,300,1600,17,600,300,900,6,251,147,1,
openfhe,16,32768,40,35,18,18,2,2,14,512,37,1300,5,300,1600,19,670,300,970,6,251,147,1,
openfhe,16,32768,40,35,20,16,1,1,14,512,37,1300,5,300,1600,21,740,300,1040,6,251,147,1,
openfhe,16,32768,40,35,15,21,3,4,14,512,37,1300,4,240,1540,16,565,240,805,7,215,207,1,
openfhe,16,32768,40,35,15,21,4,3,14,512,37,1300,4,240,1540,16,565,240,805,7,215,207,1,
openfhe,16,32768,40,35,16,20,3,3,14,512,37,1300,4,240,1540,17,600,240,840,7,215,207,1,
openfhe,16,32768,40,35,18,18,2,2,14,512,37,1300,4,240,1540,19,670,240,910,7,215,207,1,
openfhe,16,32768,40,35,20,16,1,1,14,512,37,1300,4,240,1540,21,740,240,980,7,215,207,1,
openfhe,16,32768,40,35,15,21,3,4,14,512,37,1300,4,240,1540,16,565,240,805,8,181,207,1,
openfhe,16,32768,40,35,15,21,4,3,14,512,37,1300,4,240,1540,16,565,240,805,8,181,207,1,
openfhe,16,32768,40,35,16,20,3,3,14,512,37,1300,4,240,1540,17,600,240,840,8,181,207,1,
openfhe,16,32768,40,35,18,18,2,2,14,512,37,1300,4,240,1540,19,670,240,910,8,181,207,1,
openfhe,16,32768,40,35,20,16,1,1,14,512,37,1300,4,240,1540,21,740,240,980,8,181,207,1,
openfhe,16,32768,40,35,15,21,3,4,14,512,37,1300,3,180,1480,16,565,180,745,10,145,267,1,
openfhe,16,32768,40,35,15,21,4,3,14,512,37,1300,3,180,1480,16,565,180,745,10,145,267,1,
openfhe,16,32768,40,35,16,20,3,3,14,512,37,1300,3,180,1480,17,600,180,780,10,145,267,1,
openfhe,16,32768,40,35,18,18,2,2,14,512,37,1300,3,180,1480,19,670,180,850,10,145,267,1,
openfhe,16,32768,40,35,20,16,1,1,14,512,37,1300,3,180,1480,21,740,180,920,10,145,267,1,
openfhe,16,32768,40,35,15,21,3,4,14,512,37,1300,2,120,1420,16,565,120,685,13,111,327,1,
openfhe,16,32768,40,35,15,21,4,3,14,512,37,1300,2,120,1420,16,565,120,685,13,111,327,1,
openfhe,16,32768,40,35,16,20,3,3,14,512,37,1300,2,120,1420,17,600,120,720,13,111,327,1,
openfhe,16,32768,40,35,18,18,2,2,14,512,37,1300,2,120,1420,19,670,120,790,13,111,327,1,
openfhe,16,32768,40,35,20,16,1,1,14,512,37,1300,2,120,1420,21,740,120,860,13,111,327,1,
openfhe,16,32768,40,35,15,21,3,4,14,512,37,1300,2,120,1420,16,565,120,685,19,75,327,1,
openfhe,16,32768,40,35,15,21,4,3,14,512,37,1300,2,120,1420,16,565,120,685,19,75,327,1,
openfhe,16,32768,40,35,16,20,3,3,14,512,37,1300,2,120,1420,17,600,120,720,19,75,327,1,
openfhe,16,32768,40,35,18,18,2,2,14,512,37,1300,2,120,1420,19,670,120,790,19,75,327,1,
openfhe,16,32768,40,35,20,16,1,1,14,512,37,1300,2,120,1420,21,740,120,860,19,75,327,1,
openfhe,16,32768,40,35,15,21,3,4,14,512,37,1300,1,60,1360,16,565,60,625,37,40,387,1,
openfhe,16,32768,40,35,15,21,4,3,14,512,37,1300,1,60,1360,16,565,60,625,37,40,387,1,
openfhe,16,32768,40,35,16,20,3,3,14,512,37,1300,1,60,1360,17,600,60,660,37,40,387,1,
openfhe,16,32768,40,35,18,18,2,2,14,512,37,1300,1,60,1360,19,670,60,730,37,40,387,1,
openfhe,16,32768,40,35,20,16,1,1,14,512,37,1300,1,60,1360,21,740,60,800,37,40,387,1,
openfhe,16,32768,40,35,15,22,4,4,14,512,,,,,,,,,,1,,,0,예측 탈락(§8.5 규칙4): logQ 1335 + 예측 logP 1380 > 1747+60 → 컨텍스트 미생성
openfhe,16,32768,40,35,16,21,3,4,14,512,,,,,,,,,,1,,,0,예측 탈락(§8.5 규칙4): logQ 1335 + 예측 logP 1380 > 1747+60 → 컨텍스트 미생성
openfhe,16,32768,40,35,16,21,4,3,14,512,,,,,,,,,,1,,,0,예측 탈락(§8.5 규칙4): logQ 1335 + 예측 logP 1380 > 1747+60 → 컨텍스트 미생성
openfhe,16,32768,40,35,17,20,3,3,14,512,,,,,,,,,,1,,,0,예측 탈락(§8.5 규칙4): logQ 1335 + 예측 logP 1380 > 1747+60 → 컨텍스트 미생성
openfhe,16,32768,40,35,19,18,2,2,14,512,,,,,,,,,,1,,,0,예측 탈락(§8.5 규칙4): logQ 1335 + 예측 logP 1380 > 1747+60 → 컨텍스트 미생성
openfhe,16,32768,40,35,15,22,4,4,14,512,,,,,,,,,,2,,,0,예측 탈락(§8.5 규칙4): logQ 1335 + 예측 logP 720 > 1747+60 → 컨텍스트 미생성
openfhe,16,32768,40,35,16,21,3,4,14,512,,,,,,,,,,2,,,0,예측 탈락(§8.5 규칙4): logQ 1335 + 예측 logP 720 > 1747+60 → 컨텍스트 미생성
openfhe,16,32768,40,35,16,21,4,3,14,512,,,,,,,,,,2,,,0,예측 탈락(§8.5 규칙4): logQ 1335 + 예측 logP 720 > 1747+60 → 컨텍스트 미생성
openfhe,16,32768,40,35,17,20,3,3,14,512,,,,,,,,,,2,,,0,예측 탈락(§8.5 규칙4): logQ 1335 + 예측 logP 720 > 1747+60 → 컨텍스트 미생성
openfhe,16,32768,40,35,19,18,2,2,14,512,,,,,,,,,,2,,,0,예측 탈락(§8.5 규칙4): logQ 1335 + 예측 logP 720 > 1747+60 → 컨텍스트 미생성
openfhe,16,32768,40,35,15,22,4,4,14,512,,,,,,,,,,3,,,0,예측 탈락(§8.5 규칙4): logQ 1335 + 예측 logP 480 > 1747+60 → 컨텍스트 미생성
openfhe,16,32768,40,35,16,21,3,4,14,512,,,,,,,,,,3,,,0,예측 탈락(§8.5 규칙4): logQ 1335 + 예측 logP 480 > 1747+60 → 컨텍스트 미생성
openfhe,16,32768,40,35,16,21,4,3,14,512,,,,,,,,,,3,,,0,예측 탈락(§8.5 규칙4): logQ 1335 + 예측 logP 480 > 1747+60 → 컨텍스트 미생성
openfhe,16,32768,40,35,17,20,3,3,14,512,,,,,,,,,,3,,,0,예측 탈락(§8.5 규칙4): logQ 1335 + 예측 logP 480 > 1747+60 → 컨텍스트 미생성
openfhe,16,32768,40,35,19,18,2,2,14,512,,,,,,,,,,3,,,0,예측 탈락(§8.5 규칙4): logQ 1335 + 예측 logP 480 > 1747+60 → 컨텍스트 미생성
openfhe,16,32768,40,35,15,22,4,4,14,512,38,1335,6,360,1695,16,565,360,925,4,356,52,1,
openfhe,16,32768,40,35,16,21,3,4,14,512,38,1335,6,360,1695,17,600,360,960,4,356,52,1,
openfhe,16,32768,40,35,16,21,4,3,14,512,38,1335,6,360,1695,17,600,360,960,4,356,52,1,
openfhe,16,32768,40,35,17,20,3,3,14,512,38,1335,6,360,1695,18,635,360,995,4,356,52,1,
openfhe,16,32768,40,35,19,18,2,2,14,512,38,1335,6,360,1695,20,705,360,1065,4,356,52,1,
openfhe,16,32768,40,35,15,22,4,4,14,512,38,1335,5,300,1635,16,565,300,865,5,286,112,1,
openfhe,16,32768,40,35,16,21,3,4,14,512,38,1335,5,300,1635,17,600,300,900,5,286,112,1,
openfhe,16,32768,40,35,16,21,4,3,14,512,38,1335,5,300,1635,17,600,300,900,5,286,112,1,
openfhe,16,32768,40,35,17,20,3,3,14,512,38,1335,5,300,1635,18,635,300,935,5,286,112,1,
openfhe,16,32768,40,35,19,18,2,2,14,512,38,1335,5,300,1635,20,705,300,1005,5,286,112,1,
openfhe,16,32768,40,35,15,22,4,4,14,512,38,1335,5,300,1635,16,565,300,865,6,251,112,1,
openfhe,16,32768,40,35,16,21,3,4,14,512,38,1335,5,300,1635,17,600,300,900,6,251,112,1,
openfhe,16,32768,40,35,16,21,4,3,14,512,38,1335,5,300,1635,17,600,300,900,6,251,112,1,
openfhe,16,32768,40,35,17,20,3,3,14,512,38,1335,5,300,1635,18,635,300,935,6,251,112,1,
openfhe,16,32768,40,35,19,18,2,2,14,512,38,1335,5,300,1635,20,705,300,1005,6,251,112,1,
openfhe,16,32768,40,35,15,22,4,4,14,512,38,1335,4,240,1575,16,565,240,805,7,216,172,1,
openfhe,16,32768,40,35,16,21,3,4,14,512,38,1335,4,240,1575,17,600,240,840,7,216,172,1,
openfhe,16,32768,40,35,16,21,4,3,14,512,38,1335,4,240,1575,17,600,240,840,7,216,172,1,
openfhe,16,32768,40,35,17,20,3,3,14,512,38,1335,4,240,1575,18,635,240,875,7,216,172,1,
openfhe,16,32768,40,35,19,18,2,2,14,512,38,1335,4,240,1575,20,705,240,945,7,216,172,1,
openfhe,16,32768,40,35,15,22,4,4,14,512,38,1335,4,240,1575,16,565,240,805,8,181,172,1,
openfhe,16,32768,40,35,16,21,3,4,14,512,38,1335,4,240,1575,17,600,240,840,8,181,172,1,
openfhe,16,32768,40,35,16,21,4,3,14,512,38,1335,4,240,1575,17,600,240,840,8,181,172,1,
openfhe,16,32768,40,35,17,20,3,3,14,512,38,1335,4,240,1575,18,635,240,875,8,181,172,1,
openfhe,16,32768,40,35,19,18,2,2,14,512,38,1335,4,240,1575,20,705,240,945,8,181,172,1,
openfhe,16,32768,40,35,15,22,4,4,14,512,38,1335,3,180,1515,16,565,180,745,10,146,232,1,
openfhe,16,32768,40,35,16,21,3,4,14,512,38,1335,3,180,1515,17,600,180,780,10,146,232,1,
openfhe,16,32768,40,35,16,21,4,3,14,512,38,1335,3,180,1515,17,600,180,780,10,146,232,1,
openfhe,16,32768,40,35,17,20,3,3,14,512,38,1335,3,180,1515,18,635,180,815,10,146,232,1,
openfhe,16,32768,40,35,19,18,2,2,14,512,38,1335,3,180,1515,20,705,180,885,10,146,232,1,
openfhe,16,32768,40,35,15,22,4,4,14,512,38,1335,2,120,1455,16,565,120,685,13,111,292,1,
openfhe,16,32768,40,35,16,21,3,4,14,512,38,1335,2,120,1455,17,600,120,720,13,111,292,1,
openfhe,16,32768,40,35,16,21,4,3,14,512,38,1335,2,120,1455,17,600,120,720,13,111,292,1,
openfhe,16,32768,40,35,17,20,3,3,14,512,38,1335,2,120,1455,18,635,120,755,13,111,292,1,
openfhe,16,32768,40,35,19,18,2,2,14,512,38,1335,2,120,1455,20,705,120,825,13,111,292,1,
openfhe,16,32768,40,35,15,22,4,4,14,512,38,1335,2,120,1455,16,565,120,685,19,76,292,1,
openfhe,16,32768,40,35,16,21,3,4,14,512,38,1335,2,120,1455,17,600,120,720,19,76,292,1,
openfhe,16,32768,40,35,16,21,4,3,14,512,38,1335,2,120,1455,17,600,120,720,19,76,292,1,
openfhe,16,32768,40,35,17,20,3,3,14,512,38,1335,2,120,1455,18,635,120,755,19,76,292,1,
openfhe,16,32768,40,35,19,18,2,2,14,512,38,1335,2,120,1455,20,705,120,825,19,76,292,1,
openfhe,16,32768,40,35,15,22,4,4,14,512,38,1335,1,60,1395,16,565,60,625,38,40,352,1,
openfhe,16,32768,40,35,16,21,3,4,14,512,38,1335,1,60,1395,17,600,60,660,38,40,352,1,
openfhe,16,32768,40,35,16,21,4,3,14,512,38,1335,1,60,1395,17,600,60,660,38,40,352,1,
openfhe,16,32768,40,35,17,20,3,3,14,512,38,1335,1,60,1395,18,635,60,695,38,40,352,1,
openfhe,16,32768,40,35,19,18,2,2,14,512,38,1335,1,60,1395,20,705,60,765,38,40,352,1,
openfhe,16,32768,40,35,16,22,4,4,14,512,,,,,,,,,,1,,,0,예측 탈락(§8.5 규칙4): logQ 1370 + 예측 logP 1380 > 1747+60 → 컨텍스트 미생성
openfhe,16,32768,40,35,17,21,3,4,14,512,,,,,,,,,,1,,,0,예측 탈락(§8.5 규칙4): logQ 1370 + 예측 logP 1380 > 1747+60 → 컨텍스트 미생성
openfhe,16,32768,40,35,17,21,4,3,14,512,,,,,,,,,,1,,,0,예측 탈락(§8.5 규칙4): logQ 1370 + 예측 logP 1380 > 1747+60 → 컨텍스트 미생성
openfhe,16,32768,40,35,18,20,3,3,14,512,,,,,,,,,,1,,,0,예측 탈락(§8.5 규칙4): logQ 1370 + 예측 logP 1380 > 1747+60 → 컨텍스트 미생성
openfhe,16,32768,40,35,20,18,2,2,14,512,,,,,,,,,,1,,,0,예측 탈락(§8.5 규칙4): logQ 1370 + 예측 logP 1380 > 1747+60 → 컨텍스트 미생성
openfhe,16,32768,40,35,16,22,4,4,14,512,,,,,,,,,,2,,,0,예측 탈락(§8.5 규칙4): logQ 1370 + 예측 logP 720 > 1747+60 → 컨텍스트 미생성
openfhe,16,32768,40,35,17,21,3,4,14,512,,,,,,,,,,2,,,0,예측 탈락(§8.5 규칙4): logQ 1370 + 예측 logP 720 > 1747+60 → 컨텍스트 미생성
openfhe,16,32768,40,35,17,21,4,3,14,512,,,,,,,,,,2,,,0,예측 탈락(§8.5 규칙4): logQ 1370 + 예측 logP 720 > 1747+60 → 컨텍스트 미생성
openfhe,16,32768,40,35,18,20,3,3,14,512,,,,,,,,,,2,,,0,예측 탈락(§8.5 규칙4): logQ 1370 + 예측 logP 720 > 1747+60 → 컨텍스트 미생성
openfhe,16,32768,40,35,20,18,2,2,14,512,,,,,,,,,,2,,,0,예측 탈락(§8.5 규칙4): logQ 1370 + 예측 logP 720 > 1747+60 → 컨텍스트 미생성
openfhe,16,32768,40,35,16,22,4,4,14,512,,,,,,,,,,3,,,0,예측 탈락(§8.5 규칙4): logQ 1370 + 예측 logP 480 > 1747+60 → 컨텍스트 미생성
openfhe,16,32768,40,35,17,21,3,4,14,512,,,,,,,,,,3,,,0,예측 탈락(§8.5 규칙4): logQ 1370 + 예측 logP 480 > 1747+60 → 컨텍스트 미생성
openfhe,16,32768,40,35,17,21,4,3,14,512,,,,,,,,,,3,,,0,예측 탈락(§8.5 규칙4): logQ 1370 + 예측 logP 480 > 1747+60 → 컨텍스트 미생성
openfhe,16,32768,40,35,18,20,3,3,14,512,,,,,,,,,,3,,,0,예측 탈락(§8.5 규칙4): logQ 1370 + 예측 logP 480 > 1747+60 → 컨텍스트 미생성
openfhe,16,32768,40,35,20,18,2,2,14,512,,,,,,,,,,3,,,0,예측 탈락(§8.5 규칙4): logQ 1370 + 예측 logP 480 > 1747+60 → 컨텍스트 미생성
openfhe,16,32768,40,35,16,22,4,4,14,512,39,1370,6,360,1730,17,600,360,960,4,355,17,1,
openfhe,16,32768,40,35,17,21,3,4,14,512,39,1370,6,360,1730,18,635,360,995,4,355,17,1,
openfhe,16,32768,40,35,17,21,4,3,14,512,39,1370,6,360,1730,18,635,360,995,4,355,17,1,
openfhe,16,32768,40,35,18,20,3,3,14,512,39,1370,6,360,1730,19,670,360,1030,4,355,17,1,
openfhe,16,32768,40,35,20,18,2,2,14,512,39,1370,6,360,1730,21,740,360,1100,4,355,17,1,
openfhe,16,32768,40,35,16,22,4,4,14,512,39,1370,5,300,1670,17,600,300,900,5,285,77,1,
openfhe,16,32768,40,35,17,21,3,4,14,512,39,1370,5,300,1670,18,635,300,935,5,285,77,1,
openfhe,16,32768,40,35,17,21,4,3,14,512,39,1370,5,300,1670,18,635,300,935,5,285,77,1,
openfhe,16,32768,40,35,18,20,3,3,14,512,39,1370,5,300,1670,19,670,300,970,5,285,77,1,
openfhe,16,32768,40,35,20,18,2,2,14,512,39,1370,5,300,1670,21,740,300,1040,5,285,77,1,
openfhe,16,32768,40,35,16,22,4,4,14,512,39,1370,5,300,1670,17,600,300,900,6,251,77,1,
openfhe,16,32768,40,35,17,21,3,4,14,512,39,1370,5,300,1670,18,635,300,935,6,251,77,1,
openfhe,16,32768,40,35,17,21,4,3,14,512,39,1370,5,300,1670,18,635,300,935,6,251,77,1,
openfhe,16,32768,40,35,18,20,3,3,14,512,39,1370,5,300,1670,19,670,300,970,6,251,77,1,
openfhe,16,32768,40,35,20,18,2,2,14,512,39,1370,5,300,1670,21,740,300,1040,6,251,77,1,
openfhe,16,32768,40,35,16,22,4,4,14,512,39,1370,4,240,1610,17,600,240,840,7,215,137,1,
openfhe,16,32768,40,35,17,21,3,4,14,512,39,1370,4,240,1610,18,635,240,875,7,215,137,1,
openfhe,16,32768,40,35,17,21,4,3,14,512,39,1370,4,240,1610,18,635,240,875,7,215,137,1,
openfhe,16,32768,40,35,18,20,3,3,14,512,39,1370,4,240,1610,19,670,240,910,7,215,137,1,
openfhe,16,32768,40,35,20,18,2,2,14,512,39,1370,4,240,1610,21,740,240,980,7,215,137,1,
openfhe,16,32768,40,35,16,22,4,4,14,512,39,1370,4,240,1610,17,600,240,840,8,181,137,1,
openfhe,16,32768,40,35,17,21,3,4,14,512,39,1370,4,240,1610,18,635,240,875,8,181,137,1,
openfhe,16,32768,40,35,17,21,4,3,14,512,39,1370,4,240,1610,18,635,240,875,8,181,137,1,
openfhe,16,32768,40,35,18,20,3,3,14,512,39,1370,4,240,1610,19,670,240,910,8,181,137,1,
openfhe,16,32768,40,35,20,18,2,2,14,512,39,1370,4,240,1610,21,740,240,980,8,181,137,1,
openfhe,16,32768,40,35,16,22,4,4,14,512,39,1370,3,180,1550,17,600,180,780,10,145,197,1,
openfhe,16,32768,40,35,17,21,3,4,14,512,39,1370,3,180,1550,18,635,180,815,10,145,197,1,
openfhe,16,32768,40,35,17,21,4,3,14,512,39,1370,3,180,1550,18,635,180,815,10,145,197,1,
openfhe,16,32768,40,35,18,20,3,3,14,512,39,1370,3,180,1550,19,670,180,850,10,145,197,1,
openfhe,16,32768,40,35,20,18,2,2,14,512,39,1370,3,180,1550,21,740,180,920,10,145,197,1,
openfhe,16,32768,40,35,16,22,4,4,14,512,39,1370,2,120,1490,17,600,120,720,13,111,257,1,
openfhe,16,32768,40,35,17,21,3,4,14,512,39,1370,2,120,1490,18,635,120,755,13,111,257,1,
openfhe,16,32768,40,35,17,21,4,3,14,512,39,1370,2,120,1490,18,635,120,755,13,111,257,1,
openfhe,16,32768,40,35,18,20,3,3,14,512,39,1370,2,120,1490,19,670,120,790,13,111,257,1,
openfhe,16,32768,40,35,20,18,2,2,14,512,39,1370,2,120,1490,21,740,120,860,13,111,257,1,
openfhe,16,32768,40,35,16,22,4,4,14,512,39,1370,2,120,1490,17,600,120,720,20,75,257,1,
openfhe,16,32768,40,35,17,21,3,4,14,512,39,1370,2,120,1490,18,635,120,755,20,75,257,1,
openfhe,16,32768,40,35,17,21,4,3,14,512,39,1370,2,120,1490,18,635,120,755,20,75,257,1,
openfhe,16,32768,40,35,18,20,3,3,14,512,39,1370,2,120,1490,19,670,120,790,20,75,257,1,
openfhe,16,32768,40,35,20,18,2,2,14,512,39,1370,2,120,1490,21,740,120,860,20,75,257,1,
openfhe,16,32768,40,35,16,22,4,4,14,512,39,1370,1,60,1430,17,600,60,660,39,40,317,1,
openfhe,16,32768,40,35,17,21,3,4,14,512,39,1370,1,60,1430,18,635,60,695,39,40,317,1,
openfhe,16,32768,40,35,17,21,4,3,14,512,39,1370,1,60,1430,18,635,60,695,39,40,317,1,
openfhe,16,32768,40,35,18,20,3,3,14,512,39,1370,1,60,1430,19,670,60,730,39,40,317,1,
openfhe,16,32768,40,35,20,18,2,2,14,512,39,1370,1,60,1430,21,740,60,800,39,40,317,1,
openfhe,16,32768,40,35,17,22,4,4,14,512,,,,,,,,,,1,,,0,예측 탈락(§8.5 규칙4): logQ 1405 + 예측 logP 1440 > 1747+60 → 컨텍스트 미생성
openfhe,16,32768,40,35,18,21,3,4,14,512,,,,,,,,,,1,,,0,예측 탈락(§8.5 규칙4): logQ 1405 + 예측 logP 1440 > 1747+60 → 컨텍스트 미생성
openfhe,16,32768,40,35,18,21,4,3,14,512,,,,,,,,,,1,,,0,예측 탈락(§8.5 규칙4): logQ 1405 + 예측 logP 1440 > 1747+60 → 컨텍스트 미생성
openfhe,16,32768,40,35,19,20,3,3,14,512,,,,,,,,,,1,,,0,예측 탈락(§8.5 규칙4): logQ 1405 + 예측 logP 1440 > 1747+60 → 컨텍스트 미생성
openfhe,16,32768,40,35,17,22,4,4,14,512,,,,,,,,,,2,,,0,예측 탈락(§8.5 규칙4): logQ 1405 + 예측 logP 720 > 1747+60 → 컨텍스트 미생성
openfhe,16,32768,40,35,18,21,3,4,14,512,,,,,,,,,,2,,,0,예측 탈락(§8.5 규칙4): logQ 1405 + 예측 logP 720 > 1747+60 → 컨텍스트 미생성
openfhe,16,32768,40,35,18,21,4,3,14,512,,,,,,,,,,2,,,0,예측 탈락(§8.5 규칙4): logQ 1405 + 예측 logP 720 > 1747+60 → 컨텍스트 미생성
openfhe,16,32768,40,35,19,20,3,3,14,512,,,,,,,,,,2,,,0,예측 탈락(§8.5 규칙4): logQ 1405 + 예측 logP 720 > 1747+60 → 컨텍스트 미생성
openfhe,16,32768,40,35,17,22,4,4,14,512,,,,,,,,,,3,,,0,예측 탈락(§8.5 규칙4): logQ 1405 + 예측 logP 540 > 1747+60 → 컨텍스트 미생성
openfhe,16,32768,40,35,18,21,3,4,14,512,,,,,,,,,,3,,,0,예측 탈락(§8.5 규칙4): logQ 1405 + 예측 logP 540 > 1747+60 → 컨텍스트 미생성
openfhe,16,32768,40,35,18,21,4,3,14,512,,,,,,,,,,3,,,0,예측 탈락(§8.5 규칙4): logQ 1405 + 예측 logP 540 > 1747+60 → 컨텍스트 미생성
openfhe,16,32768,40,35,19,20,3,3,14,512,,,,,,,,,,3,,,0,예측 탈락(§8.5 규칙4): logQ 1405 + 예측 logP 540 > 1747+60 → 컨텍스트 미생성
openfhe,16,32768,40,35,17,22,4,4,14,512,40,1405,6,360,1765,18,635,360,995,4,356,-18,0,logQP_boot 1765 > 1747
openfhe,16,32768,40,35,18,21,3,4,14,512,40,1405,6,360,1765,19,670,360,1030,4,356,-18,0,logQP_boot 1765 > 1747
openfhe,16,32768,40,35,18,21,4,3,14,512,40,1405,6,360,1765,19,670,360,1030,4,356,-18,0,logQP_boot 1765 > 1747
openfhe,16,32768,40,35,19,20,3,3,14,512,40,1405,6,360,1765,20,705,360,1065,4,356,-18,0,logQP_boot 1765 > 1747
openfhe,16,32768,40,35,17,22,4,4,14,512,40,1405,5,300,1705,18,635,300,935,5,286,42,1,
openfhe,16,32768,40,35,18,21,3,4,14,512,40,1405,5,300,1705,19,670,300,970,5,286,42,1,
openfhe,16,32768,40,35,18,21,4,3,14,512,40,1405,5,300,1705,19,670,300,970,5,286,42,1,
openfhe,16,32768,40,35,19,20,3,3,14,512,40,1405,5,300,1705,20,705,300,1005,5,286,42,1,
openfhe,16,32768,40,35,17,22,4,4,14,512,40,1405,5,300,1705,18,635,300,935,6,251,42,1,
openfhe,16,32768,40,35,18,21,3,4,14,512,40,1405,5,300,1705,19,670,300,970,6,251,42,1,
openfhe,16,32768,40,35,18,21,4,3,14,512,40,1405,5,300,1705,19,670,300,970,6,251,42,1,
openfhe,16,32768,40,35,19,20,3,3,14,512,40,1405,5,300,1705,20,705,300,1005,6,251,42,1,
openfhe,16,32768,40,35,17,22,4,4,14,512,40,1405,4,240,1645,18,635,240,875,7,216,102,1,
openfhe,16,32768,40,35,18,21,3,4,14,512,40,1405,4,240,1645,19,670,240,910,7,216,102,1,
openfhe,16,32768,40,35,18,21,4,3,14,512,40,1405,4,240,1645,19,670,240,910,7,216,102,1,
openfhe,16,32768,40,35,19,20,3,3,14,512,40,1405,4,240,1645,20,705,240,945,7,216,102,1,
openfhe,16,32768,40,35,17,22,4,4,14,512,40,1405,4,240,1645,18,635,240,875,8,181,102,1,
openfhe,16,32768,40,35,18,21,3,4,14,512,40,1405,4,240,1645,19,670,240,910,8,181,102,1,
openfhe,16,32768,40,35,18,21,4,3,14,512,40,1405,4,240,1645,19,670,240,910,8,181,102,1,
openfhe,16,32768,40,35,19,20,3,3,14,512,40,1405,4,240,1645,20,705,240,945,8,181,102,1,
openfhe,16,32768,40,35,17,22,4,4,14,512,40,1405,3,180,1585,18,635,180,815,10,146,162,1,
openfhe,16,32768,40,35,18,21,3,4,14,512,40,1405,3,180,1585,19,670,180,850,10,146,162,1,
openfhe,16,32768,40,35,18,21,4,3,14,512,40,1405,3,180,1585,19,670,180,850,10,146,162,1,
openfhe,16,32768,40,35,19,20,3,3,14,512,40,1405,3,180,1585,20,705,180,885,10,146,162,1,
openfhe,16,32768,40,35,17,22,4,4,14,512,40,1405,2,120,1525,18,635,120,755,14,111,222,1,
openfhe,16,32768,40,35,18,21,3,4,14,512,40,1405,2,120,1525,19,670,120,790,14,111,222,1,
openfhe,16,32768,40,35,18,21,4,3,14,512,40,1405,2,120,1525,19,670,120,790,14,111,222,1,
openfhe,16,32768,40,35,19,20,3,3,14,512,40,1405,2,120,1525,20,705,120,825,14,111,222,1,
openfhe,16,32768,40,35,17,22,4,4,14,512,40,1405,2,120,1525,18,635,120,755,20,76,222,1,
openfhe,16,32768,40,35,18,21,3,4,14,512,40,1405,2,120,1525,19,670,120,790,20,76,222,1,
openfhe,16,32768,40,35,18,21,4,3,14,512,40,1405,2,120,1525,19,670,120,790,20,76,222,1,
openfhe,16,32768,40,35,19,20,3,3,14,512,40,1405,2,120,1525,20,705,120,825,20,76,222,1,
openfhe,16,32768,40,35,17,22,4,4,14,512,40,1405,1,60,1465,18,635,60,695,40,40,282,1,
openfhe,16,32768,40,35,18,21,3,4,14,512,40,1405,1,60,1465,19,670,60,730,40,40,282,1,
openfhe,16,32768,40,35,18,21,4,3,14,512,40,1405,1,60,1465,19,670,60,730,40,40,282,1,
openfhe,16,32768,40,35,19,20,3,3,14,512,40,1405,1,60,1465,20,705,60,765,40,40,282,1,
openfhe,16,32768,40,35,18,22,4,4,14,512,,,,,,,,,,1,,,0,예측 탈락(§8.5 규칙4): logQ 1440 + 예측 logP 1440 > 1747+60 → 컨텍스트 미생성
openfhe,16,32768,40,35,19,21,3,4,14,512,,,,,,,,,,1,,,0,예측 탈락(§8.5 규칙4): logQ 1440 + 예측 logP 1440 > 1747+60 → 컨텍스트 미생성
openfhe,16,32768,40,35,19,21,4,3,14,512,,,,,,,,,,1,,,0,예측 탈락(§8.5 규칙4): logQ 1440 + 예측 logP 1440 > 1747+60 → 컨텍스트 미생성
openfhe,16,32768,40,35,20,20,3,3,14,512,,,,,,,,,,1,,,0,예측 탈락(§8.5 규칙4): logQ 1440 + 예측 logP 1440 > 1747+60 → 컨텍스트 미생성
openfhe,16,32768,40,35,18,22,4,4,14,512,,,,,,,,,,2,,,0,예측 탈락(§8.5 규칙4): logQ 1440 + 예측 logP 780 > 1747+60 → 컨텍스트 미생성
openfhe,16,32768,40,35,19,21,3,4,14,512,,,,,,,,,,2,,,0,예측 탈락(§8.5 규칙4): logQ 1440 + 예측 logP 780 > 1747+60 → 컨텍스트 미생성
openfhe,16,32768,40,35,19,21,4,3,14,512,,,,,,,,,,2,,,0,예측 탈락(§8.5 규칙4): logQ 1440 + 예측 logP 780 > 1747+60 → 컨텍스트 미생성
openfhe,16,32768,40,35,20,20,3,3,14,512,,,,,,,,,,2,,,0,예측 탈락(§8.5 규칙4): logQ 1440 + 예측 logP 780 > 1747+60 → 컨텍스트 미생성
openfhe,16,32768,40,35,18,22,4,4,14,512,,,,,,,,,,3,,,0,예측 탈락(§8.5 규칙4): logQ 1440 + 예측 logP 540 > 1747+60 → 컨텍스트 미생성
openfhe,16,32768,40,35,19,21,3,4,14,512,,,,,,,,,,3,,,0,예측 탈락(§8.5 규칙4): logQ 1440 + 예측 logP 540 > 1747+60 → 컨텍스트 미생성
openfhe,16,32768,40,35,19,21,4,3,14,512,,,,,,,,,,3,,,0,예측 탈락(§8.5 규칙4): logQ 1440 + 예측 logP 540 > 1747+60 → 컨텍스트 미생성
openfhe,16,32768,40,35,20,20,3,3,14,512,,,,,,,,,,3,,,0,예측 탈락(§8.5 규칙4): logQ 1440 + 예측 logP 540 > 1747+60 → 컨텍스트 미생성
openfhe,16,32768,40,35,18,22,4,4,14,512,,,,,,,,,,4,,,0,예측 탈락(§8.5 규칙4): logQ 1440 + 예측 logP 420 > 1747+60 → 컨텍스트 미생성
openfhe,16,32768,40,35,19,21,3,4,14,512,,,,,,,,,,4,,,0,예측 탈락(§8.5 규칙4): logQ 1440 + 예측 logP 420 > 1747+60 → 컨텍스트 미생성
openfhe,16,32768,40,35,19,21,4,3,14,512,,,,,,,,,,4,,,0,예측 탈락(§8.5 규칙4): logQ 1440 + 예측 logP 420 > 1747+60 → 컨텍스트 미생성
openfhe,16,32768,40,35,20,20,3,3,14,512,,,,,,,,,,4,,,0,예측 탈락(§8.5 규칙4): logQ 1440 + 예측 logP 420 > 1747+60 → 컨텍스트 미생성
openfhe,16,32768,40,35,18,22,4,4,14,512,41,1440,6,360,1800,19,670,360,1030,5,321,-53,0,logQP_boot 1800 > 1747
openfhe,16,32768,40,35,19,21,3,4,14,512,41,1440,6,360,1800,20,705,360,1065,5,321,-53,0,logQP_boot 1800 > 1747
openfhe,16,32768,40,35,19,21,4,3,14,512,41,1440,6,360,1800,20,705,360,1065,5,321,-53,0,logQP_boot 1800 > 1747
openfhe,16,32768,40,35,20,20,3,3,14,512,41,1440,6,360,1800,21,740,360,1100,5,321,-53,0,logQP_boot 1800 > 1747
openfhe,16,32768,40,35,18,22,4,4,14,512,41,1440,5,300,1740,19,670,300,970,6,251,7,1,
openfhe,16,32768,40,35,19,21,3,4,14,512,41,1440,5,300,1740,20,705,300,1005,6,251,7,1,
openfhe,16,32768,40,35,19,21,4,3,14,512,41,1440,5,300,1740,20,705,300,1005,6,251,7,1,
openfhe,16,32768,40,35,20,20,3,3,14,512,41,1440,5,300,1740,21,740,300,1040,6,251,7,1,
openfhe,16,32768,40,35,18,22,4,4,14,512,41,1440,4,240,1680,19,670,240,910,7,215,67,1,
openfhe,16,32768,40,35,19,21,3,4,14,512,41,1440,4,240,1680,20,705,240,945,7,215,67,1,
openfhe,16,32768,40,35,19,21,4,3,14,512,41,1440,4,240,1680,20,705,240,945,7,215,67,1,
openfhe,16,32768,40,35,20,20,3,3,14,512,41,1440,4,240,1680,21,740,240,980,7,215,67,1,
openfhe,16,32768,40,35,18,22,4,4,14,512,41,1440,4,240,1680,19,670,240,910,9,181,67,1,
openfhe,16,32768,40,35,19,21,3,4,14,512,41,1440,4,240,1680,20,705,240,945,9,181,67,1,
openfhe,16,32768,40,35,19,21,4,3,14,512,41,1440,4,240,1680,20,705,240,945,9,181,67,1,
openfhe,16,32768,40,35,20,20,3,3,14,512,41,1440,4,240,1680,21,740,240,980,9,181,67,1,
openfhe,16,32768,40,35,18,22,4,4,14,512,41,1440,3,180,1620,19,670,180,850,11,145,127,1,
openfhe,16,32768,40,35,19,21,3,4,14,512,41,1440,3,180,1620,20,705,180,885,11,145,127,1,
openfhe,16,32768,40,35,19,21,4,3,14,512,41,1440,3,180,1620,20,705,180,885,11,145,127,1,
openfhe,16,32768,40,35,20,20,3,3,14,512,41,1440,3,180,1620,21,740,180,920,11,145,127,1,
openfhe,16,32768,40,35,18,22,4,4,14,512,41,1440,2,120,1560,19,670,120,790,14,111,187,1,
openfhe,16,32768,40,35,19,21,3,4,14,512,41,1440,2,120,1560,20,705,120,825,14,111,187,1,
openfhe,16,32768,40,35,19,21,4,3,14,512,41,1440,2,120,1560,20,705,120,825,14,111,187,1,
openfhe,16,32768,40,35,20,20,3,3,14,512,41,1440,2,120,1560,21,740,120,860,14,111,187,1,
openfhe,16,32768,40,35,18,22,4,4,14,512,41,1440,2,120,1560,19,670,120,790,21,75,187,1,
openfhe,16,32768,40,35,19,21,3,4,14,512,41,1440,2,120,1560,20,705,120,825,21,75,187,1,
openfhe,16,32768,40,35,19,21,4,3,14,512,41,1440,2,120,1560,20,705,120,825,21,75,187,1,
openfhe,16,32768,40,35,20,20,3,3,14,512,41,1440,2,120,1560,21,740,120,860,21,75,187,1,
openfhe,16,32768,40,35,18,22,4,4,14,512,41,1440,1,60,1500,19,670,60,730,41,40,247,1,
openfhe,16,32768,40,35,19,21,3,4,14,512,41,1440,1,60,1500,20,705,60,765,41,40,247,1,
openfhe,16,32768,40,35,19,21,4,3,14,512,41,1440,1,60,1500,20,705,60,765,41,40,247,1,
openfhe,16,32768,40,35,20,20,3,3,14,512,41,1440,1,60,1500,21,740,60,800,41,40,247,1,
openfhe,16,32768,40,35,19,22,4,4,14,512,,,,,,,,,,1,,,0,예측 탈락(§8.5 규칙4): logQ 1475 + 예측 logP 1500 > 1747+60 → 컨텍스트 미생성
openfhe,16,32768,40,35,20,21,3,4,14,512,,,,,,,,,,1,,,0,예측 탈락(§8.5 규칙4): logQ 1475 + 예측 logP 1500 > 1747+60 → 컨텍스트 미생성
openfhe,16,32768,40,35,20,21,4,3,14,512,,,,,,,,,,1,,,0,예측 탈락(§8.5 규칙4): logQ 1475 + 예측 logP 1500 > 1747+60 → 컨텍스트 미생성
openfhe,16,32768,40,35,19,22,4,4,14,512,,,,,,,,,,2,,,0,예측 탈락(§8.5 규칙4): logQ 1475 + 예측 logP 780 > 1747+60 → 컨텍스트 미생성
openfhe,16,32768,40,35,20,21,3,4,14,512,,,,,,,,,,2,,,0,예측 탈락(§8.5 규칙4): logQ 1475 + 예측 logP 780 > 1747+60 → 컨텍스트 미생성
openfhe,16,32768,40,35,20,21,4,3,14,512,,,,,,,,,,2,,,0,예측 탈락(§8.5 규칙4): logQ 1475 + 예측 logP 780 > 1747+60 → 컨텍스트 미생성
openfhe,16,32768,40,35,19,22,4,4,14,512,,,,,,,,,,3,,,0,예측 탈락(§8.5 규칙4): logQ 1475 + 예측 logP 540 > 1747+60 → 컨텍스트 미생성
openfhe,16,32768,40,35,20,21,3,4,14,512,,,,,,,,,,3,,,0,예측 탈락(§8.5 규칙4): logQ 1475 + 예측 logP 540 > 1747+60 → 컨텍스트 미생성
openfhe,16,32768,40,35,20,21,4,3,14,512,,,,,,,,,,3,,,0,예측 탈락(§8.5 규칙4): logQ 1475 + 예측 logP 540 > 1747+60 → 컨텍스트 미생성
openfhe,16,32768,40,35,19,22,4,4,14,512,,,,,,,,,,4,,,0,예측 탈락(§8.5 규칙4): logQ 1475 + 예측 logP 420 > 1747+60 → 컨텍스트 미생성
openfhe,16,32768,40,35,20,21,3,4,14,512,,,,,,,,,,4,,,0,예측 탈락(§8.5 규칙4): logQ 1475 + 예측 logP 420 > 1747+60 → 컨텍스트 미생성
openfhe,16,32768,40,35,20,21,4,3,14,512,,,,,,,,,,4,,,0,예측 탈락(§8.5 규칙4): logQ 1475 + 예측 logP 420 > 1747+60 → 컨텍스트 미생성
openfhe,16,32768,40,35,19,22,4,4,14,512,,,,,,,,,,5,,,0,예측 탈락(§8.5 규칙4): logQ 1475 + 예측 logP 360 > 1747+60 → 컨텍스트 미생성
openfhe,16,32768,40,35,20,21,3,4,14,512,,,,,,,,,,5,,,0,예측 탈락(§8.5 규칙4): logQ 1475 + 예측 logP 360 > 1747+60 → 컨텍스트 미생성
openfhe,16,32768,40,35,20,21,4,3,14,512,,,,,,,,,,5,,,0,예측 탈락(§8.5 규칙4): logQ 1475 + 예측 logP 360 > 1747+60 → 컨텍스트 미생성
openfhe,16,32768,40,35,19,22,4,4,14,512,42,1475,5,300,1775,20,705,300,1005,6,251,-28,0,logQP_boot 1775 > 1747
openfhe,16,32768,40,35,20,21,3,4,14,512,42,1475,5,300,1775,21,740,300,1040,6,251,-28,0,logQP_boot 1775 > 1747
openfhe,16,32768,40,35,20,21,4,3,14,512,42,1475,5,300,1775,21,740,300,1040,6,251,-28,0,logQP_boot 1775 > 1747
openfhe,16,32768,40,35,19,22,4,4,14,512,42,1475,4,240,1715,20,705,240,945,7,216,32,1,
openfhe,16,32768,40,35,20,21,3,4,14,512,42,1475,4,240,1715,21,740,240,980,7,216,32,1,
openfhe,16,32768,40,35,20,21,4,3,14,512,42,1475,4,240,1715,21,740,240,980,7,216,32,1,
openfhe,16,32768,40,35,19,22,4,4,14,512,42,1475,4,240,1715,20,705,240,945,9,181,32,1,
openfhe,16,32768,40,35,20,21,3,4,14,512,42,1475,4,240,1715,21,740,240,980,9,181,32,1,
openfhe,16,32768,40,35,20,21,4,3,14,512,42,1475,4,240,1715,21,740,240,980,9,181,32,1,
openfhe,16,32768,40,35,19,22,4,4,14,512,42,1475,3,180,1655,20,705,180,885,11,146,92,1,
openfhe,16,32768,40,35,20,21,3,4,14,512,42,1475,3,180,1655,21,740,180,920,11,146,92,1,
openfhe,16,32768,40,35,20,21,4,3,14,512,42,1475,3,180,1655,21,740,180,920,11,146,92,1,
openfhe,16,32768,40,35,19,22,4,4,14,512,42,1475,2,120,1595,20,705,120,825,14,111,152,1,
openfhe,16,32768,40,35,20,21,3,4,14,512,42,1475,2,120,1595,21,740,120,860,14,111,152,1,
openfhe,16,32768,40,35,20,21,4,3,14,512,42,1475,2,120,1595,21,740,120,860,14,111,152,1,
openfhe,16,32768,40,35,19,22,4,4,14,512,42,1475,2,120,1595,20,705,120,825,21,76,152,1,
openfhe,16,32768,40,35,20,21,3,4,14,512,42,1475,2,120,1595,21,740,120,860,21,76,152,1,
openfhe,16,32768,40,35,20,21,4,3,14,512,42,1475,2,120,1595,21,740,120,860,21,76,152,1,
openfhe,16,32768,40,35,19,22,4,4,14,512,42,1475,1,60,1535,20,705,60,765,42,40,212,1,
openfhe,16,32768,40,35,20,21,3,4,14,512,42,1475,1,60,1535,21,740,60,800,42,40,212,1,
openfhe,16,32768,40,35,20,21,4,3,14,512,42,1475,1,60,1535,21,740,60,800,42,40,212,1,
openfhe,16,32768,40,35,20,22,4,4,14,512,,,,,,,,,,1,,,0,예측 탈락(§8.5 규칙4): logQ 1510 + 예측 logP 1560 > 1747+60 → 컨텍스트 미생성
openfhe,16,32768,40,35,20,22,4,4,14,512,,,,,,,,,,2,,,0,예측 탈락(§8.5 규칙4): logQ 1510 + 예측 logP 780 > 1747+60 → 컨텍스트 미생성
openfhe,16,32768,40,35,20,22,4,4,14,512,,,,,,,,,,3,,,0,예측 탈락(§8.5 규칙4): logQ 1510 + 예측 logP 540 > 1747+60 → 컨텍스트 미생성
openfhe,16,32768,40,35,20,22,4,4,14,512,,,,,,,,,,4,,,0,예측 탈락(§8.5 규칙4): logQ 1510 + 예측 logP 420 > 1747+60 → 컨텍스트 미생성
openfhe,16,32768,40,35,20,22,4,4,14,512,,,,,,,,,,5,,,0,예측 탈락(§8.5 규칙4): logQ 1510 + 예측 logP 360 > 1747+60 → 컨텍스트 미생성
openfhe,16,32768,40,35,20,22,4,4,14,512,,,,,,,,,,6,,,0,예측 탈락(§8.5 규칙4): logQ 1510 + 예측 logP 300 > 1747+60 → 컨텍스트 미생성
openfhe,16,32768,40,35,20,22,4,4,14,512,,,,,,,,,,7,,,0,예측 탈락(§8.5 규칙4): logQ 1510 + 예측 logP 300 > 1747+60 → 컨텍스트 미생성
openfhe,16,32768,40,35,20,22,4,4,14,512,43,1510,4,240,1750,21,740,240,980,8,215,-3,0,logQP_boot 1750 > 1747
openfhe,16,32768,40,35,20,22,4,4,14,512,43,1510,4,240,1750,21,740,240,980,9,181,-3,0,logQP_boot 1750 > 1747
openfhe,16,32768,40,35,20,22,4,4,14,512,43,1510,3,180,1690,21,740,180,920,11,145,57,1,
openfhe,16,32768,40,35,20,22,4,4,14,512,43,1510,2,120,1630,21,740,120,860,15,111,117,1,
openfhe,16,32768,40,35,20,22,4,4,14,512,43,1510,2,120,1630,21,740,120,860,22,75,117,1,
openfhe,16,32768,40,35,20,22,4,4,14,512,43,1510,1,60,1570,21,740,60,800,43,40,177,1,
openfhe,16,32768,40,38,15,16,1,1,14,512,,,,,,,,,,1,,,0,예측 탈락(§8.5 규칙4): logQ 1218 + 예측 logP 1260 > 1747+60 → 컨텍스트 미생성
openfhe,16,32768,40,38,15,16,1,1,14,512,,,,,,,,,,2,,,0,예측 탈락(§8.5 규칙4): logQ 1218 + 예측 logP 660 > 1747+60 → 컨텍스트 미생성
openfhe,16,32768,40,38,15,16,1,1,14,512,32,1218,7,420,1638,16,610,420,1030,3,420,109,1,
openfhe,16,32768,40,38,15,16,1,1,14,512,32,1218,6,360,1578,16,610,360,970,4,307,169,1,
openfhe,16,32768,40,38,15,16,1,1,14,512,32,1218,5,300,1518,16,610,300,910,5,269,229,1,
openfhe,16,32768,40,38,15,16,1,1,14,512,32,1218,4,240,1458,16,610,240,850,6,231,289,1,
openfhe,16,32768,40,38,15,16,1,1,14,512,32,1218,4,240,1458,16,610,240,850,7,192,289,1,
openfhe,16,32768,40,38,15,16,1,1,14,512,32,1218,3,180,1398,16,610,180,790,8,155,349,1,
openfhe,16,32768,40,38,15,16,1,1,14,512,32,1218,2,120,1338,16,610,120,730,11,116,409,1,
openfhe,16,32768,40,38,15,16,1,1,14,512,32,1218,2,120,1338,16,610,120,730,16,79,409,1,
openfhe,16,32768,40,38,15,16,1,1,14,512,32,1218,1,60,1278,16,610,60,670,32,40,469,1,
openfhe,16,32768,40,38,16,16,1,1,14,512,,,,,,,,,,1,,,0,예측 탈락(§8.5 규칙4): logQ 1256 + 예측 logP 1260 > 1747+60 → 컨텍스트 미생성
openfhe,16,32768,40,38,16,16,1,1,14,512,,,,,,,,,,2,,,0,예측 탈락(§8.5 규칙4): logQ 1256 + 예측 logP 660 > 1747+60 → 컨텍스트 미생성
openfhe,16,32768,40,38,16,16,1,1,14,512,33,1256,7,420,1676,17,648,420,1068,3,420,71,1,
openfhe,16,32768,40,38,16,16,1,1,14,512,33,1256,6,360,1616,17,648,360,1008,4,344,131,1,
openfhe,16,32768,40,38,16,16,1,1,14,512,33,1256,5,300,1556,17,648,300,948,5,268,191,1,
openfhe,16,32768,40,38,16,16,1,1,14,512,33,1256,4,240,1496,17,648,240,888,6,230,251,1,
openfhe,16,32768,40,38,16,16,1,1,14,512,33,1256,4,240,1496,17,648,240,888,7,192,251,1,
openfhe,16,32768,40,38,16,16,1,1,14,512,33,1256,3,180,1436,17,648,180,828,9,154,311,1,
openfhe,16,32768,40,38,16,16,1,1,14,512,33,1256,2,120,1376,17,648,120,768,11,116,371,1,
openfhe,16,32768,40,38,16,16,1,1,14,512,33,1256,2,120,1376,17,648,120,768,17,78,371,1,
openfhe,16,32768,40,38,16,16,1,1,14,512,33,1256,1,60,1316,17,648,60,708,33,40,431,1,
openfhe,16,32768,40,38,15,18,2,2,14,512,,,,,,,,,,1,,,0,예측 탈락(§8.5 규칙4): logQ 1294 + 예측 logP 1320 > 1747+60 → 컨텍스트 미생성
openfhe,16,32768,40,38,17,16,1,1,14,512,,,,,,,,,,1,,,0,예측 탈락(§8.5 규칙4): logQ 1294 + 예측 logP 1320 > 1747+60 → 컨텍스트 미생성
openfhe,16,32768,40,38,15,18,2,2,14,512,,,,,,,,,,2,,,0,예측 탈락(§8.5 규칙4): logQ 1294 + 예측 logP 660 > 1747+60 → 컨텍스트 미생성
openfhe,16,32768,40,38,17,16,1,1,14,512,,,,,,,,,,2,,,0,예측 탈락(§8.5 규칙4): logQ 1294 + 예측 logP 660 > 1747+60 → 컨텍스트 미생성
openfhe,16,32768,40,38,15,18,2,2,14,512,34,1294,8,480,1774,16,610,480,1090,3,459,-27,0,logQP_boot 1774 > 1747
openfhe,16,32768,40,38,17,16,1,1,14,512,34,1294,8,480,1774,18,686,480,1166,3,459,-27,0,logQP_boot 1774 > 1747
openfhe,16,32768,40,38,15,18,2,2,14,512,34,1294,6,360,1654,16,610,360,970,4,344,93,1,
openfhe,16,32768,40,38,17,16,1,1,14,512,34,1294,6,360,1654,18,686,360,1046,4,344,93,1,
openfhe,16,32768,40,38,15,18,2,2,14,512,34,1294,5,300,1594,16,610,300,910,5,268,153,1,
openfhe,16,32768,40,38,17,16,1,1,14,512,34,1294,5,300,1594,18,686,300,986,5,268,153,1,
openfhe,16,32768,40,38,15,18,2,2,14,512,34,1294,4,240,1534,16,610,240,850,6,231,213,1,
openfhe,16,32768,40,38,17,16,1,1,14,512,34,1294,4,240,1534,18,686,240,926,6,231,213,1,
openfhe,16,32768,40,38,15,18,2,2,14,512,34,1294,4,240,1534,16,610,240,850,7,192,213,1,
openfhe,16,32768,40,38,17,16,1,1,14,512,34,1294,4,240,1534,18,686,240,926,7,192,213,1,
openfhe,16,32768,40,38,15,18,2,2,14,512,34,1294,3,180,1474,16,610,180,790,9,155,273,1,
openfhe,16,32768,40,38,17,16,1,1,14,512,34,1294,3,180,1474,18,686,180,866,9,155,273,1,
openfhe,16,32768,40,38,15,18,2,2,14,512,34,1294,2,120,1414,16,610,120,730,12,116,333,1,
openfhe,16,32768,40,38,17,16,1,1,14,512,34,1294,2,120,1414,18,686,120,806,12,116,333,1,
openfhe,16,32768,40,38,15,18,2,2,14,512,34,1294,2,120,1414,16,610,120,730,17,79,333,1,
openfhe,16,32768,40,38,17,16,1,1,14,512,34,1294,2,120,1414,18,686,120,806,17,79,333,1,
openfhe,16,32768,40,38,15,18,2,2,14,512,34,1294,1,60,1354,16,610,60,670,34,40,393,1,
openfhe,16,32768,40,38,17,16,1,1,14,512,34,1294,1,60,1354,18,686,60,746,34,40,393,1,
openfhe,16,32768,40,38,16,18,2,2,14,512,,,,,,,,,,1,,,0,예측 탈락(§8.5 규칙4): logQ 1332 + 예측 logP 1380 > 1747+60 → 컨텍스트 미생성
openfhe,16,32768,40,38,18,16,1,1,14,512,,,,,,,,,,1,,,0,예측 탈락(§8.5 규칙4): logQ 1332 + 예측 logP 1380 > 1747+60 → 컨텍스트 미생성
openfhe,16,32768,40,38,16,18,2,2,14,512,,,,,,,,,,2,,,0,예측 탈락(§8.5 규칙4): logQ 1332 + 예측 logP 720 > 1747+60 → 컨텍스트 미생성
openfhe,16,32768,40,38,18,16,1,1,14,512,,,,,,,,,,2,,,0,예측 탈락(§8.5 규칙4): logQ 1332 + 예측 logP 720 > 1747+60 → 컨텍스트 미생성
openfhe,16,32768,40,38,16,18,2,2,14,512,,,,,,,,,,3,,,0,예측 탈락(§8.5 규칙4): logQ 1332 + 예측 logP 480 > 1747+60 → 컨텍스트 미생성
openfhe,16,32768,40,38,18,16,1,1,14,512,,,,,,,,,,3,,,0,예측 탈락(§8.5 규칙4): logQ 1332 + 예측 logP 480 > 1747+60 → 컨텍스트 미생성
openfhe,16,32768,40,38,16,18,2,2,14,512,35,1332,6,360,1692,17,648,360,1008,4,344,55,1,
openfhe,16,32768,40,38,18,16,1,1,14,512,35,1332,6,360,1692,19,724,360,1084,4,344,55,1,
openfhe,16,32768,40,38,16,18,2,2,14,512,35,1332,5,300,1632,17,648,300,948,5,268,115,1,
openfhe,16,32768,40,38,18,16,1,1,14,512,35,1332,5,300,1632,19,724,300,1024,5,268,115,1,
openfhe,16,32768,40,38,16,18,2,2,14,512,35,1332,4,240,1572,17,648,240,888,6,230,175,1,
openfhe,16,32768,40,38,18,16,1,1,14,512,35,1332,4,240,1572,19,724,240,964,6,230,175,1,
openfhe,16,32768,40,38,16,18,2,2,14,512,35,1332,4,240,1572,17,648,240,888,7,192,175,1,
openfhe,16,32768,40,38,18,16,1,1,14,512,35,1332,4,240,1572,19,724,240,964,7,192,175,1,
openfhe,16,32768,40,38,16,18,2,2,14,512,35,1332,3,180,1512,17,648,180,828,9,154,235,1,
openfhe,16,32768,40,38,18,16,1,1,14,512,35,1332,3,180,1512,19,724,180,904,9,154,235,1,
openfhe,16,32768,40,38,16,18,2,2,14,512,35,1332,2,120,1452,17,648,120,768,12,116,295,1,
openfhe,16,32768,40,38,18,16,1,1,14,512,35,1332,2,120,1452,19,724,120,844,12,116,295,1,
openfhe,16,32768,40,38,16,18,2,2,14,512,35,1332,2,120,1452,17,648,120,768,18,78,295,1,
openfhe,16,32768,40,38,18,16,1,1,14,512,35,1332,2,120,1452,19,724,120,844,18,78,295,1,
openfhe,16,32768,40,38,16,18,2,2,14,512,35,1332,1,60,1392,17,648,60,708,35,40,355,1,
openfhe,16,32768,40,38,18,16,1,1,14,512,35,1332,1,60,1392,19,724,60,784,35,40,355,1,
openfhe,16,32768,40,38,15,20,3,3,14,512,,,,,,,,,,1,,,0,예측 탈락(§8.5 규칙4): logQ 1370 + 예측 logP 1380 > 1747+60 → 컨텍스트 미생성
openfhe,16,32768,40,38,17,18,2,2,14,512,,,,,,,,,,1,,,0,예측 탈락(§8.5 규칙4): logQ 1370 + 예측 logP 1380 > 1747+60 → 컨텍스트 미생성
openfhe,16,32768,40,38,19,16,1,1,14,512,,,,,,,,,,1,,,0,예측 탈락(§8.5 규칙4): logQ 1370 + 예측 logP 1380 > 1747+60 → 컨텍스트 미생성
openfhe,16,32768,40,38,15,20,3,3,14,512,,,,,,,,,,2,,,0,예측 탈락(§8.5 규칙4): logQ 1370 + 예측 logP 720 > 1747+60 → 컨텍스트 미생성
openfhe,16,32768,40,38,17,18,2,2,14,512,,,,,,,,,,2,,,0,예측 탈락(§8.5 규칙4): logQ 1370 + 예측 logP 720 > 1747+60 → 컨텍스트 미생성
openfhe,16,32768,40,38,19,16,1,1,14,512,,,,,,,,,,2,,,0,예측 탈락(§8.5 규칙4): logQ 1370 + 예측 logP 720 > 1747+60 → 컨텍스트 미생성
openfhe,16,32768,40,38,15,20,3,3,14,512,,,,,,,,,,3,,,0,예측 탈락(§8.5 규칙4): logQ 1370 + 예측 logP 480 > 1747+60 → 컨텍스트 미생성
openfhe,16,32768,40,38,17,18,2,2,14,512,,,,,,,,,,3,,,0,예측 탈락(§8.5 규칙4): logQ 1370 + 예측 logP 480 > 1747+60 → 컨텍스트 미생성
openfhe,16,32768,40,38,19,16,1,1,14,512,,,,,,,,,,3,,,0,예측 탈락(§8.5 규칙4): logQ 1370 + 예측 logP 480 > 1747+60 → 컨텍스트 미생성
openfhe,16,32768,40,38,15,20,3,3,14,512,36,1370,6,360,1730,16,610,360,970,4,344,17,1,
openfhe,16,32768,40,38,17,18,2,2,14,512,36,1370,6,360,1730,18,686,360,1046,4,344,17,1,
openfhe,16,32768,40,38,19,16,1,1,14,512,36,1370,6,360,1730,20,762,360,1122,4,344,17,1,
openfhe,16,32768,40,38,15,20,3,3,14,512,36,1370,6,360,1730,16,610,360,970,5,307,17,1,
openfhe,16,32768,40,38,17,18,2,2,14,512,36,1370,6,360,1730,18,686,360,1046,5,307,17,1,
openfhe,16,32768,40,38,19,16,1,1,14,512,36,1370,6,360,1730,20,762,360,1122,5,307,17,1,
openfhe,16,32768,40,38,15,20,3,3,14,512,36,1370,4,240,1610,16,610,240,850,6,231,137,1,
openfhe,16,32768,40,38,17,18,2,2,14,512,36,1370,4,240,1610,18,686,240,926,6,231,137,1,
openfhe,16,32768,40,38,19,16,1,1,14,512,36,1370,4,240,1610,20,762,240,1002,6,231,137,1,
openfhe,16,32768,40,38,15,20,3,3,14,512,36,1370,4,240,1610,16,610,240,850,8,192,137,1,
openfhe,16,32768,40,38,17,18,2,2,14,512,36,1370,4,240,1610,18,686,240,926,8,192,137,1,
openfhe,16,32768,40,38,19,16,1,1,14,512,36,1370,4,240,1610,20,762,240,1002,8,192,137,1,
openfhe,16,32768,40,38,15,20,3,3,14,512,36,1370,3,180,1550,16,610,180,790,9,155,197,1,
openfhe,16,32768,40,38,17,18,2,2,14,512,36,1370,3,180,1550,18,686,180,866,9,155,197,1,
openfhe,16,32768,40,38,19,16,1,1,14,512,36,1370,3,180,1550,20,762,180,942,9,155,197,1,
openfhe,16,32768,40,38,15,20,3,3,14,512,36,1370,2,120,1490,16,610,120,730,12,116,257,1,
openfhe,16,32768,40,38,17,18,2,2,14,512,36,1370,2,120,1490,18,686,120,806,12,116,257,1,
openfhe,16,32768,40,38,19,16,1,1,14,512,36,1370,2,120,1490,20,762,120,882,12,116,257,1,
openfhe,16,32768,40,38,15,20,3,3,14,512,36,1370,2,120,1490,16,610,120,730,18,79,257,1,
openfhe,16,32768,40,38,17,18,2,2,14,512,36,1370,2,120,1490,18,686,120,806,18,79,257,1,
openfhe,16,32768,40,38,19,16,1,1,14,512,36,1370,2,120,1490,20,762,120,882,18,79,257,1,
openfhe,16,32768,40,38,15,20,3,3,14,512,36,1370,1,60,1430,16,610,60,670,36,40,317,1,
openfhe,16,32768,40,38,17,18,2,2,14,512,36,1370,1,60,1430,18,686,60,746,36,40,317,1,
openfhe,16,32768,40,38,19,16,1,1,14,512,36,1370,1,60,1430,20,762,60,822,36,40,317,1,
openfhe,16,32768,40,38,15,21,3,4,14,512,,,,,,,,,,1,,,0,예측 탈락(§8.5 규칙4): logQ 1408 + 예측 logP 1440 > 1747+60 → 컨텍스트 미생성
openfhe,16,32768,40,38,15,21,4,3,14,512,,,,,,,,,,1,,,0,예측 탈락(§8.5 규칙4): logQ 1408 + 예측 logP 1440 > 1747+60 → 컨텍스트 미생성
openfhe,16,32768,40,38,16,20,3,3,14,512,,,,,,,,,,1,,,0,예측 탈락(§8.5 규칙4): logQ 1408 + 예측 logP 1440 > 1747+60 → 컨텍스트 미생성
openfhe,16,32768,40,38,18,18,2,2,14,512,,,,,,,,,,1,,,0,예측 탈락(§8.5 규칙4): logQ 1408 + 예측 logP 1440 > 1747+60 → 컨텍스트 미생성
openfhe,16,32768,40,38,20,16,1,1,14,512,,,,,,,,,,1,,,0,예측 탈락(§8.5 규칙4): logQ 1408 + 예측 logP 1440 > 1747+60 → 컨텍스트 미생성
openfhe,16,32768,40,38,15,21,3,4,14,512,,,,,,,,,,2,,,0,예측 탈락(§8.5 규칙4): logQ 1408 + 예측 logP 780 > 1747+60 → 컨텍스트 미생성
openfhe,16,32768,40,38,15,21,4,3,14,512,,,,,,,,,,2,,,0,예측 탈락(§8.5 규칙4): logQ 1408 + 예측 logP 780 > 1747+60 → 컨텍스트 미생성
openfhe,16,32768,40,38,16,20,3,3,14,512,,,,,,,,,,2,,,0,예측 탈락(§8.5 규칙4): logQ 1408 + 예측 logP 780 > 1747+60 → 컨텍스트 미생성
openfhe,16,32768,40,38,18,18,2,2,14,512,,,,,,,,,,2,,,0,예측 탈락(§8.5 규칙4): logQ 1408 + 예측 logP 780 > 1747+60 → 컨텍스트 미생성
openfhe,16,32768,40,38,20,16,1,1,14,512,,,,,,,,,,2,,,0,예측 탈락(§8.5 규칙4): logQ 1408 + 예측 logP 780 > 1747+60 → 컨텍스트 미생성
openfhe,16,32768,40,38,15,21,3,4,14,512,,,,,,,,,,3,,,0,예측 탈락(§8.5 규칙4): logQ 1408 + 예측 logP 540 > 1747+60 → 컨텍스트 미생성
openfhe,16,32768,40,38,15,21,4,3,14,512,,,,,,,,,,3,,,0,예측 탈락(§8.5 규칙4): logQ 1408 + 예측 logP 540 > 1747+60 → 컨텍스트 미생성
openfhe,16,32768,40,38,16,20,3,3,14,512,,,,,,,,,,3,,,0,예측 탈락(§8.5 규칙4): logQ 1408 + 예측 logP 540 > 1747+60 → 컨텍스트 미생성
openfhe,16,32768,40,38,18,18,2,2,14,512,,,,,,,,,,3,,,0,예측 탈락(§8.5 규칙4): logQ 1408 + 예측 logP 540 > 1747+60 → 컨텍스트 미생성
openfhe,16,32768,40,38,20,16,1,1,14,512,,,,,,,,,,3,,,0,예측 탈락(§8.5 규칙4): logQ 1408 + 예측 logP 540 > 1747+60 → 컨텍스트 미생성
openfhe,16,32768,40,38,15,21,3,4,14,512,,,,,,,,,,4,,,0,예측 탈락(§8.5 규칙4): logQ 1408 + 예측 logP 420 > 1747+60 → 컨텍스트 미생성
openfhe,16,32768,40,38,15,21,4,3,14,512,,,,,,,,,,4,,,0,예측 탈락(§8.5 규칙4): logQ 1408 + 예측 logP 420 > 1747+60 → 컨텍스트 미생성
openfhe,16,32768,40,38,16,20,3,3,14,512,,,,,,,,,,4,,,0,예측 탈락(§8.5 규칙4): logQ 1408 + 예측 logP 420 > 1747+60 → 컨텍스트 미생성
openfhe,16,32768,40,38,18,18,2,2,14,512,,,,,,,,,,4,,,0,예측 탈락(§8.5 규칙4): logQ 1408 + 예측 logP 420 > 1747+60 → 컨텍스트 미생성
openfhe,16,32768,40,38,20,16,1,1,14,512,,,,,,,,,,4,,,0,예측 탈락(§8.5 규칙4): logQ 1408 + 예측 logP 420 > 1747+60 → 컨텍스트 미생성
openfhe,16,32768,40,38,15,21,3,4,14,512,37,1408,6,360,1768,16,610,360,970,5,306,-21,0,logQP_boot 1768 > 1747
openfhe,16,32768,40,38,15,21,4,3,14,512,37,1408,6,360,1768,16,610,360,970,5,306,-21,0,logQP_boot 1768 > 1747
openfhe,16,32768,40,38,16,20,3,3,14,512,37,1408,6,360,1768,17,648,360,1008,5,306,-21,0,logQP_boot 1768 > 1747
openfhe,16,32768,40,38,18,18,2,2,14,512,37,1408,6,360,1768,19,724,360,1084,5,306,-21,0,logQP_boot 1768 > 1747
openfhe,16,32768,40,38,20,16,1,1,14,512,37,1408,6,360,1768,21,800,360,1160,5,306,-21,0,logQP_boot 1768 > 1747
openfhe,16,32768,40,38,15,21,3,4,14,512,37,1408,5,300,1708,16,610,300,910,6,268,39,1,
openfhe,16,32768,40,38,15,21,4,3,14,512,37,1408,5,300,1708,16,610,300,910,6,268,39,1,
openfhe,16,32768,40,38,16,20,3,3,14,512,37,1408,5,300,1708,17,648,300,948,6,268,39,1,
openfhe,16,32768,40,38,18,18,2,2,14,512,37,1408,5,300,1708,19,724,300,1024,6,268,39,1,
openfhe,16,32768,40,38,20,16,1,1,14,512,37,1408,5,300,1708,21,800,300,1100,6,268,39,1,
openfhe,16,32768,40,38,15,21,3,4,14,512,37,1408,4,240,1648,16,610,240,850,7,230,99,1,
openfhe,16,32768,40,38,15,21,4,3,14,512,37,1408,4,240,1648,16,610,240,850,7,230,99,1,
openfhe,16,32768,40,38,16,20,3,3,14,512,37,1408,4,240,1648,17,648,240,888,7,230,99,1,
openfhe,16,32768,40,38,18,18,2,2,14,512,37,1408,4,240,1648,19,724,240,964,7,230,99,1,
openfhe,16,32768,40,38,20,16,1,1,14,512,37,1408,4,240,1648,21,800,240,1040,7,230,99,1,
openfhe,16,32768,40,38,15,21,3,4,14,512,37,1408,4,240,1648,16,610,240,850,8,192,99,1,
openfhe,16,32768,40,38,15,21,4,3,14,512,37,1408,4,240,1648,16,610,240,850,8,192,99,1,
openfhe,16,32768,40,38,16,20,3,3,14,512,37,1408,4,240,1648,17,648,240,888,8,192,99,1,
openfhe,16,32768,40,38,18,18,2,2,14,512,37,1408,4,240,1648,19,724,240,964,8,192,99,1,
openfhe,16,32768,40,38,20,16,1,1,14,512,37,1408,4,240,1648,21,800,240,1040,8,192,99,1,
openfhe,16,32768,40,38,15,21,3,4,14,512,37,1408,3,180,1588,16,610,180,790,10,154,159,1,
openfhe,16,32768,40,38,15,21,4,3,14,512,37,1408,3,180,1588,16,610,180,790,10,154,159,1,
openfhe,16,32768,40,38,16,20,3,3,14,512,37,1408,3,180,1588,17,648,180,828,10,154,159,1,
openfhe,16,32768,40,38,18,18,2,2,14,512,37,1408,3,180,1588,19,724,180,904,10,154,159,1,
openfhe,16,32768,40,38,20,16,1,1,14,512,37,1408,3,180,1588,21,800,180,980,10,154,159,1,
openfhe,16,32768,40,38,15,21,3,4,14,512,37,1408,2,120,1528,16,610,120,730,13,116,219,1,
openfhe,16,32768,40,38,15,21,4,3,14,512,37,1408,2,120,1528,16,610,120,730,13,116,219,1,
openfhe,16,32768,40,38,16,20,3,3,14,512,37,1408,2,120,1528,17,648,120,768,13,116,219,1,
openfhe,16,32768,40,38,18,18,2,2,14,512,37,1408,2,120,1528,19,724,120,844,13,116,219,1,
openfhe,16,32768,40,38,20,16,1,1,14,512,37,1408,2,120,1528,21,800,120,920,13,116,219,1,
openfhe,16,32768,40,38,15,21,3,4,14,512,37,1408,2,120,1528,16,610,120,730,19,78,219,1,
openfhe,16,32768,40,38,15,21,4,3,14,512,37,1408,2,120,1528,16,610,120,730,19,78,219,1,
openfhe,16,32768,40,38,16,20,3,3,14,512,37,1408,2,120,1528,17,648,120,768,19,78,219,1,
openfhe,16,32768,40,38,18,18,2,2,14,512,37,1408,2,120,1528,19,724,120,844,19,78,219,1,
openfhe,16,32768,40,38,20,16,1,1,14,512,37,1408,2,120,1528,21,800,120,920,19,78,219,1,
openfhe,16,32768,40,38,15,21,3,4,14,512,37,1408,1,60,1468,16,610,60,670,37,40,279,1,
openfhe,16,32768,40,38,15,21,4,3,14,512,37,1408,1,60,1468,16,610,60,670,37,40,279,1,
openfhe,16,32768,40,38,16,20,3,3,14,512,37,1408,1,60,1468,17,648,60,708,37,40,279,1,
openfhe,16,32768,40,38,18,18,2,2,14,512,37,1408,1,60,1468,19,724,60,784,37,40,279,1,
openfhe,16,32768,40,38,20,16,1,1,14,512,37,1408,1,60,1468,21,800,60,860,37,40,279,1,
openfhe,16,32768,40,38,15,22,4,4,14,512,,,,,,,,,,1,,,0,예측 탈락(§8.5 규칙4): logQ 1446 + 예측 logP 1500 > 1747+60 → 컨텍스트 미생성
openfhe,16,32768,40,38,16,21,3,4,14,512,,,,,,,,,,1,,,0,예측 탈락(§8.5 규칙4): logQ 1446 + 예측 logP 1500 > 1747+60 → 컨텍스트 미생성
openfhe,16,32768,40,38,16,21,4,3,14,512,,,,,,,,,,1,,,0,예측 탈락(§8.5 규칙4): logQ 1446 + 예측 logP 1500 > 1747+60 → 컨텍스트 미생성
openfhe,16,32768,40,38,17,20,3,3,14,512,,,,,,,,,,1,,,0,예측 탈락(§8.5 규칙4): logQ 1446 + 예측 logP 1500 > 1747+60 → 컨텍스트 미생성
openfhe,16,32768,40,38,19,18,2,2,14,512,,,,,,,,,,1,,,0,예측 탈락(§8.5 규칙4): logQ 1446 + 예측 logP 1500 > 1747+60 → 컨텍스트 미생성
openfhe,16,32768,40,38,15,22,4,4,14,512,,,,,,,,,,2,,,0,예측 탈락(§8.5 규칙4): logQ 1446 + 예측 logP 780 > 1747+60 → 컨텍스트 미생성
openfhe,16,32768,40,38,16,21,3,4,14,512,,,,,,,,,,2,,,0,예측 탈락(§8.5 규칙4): logQ 1446 + 예측 logP 780 > 1747+60 → 컨텍스트 미생성
openfhe,16,32768,40,38,16,21,4,3,14,512,,,,,,,,,,2,,,0,예측 탈락(§8.5 규칙4): logQ 1446 + 예측 logP 780 > 1747+60 → 컨텍스트 미생성
openfhe,16,32768,40,38,17,20,3,3,14,512,,,,,,,,,,2,,,0,예측 탈락(§8.5 규칙4): logQ 1446 + 예측 logP 780 > 1747+60 → 컨텍스트 미생성
openfhe,16,32768,40,38,19,18,2,2,14,512,,,,,,,,,,2,,,0,예측 탈락(§8.5 규칙4): logQ 1446 + 예측 logP 780 > 1747+60 → 컨텍스트 미생성
openfhe,16,32768,40,38,15,22,4,4,14,512,,,,,,,,,,3,,,0,예측 탈락(§8.5 규칙4): logQ 1446 + 예측 logP 540 > 1747+60 → 컨텍스트 미생성
openfhe,16,32768,40,38,16,21,3,4,14,512,,,,,,,,,,3,,,0,예측 탈락(§8.5 규칙4): logQ 1446 + 예측 logP 540 > 1747+60 → 컨텍스트 미생성
openfhe,16,32768,40,38,16,21,4,3,14,512,,,,,,,,,,3,,,0,예측 탈락(§8.5 규칙4): logQ 1446 + 예측 logP 540 > 1747+60 → 컨텍스트 미생성
openfhe,16,32768,40,38,17,20,3,3,14,512,,,,,,,,,,3,,,0,예측 탈락(§8.5 규칙4): logQ 1446 + 예측 logP 540 > 1747+60 → 컨텍스트 미생성
openfhe,16,32768,40,38,19,18,2,2,14,512,,,,,,,,,,3,,,0,예측 탈락(§8.5 규칙4): logQ 1446 + 예측 logP 540 > 1747+60 → 컨텍스트 미생성
openfhe,16,32768,40,38,15,22,4,4,14,512,,,,,,,,,,4,,,0,예측 탈락(§8.5 규칙4): logQ 1446 + 예측 logP 420 > 1747+60 → 컨텍스트 미생성
openfhe,16,32768,40,38,16,21,3,4,14,512,,,,,,,,,,4,,,0,예측 탈락(§8.5 규칙4): logQ 1446 + 예측 logP 420 > 1747+60 → 컨텍스트 미생성
openfhe,16,32768,40,38,16,21,4,3,14,512,,,,,,,,,,4,,,0,예측 탈락(§8.5 규칙4): logQ 1446 + 예측 logP 420 > 1747+60 → 컨텍스트 미생성
openfhe,16,32768,40,38,17,20,3,3,14,512,,,,,,,,,,4,,,0,예측 탈락(§8.5 규칙4): logQ 1446 + 예측 logP 420 > 1747+60 → 컨텍스트 미생성
openfhe,16,32768,40,38,19,18,2,2,14,512,,,,,,,,,,4,,,0,예측 탈락(§8.5 규칙4): logQ 1446 + 예측 logP 420 > 1747+60 → 컨텍스트 미생성
openfhe,16,32768,40,38,15,22,4,4,14,512,38,1446,6,360,1806,16,610,360,970,5,307,-59,0,logQP_boot 1806 > 1747
openfhe,16,32768,40,38,16,21,3,4,14,512,38,1446,6,360,1806,17,648,360,1008,5,307,-59,0,logQP_boot 1806 > 1747
openfhe,16,32768,40,38,16,21,4,3,14,512,38,1446,6,360,1806,17,648,360,1008,5,307,-59,0,logQP_boot 1806 > 1747
openfhe,16,32768,40,38,17,20,3,3,14,512,38,1446,6,360,1806,18,686,360,1046,5,307,-59,0,logQP_boot 1806 > 1747
openfhe,16,32768,40,38,19,18,2,2,14,512,38,1446,6,360,1806,20,762,360,1122,5,307,-59,0,logQP_boot 1806 > 1747
openfhe,16,32768,40,38,15,22,4,4,14,512,38,1446,5,300,1746,16,610,300,910,6,268,1,1,
openfhe,16,32768,40,38,16,21,3,4,14,512,38,1446,5,300,1746,17,648,300,948,6,268,1,1,
openfhe,16,32768,40,38,16,21,4,3,14,512,38,1446,5,300,1746,17,648,300,948,6,268,1,1,
openfhe,16,32768,40,38,17,20,3,3,14,512,38,1446,5,300,1746,18,686,300,986,6,268,1,1,
openfhe,16,32768,40,38,19,18,2,2,14,512,38,1446,5,300,1746,20,762,300,1062,6,268,1,1,
openfhe,16,32768,40,38,15,22,4,4,14,512,38,1446,4,240,1686,16,610,240,850,7,231,61,1,
openfhe,16,32768,40,38,16,21,3,4,14,512,38,1446,4,240,1686,17,648,240,888,7,231,61,1,
openfhe,16,32768,40,38,16,21,4,3,14,512,38,1446,4,240,1686,17,648,240,888,7,231,61,1,
openfhe,16,32768,40,38,17,20,3,3,14,512,38,1446,4,240,1686,18,686,240,926,7,231,61,1,
openfhe,16,32768,40,38,19,18,2,2,14,512,38,1446,4,240,1686,20,762,240,1002,7,231,61,1,
openfhe,16,32768,40,38,15,22,4,4,14,512,38,1446,4,240,1686,16,610,240,850,8,192,61,1,
openfhe,16,32768,40,38,16,21,3,4,14,512,38,1446,4,240,1686,17,648,240,888,8,192,61,1,
openfhe,16,32768,40,38,16,21,4,3,14,512,38,1446,4,240,1686,17,648,240,888,8,192,61,1,
openfhe,16,32768,40,38,17,20,3,3,14,512,38,1446,4,240,1686,18,686,240,926,8,192,61,1,
openfhe,16,32768,40,38,19,18,2,2,14,512,38,1446,4,240,1686,20,762,240,1002,8,192,61,1,
openfhe,16,32768,40,38,15,22,4,4,14,512,38,1446,3,180,1626,16,610,180,790,10,155,121,1,
openfhe,16,32768,40,38,16,21,3,4,14,512,38,1446,3,180,1626,17,648,180,828,10,155,121,1,
openfhe,16,32768,40,38,16,21,4,3,14,512,38,1446,3,180,1626,17,648,180,828,10,155,121,1,
openfhe,16,32768,40,38,17,20,3,3,14,512,38,1446,3,180,1626,18,686,180,866,10,155,121,1,
openfhe,16,32768,40,38,19,18,2,2,14,512,38,1446,3,180,1626,20,762,180,942,10,155,121,1,
openfhe,16,32768,40,38,15,22,4,4,14,512,38,1446,2,120,1566,16,610,120,730,13,116,181,1,
openfhe,16,32768,40,38,16,21,3,4,14,512,38,1446,2,120,1566,17,648,120,768,13,116,181,1,
openfhe,16,32768,40,38,16,21,4,3,14,512,38,1446,2,120,1566,17,648,120,768,13,116,181,1,
openfhe,16,32768,40,38,17,20,3,3,14,512,38,1446,2,120,1566,18,686,120,806,13,116,181,1,
openfhe,16,32768,40,38,19,18,2,2,14,512,38,1446,2,120,1566,20,762,120,882,13,116,181,1,
openfhe,16,32768,40,38,15,22,4,4,14,512,38,1446,2,120,1566,16,610,120,730,19,79,181,1,
openfhe,16,32768,40,38,16,21,3,4,14,512,38,1446,2,120,1566,17,648,120,768,19,79,181,1,
openfhe,16,32768,40,38,16,21,4,3,14,512,38,1446,2,120,1566,17,648,120,768,19,79,181,1,
openfhe,16,32768,40,38,17,20,3,3,14,512,38,1446,2,120,1566,18,686,120,806,19,79,181,1,
openfhe,16,32768,40,38,19,18,2,2,14,512,38,1446,2,120,1566,20,762,120,882,19,79,181,1,
openfhe,16,32768,40,38,15,22,4,4,14,512,38,1446,1,60,1506,16,610,60,670,38,40,241,1,
openfhe,16,32768,40,38,16,21,3,4,14,512,38,1446,1,60,1506,17,648,60,708,38,40,241,1,
openfhe,16,32768,40,38,16,21,4,3,14,512,38,1446,1,60,1506,17,648,60,708,38,40,241,1,
openfhe,16,32768,40,38,17,20,3,3,14,512,38,1446,1,60,1506,18,686,60,746,38,40,241,1,
openfhe,16,32768,40,38,19,18,2,2,14,512,38,1446,1,60,1506,20,762,60,822,38,40,241,1,
openfhe,16,32768,40,38,16,22,4,4,14,512,,,,,,,,,,1,,,0,예측 탈락(§8.5 규칙4): logQ 1484 + 예측 logP 1500 > 1747+60 → 컨텍스트 미생성
openfhe,16,32768,40,38,17,21,3,4,14,512,,,,,,,,,,1,,,0,예측 탈락(§8.5 규칙4): logQ 1484 + 예측 logP 1500 > 1747+60 → 컨텍스트 미생성
openfhe,16,32768,40,38,17,21,4,3,14,512,,,,,,,,,,1,,,0,예측 탈락(§8.5 규칙4): logQ 1484 + 예측 logP 1500 > 1747+60 → 컨텍스트 미생성
openfhe,16,32768,40,38,18,20,3,3,14,512,,,,,,,,,,1,,,0,예측 탈락(§8.5 규칙4): logQ 1484 + 예측 logP 1500 > 1747+60 → 컨텍스트 미생성
openfhe,16,32768,40,38,20,18,2,2,14,512,,,,,,,,,,1,,,0,예측 탈락(§8.5 규칙4): logQ 1484 + 예측 logP 1500 > 1747+60 → 컨텍스트 미생성
openfhe,16,32768,40,38,16,22,4,4,14,512,,,,,,,,,,2,,,0,예측 탈락(§8.5 규칙4): logQ 1484 + 예측 logP 780 > 1747+60 → 컨텍스트 미생성
openfhe,16,32768,40,38,17,21,3,4,14,512,,,,,,,,,,2,,,0,예측 탈락(§8.5 규칙4): logQ 1484 + 예측 logP 780 > 1747+60 → 컨텍스트 미생성
openfhe,16,32768,40,38,17,21,4,3,14,512,,,,,,,,,,2,,,0,예측 탈락(§8.5 규칙4): logQ 1484 + 예측 logP 780 > 1747+60 → 컨텍스트 미생성
openfhe,16,32768,40,38,18,20,3,3,14,512,,,,,,,,,,2,,,0,예측 탈락(§8.5 규칙4): logQ 1484 + 예측 logP 780 > 1747+60 → 컨텍스트 미생성
openfhe,16,32768,40,38,20,18,2,2,14,512,,,,,,,,,,2,,,0,예측 탈락(§8.5 규칙4): logQ 1484 + 예측 logP 780 > 1747+60 → 컨텍스트 미생성
openfhe,16,32768,40,38,16,22,4,4,14,512,,,,,,,,,,3,,,0,예측 탈락(§8.5 규칙4): logQ 1484 + 예측 logP 540 > 1747+60 → 컨텍스트 미생성
openfhe,16,32768,40,38,17,21,3,4,14,512,,,,,,,,,,3,,,0,예측 탈락(§8.5 규칙4): logQ 1484 + 예측 logP 540 > 1747+60 → 컨텍스트 미생성
openfhe,16,32768,40,38,17,21,4,3,14,512,,,,,,,,,,3,,,0,예측 탈락(§8.5 규칙4): logQ 1484 + 예측 logP 540 > 1747+60 → 컨텍스트 미생성
openfhe,16,32768,40,38,18,20,3,3,14,512,,,,,,,,,,3,,,0,예측 탈락(§8.5 규칙4): logQ 1484 + 예측 logP 540 > 1747+60 → 컨텍스트 미생성
openfhe,16,32768,40,38,20,18,2,2,14,512,,,,,,,,,,3,,,0,예측 탈락(§8.5 규칙4): logQ 1484 + 예측 logP 540 > 1747+60 → 컨텍스트 미생성
openfhe,16,32768,40,38,16,22,4,4,14,512,,,,,,,,,,4,,,0,예측 탈락(§8.5 규칙4): logQ 1484 + 예측 logP 420 > 1747+60 → 컨텍스트 미생성
openfhe,16,32768,40,38,17,21,3,4,14,512,,,,,,,,,,4,,,0,예측 탈락(§8.5 규칙4): logQ 1484 + 예측 logP 420 > 1747+60 → 컨텍스트 미생성
openfhe,16,32768,40,38,17,21,4,3,14,512,,,,,,,,,,4,,,0,예측 탈락(§8.5 규칙4): logQ 1484 + 예측 logP 420 > 1747+60 → 컨텍스트 미생성
openfhe,16,32768,40,38,18,20,3,3,14,512,,,,,,,,,,4,,,0,예측 탈락(§8.5 규칙4): logQ 1484 + 예측 logP 420 > 1747+60 → 컨텍스트 미생성
openfhe,16,32768,40,38,20,18,2,2,14,512,,,,,,,,,,4,,,0,예측 탈락(§8.5 규칙4): logQ 1484 + 예측 logP 420 > 1747+60 → 컨텍스트 미생성
openfhe,16,32768,40,38,16,22,4,4,14,512,,,,,,,,,,5,,,0,예측 탈락(§8.5 규칙4): logQ 1484 + 예측 logP 360 > 1747+60 → 컨텍스트 미생성
openfhe,16,32768,40,38,17,21,3,4,14,512,,,,,,,,,,5,,,0,예측 탈락(§8.5 규칙4): logQ 1484 + 예측 logP 360 > 1747+60 → 컨텍스트 미생성
openfhe,16,32768,40,38,17,21,4,3,14,512,,,,,,,,,,5,,,0,예측 탈락(§8.5 규칙4): logQ 1484 + 예측 logP 360 > 1747+60 → 컨텍스트 미생성
openfhe,16,32768,40,38,18,20,3,3,14,512,,,,,,,,,,5,,,0,예측 탈락(§8.5 규칙4): logQ 1484 + 예측 logP 360 > 1747+60 → 컨텍스트 미생성
openfhe,16,32768,40,38,20,18,2,2,14,512,,,,,,,,,,5,,,0,예측 탈락(§8.5 규칙4): logQ 1484 + 예측 logP 360 > 1747+60 → 컨텍스트 미생성
openfhe,16,32768,40,38,16,22,4,4,14,512,39,1484,5,300,1784,17,648,300,948,6,268,-37,0,logQP_boot 1784 > 1747
openfhe,16,32768,40,38,17,21,3,4,14,512,39,1484,5,300,1784,18,686,300,986,6,268,-37,0,logQP_boot 1784 > 1747
openfhe,16,32768,40,38,17,21,4,3,14,512,39,1484,5,300,1784,18,686,300,986,6,268,-37,0,logQP_boot 1784 > 1747
openfhe,16,32768,40,38,18,20,3,3,14,512,39,1484,5,300,1784,19,724,300,1024,6,268,-37,0,logQP_boot 1784 > 1747
openfhe,16,32768,40,38,20,18,2,2,14,512,39,1484,5,300,1784,21,800,300,1100,6,268,-37,0,logQP_boot 1784 > 1747
openfhe,16,32768,40,38,16,22,4,4,14,512,39,1484,4,240,1724,17,648,240,888,7,230,23,1,
openfhe,16,32768,40,38,17,21,3,4,14,512,39,1484,4,240,1724,18,686,240,926,7,230,23,1,
openfhe,16,32768,40,38,17,21,4,3,14,512,39,1484,4,240,1724,18,686,240,926,7,230,23,1,
openfhe,16,32768,40,38,18,20,3,3,14,512,39,1484,4,240,1724,19,724,240,964,7,230,23,1,
openfhe,16,32768,40,38,20,18,2,2,14,512,39,1484,4,240,1724,21,800,240,1040,7,230,23,1,
openfhe,16,32768,40,38,16,22,4,4,14,512,39,1484,4,240,1724,17,648,240,888,8,192,23,1,
openfhe,16,32768,40,38,17,21,3,4,14,512,39,1484,4,240,1724,18,686,240,926,8,192,23,1,
openfhe,16,32768,40,38,17,21,4,3,14,512,39,1484,4,240,1724,18,686,240,926,8,192,23,1,
openfhe,16,32768,40,38,18,20,3,3,14,512,39,1484,4,240,1724,19,724,240,964,8,192,23,1,
openfhe,16,32768,40,38,20,18,2,2,14,512,39,1484,4,240,1724,21,800,240,1040,8,192,23,1,
openfhe,16,32768,40,38,16,22,4,4,14,512,39,1484,3,180,1664,17,648,180,828,10,154,83,1,
openfhe,16,32768,40,38,17,21,3,4,14,512,39,1484,3,180,1664,18,686,180,866,10,154,83,1,
openfhe,16,32768,40,38,17,21,4,3,14,512,39,1484,3,180,1664,18,686,180,866,10,154,83,1,
openfhe,16,32768,40,38,18,20,3,3,14,512,39,1484,3,180,1664,19,724,180,904,10,154,83,1,
openfhe,16,32768,40,38,20,18,2,2,14,512,39,1484,3,180,1664,21,800,180,980,10,154,83,1,
openfhe,16,32768,40,38,16,22,4,4,14,512,39,1484,2,120,1604,17,648,120,768,13,116,143,1,
openfhe,16,32768,40,38,17,21,3,4,14,512,39,1484,2,120,1604,18,686,120,806,13,116,143,1,
openfhe,16,32768,40,38,17,21,4,3,14,512,39,1484,2,120,1604,18,686,120,806,13,116,143,1,
openfhe,16,32768,40,38,18,20,3,3,14,512,39,1484,2,120,1604,19,724,120,844,13,116,143,1,
openfhe,16,32768,40,38,20,18,2,2,14,512,39,1484,2,120,1604,21,800,120,920,13,116,143,1,
openfhe,16,32768,40,38,16,22,4,4,14,512,39,1484,2,120,1604,17,648,120,768,20,78,143,1,
openfhe,16,32768,40,38,17,21,3,4,14,512,39,1484,2,120,1604,18,686,120,806,20,78,143,1,
openfhe,16,32768,40,38,17,21,4,3,14,512,39,1484,2,120,1604,18,686,120,806,20,78,143,1,
openfhe,16,32768,40,38,18,20,3,3,14,512,39,1484,2,120,1604,19,724,120,844,20,78,143,1,
openfhe,16,32768,40,38,20,18,2,2,14,512,39,1484,2,120,1604,21,800,120,920,20,78,143,1,
openfhe,16,32768,40,38,16,22,4,4,14,512,39,1484,1,60,1544,17,648,60,708,39,40,203,1,
openfhe,16,32768,40,38,17,21,3,4,14,512,39,1484,1,60,1544,18,686,60,746,39,40,203,1,
openfhe,16,32768,40,38,17,21,4,3,14,512,39,1484,1,60,1544,18,686,60,746,39,40,203,1,
openfhe,16,32768,40,38,18,20,3,3,14,512,39,1484,1,60,1544,19,724,60,784,39,40,203,1,
openfhe,16,32768,40,38,20,18,2,2,14,512,39,1484,1,60,1544,21,800,60,860,39,40,203,1,
openfhe,16,32768,40,38,17,22,4,4,14,512,,,,,,,,,,1,,,0,예측 탈락(§8.5 규칙4): logQ 1522 + 예측 logP 1560 > 1747+60 → 컨텍스트 미생성
openfhe,16,32768,40,38,18,21,3,4,14,512,,,,,,,,,,1,,,0,예측 탈락(§8.5 규칙4): logQ 1522 + 예측 logP 1560 > 1747+60 → 컨텍스트 미생성
openfhe,16,32768,40,38,18,21,4,3,14,512,,,,,,,,,,1,,,0,예측 탈락(§8.5 규칙4): logQ 1522 + 예측 logP 1560 > 1747+60 → 컨텍스트 미생성
openfhe,16,32768,40,38,19,20,3,3,14,512,,,,,,,,,,1,,,0,예측 탈락(§8.5 규칙4): logQ 1522 + 예측 logP 1560 > 1747+60 → 컨텍스트 미생성
openfhe,16,32768,40,38,17,22,4,4,14,512,,,,,,,,,,2,,,0,예측 탈락(§8.5 규칙4): logQ 1522 + 예측 logP 780 > 1747+60 → 컨텍스트 미생성
openfhe,16,32768,40,38,18,21,3,4,14,512,,,,,,,,,,2,,,0,예측 탈락(§8.5 규칙4): logQ 1522 + 예측 logP 780 > 1747+60 → 컨텍스트 미생성
openfhe,16,32768,40,38,18,21,4,3,14,512,,,,,,,,,,2,,,0,예측 탈락(§8.5 규칙4): logQ 1522 + 예측 logP 780 > 1747+60 → 컨텍스트 미생성
openfhe,16,32768,40,38,19,20,3,3,14,512,,,,,,,,,,2,,,0,예측 탈락(§8.5 규칙4): logQ 1522 + 예측 logP 780 > 1747+60 → 컨텍스트 미생성
openfhe,16,32768,40,38,17,22,4,4,14,512,,,,,,,,,,3,,,0,예측 탈락(§8.5 규칙4): logQ 1522 + 예측 logP 540 > 1747+60 → 컨텍스트 미생성
openfhe,16,32768,40,38,18,21,3,4,14,512,,,,,,,,,,3,,,0,예측 탈락(§8.5 규칙4): logQ 1522 + 예측 logP 540 > 1747+60 → 컨텍스트 미생성
openfhe,16,32768,40,38,18,21,4,3,14,512,,,,,,,,,,3,,,0,예측 탈락(§8.5 규칙4): logQ 1522 + 예측 logP 540 > 1747+60 → 컨텍스트 미생성
openfhe,16,32768,40,38,19,20,3,3,14,512,,,,,,,,,,3,,,0,예측 탈락(§8.5 규칙4): logQ 1522 + 예측 logP 540 > 1747+60 → 컨텍스트 미생성
openfhe,16,32768,40,38,17,22,4,4,14,512,,,,,,,,,,4,,,0,예측 탈락(§8.5 규칙4): logQ 1522 + 예측 logP 420 > 1747+60 → 컨텍스트 미생성
openfhe,16,32768,40,38,18,21,3,4,14,512,,,,,,,,,,4,,,0,예측 탈락(§8.5 규칙4): logQ 1522 + 예측 logP 420 > 1747+60 → 컨텍스트 미생성
openfhe,16,32768,40,38,18,21,4,3,14,512,,,,,,,,,,4,,,0,예측 탈락(§8.5 규칙4): logQ 1522 + 예측 logP 420 > 1747+60 → 컨텍스트 미생성
openfhe,16,32768,40,38,19,20,3,3,14,512,,,,,,,,,,4,,,0,예측 탈락(§8.5 규칙4): logQ 1522 + 예측 logP 420 > 1747+60 → 컨텍스트 미생성
openfhe,16,32768,40,38,17,22,4,4,14,512,,,,,,,,,,5,,,0,예측 탈락(§8.5 규칙4): logQ 1522 + 예측 logP 360 > 1747+60 → 컨텍스트 미생성
openfhe,16,32768,40,38,18,21,3,4,14,512,,,,,,,,,,5,,,0,예측 탈락(§8.5 규칙4): logQ 1522 + 예측 logP 360 > 1747+60 → 컨텍스트 미생성
openfhe,16,32768,40,38,18,21,4,3,14,512,,,,,,,,,,5,,,0,예측 탈락(§8.5 규칙4): logQ 1522 + 예측 logP 360 > 1747+60 → 컨텍스트 미생성
openfhe,16,32768,40,38,19,20,3,3,14,512,,,,,,,,,,5,,,0,예측 탈락(§8.5 규칙4): logQ 1522 + 예측 logP 360 > 1747+60 → 컨텍스트 미생성
openfhe,16,32768,40,38,17,22,4,4,14,512,,,,,,,,,,6,,,0,예측 탈락(§8.5 규칙4): logQ 1522 + 예측 logP 300 > 1747+60 → 컨텍스트 미생성
openfhe,16,32768,40,38,18,21,3,4,14,512,,,,,,,,,,6,,,0,예측 탈락(§8.5 규칙4): logQ 1522 + 예측 logP 300 > 1747+60 → 컨텍스트 미생성
openfhe,16,32768,40,38,18,21,4,3,14,512,,,,,,,,,,6,,,0,예측 탈락(§8.5 규칙4): logQ 1522 + 예측 logP 300 > 1747+60 → 컨텍스트 미생성
openfhe,16,32768,40,38,19,20,3,3,14,512,,,,,,,,,,6,,,0,예측 탈락(§8.5 규칙4): logQ 1522 + 예측 logP 300 > 1747+60 → 컨텍스트 미생성
openfhe,16,32768,40,38,17,22,4,4,14,512,40,1522,4,240,1762,18,686,240,926,7,231,-15,0,logQP_boot 1762 > 1747
openfhe,16,32768,40,38,18,21,3,4,14,512,40,1522,4,240,1762,19,724,240,964,7,231,-15,0,logQP_boot 1762 > 1747
openfhe,16,32768,40,38,18,21,4,3,14,512,40,1522,4,240,1762,19,724,240,964,7,231,-15,0,logQP_boot 1762 > 1747
openfhe,16,32768,40,38,19,20,3,3,14,512,40,1522,4,240,1762,20,762,240,1002,7,231,-15,0,logQP_boot 1762 > 1747
openfhe,16,32768,40,38,17,22,4,4,14,512,40,1522,4,240,1762,18,686,240,926,8,192,-15,0,logQP_boot 1762 > 1747
openfhe,16,32768,40,38,18,21,3,4,14,512,40,1522,4,240,1762,19,724,240,964,8,192,-15,0,logQP_boot 1762 > 1747
openfhe,16,32768,40,38,18,21,4,3,14,512,40,1522,4,240,1762,19,724,240,964,8,192,-15,0,logQP_boot 1762 > 1747
openfhe,16,32768,40,38,19,20,3,3,14,512,40,1522,4,240,1762,20,762,240,1002,8,192,-15,0,logQP_boot 1762 > 1747
openfhe,16,32768,40,38,17,22,4,4,14,512,40,1522,3,180,1702,18,686,180,866,10,155,45,1,
openfhe,16,32768,40,38,18,21,3,4,14,512,40,1522,3,180,1702,19,724,180,904,10,155,45,1,
openfhe,16,32768,40,38,18,21,4,3,14,512,40,1522,3,180,1702,19,724,180,904,10,155,45,1,
openfhe,16,32768,40,38,19,20,3,3,14,512,40,1522,3,180,1702,20,762,180,942,10,155,45,1,
openfhe,16,32768,40,38,17,22,4,4,14,512,40,1522,2,120,1642,18,686,120,806,14,116,105,1,
openfhe,16,32768,40,38,18,21,3,4,14,512,40,1522,2,120,1642,19,724,120,844,14,116,105,1,
openfhe,16,32768,40,38,18,21,4,3,14,512,40,1522,2,120,1642,19,724,120,844,14,116,105,1,
openfhe,16,32768,40,38,19,20,3,3,14,512,40,1522,2,120,1642,20,762,120,882,14,116,105,1,
openfhe,16,32768,40,38,17,22,4,4,14,512,40,1522,2,120,1642,18,686,120,806,20,79,105,1,
openfhe,16,32768,40,38,18,21,3,4,14,512,40,1522,2,120,1642,19,724,120,844,20,79,105,1,
openfhe,16,32768,40,38,18,21,4,3,14,512,40,1522,2,120,1642,19,724,120,844,20,79,105,1,
openfhe,16,32768,40,38,19,20,3,3,14,512,40,1522,2,120,1642,20,762,120,882,20,79,105,1,
openfhe,16,32768,40,38,17,22,4,4,14,512,40,1522,1,60,1582,18,686,60,746,40,40,165,1,
openfhe,16,32768,40,38,18,21,3,4,14,512,40,1522,1,60,1582,19,724,60,784,40,40,165,1,
openfhe,16,32768,40,38,18,21,4,3,14,512,40,1522,1,60,1582,19,724,60,784,40,40,165,1,
openfhe,16,32768,40,38,19,20,3,3,14,512,40,1522,1,60,1582,20,762,60,822,40,40,165,1,
openfhe,16,32768,40,38,18,22,4,4,14,512,,,,,,,,,,1,,,0,예측 탈락(§8.5 규칙4): logQ 1560 + 예측 logP 1560 > 1747+60 → 컨텍스트 미생성
openfhe,16,32768,40,38,19,21,3,4,14,512,,,,,,,,,,1,,,0,예측 탈락(§8.5 규칙4): logQ 1560 + 예측 logP 1560 > 1747+60 → 컨텍스트 미생성
openfhe,16,32768,40,38,19,21,4,3,14,512,,,,,,,,,,1,,,0,예측 탈락(§8.5 규칙4): logQ 1560 + 예측 logP 1560 > 1747+60 → 컨텍스트 미생성
openfhe,16,32768,40,38,20,20,3,3,14,512,,,,,,,,,,1,,,0,예측 탈락(§8.5 규칙4): logQ 1560 + 예측 logP 1560 > 1747+60 → 컨텍스트 미생성
openfhe,16,32768,40,38,18,22,4,4,14,512,,,,,,,,,,2,,,0,예측 탈락(§8.5 규칙4): logQ 1560 + 예측 logP 840 > 1747+60 → 컨텍스트 미생성
openfhe,16,32768,40,38,19,21,3,4,14,512,,,,,,,,,,2,,,0,예측 탈락(§8.5 규칙4): logQ 1560 + 예측 logP 840 > 1747+60 → 컨텍스트 미생성
openfhe,16,32768,40,38,19,21,4,3,14,512,,,,,,,,,,2,,,0,예측 탈락(§8.5 규칙4): logQ 1560 + 예측 logP 840 > 1747+60 → 컨텍스트 미생성
openfhe,16,32768,40,38,20,20,3,3,14,512,,,,,,,,,,2,,,0,예측 탈락(§8.5 규칙4): logQ 1560 + 예측 logP 840 > 1747+60 → 컨텍스트 미생성
openfhe,16,32768,40,38,18,22,4,4,14,512,,,,,,,,,,3,,,0,예측 탈락(§8.5 규칙4): logQ 1560 + 예측 logP 540 > 1747+60 → 컨텍스트 미생성
openfhe,16,32768,40,38,19,21,3,4,14,512,,,,,,,,,,3,,,0,예측 탈락(§8.5 규칙4): logQ 1560 + 예측 logP 540 > 1747+60 → 컨텍스트 미생성
openfhe,16,32768,40,38,19,21,4,3,14,512,,,,,,,,,,3,,,0,예측 탈락(§8.5 규칙4): logQ 1560 + 예측 logP 540 > 1747+60 → 컨텍스트 미생성
openfhe,16,32768,40,38,20,20,3,3,14,512,,,,,,,,,,3,,,0,예측 탈락(§8.5 규칙4): logQ 1560 + 예측 logP 540 > 1747+60 → 컨텍스트 미생성
openfhe,16,32768,40,38,18,22,4,4,14,512,,,,,,,,,,4,,,0,예측 탈락(§8.5 규칙4): logQ 1560 + 예측 logP 420 > 1747+60 → 컨텍스트 미생성
openfhe,16,32768,40,38,19,21,3,4,14,512,,,,,,,,,,4,,,0,예측 탈락(§8.5 규칙4): logQ 1560 + 예측 logP 420 > 1747+60 → 컨텍스트 미생성
openfhe,16,32768,40,38,19,21,4,3,14,512,,,,,,,,,,4,,,0,예측 탈락(§8.5 규칙4): logQ 1560 + 예측 logP 420 > 1747+60 → 컨텍스트 미생성
openfhe,16,32768,40,38,20,20,3,3,14,512,,,,,,,,,,4,,,0,예측 탈락(§8.5 규칙4): logQ 1560 + 예측 logP 420 > 1747+60 → 컨텍스트 미생성
openfhe,16,32768,40,38,18,22,4,4,14,512,,,,,,,,,,5,,,0,예측 탈락(§8.5 규칙4): logQ 1560 + 예측 logP 360 > 1747+60 → 컨텍스트 미생성
openfhe,16,32768,40,38,19,21,3,4,14,512,,,,,,,,,,5,,,0,예측 탈락(§8.5 규칙4): logQ 1560 + 예측 logP 360 > 1747+60 → 컨텍스트 미생성
openfhe,16,32768,40,38,19,21,4,3,14,512,,,,,,,,,,5,,,0,예측 탈락(§8.5 규칙4): logQ 1560 + 예측 logP 360 > 1747+60 → 컨텍스트 미생성
openfhe,16,32768,40,38,20,20,3,3,14,512,,,,,,,,,,5,,,0,예측 탈락(§8.5 규칙4): logQ 1560 + 예측 logP 360 > 1747+60 → 컨텍스트 미생성
openfhe,16,32768,40,38,18,22,4,4,14,512,,,,,,,,,,6,,,0,예측 탈락(§8.5 규칙4): logQ 1560 + 예측 logP 300 > 1747+60 → 컨텍스트 미생성
openfhe,16,32768,40,38,19,21,3,4,14,512,,,,,,,,,,6,,,0,예측 탈락(§8.5 규칙4): logQ 1560 + 예측 logP 300 > 1747+60 → 컨텍스트 미생성
openfhe,16,32768,40,38,19,21,4,3,14,512,,,,,,,,,,6,,,0,예측 탈락(§8.5 규칙4): logQ 1560 + 예측 logP 300 > 1747+60 → 컨텍스트 미생성
openfhe,16,32768,40,38,20,20,3,3,14,512,,,,,,,,,,6,,,0,예측 탈락(§8.5 규칙4): logQ 1560 + 예측 logP 300 > 1747+60 → 컨텍스트 미생성
openfhe,16,32768,40,38,18,22,4,4,14,512,41,1560,4,240,1800,19,724,240,964,7,230,-53,0,logQP_boot 1800 > 1747
openfhe,16,32768,40,38,19,21,3,4,14,512,41,1560,4,240,1800,20,762,240,1002,7,230,-53,0,logQP_boot 1800 > 1747
openfhe,16,32768,40,38,19,21,4,3,14,512,41,1560,4,240,1800,20,762,240,1002,7,230,-53,0,logQP_boot 1800 > 1747
openfhe,16,32768,40,38,20,20,3,3,14,512,41,1560,4,240,1800,21,800,240,1040,7,230,-53,0,logQP_boot 1800 > 1747
openfhe,16,32768,40,38,18,22,4,4,14,512,41,1560,4,240,1800,19,724,240,964,9,192,-53,0,logQP_boot 1800 > 1747
openfhe,16,32768,40,38,19,21,3,4,14,512,41,1560,4,240,1800,20,762,240,1002,9,192,-53,0,logQP_boot 1800 > 1747
openfhe,16,32768,40,38,19,21,4,3,14,512,41,1560,4,240,1800,20,762,240,1002,9,192,-53,0,logQP_boot 1800 > 1747
openfhe,16,32768,40,38,20,20,3,3,14,512,41,1560,4,240,1800,21,800,240,1040,9,192,-53,0,logQP_boot 1800 > 1747
openfhe,16,32768,40,38,18,22,4,4,14,512,41,1560,3,180,1740,19,724,180,904,11,154,7,1,
openfhe,16,32768,40,38,19,21,3,4,14,512,41,1560,3,180,1740,20,762,180,942,11,154,7,1,
openfhe,16,32768,40,38,19,21,4,3,14,512,41,1560,3,180,1740,20,762,180,942,11,154,7,1,
openfhe,16,32768,40,38,20,20,3,3,14,512,41,1560,3,180,1740,21,800,180,980,11,154,7,1,
openfhe,16,32768,40,38,18,22,4,4,14,512,41,1560,2,120,1680,19,724,120,844,14,116,67,1,
openfhe,16,32768,40,38,19,21,3,4,14,512,41,1560,2,120,1680,20,762,120,882,14,116,67,1,
openfhe,16,32768,40,38,19,21,4,3,14,512,41,1560,2,120,1680,20,762,120,882,14,116,67,1,
openfhe,16,32768,40,38,20,20,3,3,14,512,41,1560,2,120,1680,21,800,120,920,14,116,67,1,
openfhe,16,32768,40,38,18,22,4,4,14,512,41,1560,2,120,1680,19,724,120,844,21,78,67,1,
openfhe,16,32768,40,38,19,21,3,4,14,512,41,1560,2,120,1680,20,762,120,882,21,78,67,1,
openfhe,16,32768,40,38,19,21,4,3,14,512,41,1560,2,120,1680,20,762,120,882,21,78,67,1,
openfhe,16,32768,40,38,20,20,3,3,14,512,41,1560,2,120,1680,21,800,120,920,21,78,67,1,
openfhe,16,32768,40,38,18,22,4,4,14,512,41,1560,1,60,1620,19,724,60,784,41,40,127,1,
openfhe,16,32768,40,38,19,21,3,4,14,512,41,1560,1,60,1620,20,762,60,822,41,40,127,1,
openfhe,16,32768,40,38,19,21,4,3,14,512,41,1560,1,60,1620,20,762,60,822,41,40,127,1,
openfhe,16,32768,40,38,20,20,3,3,14,512,41,1560,1,60,1620,21,800,60,860,41,40,127,1,
openfhe,16,32768,40,38,19,22,4,4,14,512,,,,,,,,,,1,,,0,예측 탈락(§8.5 규칙4): logQ 1598 + 예측 logP 1620 > 1747+60 → 컨텍스트 미생성
openfhe,16,32768,40,38,20,21,3,4,14,512,,,,,,,,,,1,,,0,예측 탈락(§8.5 규칙4): logQ 1598 + 예측 logP 1620 > 1747+60 → 컨텍스트 미생성
openfhe,16,32768,40,38,20,21,4,3,14,512,,,,,,,,,,1,,,0,예측 탈락(§8.5 규칙4): logQ 1598 + 예측 logP 1620 > 1747+60 → 컨텍스트 미생성
openfhe,16,32768,40,38,19,22,4,4,14,512,,,,,,,,,,2,,,0,예측 탈락(§8.5 규칙4): logQ 1598 + 예측 logP 840 > 1747+60 → 컨텍스트 미생성
openfhe,16,32768,40,38,20,21,3,4,14,512,,,,,,,,,,2,,,0,예측 탈락(§8.5 규칙4): logQ 1598 + 예측 logP 840 > 1747+60 → 컨텍스트 미생성
openfhe,16,32768,40,38,20,21,4,3,14,512,,,,,,,,,,2,,,0,예측 탈락(§8.5 규칙4): logQ 1598 + 예측 logP 840 > 1747+60 → 컨텍스트 미생성
openfhe,16,32768,40,38,19,22,4,4,14,512,,,,,,,,,,3,,,0,예측 탈락(§8.5 규칙4): logQ 1598 + 예측 logP 540 > 1747+60 → 컨텍스트 미생성
openfhe,16,32768,40,38,20,21,3,4,14,512,,,,,,,,,,3,,,0,예측 탈락(§8.5 규칙4): logQ 1598 + 예측 logP 540 > 1747+60 → 컨텍스트 미생성
openfhe,16,32768,40,38,20,21,4,3,14,512,,,,,,,,,,3,,,0,예측 탈락(§8.5 규칙4): logQ 1598 + 예측 logP 540 > 1747+60 → 컨텍스트 미생성
openfhe,16,32768,40,38,19,22,4,4,14,512,,,,,,,,,,4,,,0,예측 탈락(§8.5 규칙4): logQ 1598 + 예측 logP 420 > 1747+60 → 컨텍스트 미생성
openfhe,16,32768,40,38,20,21,3,4,14,512,,,,,,,,,,4,,,0,예측 탈락(§8.5 규칙4): logQ 1598 + 예측 logP 420 > 1747+60 → 컨텍스트 미생성
openfhe,16,32768,40,38,20,21,4,3,14,512,,,,,,,,,,4,,,0,예측 탈락(§8.5 규칙4): logQ 1598 + 예측 logP 420 > 1747+60 → 컨텍스트 미생성
openfhe,16,32768,40,38,19,22,4,4,14,512,,,,,,,,,,5,,,0,예측 탈락(§8.5 규칙4): logQ 1598 + 예측 logP 360 > 1747+60 → 컨텍스트 미생성
openfhe,16,32768,40,38,20,21,3,4,14,512,,,,,,,,,,5,,,0,예측 탈락(§8.5 규칙4): logQ 1598 + 예측 logP 360 > 1747+60 → 컨텍스트 미생성
openfhe,16,32768,40,38,20,21,4,3,14,512,,,,,,,,,,5,,,0,예측 탈락(§8.5 규칙4): logQ 1598 + 예측 logP 360 > 1747+60 → 컨텍스트 미생성
openfhe,16,32768,40,38,19,22,4,4,14,512,,,,,,,,,,6,,,0,예측 탈락(§8.5 규칙4): logQ 1598 + 예측 logP 300 > 1747+60 → 컨텍스트 미생성
openfhe,16,32768,40,38,20,21,3,4,14,512,,,,,,,,,,6,,,0,예측 탈락(§8.5 규칙4): logQ 1598 + 예측 logP 300 > 1747+60 → 컨텍스트 미생성
openfhe,16,32768,40,38,20,21,4,3,14,512,,,,,,,,,,6,,,0,예측 탈락(§8.5 규칙4): logQ 1598 + 예측 logP 300 > 1747+60 → 컨텍스트 미생성
openfhe,16,32768,40,38,19,22,4,4,14,512,,,,,,,,,,7,,,0,예측 탈락(§8.5 규칙4): logQ 1598 + 예측 logP 240 > 1747+60 → 컨텍스트 미생성
openfhe,16,32768,40,38,20,21,3,4,14,512,,,,,,,,,,7,,,0,예측 탈락(§8.5 규칙4): logQ 1598 + 예측 logP 240 > 1747+60 → 컨텍스트 미생성
openfhe,16,32768,40,38,20,21,4,3,14,512,,,,,,,,,,7,,,0,예측 탈락(§8.5 규칙4): logQ 1598 + 예측 logP 240 > 1747+60 → 컨텍스트 미생성
openfhe,16,32768,40,38,19,22,4,4,14,512,,,,,,,,,,9,,,0,예측 탈락(§8.5 규칙4): logQ 1598 + 예측 logP 240 > 1747+60 → 컨텍스트 미생성
openfhe,16,32768,40,38,20,21,3,4,14,512,,,,,,,,,,9,,,0,예측 탈락(§8.5 규칙4): logQ 1598 + 예측 logP 240 > 1747+60 → 컨텍스트 미생성
openfhe,16,32768,40,38,20,21,4,3,14,512,,,,,,,,,,9,,,0,예측 탈락(§8.5 규칙4): logQ 1598 + 예측 logP 240 > 1747+60 → 컨텍스트 미생성
openfhe,16,32768,40,38,19,22,4,4,14,512,42,1598,3,180,1778,20,762,180,942,11,155,-31,0,logQP_boot 1778 > 1747
openfhe,16,32768,40,38,20,21,3,4,14,512,42,1598,3,180,1778,21,800,180,980,11,155,-31,0,logQP_boot 1778 > 1747
openfhe,16,32768,40,38,20,21,4,3,14,512,42,1598,3,180,1778,21,800,180,980,11,155,-31,0,logQP_boot 1778 > 1747
openfhe,16,32768,40,38,19,22,4,4,14,512,42,1598,2,120,1718,20,762,120,882,14,116,29,1,
openfhe,16,32768,40,38,20,21,3,4,14,512,42,1598,2,120,1718,21,800,120,920,14,116,29,1,
openfhe,16,32768,40,38,20,21,4,3,14,512,42,1598,2,120,1718,21,800,120,920,14,116,29,1,
openfhe,16,32768,40,38,19,22,4,4,14,512,42,1598,2,120,1718,20,762,120,882,21,79,29,1,
openfhe,16,32768,40,38,20,21,3,4,14,512,42,1598,2,120,1718,21,800,120,920,21,79,29,1,
openfhe,16,32768,40,38,20,21,4,3,14,512,42,1598,2,120,1718,21,800,120,920,21,79,29,1,
openfhe,16,32768,40,38,19,22,4,4,14,512,42,1598,1,60,1658,20,762,60,822,42,40,89,1,
openfhe,16,32768,40,38,20,21,3,4,14,512,42,1598,1,60,1658,21,800,60,860,42,40,89,1,
openfhe,16,32768,40,38,20,21,4,3,14,512,42,1598,1,60,1658,21,800,60,860,42,40,89,1,
openfhe,16,32768,40,38,20,22,4,4,14,512,,,,,,,,,,1,,,0,예측 탈락(§8.5 규칙4): logQ 1636 + 예측 logP 1680 > 1747+60 → 컨텍스트 미생성
openfhe,16,32768,40,38,20,22,4,4,14,512,,,,,,,,,,2,,,0,예측 탈락(§8.5 규칙4): logQ 1636 + 예측 logP 840 > 1747+60 → 컨텍스트 미생성
openfhe,16,32768,40,38,20,22,4,4,14,512,,,,,,,,,,3,,,0,예측 탈락(§8.5 규칙4): logQ 1636 + 예측 logP 600 > 1747+60 → 컨텍스트 미생성
openfhe,16,32768,40,38,20,22,4,4,14,512,,,,,,,,,,4,,,0,예측 탈락(§8.5 규칙4): logQ 1636 + 예측 logP 420 > 1747+60 → 컨텍스트 미생성
openfhe,16,32768,40,38,20,22,4,4,14,512,,,,,,,,,,5,,,0,예측 탈락(§8.5 규칙4): logQ 1636 + 예측 logP 360 > 1747+60 → 컨텍스트 미생성
openfhe,16,32768,40,38,20,22,4,4,14,512,,,,,,,,,,6,,,0,예측 탈락(§8.5 규칙4): logQ 1636 + 예측 logP 360 > 1747+60 → 컨텍스트 미생성
openfhe,16,32768,40,38,20,22,4,4,14,512,,,,,,,,,,7,,,0,예측 탈락(§8.5 규칙4): logQ 1636 + 예측 logP 300 > 1747+60 → 컨텍스트 미생성
openfhe,16,32768,40,38,20,22,4,4,14,512,,,,,,,,,,8,,,0,예측 탈락(§8.5 규칙4): logQ 1636 + 예측 logP 240 > 1747+60 → 컨텍스트 미생성
openfhe,16,32768,40,38,20,22,4,4,14,512,,,,,,,,,,9,,,0,예측 탈락(§8.5 규칙4): logQ 1636 + 예측 logP 240 > 1747+60 → 컨텍스트 미생성
openfhe,16,32768,40,38,20,22,4,4,14,512,,,,,,,,,,11,,,0,예측 탈락(§8.5 규칙4): logQ 1636 + 예측 logP 180 > 1747+60 → 컨텍스트 미생성
openfhe,16,32768,40,38,20,22,4,4,14,512,43,1636,2,120,1756,21,800,120,920,15,116,-9,0,logQP_boot 1756 > 1747
openfhe,16,32768,40,38,20,22,4,4,14,512,43,1636,2,120,1756,21,800,120,920,22,78,-9,0,logQP_boot 1756 > 1747
openfhe,16,32768,40,38,20,22,4,4,14,512,43,1636,1,60,1696,21,800,60,860,43,40,51,1,
openfhe,16,32768,40,40,15,16,1,1,14,512,,,,,,,,,,1,,,0,예측 탈락(§8.5 규칙4): logQ 1280 + 예측 logP 1320 > 1747+60 → 컨텍스트 미생성
openfhe,16,32768,40,40,15,16,1,1,14,512,,,,,,,,,,2,,,0,예측 탈락(§8.5 규칙4): logQ 1280 + 예측 logP 660 > 1747+60 → 컨텍스트 미생성
openfhe,16,32768,40,40,15,16,1,1,14,512,32,1280,8,480,1760,16,640,480,1120,3,441,-13,0,logQP_boot 1760 > 1747
openfhe,16,32768,40,40,15,16,1,1,14,512,32,1280,6,360,1640,16,640,360,1000,4,321,107,1,
openfhe,16,32768,40,40,15,16,1,1,14,512,32,1280,5,300,1580,16,640,300,940,5,281,167,1,
openfhe,16,32768,40,40,15,16,1,1,14,512,32,1280,5,300,1580,16,640,300,940,6,241,167,1,
openfhe,16,32768,40,40,15,16,1,1,14,512,32,1280,4,240,1520,16,640,240,880,7,201,227,1,
openfhe,16,32768,40,40,15,16,1,1,14,512,32,1280,3,180,1460,16,640,180,820,8,161,287,1,
openfhe,16,32768,40,40,15,16,1,1,14,512,32,1280,3,180,1460,16,640,180,820,11,121,287,1,
openfhe,16,32768,40,40,15,16,1,1,14,512,32,1280,2,120,1400,16,640,120,760,16,81,347,1,
openfhe,16,32768,40,40,15,16,1,1,14,512,32,1280,1,60,1340,16,640,60,700,32,41,407,1,
openfhe,16,32768,40,40,16,16,1,1,14,512,,,,,,,,,,1,,,0,예측 탈락(§8.5 규칙4): logQ 1320 + 예측 logP 1320 > 1747+60 → 컨텍스트 미생성
openfhe,16,32768,40,40,16,16,1,1,14,512,,,,,,,,,,2,,,0,예측 탈락(§8.5 규칙4): logQ 1320 + 예측 logP 720 > 1747+60 → 컨텍스트 미생성
openfhe,16,32768,40,40,16,16,1,1,14,512,33,1320,8,480,1800,17,680,480,1160,3,441,-53,0,logQP_boot 1800 > 1747
openfhe,16,32768,40,40,16,16,1,1,14,512,33,1320,7,420,1740,17,680,420,1100,4,361,7,1,
openfhe,16,32768,40,40,16,16,1,1,14,512,33,1320,5,300,1620,17,680,300,980,5,281,127,1,
openfhe,16,32768,40,40,16,16,1,1,14,512,33,1320,5,300,1620,17,680,300,980,6,241,127,1,
openfhe,16,32768,40,40,16,16,1,1,14,512,33,1320,4,240,1560,17,680,240,920,7,201,187,1,
openfhe,16,32768,40,40,16,16,1,1,14,512,33,1320,3,180,1500,17,680,180,860,9,161,247,1,
openfhe,16,32768,40,40,16,16,1,1,14,512,33,1320,3,180,1500,17,680,180,860,11,121,247,1,
openfhe,16,32768,40,40,16,16,1,1,14,512,33,1320,2,120,1440,17,680,120,800,17,81,307,1,
openfhe,16,32768,40,40,16,16,1,1,14,512,33,1320,1,60,1380,17,680,60,740,33,41,367,1,
openfhe,16,32768,40,40,15,18,2,2,14,512,,,,,,,,,,1,,,0,예측 탈락(§8.5 규칙4): logQ 1360 + 예측 logP 1380 > 1747+60 → 컨텍스트 미생성
openfhe,16,32768,40,40,17,16,1,1,14,512,,,,,,,,,,1,,,0,예측 탈락(§8.5 규칙4): logQ 1360 + 예측 logP 1380 > 1747+60 → 컨텍스트 미생성
openfhe,16,32768,40,40,15,18,2,2,14,512,,,,,,,,,,2,,,0,예측 탈락(§8.5 규칙4): logQ 1360 + 예측 logP 720 > 1747+60 → 컨텍스트 미생성
openfhe,16,32768,40,40,17,16,1,1,14,512,,,,,,,,,,2,,,0,예측 탈락(§8.5 규칙4): logQ 1360 + 예측 logP 720 > 1747+60 → 컨텍스트 미생성
openfhe,16,32768,40,40,15,18,2,2,14,512,,,,,,,,,,3,,,0,예측 탈락(§8.5 규칙4): logQ 1360 + 예측 logP 480 > 1747+60 → 컨텍스트 미생성
openfhe,16,32768,40,40,17,16,1,1,14,512,,,,,,,,,,3,,,0,예측 탈락(§8.5 규칙4): logQ 1360 + 예측 logP 480 > 1747+60 → 컨텍스트 미생성
openfhe,16,32768,40,40,15,18,2,2,14,512,34,1360,7,420,1780,16,640,420,1060,4,361,-33,0,logQP_boot 1780 > 1747
openfhe,16,32768,40,40,17,16,1,1,14,512,34,1360,7,420,1780,18,720,420,1140,4,361,-33,0,logQP_boot 1780 > 1747
openfhe,16,32768,40,40,15,18,2,2,14,512,34,1360,5,300,1660,16,640,300,940,5,281,87,1,
openfhe,16,32768,40,40,17,16,1,1,14,512,34,1360,5,300,1660,18,720,300,1020,5,281,87,1,
openfhe,16,32768,40,40,15,18,2,2,14,512,34,1360,5,300,1660,16,640,300,940,6,241,87,1,
openfhe,16,32768,40,40,17,16,1,1,14,512,34,1360,5,300,1660,18,720,300,1020,6,241,87,1,
openfhe,16,32768,40,40,15,18,2,2,14,512,34,1360,4,240,1600,16,640,240,880,7,201,147,1,
openfhe,16,32768,40,40,17,16,1,1,14,512,34,1360,4,240,1600,18,720,240,960,7,201,147,1,
openfhe,16,32768,40,40,15,18,2,2,14,512,34,1360,3,180,1540,16,640,180,820,9,161,207,1,
openfhe,16,32768,40,40,17,16,1,1,14,512,34,1360,3,180,1540,18,720,180,900,9,161,207,1,
openfhe,16,32768,40,40,15,18,2,2,14,512,34,1360,3,180,1540,16,640,180,820,12,121,207,1,
openfhe,16,32768,40,40,17,16,1,1,14,512,34,1360,3,180,1540,18,720,180,900,12,121,207,1,
openfhe,16,32768,40,40,15,18,2,2,14,512,34,1360,2,120,1480,16,640,120,760,17,81,267,1,
openfhe,16,32768,40,40,17,16,1,1,14,512,34,1360,2,120,1480,18,720,120,840,17,81,267,1,
openfhe,16,32768,40,40,15,18,2,2,14,512,34,1360,1,60,1420,16,640,60,700,34,41,327,1,
openfhe,16,32768,40,40,17,16,1,1,14,512,34,1360,1,60,1420,18,720,60,780,34,41,327,1,
openfhe,16,32768,40,40,16,18,2,2,14,512,,,,,,,,,,1,,,0,예측 탈락(§8.5 규칙4): logQ 1400 + 예측 logP 1440 > 1747+60 → 컨텍스트 미생성
openfhe,16,32768,40,40,18,16,1,1,14,512,,,,,,,,,,1,,,0,예측 탈락(§8.5 규칙4): logQ 1400 + 예측 logP 1440 > 1747+60 → 컨텍스트 미생성
openfhe,16,32768,40,40,16,18,2,2,14,512,,,,,,,,,,2,,,0,예측 탈락(§8.5 규칙4): logQ 1400 + 예측 logP 720 > 1747+60 → 컨텍스트 미생성
openfhe,16,32768,40,40,18,16,1,1,14,512,,,,,,,,,,2,,,0,예측 탈락(§8.5 규칙4): logQ 1400 + 예측 logP 720 > 1747+60 → 컨텍스트 미생성
openfhe,16,32768,40,40,16,18,2,2,14,512,,,,,,,,,,3,,,0,예측 탈락(§8.5 규칙4): logQ 1400 + 예측 logP 480 > 1747+60 → 컨텍스트 미생성
openfhe,16,32768,40,40,18,16,1,1,14,512,,,,,,,,,,3,,,0,예측 탈락(§8.5 규칙4): logQ 1400 + 예측 logP 480 > 1747+60 → 컨텍스트 미생성
openfhe,16,32768,40,40,16,18,2,2,14,512,35,1400,7,420,1820,17,680,420,1100,4,361,-73,0,logQP_boot 1820 > 1747
openfhe,16,32768,40,40,18,16,1,1,14,512,35,1400,7,420,1820,19,760,420,1180,4,361,-73,0,logQP_boot 1820 > 1747
openfhe,16,32768,40,40,16,18,2,2,14,512,35,1400,5,300,1700,17,680,300,980,5,281,47,1,
openfhe,16,32768,40,40,18,16,1,1,14,512,35,1400,5,300,1700,19,760,300,1060,5,281,47,1,
openfhe,16,32768,40,40,16,18,2,2,14,512,35,1400,5,300,1700,17,680,300,980,6,241,47,1,
openfhe,16,32768,40,40,18,16,1,1,14,512,35,1400,5,300,1700,19,760,300,1060,6,241,47,1,
openfhe,16,32768,40,40,16,18,2,2,14,512,35,1400,4,240,1640,17,680,240,920,7,201,107,1,
openfhe,16,32768,40,40,18,16,1,1,14,512,35,1400,4,240,1640,19,760,240,1000,7,201,107,1,
openfhe,16,32768,40,40,16,18,2,2,14,512,35,1400,3,180,1580,17,680,180,860,9,161,167,1,
openfhe,16,32768,40,40,18,16,1,1,14,512,35,1400,3,180,1580,19,760,180,940,9,161,167,1,
openfhe,16,32768,40,40,16,18,2,2,14,512,35,1400,3,180,1580,17,680,180,860,12,121,167,1,
openfhe,16,32768,40,40,18,16,1,1,14,512,35,1400,3,180,1580,19,760,180,940,12,121,167,1,
openfhe,16,32768,40,40,16,18,2,2,14,512,35,1400,2,120,1520,17,680,120,800,18,81,227,1,
openfhe,16,32768,40,40,18,16,1,1,14,512,35,1400,2,120,1520,19,760,120,880,18,81,227,1,
openfhe,16,32768,40,40,16,18,2,2,14,512,35,1400,1,60,1460,17,680,60,740,35,41,287,1,
openfhe,16,32768,40,40,18,16,1,1,14,512,35,1400,1,60,1460,19,760,60,820,35,41,287,1,
openfhe,16,32768,40,40,15,20,3,3,14,512,,,,,,,,,,1,,,0,예측 탈락(§8.5 규칙4): logQ 1440 + 예측 logP 1440 > 1747+60 → 컨텍스트 미생성
openfhe,16,32768,40,40,17,18,2,2,14,512,,,,,,,,,,1,,,0,예측 탈락(§8.5 규칙4): logQ 1440 + 예측 logP 1440 > 1747+60 → 컨텍스트 미생성
openfhe,16,32768,40,40,19,16,1,1,14,512,,,,,,,,,,1,,,0,예측 탈락(§8.5 규칙4): logQ 1440 + 예측 logP 1440 > 1747+60 → 컨텍스트 미생성
openfhe,16,32768,40,40,15,20,3,3,14,512,,,,,,,,,,2,,,0,예측 탈락(§8.5 규칙4): logQ 1440 + 예측 logP 720 > 1747+60 → 컨텍스트 미생성
openfhe,16,32768,40,40,17,18,2,2,14,512,,,,,,,,,,2,,,0,예측 탈락(§8.5 규칙4): logQ 1440 + 예측 logP 720 > 1747+60 → 컨텍스트 미생성
openfhe,16,32768,40,40,19,16,1,1,14,512,,,,,,,,,,2,,,0,예측 탈락(§8.5 규칙4): logQ 1440 + 예측 logP 720 > 1747+60 → 컨텍스트 미생성
openfhe,16,32768,40,40,15,20,3,3,14,512,,,,,,,,,,3,,,0,예측 탈락(§8.5 규칙4): logQ 1440 + 예측 logP 480 > 1747+60 → 컨텍스트 미생성
openfhe,16,32768,40,40,17,18,2,2,14,512,,,,,,,,,,3,,,0,예측 탈락(§8.5 규칙4): logQ 1440 + 예측 logP 480 > 1747+60 → 컨텍스트 미생성
openfhe,16,32768,40,40,19,16,1,1,14,512,,,,,,,,,,3,,,0,예측 탈락(§8.5 규칙4): logQ 1440 + 예측 logP 480 > 1747+60 → 컨텍스트 미생성
openfhe,16,32768,40,40,15,20,3,3,14,512,36,1440,7,420,1860,16,640,420,1060,4,361,-113,0,logQP_boot 1860 > 1747
openfhe,16,32768,40,40,17,18,2,2,14,512,36,1440,7,420,1860,18,720,420,1140,4,361,-113,0,logQP_boot 1860 > 1747
openfhe,16,32768,40,40,19,16,1,1,14,512,36,1440,7,420,1860,20,800,420,1220,4,361,-113,0,logQP_boot 1860 > 1747
openfhe,16,32768,40,40,15,20,3,3,14,512,36,1440,6,360,1800,16,640,360,1000,5,321,-53,0,logQP_boot 1800 > 1747
openfhe,16,32768,40,40,17,18,2,2,14,512,36,1440,6,360,1800,18,720,360,1080,5,321,-53,0,logQP_boot 1800 > 1747
openfhe,16,32768,40,40,19,16,1,1,14,512,36,1440,6,360,1800,20,800,360,1160,5,321,-53,0,logQP_boot 1800 > 1747
openfhe,16,32768,40,40,15,20,3,3,14,512,36,1440,5,300,1740,16,640,300,940,6,241,7,1,
openfhe,16,32768,40,40,17,18,2,2,14,512,36,1440,5,300,1740,18,720,300,1020,6,241,7,1,
openfhe,16,32768,40,40,19,16,1,1,14,512,36,1440,5,300,1740,20,800,300,1100,6,241,7,1,
openfhe,16,32768,40,40,15,20,3,3,14,512,36,1440,4,240,1680,16,640,240,880,8,201,67,1,
openfhe,16,32768,40,40,17,18,2,2,14,512,36,1440,4,240,1680,18,720,240,960,8,201,67,1,
openfhe,16,32768,40,40,19,16,1,1,14,512,36,1440,4,240,1680,20,800,240,1040,8,201,67,1,
openfhe,16,32768,40,40,15,20,3,3,14,512,36,1440,3,180,1620,16,640,180,820,9,161,127,1,
openfhe,16,32768,40,40,17,18,2,2,14,512,36,1440,3,180,1620,18,720,180,900,9,161,127,1,
openfhe,16,32768,40,40,19,16,1,1,14,512,36,1440,3,180,1620,20,800,180,980,9,161,127,1,
openfhe,16,32768,40,40,15,20,3,3,14,512,36,1440,3,180,1620,16,640,180,820,12,121,127,1,
openfhe,16,32768,40,40,17,18,2,2,14,512,36,1440,3,180,1620,18,720,180,900,12,121,127,1,
openfhe,16,32768,40,40,19,16,1,1,14,512,36,1440,3,180,1620,20,800,180,980,12,121,127,1,
openfhe,16,32768,40,40,15,20,3,3,14,512,36,1440,2,120,1560,16,640,120,760,18,81,187,1,
openfhe,16,32768,40,40,17,18,2,2,14,512,36,1440,2,120,1560,18,720,120,840,18,81,187,1,
openfhe,16,32768,40,40,19,16,1,1,14,512,36,1440,2,120,1560,20,800,120,920,18,81,187,1,
openfhe,16,32768,40,40,15,20,3,3,14,512,36,1440,1,60,1500,16,640,60,700,36,41,247,1,
openfhe,16,32768,40,40,17,18,2,2,14,512,36,1440,1,60,1500,18,720,60,780,36,41,247,1,
openfhe,16,32768,40,40,19,16,1,1,14,512,36,1440,1,60,1500,20,800,60,860,36,41,247,1,
openfhe,16,32768,40,40,15,21,3,4,14,512,,,,,,,,,,1,,,0,예측 탈락(§8.5 규칙4): logQ 1480 + 예측 logP 1500 > 1747+60 → 컨텍스트 미생성
openfhe,16,32768,40,40,15,21,4,3,14,512,,,,,,,,,,1,,,0,예측 탈락(§8.5 규칙4): logQ 1480 + 예측 logP 1500 > 1747+60 → 컨텍스트 미생성
openfhe,16,32768,40,40,16,20,3,3,14,512,,,,,,,,,,1,,,0,예측 탈락(§8.5 규칙4): logQ 1480 + 예측 logP 1500 > 1747+60 → 컨텍스트 미생성
openfhe,16,32768,40,40,18,18,2,2,14,512,,,,,,,,,,1,,,0,예측 탈락(§8.5 규칙4): logQ 1480 + 예측 logP 1500 > 1747+60 → 컨텍스트 미생성
openfhe,16,32768,40,40,20,16,1,1,14,512,,,,,,,,,,1,,,0,예측 탈락(§8.5 규칙4): logQ 1480 + 예측 logP 1500 > 1747+60 → 컨텍스트 미생성
openfhe,16,32768,40,40,15,21,3,4,14,512,,,,,,,,,,2,,,0,예측 탈락(§8.5 규칙4): logQ 1480 + 예측 logP 780 > 1747+60 → 컨텍스트 미생성
openfhe,16,32768,40,40,15,21,4,3,14,512,,,,,,,,,,2,,,0,예측 탈락(§8.5 규칙4): logQ 1480 + 예측 logP 780 > 1747+60 → 컨텍스트 미생성
openfhe,16,32768,40,40,16,20,3,3,14,512,,,,,,,,,,2,,,0,예측 탈락(§8.5 규칙4): logQ 1480 + 예측 logP 780 > 1747+60 → 컨텍스트 미생성
openfhe,16,32768,40,40,18,18,2,2,14,512,,,,,,,,,,2,,,0,예측 탈락(§8.5 규칙4): logQ 1480 + 예측 logP 780 > 1747+60 → 컨텍스트 미생성
openfhe,16,32768,40,40,20,16,1,1,14,512,,,,,,,,,,2,,,0,예측 탈락(§8.5 규칙4): logQ 1480 + 예측 logP 780 > 1747+60 → 컨텍스트 미생성
openfhe,16,32768,40,40,15,21,3,4,14,512,,,,,,,,,,3,,,0,예측 탈락(§8.5 규칙4): logQ 1480 + 예측 logP 540 > 1747+60 → 컨텍스트 미생성
openfhe,16,32768,40,40,15,21,4,3,14,512,,,,,,,,,,3,,,0,예측 탈락(§8.5 규칙4): logQ 1480 + 예측 logP 540 > 1747+60 → 컨텍스트 미생성
openfhe,16,32768,40,40,16,20,3,3,14,512,,,,,,,,,,3,,,0,예측 탈락(§8.5 규칙4): logQ 1480 + 예측 logP 540 > 1747+60 → 컨텍스트 미생성
openfhe,16,32768,40,40,18,18,2,2,14,512,,,,,,,,,,3,,,0,예측 탈락(§8.5 규칙4): logQ 1480 + 예측 logP 540 > 1747+60 → 컨텍스트 미생성
openfhe,16,32768,40,40,20,16,1,1,14,512,,,,,,,,,,3,,,0,예측 탈락(§8.5 규칙4): logQ 1480 + 예측 logP 540 > 1747+60 → 컨텍스트 미생성
openfhe,16,32768,40,40,15,21,3,4,14,512,,,,,,,,,,4,,,0,예측 탈락(§8.5 규칙4): logQ 1480 + 예측 logP 420 > 1747+60 → 컨텍스트 미생성
openfhe,16,32768,40,40,15,21,4,3,14,512,,,,,,,,,,4,,,0,예측 탈락(§8.5 규칙4): logQ 1480 + 예측 logP 420 > 1747+60 → 컨텍스트 미생성
openfhe,16,32768,40,40,16,20,3,3,14,512,,,,,,,,,,4,,,0,예측 탈락(§8.5 규칙4): logQ 1480 + 예측 logP 420 > 1747+60 → 컨텍스트 미생성
openfhe,16,32768,40,40,18,18,2,2,14,512,,,,,,,,,,4,,,0,예측 탈락(§8.5 규칙4): logQ 1480 + 예측 logP 420 > 1747+60 → 컨텍스트 미생성
openfhe,16,32768,40,40,20,16,1,1,14,512,,,,,,,,,,4,,,0,예측 탈락(§8.5 규칙4): logQ 1480 + 예측 logP 420 > 1747+60 → 컨텍스트 미생성
openfhe,16,32768,40,40,15,21,3,4,14,512,,,,,,,,,,5,,,0,예측 탈락(§8.5 규칙4): logQ 1480 + 예측 logP 360 > 1747+60 → 컨텍스트 미생성
openfhe,16,32768,40,40,15,21,4,3,14,512,,,,,,,,,,5,,,0,예측 탈락(§8.5 규칙4): logQ 1480 + 예측 logP 360 > 1747+60 → 컨텍스트 미생성
openfhe,16,32768,40,40,16,20,3,3,14,512,,,,,,,,,,5,,,0,예측 탈락(§8.5 규칙4): logQ 1480 + 예측 logP 360 > 1747+60 → 컨텍스트 미생성
openfhe,16,32768,40,40,18,18,2,2,14,512,,,,,,,,,,5,,,0,예측 탈락(§8.5 규칙4): logQ 1480 + 예측 logP 360 > 1747+60 → 컨텍스트 미생성
openfhe,16,32768,40,40,20,16,1,1,14,512,,,,,,,,,,5,,,0,예측 탈락(§8.5 규칙4): logQ 1480 + 예측 logP 360 > 1747+60 → 컨텍스트 미생성
openfhe,16,32768,40,40,15,21,3,4,14,512,37,1480,5,300,1780,16,640,300,940,6,281,-33,0,logQP_boot 1780 > 1747
openfhe,16,32768,40,40,15,21,4,3,14,512,37,1480,5,300,1780,16,640,300,940,6,281,-33,0,logQP_boot 1780 > 1747
openfhe,16,32768,40,40,16,20,3,3,14,512,37,1480,5,300,1780,17,680,300,980,6,281,-33,0,logQP_boot 1780 > 1747
openfhe,16,32768,40,40,18,18,2,2,14,512,37,1480,5,300,1780,19,760,300,1060,6,281,-33,0,logQP_boot 1780 > 1747
openfhe,16,32768,40,40,20,16,1,1,14,512,37,1480,5,300,1780,21,840,300,1140,6,281,-33,0,logQP_boot 1780 > 1747
openfhe,16,32768,40,40,15,21,3,4,14,512,37,1480,5,300,1780,16,640,300,940,7,241,-33,0,logQP_boot 1780 > 1747
openfhe,16,32768,40,40,15,21,4,3,14,512,37,1480,5,300,1780,16,640,300,940,7,241,-33,0,logQP_boot 1780 > 1747
openfhe,16,32768,40,40,16,20,3,3,14,512,37,1480,5,300,1780,17,680,300,980,7,241,-33,0,logQP_boot 1780 > 1747
openfhe,16,32768,40,40,18,18,2,2,14,512,37,1480,5,300,1780,19,760,300,1060,7,241,-33,0,logQP_boot 1780 > 1747
openfhe,16,32768,40,40,20,16,1,1,14,512,37,1480,5,300,1780,21,840,300,1140,7,241,-33,0,logQP_boot 1780 > 1747
openfhe,16,32768,40,40,15,21,3,4,14,512,37,1480,4,240,1720,16,640,240,880,8,201,27,1,
openfhe,16,32768,40,40,15,21,4,3,14,512,37,1480,4,240,1720,16,640,240,880,8,201,27,1,
openfhe,16,32768,40,40,16,20,3,3,14,512,37,1480,4,240,1720,17,680,240,920,8,201,27,1,
openfhe,16,32768,40,40,18,18,2,2,14,512,37,1480,4,240,1720,19,760,240,1000,8,201,27,1,
openfhe,16,32768,40,40,20,16,1,1,14,512,37,1480,4,240,1720,21,840,240,1080,8,201,27,1,
openfhe,16,32768,40,40,15,21,3,4,14,512,37,1480,3,180,1660,16,640,180,820,10,161,87,1,
openfhe,16,32768,40,40,15,21,4,3,14,512,37,1480,3,180,1660,16,640,180,820,10,161,87,1,
openfhe,16,32768,40,40,16,20,3,3,14,512,37,1480,3,180,1660,17,680,180,860,10,161,87,1,
openfhe,16,32768,40,40,18,18,2,2,14,512,37,1480,3,180,1660,19,760,180,940,10,161,87,1,
openfhe,16,32768,40,40,20,16,1,1,14,512,37,1480,3,180,1660,21,840,180,1020,10,161,87,1,
openfhe,16,32768,40,40,15,21,3,4,14,512,37,1480,3,180,1660,16,640,180,820,13,121,87,1,
openfhe,16,32768,40,40,15,21,4,3,14,512,37,1480,3,180,1660,16,640,180,820,13,121,87,1,
openfhe,16,32768,40,40,16,20,3,3,14,512,37,1480,3,180,1660,17,680,180,860,13,121,87,1,
openfhe,16,32768,40,40,18,18,2,2,14,512,37,1480,3,180,1660,19,760,180,940,13,121,87,1,
openfhe,16,32768,40,40,20,16,1,1,14,512,37,1480,3,180,1660,21,840,180,1020,13,121,87,1,
openfhe,16,32768,40,40,15,21,3,4,14,512,37,1480,2,120,1600,16,640,120,760,19,81,147,1,
openfhe,16,32768,40,40,15,21,4,3,14,512,37,1480,2,120,1600,16,640,120,760,19,81,147,1,
openfhe,16,32768,40,40,16,20,3,3,14,512,37,1480,2,120,1600,17,680,120,800,19,81,147,1,
openfhe,16,32768,40,40,18,18,2,2,14,512,37,1480,2,120,1600,19,760,120,880,19,81,147,1,
openfhe,16,32768,40,40,20,16,1,1,14,512,37,1480,2,120,1600,21,840,120,960,19,81,147,1,
openfhe,16,32768,40,40,15,21,3,4,14,512,37,1480,1,60,1540,16,640,60,700,37,41,207,1,
openfhe,16,32768,40,40,15,21,4,3,14,512,37,1480,1,60,1540,16,640,60,700,37,41,207,1,
openfhe,16,32768,40,40,16,20,3,3,14,512,37,1480,1,60,1540,17,680,60,740,37,41,207,1,
openfhe,16,32768,40,40,18,18,2,2,14,512,37,1480,1,60,1540,19,760,60,820,37,41,207,1,
openfhe,16,32768,40,40,20,16,1,1,14,512,37,1480,1,60,1540,21,840,60,900,37,41,207,1,
openfhe,16,32768,40,40,15,22,4,4,14,512,,,,,,,,,,1,,,0,예측 탈락(§8.5 규칙4): logQ 1520 + 예측 logP 1560 > 1747+60 → 컨텍스트 미생성
openfhe,16,32768,40,40,16,21,3,4,14,512,,,,,,,,,,1,,,0,예측 탈락(§8.5 규칙4): logQ 1520 + 예측 logP 1560 > 1747+60 → 컨텍스트 미생성
openfhe,16,32768,40,40,16,21,4,3,14,512,,,,,,,,,,1,,,0,예측 탈락(§8.5 규칙4): logQ 1520 + 예측 logP 1560 > 1747+60 → 컨텍스트 미생성
openfhe,16,32768,40,40,17,20,3,3,14,512,,,,,,,,,,1,,,0,예측 탈락(§8.5 규칙4): logQ 1520 + 예측 logP 1560 > 1747+60 → 컨텍스트 미생성
openfhe,16,32768,40,40,19,18,2,2,14,512,,,,,,,,,,1,,,0,예측 탈락(§8.5 규칙4): logQ 1520 + 예측 logP 1560 > 1747+60 → 컨텍스트 미생성
openfhe,16,32768,40,40,15,22,4,4,14,512,,,,,,,,,,2,,,0,예측 탈락(§8.5 규칙4): logQ 1520 + 예측 logP 780 > 1747+60 → 컨텍스트 미생성
openfhe,16,32768,40,40,16,21,3,4,14,512,,,,,,,,,,2,,,0,예측 탈락(§8.5 규칙4): logQ 1520 + 예측 logP 780 > 1747+60 → 컨텍스트 미생성
openfhe,16,32768,40,40,16,21,4,3,14,512,,,,,,,,,,2,,,0,예측 탈락(§8.5 규칙4): logQ 1520 + 예측 logP 780 > 1747+60 → 컨텍스트 미생성
openfhe,16,32768,40,40,17,20,3,3,14,512,,,,,,,,,,2,,,0,예측 탈락(§8.5 규칙4): logQ 1520 + 예측 logP 780 > 1747+60 → 컨텍스트 미생성
openfhe,16,32768,40,40,19,18,2,2,14,512,,,,,,,,,,2,,,0,예측 탈락(§8.5 규칙4): logQ 1520 + 예측 logP 780 > 1747+60 → 컨텍스트 미생성
openfhe,16,32768,40,40,15,22,4,4,14,512,,,,,,,,,,3,,,0,예측 탈락(§8.5 규칙4): logQ 1520 + 예측 logP 540 > 1747+60 → 컨텍스트 미생성
openfhe,16,32768,40,40,16,21,3,4,14,512,,,,,,,,,,3,,,0,예측 탈락(§8.5 규칙4): logQ 1520 + 예측 logP 540 > 1747+60 → 컨텍스트 미생성
openfhe,16,32768,40,40,16,21,4,3,14,512,,,,,,,,,,3,,,0,예측 탈락(§8.5 규칙4): logQ 1520 + 예측 logP 540 > 1747+60 → 컨텍스트 미생성
openfhe,16,32768,40,40,17,20,3,3,14,512,,,,,,,,,,3,,,0,예측 탈락(§8.5 규칙4): logQ 1520 + 예측 logP 540 > 1747+60 → 컨텍스트 미생성
openfhe,16,32768,40,40,19,18,2,2,14,512,,,,,,,,,,3,,,0,예측 탈락(§8.5 규칙4): logQ 1520 + 예측 logP 540 > 1747+60 → 컨텍스트 미생성
openfhe,16,32768,40,40,15,22,4,4,14,512,,,,,,,,,,4,,,0,예측 탈락(§8.5 규칙4): logQ 1520 + 예측 logP 420 > 1747+60 → 컨텍스트 미생성
openfhe,16,32768,40,40,16,21,3,4,14,512,,,,,,,,,,4,,,0,예측 탈락(§8.5 규칙4): logQ 1520 + 예측 logP 420 > 1747+60 → 컨텍스트 미생성
openfhe,16,32768,40,40,16,21,4,3,14,512,,,,,,,,,,4,,,0,예측 탈락(§8.5 규칙4): logQ 1520 + 예측 logP 420 > 1747+60 → 컨텍스트 미생성
openfhe,16,32768,40,40,17,20,3,3,14,512,,,,,,,,,,4,,,0,예측 탈락(§8.5 규칙4): logQ 1520 + 예측 logP 420 > 1747+60 → 컨텍스트 미생성
openfhe,16,32768,40,40,19,18,2,2,14,512,,,,,,,,,,4,,,0,예측 탈락(§8.5 규칙4): logQ 1520 + 예측 logP 420 > 1747+60 → 컨텍스트 미생성
openfhe,16,32768,40,40,15,22,4,4,14,512,,,,,,,,,,5,,,0,예측 탈락(§8.5 규칙4): logQ 1520 + 예측 logP 360 > 1747+60 → 컨텍스트 미생성
openfhe,16,32768,40,40,16,21,3,4,14,512,,,,,,,,,,5,,,0,예측 탈락(§8.5 규칙4): logQ 1520 + 예측 logP 360 > 1747+60 → 컨텍스트 미생성
openfhe,16,32768,40,40,16,21,4,3,14,512,,,,,,,,,,5,,,0,예측 탈락(§8.5 규칙4): logQ 1520 + 예측 logP 360 > 1747+60 → 컨텍스트 미생성
openfhe,16,32768,40,40,17,20,3,3,14,512,,,,,,,,,,5,,,0,예측 탈락(§8.5 규칙4): logQ 1520 + 예측 logP 360 > 1747+60 → 컨텍스트 미생성
openfhe,16,32768,40,40,19,18,2,2,14,512,,,,,,,,,,5,,,0,예측 탈락(§8.5 규칙4): logQ 1520 + 예측 logP 360 > 1747+60 → 컨텍스트 미생성
openfhe,16,32768,40,40,15,22,4,4,14,512,,,,,,,,,,6,,,0,예측 탈락(§8.5 규칙4): logQ 1520 + 예측 logP 300 > 1747+60 → 컨텍스트 미생성
openfhe,16,32768,40,40,16,21,3,4,14,512,,,,,,,,,,6,,,0,예측 탈락(§8.5 규칙4): logQ 1520 + 예측 logP 300 > 1747+60 → 컨텍스트 미생성
openfhe,16,32768,40,40,16,21,4,3,14,512,,,,,,,,,,6,,,0,예측 탈락(§8.5 규칙4): logQ 1520 + 예측 logP 300 > 1747+60 → 컨텍스트 미생성
openfhe,16,32768,40,40,17,20,3,3,14,512,,,,,,,,,,6,,,0,예측 탈락(§8.5 규칙4): logQ 1520 + 예측 logP 300 > 1747+60 → 컨텍스트 미생성
openfhe,16,32768,40,40,19,18,2,2,14,512,,,,,,,,,,6,,,0,예측 탈락(§8.5 규칙4): logQ 1520 + 예측 logP 300 > 1747+60 → 컨텍스트 미생성
openfhe,16,32768,40,40,15,22,4,4,14,512,38,1520,5,300,1820,16,640,300,940,7,241,-73,0,logQP_boot 1820 > 1747
openfhe,16,32768,40,40,16,21,3,4,14,512,38,1520,5,300,1820,17,680,300,980,7,241,-73,0,logQP_boot 1820 > 1747
openfhe,16,32768,40,40,16,21,4,3,14,512,38,1520,5,300,1820,17,680,300,980,7,241,-73,0,logQP_boot 1820 > 1747
openfhe,16,32768,40,40,17,20,3,3,14,512,38,1520,5,300,1820,18,720,300,1020,7,241,-73,0,logQP_boot 1820 > 1747
openfhe,16,32768,40,40,19,18,2,2,14,512,38,1520,5,300,1820,20,800,300,1100,7,241,-73,0,logQP_boot 1820 > 1747
openfhe,16,32768,40,40,15,22,4,4,14,512,38,1520,4,240,1760,16,640,240,880,8,201,-13,0,logQP_boot 1760 > 1747
openfhe,16,32768,40,40,16,21,3,4,14,512,38,1520,4,240,1760,17,680,240,920,8,201,-13,0,logQP_boot 1760 > 1747
openfhe,16,32768,40,40,16,21,4,3,14,512,38,1520,4,240,1760,17,680,240,920,8,201,-13,0,logQP_boot 1760 > 1747
openfhe,16,32768,40,40,17,20,3,3,14,512,38,1520,4,240,1760,18,720,240,960,8,201,-13,0,logQP_boot 1760 > 1747
openfhe,16,32768,40,40,19,18,2,2,14,512,38,1520,4,240,1760,20,800,240,1040,8,201,-13,0,logQP_boot 1760 > 1747
openfhe,16,32768,40,40,15,22,4,4,14,512,38,1520,3,180,1700,16,640,180,820,10,161,47,1,
openfhe,16,32768,40,40,16,21,3,4,14,512,38,1520,3,180,1700,17,680,180,860,10,161,47,1,
openfhe,16,32768,40,40,16,21,4,3,14,512,38,1520,3,180,1700,17,680,180,860,10,161,47,1,
openfhe,16,32768,40,40,17,20,3,3,14,512,38,1520,3,180,1700,18,720,180,900,10,161,47,1,
openfhe,16,32768,40,40,19,18,2,2,14,512,38,1520,3,180,1700,20,800,180,980,10,161,47,1,
openfhe,16,32768,40,40,15,22,4,4,14,512,38,1520,3,180,1700,16,640,180,820,13,121,47,1,
openfhe,16,32768,40,40,16,21,3,4,14,512,38,1520,3,180,1700,17,680,180,860,13,121,47,1,
openfhe,16,32768,40,40,16,21,4,3,14,512,38,1520,3,180,1700,17,680,180,860,13,121,47,1,
openfhe,16,32768,40,40,17,20,3,3,14,512,38,1520,3,180,1700,18,720,180,900,13,121,47,1,
openfhe,16,32768,40,40,19,18,2,2,14,512,38,1520,3,180,1700,20,800,180,980,13,121,47,1,
openfhe,16,32768,40,40,15,22,4,4,14,512,38,1520,2,120,1640,16,640,120,760,19,81,107,1,
openfhe,16,32768,40,40,16,21,3,4,14,512,38,1520,2,120,1640,17,680,120,800,19,81,107,1,
openfhe,16,32768,40,40,16,21,4,3,14,512,38,1520,2,120,1640,17,680,120,800,19,81,107,1,
openfhe,16,32768,40,40,17,20,3,3,14,512,38,1520,2,120,1640,18,720,120,840,19,81,107,1,
openfhe,16,32768,40,40,19,18,2,2,14,512,38,1520,2,120,1640,20,800,120,920,19,81,107,1,
openfhe,16,32768,40,40,15,22,4,4,14,512,38,1520,1,60,1580,16,640,60,700,38,41,167,1,
openfhe,16,32768,40,40,16,21,3,4,14,512,38,1520,1,60,1580,17,680,60,740,38,41,167,1,
openfhe,16,32768,40,40,16,21,4,3,14,512,38,1520,1,60,1580,17,680,60,740,38,41,167,1,
openfhe,16,32768,40,40,17,20,3,3,14,512,38,1520,1,60,1580,18,720,60,780,38,41,167,1,
openfhe,16,32768,40,40,19,18,2,2,14,512,38,1520,1,60,1580,20,800,60,860,38,41,167,1,
openfhe,16,32768,40,40,16,22,4,4,14,512,,,,,,,,,,1,,,0,예측 탈락(§8.5 규칙4): logQ 1560 + 예측 logP 1560 > 1747+60 → 컨텍스트 미생성
openfhe,16,32768,40,40,17,21,3,4,14,512,,,,,,,,,,1,,,0,예측 탈락(§8.5 규칙4): logQ 1560 + 예측 logP 1560 > 1747+60 → 컨텍스트 미생성
openfhe,16,32768,40,40,17,21,4,3,14,512,,,,,,,,,,1,,,0,예측 탈락(§8.5 규칙4): logQ 1560 + 예측 logP 1560 > 1747+60 → 컨텍스트 미생성
openfhe,16,32768,40,40,18,20,3,3,14,512,,,,,,,,,,1,,,0,예측 탈락(§8.5 규칙4): logQ 1560 + 예측 logP 1560 > 1747+60 → 컨텍스트 미생성
openfhe,16,32768,40,40,20,18,2,2,14,512,,,,,,,,,,1,,,0,예측 탈락(§8.5 규칙4): logQ 1560 + 예측 logP 1560 > 1747+60 → 컨텍스트 미생성
openfhe,16,32768,40,40,16,22,4,4,14,512,,,,,,,,,,2,,,0,예측 탈락(§8.5 규칙4): logQ 1560 + 예측 logP 840 > 1747+60 → 컨텍스트 미생성
openfhe,16,32768,40,40,17,21,3,4,14,512,,,,,,,,,,2,,,0,예측 탈락(§8.5 규칙4): logQ 1560 + 예측 logP 840 > 1747+60 → 컨텍스트 미생성
openfhe,16,32768,40,40,17,21,4,3,14,512,,,,,,,,,,2,,,0,예측 탈락(§8.5 규칙4): logQ 1560 + 예측 logP 840 > 1747+60 → 컨텍스트 미생성
openfhe,16,32768,40,40,18,20,3,3,14,512,,,,,,,,,,2,,,0,예측 탈락(§8.5 규칙4): logQ 1560 + 예측 logP 840 > 1747+60 → 컨텍스트 미생성
openfhe,16,32768,40,40,20,18,2,2,14,512,,,,,,,,,,2,,,0,예측 탈락(§8.5 규칙4): logQ 1560 + 예측 logP 840 > 1747+60 → 컨텍스트 미생성
openfhe,16,32768,40,40,16,22,4,4,14,512,,,,,,,,,,3,,,0,예측 탈락(§8.5 규칙4): logQ 1560 + 예측 logP 540 > 1747+60 → 컨텍스트 미생성
openfhe,16,32768,40,40,17,21,3,4,14,512,,,,,,,,,,3,,,0,예측 탈락(§8.5 규칙4): logQ 1560 + 예측 logP 540 > 1747+60 → 컨텍스트 미생성
openfhe,16,32768,40,40,17,21,4,3,14,512,,,,,,,,,,3,,,0,예측 탈락(§8.5 규칙4): logQ 1560 + 예측 logP 540 > 1747+60 → 컨텍스트 미생성
openfhe,16,32768,40,40,18,20,3,3,14,512,,,,,,,,,,3,,,0,예측 탈락(§8.5 규칙4): logQ 1560 + 예측 logP 540 > 1747+60 → 컨텍스트 미생성
openfhe,16,32768,40,40,20,18,2,2,14,512,,,,,,,,,,3,,,0,예측 탈락(§8.5 규칙4): logQ 1560 + 예측 logP 540 > 1747+60 → 컨텍스트 미생성
openfhe,16,32768,40,40,16,22,4,4,14,512,,,,,,,,,,4,,,0,예측 탈락(§8.5 규칙4): logQ 1560 + 예측 logP 420 > 1747+60 → 컨텍스트 미생성
openfhe,16,32768,40,40,17,21,3,4,14,512,,,,,,,,,,4,,,0,예측 탈락(§8.5 규칙4): logQ 1560 + 예측 logP 420 > 1747+60 → 컨텍스트 미생성
openfhe,16,32768,40,40,17,21,4,3,14,512,,,,,,,,,,4,,,0,예측 탈락(§8.5 규칙4): logQ 1560 + 예측 logP 420 > 1747+60 → 컨텍스트 미생성
openfhe,16,32768,40,40,18,20,3,3,14,512,,,,,,,,,,4,,,0,예측 탈락(§8.5 규칙4): logQ 1560 + 예측 logP 420 > 1747+60 → 컨텍스트 미생성
openfhe,16,32768,40,40,20,18,2,2,14,512,,,,,,,,,,4,,,0,예측 탈락(§8.5 규칙4): logQ 1560 + 예측 logP 420 > 1747+60 → 컨텍스트 미생성
openfhe,16,32768,40,40,16,22,4,4,14,512,,,,,,,,,,5,,,0,예측 탈락(§8.5 규칙4): logQ 1560 + 예측 logP 360 > 1747+60 → 컨텍스트 미생성
openfhe,16,32768,40,40,17,21,3,4,14,512,,,,,,,,,,5,,,0,예측 탈락(§8.5 규칙4): logQ 1560 + 예측 logP 360 > 1747+60 → 컨텍스트 미생성
openfhe,16,32768,40,40,17,21,4,3,14,512,,,,,,,,,,5,,,0,예측 탈락(§8.5 규칙4): logQ 1560 + 예측 logP 360 > 1747+60 → 컨텍스트 미생성
openfhe,16,32768,40,40,18,20,3,3,14,512,,,,,,,,,,5,,,0,예측 탈락(§8.5 규칙4): logQ 1560 + 예측 logP 360 > 1747+60 → 컨텍스트 미생성
openfhe,16,32768,40,40,20,18,2,2,14,512,,,,,,,,,,5,,,0,예측 탈락(§8.5 규칙4): logQ 1560 + 예측 logP 360 > 1747+60 → 컨텍스트 미생성
openfhe,16,32768,40,40,16,22,4,4,14,512,,,,,,,,,,6,,,0,예측 탈락(§8.5 규칙4): logQ 1560 + 예측 logP 300 > 1747+60 → 컨텍스트 미생성
openfhe,16,32768,40,40,17,21,3,4,14,512,,,,,,,,,,6,,,0,예측 탈락(§8.5 규칙4): logQ 1560 + 예측 logP 300 > 1747+60 → 컨텍스트 미생성
openfhe,16,32768,40,40,17,21,4,3,14,512,,,,,,,,,,6,,,0,예측 탈락(§8.5 규칙4): logQ 1560 + 예측 logP 300 > 1747+60 → 컨텍스트 미생성
openfhe,16,32768,40,40,18,20,3,3,14,512,,,,,,,,,,6,,,0,예측 탈락(§8.5 규칙4): logQ 1560 + 예측 logP 300 > 1747+60 → 컨텍스트 미생성
openfhe,16,32768,40,40,20,18,2,2,14,512,,,,,,,,,,6,,,0,예측 탈락(§8.5 규칙4): logQ 1560 + 예측 logP 300 > 1747+60 → 컨텍스트 미생성
openfhe,16,32768,40,40,16,22,4,4,14,512,39,1560,5,300,1860,17,680,300,980,7,241,-113,0,logQP_boot 1860 > 1747
openfhe,16,32768,40,40,17,21,3,4,14,512,39,1560,5,300,1860,18,720,300,1020,7,241,-113,0,logQP_boot 1860 > 1747
openfhe,16,32768,40,40,17,21,4,3,14,512,39,1560,5,300,1860,18,720,300,1020,7,241,-113,0,logQP_boot 1860 > 1747
openfhe,16,32768,40,40,18,20,3,3,14,512,39,1560,5,300,1860,19,760,300,1060,7,241,-113,0,logQP_boot 1860 > 1747
openfhe,16,32768,40,40,20,18,2,2,14,512,39,1560,5,300,1860,21,840,300,1140,7,241,-113,0,logQP_boot 1860 > 1747
openfhe,16,32768,40,40,16,22,4,4,14,512,39,1560,4,240,1800,17,680,240,920,8,201,-53,0,logQP_boot 1800 > 1747
openfhe,16,32768,40,40,17,21,3,4,14,512,39,1560,4,240,1800,18,720,240,960,8,201,-53,0,logQP_boot 1800 > 1747
openfhe,16,32768,40,40,17,21,4,3,14,512,39,1560,4,240,1800,18,720,240,960,8,201,-53,0,logQP_boot 1800 > 1747
openfhe,16,32768,40,40,18,20,3,3,14,512,39,1560,4,240,1800,19,760,240,1000,8,201,-53,0,logQP_boot 1800 > 1747
openfhe,16,32768,40,40,20,18,2,2,14,512,39,1560,4,240,1800,21,840,240,1080,8,201,-53,0,logQP_boot 1800 > 1747
openfhe,16,32768,40,40,16,22,4,4,14,512,39,1560,3,180,1740,17,680,180,860,10,161,7,1,
openfhe,16,32768,40,40,17,21,3,4,14,512,39,1560,3,180,1740,18,720,180,900,10,161,7,1,
openfhe,16,32768,40,40,17,21,4,3,14,512,39,1560,3,180,1740,18,720,180,900,10,161,7,1,
openfhe,16,32768,40,40,18,20,3,3,14,512,39,1560,3,180,1740,19,760,180,940,10,161,7,1,
openfhe,16,32768,40,40,20,18,2,2,14,512,39,1560,3,180,1740,21,840,180,1020,10,161,7,1,
openfhe,16,32768,40,40,16,22,4,4,14,512,39,1560,3,180,1740,17,680,180,860,13,121,7,1,
openfhe,16,32768,40,40,17,21,3,4,14,512,39,1560,3,180,1740,18,720,180,900,13,121,7,1,
openfhe,16,32768,40,40,17,21,4,3,14,512,39,1560,3,180,1740,18,720,180,900,13,121,7,1,
openfhe,16,32768,40,40,18,20,3,3,14,512,39,1560,3,180,1740,19,760,180,940,13,121,7,1,
openfhe,16,32768,40,40,20,18,2,2,14,512,39,1560,3,180,1740,21,840,180,1020,13,121,7,1,
openfhe,16,32768,40,40,16,22,4,4,14,512,39,1560,2,120,1680,17,680,120,800,20,81,67,1,
openfhe,16,32768,40,40,17,21,3,4,14,512,39,1560,2,120,1680,18,720,120,840,20,81,67,1,
openfhe,16,32768,40,40,17,21,4,3,14,512,39,1560,2,120,1680,18,720,120,840,20,81,67,1,
openfhe,16,32768,40,40,18,20,3,3,14,512,39,1560,2,120,1680,19,760,120,880,20,81,67,1,
openfhe,16,32768,40,40,20,18,2,2,14,512,39,1560,2,120,1680,21,840,120,960,20,81,67,1,
openfhe,16,32768,40,40,16,22,4,4,14,512,39,1560,1,60,1620,17,680,60,740,39,41,127,1,
openfhe,16,32768,40,40,17,21,3,4,14,512,39,1560,1,60,1620,18,720,60,780,39,41,127,1,
openfhe,16,32768,40,40,17,21,4,3,14,512,39,1560,1,60,1620,18,720,60,780,39,41,127,1,
openfhe,16,32768,40,40,18,20,3,3,14,512,39,1560,1,60,1620,19,760,60,820,39,41,127,1,
openfhe,16,32768,40,40,20,18,2,2,14,512,39,1560,1,60,1620,21,840,60,900,39,41,127,1,
openfhe,16,32768,40,40,17,22,4,4,14,512,,,,,,,,,,1,,,0,예측 탈락(§8.5 규칙4): logQ 1600 + 예측 logP 1620 > 1747+60 → 컨텍스트 미생성
openfhe,16,32768,40,40,18,21,3,4,14,512,,,,,,,,,,1,,,0,예측 탈락(§8.5 규칙4): logQ 1600 + 예측 logP 1620 > 1747+60 → 컨텍스트 미생성
openfhe,16,32768,40,40,18,21,4,3,14,512,,,,,,,,,,1,,,0,예측 탈락(§8.5 규칙4): logQ 1600 + 예측 logP 1620 > 1747+60 → 컨텍스트 미생성
openfhe,16,32768,40,40,19,20,3,3,14,512,,,,,,,,,,1,,,0,예측 탈락(§8.5 규칙4): logQ 1600 + 예측 logP 1620 > 1747+60 → 컨텍스트 미생성
openfhe,16,32768,40,40,17,22,4,4,14,512,,,,,,,,,,2,,,0,예측 탈락(§8.5 규칙4): logQ 1600 + 예측 logP 840 > 1747+60 → 컨텍스트 미생성
openfhe,16,32768,40,40,18,21,3,4,14,512,,,,,,,,,,2,,,0,예측 탈락(§8.5 규칙4): logQ 1600 + 예측 logP 840 > 1747+60 → 컨텍스트 미생성
openfhe,16,32768,40,40,18,21,4,3,14,512,,,,,,,,,,2,,,0,예측 탈락(§8.5 규칙4): logQ 1600 + 예측 logP 840 > 1747+60 → 컨텍스트 미생성
openfhe,16,32768,40,40,19,20,3,3,14,512,,,,,,,,,,2,,,0,예측 탈락(§8.5 규칙4): logQ 1600 + 예측 logP 840 > 1747+60 → 컨텍스트 미생성
openfhe,16,32768,40,40,17,22,4,4,14,512,,,,,,,,,,3,,,0,예측 탈락(§8.5 규칙4): logQ 1600 + 예측 logP 600 > 1747+60 → 컨텍스트 미생성
openfhe,16,32768,40,40,18,21,3,4,14,512,,,,,,,,,,3,,,0,예측 탈락(§8.5 규칙4): logQ 1600 + 예측 logP 600 > 1747+60 → 컨텍스트 미생성
openfhe,16,32768,40,40,18,21,4,3,14,512,,,,,,,,,,3,,,0,예측 탈락(§8.5 규칙4): logQ 1600 + 예측 logP 600 > 1747+60 → 컨텍스트 미생성
openfhe,16,32768,40,40,19,20,3,3,14,512,,,,,,,,,,3,,,0,예측 탈락(§8.5 규칙4): logQ 1600 + 예측 logP 600 > 1747+60 → 컨텍스트 미생성
openfhe,16,32768,40,40,17,22,4,4,14,512,,,,,,,,,,4,,,0,예측 탈락(§8.5 규칙4): logQ 1600 + 예측 logP 420 > 1747+60 → 컨텍스트 미생성
openfhe,16,32768,40,40,18,21,3,4,14,512,,,,,,,,,,4,,,0,예측 탈락(§8.5 규칙4): logQ 1600 + 예측 logP 420 > 1747+60 → 컨텍스트 미생성
openfhe,16,32768,40,40,18,21,4,3,14,512,,,,,,,,,,4,,,0,예측 탈락(§8.5 규칙4): logQ 1600 + 예측 logP 420 > 1747+60 → 컨텍스트 미생성
openfhe,16,32768,40,40,19,20,3,3,14,512,,,,,,,,,,4,,,0,예측 탈락(§8.5 규칙4): logQ 1600 + 예측 logP 420 > 1747+60 → 컨텍스트 미생성
openfhe,16,32768,40,40,17,22,4,4,14,512,,,,,,,,,,5,,,0,예측 탈락(§8.5 규칙4): logQ 1600 + 예측 logP 360 > 1747+60 → 컨텍스트 미생성
openfhe,16,32768,40,40,18,21,3,4,14,512,,,,,,,,,,5,,,0,예측 탈락(§8.5 규칙4): logQ 1600 + 예측 logP 360 > 1747+60 → 컨텍스트 미생성
openfhe,16,32768,40,40,18,21,4,3,14,512,,,,,,,,,,5,,,0,예측 탈락(§8.5 규칙4): logQ 1600 + 예측 logP 360 > 1747+60 → 컨텍스트 미생성
openfhe,16,32768,40,40,19,20,3,3,14,512,,,,,,,,,,5,,,0,예측 탈락(§8.5 규칙4): logQ 1600 + 예측 logP 360 > 1747+60 → 컨텍스트 미생성
openfhe,16,32768,40,40,17,22,4,4,14,512,,,,,,,,,,6,,,0,예측 탈락(§8.5 규칙4): logQ 1600 + 예측 logP 300 > 1747+60 → 컨텍스트 미생성
openfhe,16,32768,40,40,18,21,3,4,14,512,,,,,,,,,,6,,,0,예측 탈락(§8.5 규칙4): logQ 1600 + 예측 logP 300 > 1747+60 → 컨텍스트 미생성
openfhe,16,32768,40,40,18,21,4,3,14,512,,,,,,,,,,6,,,0,예측 탈락(§8.5 규칙4): logQ 1600 + 예측 logP 300 > 1747+60 → 컨텍스트 미생성
openfhe,16,32768,40,40,19,20,3,3,14,512,,,,,,,,,,6,,,0,예측 탈락(§8.5 규칙4): logQ 1600 + 예측 logP 300 > 1747+60 → 컨텍스트 미생성
openfhe,16,32768,40,40,17,22,4,4,14,512,,,,,,,,,,7,,,0,예측 탈락(§8.5 규칙4): logQ 1600 + 예측 logP 240 > 1747+60 → 컨텍스트 미생성
openfhe,16,32768,40,40,18,21,3,4,14,512,,,,,,,,,,7,,,0,예측 탈락(§8.5 규칙4): logQ 1600 + 예측 logP 240 > 1747+60 → 컨텍스트 미생성
openfhe,16,32768,40,40,18,21,4,3,14,512,,,,,,,,,,7,,,0,예측 탈락(§8.5 규칙4): logQ 1600 + 예측 logP 240 > 1747+60 → 컨텍스트 미생성
openfhe,16,32768,40,40,19,20,3,3,14,512,,,,,,,,,,7,,,0,예측 탈락(§8.5 규칙4): logQ 1600 + 예측 logP 240 > 1747+60 → 컨텍스트 미생성
openfhe,16,32768,40,40,17,22,4,4,14,512,,,,,,,,,,8,,,0,예측 탈락(§8.5 규칙4): logQ 1600 + 예측 logP 240 > 1747+60 → 컨텍스트 미생성
openfhe,16,32768,40,40,18,21,3,4,14,512,,,,,,,,,,8,,,0,예측 탈락(§8.5 규칙4): logQ 1600 + 예측 logP 240 > 1747+60 → 컨텍스트 미생성
openfhe,16,32768,40,40,18,21,4,3,14,512,,,,,,,,,,8,,,0,예측 탈락(§8.5 규칙4): logQ 1600 + 예측 logP 240 > 1747+60 → 컨텍스트 미생성
openfhe,16,32768,40,40,19,20,3,3,14,512,,,,,,,,,,8,,,0,예측 탈락(§8.5 규칙4): logQ 1600 + 예측 logP 240 > 1747+60 → 컨텍스트 미생성
openfhe,16,32768,40,40,17,22,4,4,14,512,40,1600,3,180,1780,18,720,180,900,10,161,-33,0,logQP_boot 1780 > 1747
openfhe,16,32768,40,40,18,21,3,4,14,512,40,1600,3,180,1780,19,760,180,940,10,161,-33,0,logQP_boot 1780 > 1747
openfhe,16,32768,40,40,18,21,4,3,14,512,40,1600,3,180,1780,19,760,180,940,10,161,-33,0,logQP_boot 1780 > 1747
openfhe,16,32768,40,40,19,20,3,3,14,512,40,1600,3,180,1780,20,800,180,980,10,161,-33,0,logQP_boot 1780 > 1747
openfhe,16,32768,40,40,17,22,4,4,14,512,40,1600,3,180,1780,18,720,180,900,14,121,-33,0,logQP_boot 1780 > 1747
openfhe,16,32768,40,40,18,21,3,4,14,512,40,1600,3,180,1780,19,760,180,940,14,121,-33,0,logQP_boot 1780 > 1747
openfhe,16,32768,40,40,18,21,4,3,14,512,40,1600,3,180,1780,19,760,180,940,14,121,-33,0,logQP_boot 1780 > 1747
openfhe,16,32768,40,40,19,20,3,3,14,512,40,1600,3,180,1780,20,800,180,980,14,121,-33,0,logQP_boot 1780 > 1747
openfhe,16,32768,40,40,17,22,4,4,14,512,40,1600,2,120,1720,18,720,120,840,20,81,27,1,
openfhe,16,32768,40,40,18,21,3,4,14,512,40,1600,2,120,1720,19,760,120,880,20,81,27,1,
openfhe,16,32768,40,40,18,21,4,3,14,512,40,1600,2,120,1720,19,760,120,880,20,81,27,1,
openfhe,16,32768,40,40,19,20,3,3,14,512,40,1600,2,120,1720,20,800,120,920,20,81,27,1,
openfhe,16,32768,40,40,17,22,4,4,14,512,40,1600,1,60,1660,18,720,60,780,40,41,87,1,
openfhe,16,32768,40,40,18,21,3,4,14,512,40,1600,1,60,1660,19,760,60,820,40,41,87,1,
openfhe,16,32768,40,40,18,21,4,3,14,512,40,1600,1,60,1660,19,760,60,820,40,41,87,1,
openfhe,16,32768,40,40,19,20,3,3,14,512,40,1600,1,60,1660,20,800,60,860,40,41,87,1,
openfhe,16,32768,40,40,18,22,4,4,14,512,,,,,,,,,,1,,,0,예측 탈락(§8.5 규칙4): logQ 1640 + 예측 logP 1680 > 1747+60 → 컨텍스트 미생성
openfhe,16,32768,40,40,19,21,3,4,14,512,,,,,,,,,,1,,,0,예측 탈락(§8.5 규칙4): logQ 1640 + 예측 logP 1680 > 1747+60 → 컨텍스트 미생성
openfhe,16,32768,40,40,19,21,4,3,14,512,,,,,,,,,,1,,,0,예측 탈락(§8.5 규칙4): logQ 1640 + 예측 logP 1680 > 1747+60 → 컨텍스트 미생성
openfhe,16,32768,40,40,20,20,3,3,14,512,,,,,,,,,,1,,,0,예측 탈락(§8.5 규칙4): logQ 1640 + 예측 logP 1680 > 1747+60 → 컨텍스트 미생성
openfhe,16,32768,40,40,18,22,4,4,14,512,,,,,,,,,,2,,,0,예측 탈락(§8.5 규칙4): logQ 1640 + 예측 logP 840 > 1747+60 → 컨텍스트 미생성
openfhe,16,32768,40,40,19,21,3,4,14,512,,,,,,,,,,2,,,0,예측 탈락(§8.5 규칙4): logQ 1640 + 예측 logP 840 > 1747+60 → 컨텍스트 미생성
openfhe,16,32768,40,40,19,21,4,3,14,512,,,,,,,,,,2,,,0,예측 탈락(§8.5 규칙4): logQ 1640 + 예측 logP 840 > 1747+60 → 컨텍스트 미생성
openfhe,16,32768,40,40,20,20,3,3,14,512,,,,,,,,,,2,,,0,예측 탈락(§8.5 규칙4): logQ 1640 + 예측 logP 840 > 1747+60 → 컨텍스트 미생성
openfhe,16,32768,40,40,18,22,4,4,14,512,,,,,,,,,,3,,,0,예측 탈락(§8.5 규칙4): logQ 1640 + 예측 logP 600 > 1747+60 → 컨텍스트 미생성
openfhe,16,32768,40,40,19,21,3,4,14,512,,,,,,,,,,3,,,0,예측 탈락(§8.5 규칙4): logQ 1640 + 예측 logP 600 > 1747+60 → 컨텍스트 미생성
openfhe,16,32768,40,40,19,21,4,3,14,512,,,,,,,,,,3,,,0,예측 탈락(§8.5 규칙4): logQ 1640 + 예측 logP 600 > 1747+60 → 컨텍스트 미생성
openfhe,16,32768,40,40,20,20,3,3,14,512,,,,,,,,,,3,,,0,예측 탈락(§8.5 규칙4): logQ 1640 + 예측 logP 600 > 1747+60 → 컨텍스트 미생성
openfhe,16,32768,40,40,18,22,4,4,14,512,,,,,,,,,,4,,,0,예측 탈락(§8.5 규칙4): logQ 1640 + 예측 logP 480 > 1747+60 → 컨텍스트 미생성
openfhe,16,32768,40,40,19,21,3,4,14,512,,,,,,,,,,4,,,0,예측 탈락(§8.5 규칙4): logQ 1640 + 예측 logP 480 > 1747+60 → 컨텍스트 미생성
openfhe,16,32768,40,40,19,21,4,3,14,512,,,,,,,,,,4,,,0,예측 탈락(§8.5 규칙4): logQ 1640 + 예측 logP 480 > 1747+60 → 컨텍스트 미생성
openfhe,16,32768,40,40,20,20,3,3,14,512,,,,,,,,,,4,,,0,예측 탈락(§8.5 규칙4): logQ 1640 + 예측 logP 480 > 1747+60 → 컨텍스트 미생성
openfhe,16,32768,40,40,18,22,4,4,14,512,,,,,,,,,,5,,,0,예측 탈락(§8.5 규칙4): logQ 1640 + 예측 logP 360 > 1747+60 → 컨텍스트 미생성
openfhe,16,32768,40,40,19,21,3,4,14,512,,,,,,,,,,5,,,0,예측 탈락(§8.5 규칙4): logQ 1640 + 예측 logP 360 > 1747+60 → 컨텍스트 미생성
openfhe,16,32768,40,40,19,21,4,3,14,512,,,,,,,,,,5,,,0,예측 탈락(§8.5 규칙4): logQ 1640 + 예측 logP 360 > 1747+60 → 컨텍스트 미생성
openfhe,16,32768,40,40,20,20,3,3,14,512,,,,,,,,,,5,,,0,예측 탈락(§8.5 규칙4): logQ 1640 + 예측 logP 360 > 1747+60 → 컨텍스트 미생성
openfhe,16,32768,40,40,18,22,4,4,14,512,,,,,,,,,,6,,,0,예측 탈락(§8.5 규칙4): logQ 1640 + 예측 logP 300 > 1747+60 → 컨텍스트 미생성
openfhe,16,32768,40,40,19,21,3,4,14,512,,,,,,,,,,6,,,0,예측 탈락(§8.5 규칙4): logQ 1640 + 예측 logP 300 > 1747+60 → 컨텍스트 미생성
openfhe,16,32768,40,40,19,21,4,3,14,512,,,,,,,,,,6,,,0,예측 탈락(§8.5 규칙4): logQ 1640 + 예측 logP 300 > 1747+60 → 컨텍스트 미생성
openfhe,16,32768,40,40,20,20,3,3,14,512,,,,,,,,,,6,,,0,예측 탈락(§8.5 규칙4): logQ 1640 + 예측 logP 300 > 1747+60 → 컨텍스트 미생성
openfhe,16,32768,40,40,18,22,4,4,14,512,,,,,,,,,,7,,,0,예측 탈락(§8.5 규칙4): logQ 1640 + 예측 logP 240 > 1747+60 → 컨텍스트 미생성
openfhe,16,32768,40,40,19,21,3,4,14,512,,,,,,,,,,7,,,0,예측 탈락(§8.5 규칙4): logQ 1640 + 예측 logP 240 > 1747+60 → 컨텍스트 미생성
openfhe,16,32768,40,40,19,21,4,3,14,512,,,,,,,,,,7,,,0,예측 탈락(§8.5 규칙4): logQ 1640 + 예측 logP 240 > 1747+60 → 컨텍스트 미생성
openfhe,16,32768,40,40,20,20,3,3,14,512,,,,,,,,,,7,,,0,예측 탈락(§8.5 규칙4): logQ 1640 + 예측 logP 240 > 1747+60 → 컨텍스트 미생성
openfhe,16,32768,40,40,18,22,4,4,14,512,,,,,,,,,,9,,,0,예측 탈락(§8.5 규칙4): logQ 1640 + 예측 logP 240 > 1747+60 → 컨텍스트 미생성
openfhe,16,32768,40,40,19,21,3,4,14,512,,,,,,,,,,9,,,0,예측 탈락(§8.5 규칙4): logQ 1640 + 예측 logP 240 > 1747+60 → 컨텍스트 미생성
openfhe,16,32768,40,40,19,21,4,3,14,512,,,,,,,,,,9,,,0,예측 탈락(§8.5 규칙4): logQ 1640 + 예측 logP 240 > 1747+60 → 컨텍스트 미생성
openfhe,16,32768,40,40,20,20,3,3,14,512,,,,,,,,,,9,,,0,예측 탈락(§8.5 규칙4): logQ 1640 + 예측 logP 240 > 1747+60 → 컨텍스트 미생성
openfhe,16,32768,40,40,18,22,4,4,14,512,,,,,,,,,,11,,,0,예측 탈락(§8.5 규칙4): logQ 1640 + 예측 logP 180 > 1747+60 → 컨텍스트 미생성
openfhe,16,32768,40,40,19,21,3,4,14,512,,,,,,,,,,11,,,0,예측 탈락(§8.5 규칙4): logQ 1640 + 예측 logP 180 > 1747+60 → 컨텍스트 미생성
openfhe,16,32768,40,40,19,21,4,3,14,512,,,,,,,,,,11,,,0,예측 탈락(§8.5 규칙4): logQ 1640 + 예측 logP 180 > 1747+60 → 컨텍스트 미생성
openfhe,16,32768,40,40,20,20,3,3,14,512,,,,,,,,,,11,,,0,예측 탈락(§8.5 규칙4): logQ 1640 + 예측 logP 180 > 1747+60 → 컨텍스트 미생성
openfhe,16,32768,40,40,18,22,4,4,14,512,41,1640,3,180,1820,19,760,180,940,14,121,-73,0,logQP_boot 1820 > 1747
openfhe,16,32768,40,40,19,21,3,4,14,512,41,1640,3,180,1820,20,800,180,980,14,121,-73,0,logQP_boot 1820 > 1747
openfhe,16,32768,40,40,19,21,4,3,14,512,41,1640,3,180,1820,20,800,180,980,14,121,-73,0,logQP_boot 1820 > 1747
openfhe,16,32768,40,40,20,20,3,3,14,512,41,1640,3,180,1820,21,840,180,1020,14,121,-73,0,logQP_boot 1820 > 1747
openfhe,16,32768,40,40,18,22,4,4,14,512,41,1640,2,120,1760,19,760,120,880,21,81,-13,0,logQP_boot 1760 > 1747
openfhe,16,32768,40,40,19,21,3,4,14,512,41,1640,2,120,1760,20,800,120,920,21,81,-13,0,logQP_boot 1760 > 1747
openfhe,16,32768,40,40,19,21,4,3,14,512,41,1640,2,120,1760,20,800,120,920,21,81,-13,0,logQP_boot 1760 > 1747
openfhe,16,32768,40,40,20,20,3,3,14,512,41,1640,2,120,1760,21,840,120,960,21,81,-13,0,logQP_boot 1760 > 1747
openfhe,16,32768,40,40,18,22,4,4,14,512,41,1640,1,60,1700,19,760,60,820,41,41,47,1,
openfhe,16,32768,40,40,19,21,3,4,14,512,41,1640,1,60,1700,20,800,60,860,41,41,47,1,
openfhe,16,32768,40,40,19,21,4,3,14,512,41,1640,1,60,1700,20,800,60,860,41,41,47,1,
openfhe,16,32768,40,40,20,20,3,3,14,512,41,1640,1,60,1700,21,840,60,900,41,41,47,1,
openfhe,16,32768,40,40,19,22,4,4,14,512,,,,,,,,,,1,,,0,예측 탈락(§8.5 규칙4): logQ 1680 + 예측 logP 1680 > 1747+60 → 컨텍스트 미생성
openfhe,16,32768,40,40,20,21,3,4,14,512,,,,,,,,,,1,,,0,예측 탈락(§8.5 규칙4): logQ 1680 + 예측 logP 1680 > 1747+60 → 컨텍스트 미생성
openfhe,16,32768,40,40,20,21,4,3,14,512,,,,,,,,,,1,,,0,예측 탈락(§8.5 규칙4): logQ 1680 + 예측 logP 1680 > 1747+60 → 컨텍스트 미생성
openfhe,16,32768,40,40,19,22,4,4,14,512,,,,,,,,,,2,,,0,예측 탈락(§8.5 규칙4): logQ 1680 + 예측 logP 840 > 1747+60 → 컨텍스트 미생성
openfhe,16,32768,40,40,20,21,3,4,14,512,,,,,,,,,,2,,,0,예측 탈락(§8.5 규칙4): logQ 1680 + 예측 logP 840 > 1747+60 → 컨텍스트 미생성
openfhe,16,32768,40,40,20,21,4,3,14,512,,,,,,,,,,2,,,0,예측 탈락(§8.5 규칙4): logQ 1680 + 예측 logP 840 > 1747+60 → 컨텍스트 미생성
openfhe,16,32768,40,40,19,22,4,4,14,512,,,,,,,,,,3,,,0,예측 탈락(§8.5 규칙4): logQ 1680 + 예측 logP 600 > 1747+60 → 컨텍스트 미생성
openfhe,16,32768,40,40,20,21,3,4,14,512,,,,,,,,,,3,,,0,예측 탈락(§8.5 규칙4): logQ 1680 + 예측 logP 600 > 1747+60 → 컨텍스트 미생성
openfhe,16,32768,40,40,20,21,4,3,14,512,,,,,,,,,,3,,,0,예측 탈락(§8.5 규칙4): logQ 1680 + 예측 logP 600 > 1747+60 → 컨텍스트 미생성
openfhe,16,32768,40,40,19,22,4,4,14,512,,,,,,,,,,4,,,0,예측 탈락(§8.5 규칙4): logQ 1680 + 예측 logP 480 > 1747+60 → 컨텍스트 미생성
openfhe,16,32768,40,40,20,21,3,4,14,512,,,,,,,,,,4,,,0,예측 탈락(§8.5 규칙4): logQ 1680 + 예측 logP 480 > 1747+60 → 컨텍스트 미생성
openfhe,16,32768,40,40,20,21,4,3,14,512,,,,,,,,,,4,,,0,예측 탈락(§8.5 규칙4): logQ 1680 + 예측 logP 480 > 1747+60 → 컨텍스트 미생성
openfhe,16,32768,40,40,19,22,4,4,14,512,,,,,,,,,,5,,,0,예측 탈락(§8.5 규칙4): logQ 1680 + 예측 logP 360 > 1747+60 → 컨텍스트 미생성
openfhe,16,32768,40,40,20,21,3,4,14,512,,,,,,,,,,5,,,0,예측 탈락(§8.5 규칙4): logQ 1680 + 예측 logP 360 > 1747+60 → 컨텍스트 미생성
openfhe,16,32768,40,40,20,21,4,3,14,512,,,,,,,,,,5,,,0,예측 탈락(§8.5 규칙4): logQ 1680 + 예측 logP 360 > 1747+60 → 컨텍스트 미생성
openfhe,16,32768,40,40,19,22,4,4,14,512,,,,,,,,,,6,,,0,예측 탈락(§8.5 규칙4): logQ 1680 + 예측 logP 300 > 1747+60 → 컨텍스트 미생성
openfhe,16,32768,40,40,20,21,3,4,14,512,,,,,,,,,,6,,,0,예측 탈락(§8.5 규칙4): logQ 1680 + 예측 logP 300 > 1747+60 → 컨텍스트 미생성
openfhe,16,32768,40,40,20,21,4,3,14,512,,,,,,,,,,6,,,0,예측 탈락(§8.5 규칙4): logQ 1680 + 예측 logP 300 > 1747+60 → 컨텍스트 미생성
openfhe,16,32768,40,40,19,22,4,4,14,512,,,,,,,,,,7,,,0,예측 탈락(§8.5 규칙4): logQ 1680 + 예측 logP 240 > 1747+60 → 컨텍스트 미생성
openfhe,16,32768,40,40,20,21,3,4,14,512,,,,,,,,,,7,,,0,예측 탈락(§8.5 규칙4): logQ 1680 + 예측 logP 240 > 1747+60 → 컨텍스트 미생성
openfhe,16,32768,40,40,20,21,4,3,14,512,,,,,,,,,,7,,,0,예측 탈락(§8.5 규칙4): logQ 1680 + 예측 logP 240 > 1747+60 → 컨텍스트 미생성
openfhe,16,32768,40,40,19,22,4,4,14,512,,,,,,,,,,9,,,0,예측 탈락(§8.5 규칙4): logQ 1680 + 예측 logP 240 > 1747+60 → 컨텍스트 미생성
openfhe,16,32768,40,40,20,21,3,4,14,512,,,,,,,,,,9,,,0,예측 탈락(§8.5 규칙4): logQ 1680 + 예측 logP 240 > 1747+60 → 컨텍스트 미생성
openfhe,16,32768,40,40,20,21,4,3,14,512,,,,,,,,,,9,,,0,예측 탈락(§8.5 규칙4): logQ 1680 + 예측 logP 240 > 1747+60 → 컨텍스트 미생성
openfhe,16,32768,40,40,19,22,4,4,14,512,,,,,,,,,,11,,,0,예측 탈락(§8.5 규칙4): logQ 1680 + 예측 logP 180 > 1747+60 → 컨텍스트 미생성
openfhe,16,32768,40,40,20,21,3,4,14,512,,,,,,,,,,11,,,0,예측 탈락(§8.5 규칙4): logQ 1680 + 예측 logP 180 > 1747+60 → 컨텍스트 미생성
openfhe,16,32768,40,40,20,21,4,3,14,512,,,,,,,,,,11,,,0,예측 탈락(§8.5 규칙4): logQ 1680 + 예측 logP 180 > 1747+60 → 컨텍스트 미생성
openfhe,16,32768,40,40,19,22,4,4,14,512,42,1680,3,180,1860,20,800,180,980,14,121,-113,0,logQP_boot 1860 > 1747
openfhe,16,32768,40,40,20,21,3,4,14,512,42,1680,3,180,1860,21,840,180,1020,14,121,-113,0,logQP_boot 1860 > 1747
openfhe,16,32768,40,40,20,21,4,3,14,512,42,1680,3,180,1860,21,840,180,1020,14,121,-113,0,logQP_boot 1860 > 1747
openfhe,16,32768,40,40,19,22,4,4,14,512,42,1680,2,120,1800,20,800,120,920,21,81,-53,0,logQP_boot 1800 > 1747
openfhe,16,32768,40,40,20,21,3,4,14,512,42,1680,2,120,1800,21,840,120,960,21,81,-53,0,logQP_boot 1800 > 1747
openfhe,16,32768,40,40,20,21,4,3,14,512,42,1680,2,120,1800,21,840,120,960,21,81,-53,0,logQP_boot 1800 > 1747
openfhe,16,32768,40,40,19,22,4,4,14,512,42,1680,1,60,1740,20,800,60,860,42,41,7,1,
openfhe,16,32768,40,40,20,21,3,4,14,512,42,1680,1,60,1740,21,840,60,900,42,41,7,1,
openfhe,16,32768,40,40,20,21,4,3,14,512,42,1680,1,60,1740,21,840,60,900,42,41,7,1,
openfhe,16,32768,40,40,20,22,4,4,14,512,,,,,,,,,,0,,,0,상한 초과 확정: logQ_boot(명목) 1720 + 최소 logP 60 > 1747
openfhe,16,32768,40,42,15,16,1,1,14,512,,,,,,,,,,1,,,0,예측 탈락(§8.5 규칙4): logQ 1342 + 예측 logP 1380 > 1747+60 → 컨텍스트 미생성
openfhe,16,32768,40,42,15,16,1,1,14,512,,,,,,,,,,2,,,0,예측 탈락(§8.5 규칙4): logQ 1342 + 예측 logP 720 > 1747+60 → 컨텍스트 미생성
openfhe,16,32768,40,42,15,16,1,1,14,512,,,,,,,,,,3,,,0,예측 탈락(§8.5 규칙4): logQ 1342 + 예측 logP 480 > 1747+60 → 컨텍스트 미생성
openfhe,16,32768,40,42,15,16,1,1,14,512,,,,,,,,,,4,,,0,/data/yja/openfhe-src/src/pke/lib/scheme/gen-cryptocontext-params-validation.cpp:l.92:validateParametersForCryptocontext(): firstModSize cannot be less than scalingModSize
openfhe,16,32768,40,42,15,16,1,1,14,512,,,,,,,,,,5,,,0,/data/yja/openfhe-src/src/pke/lib/scheme/gen-cryptocontext-params-validation.cpp:l.92:validateParametersForCryptocontext(): firstModSize cannot be less than scalingModSize
openfhe,16,32768,40,42,15,16,1,1,14,512,,,,,,,,,,6,,,0,/data/yja/openfhe-src/src/pke/lib/scheme/gen-cryptocontext-params-validation.cpp:l.92:validateParametersForCryptocontext(): firstModSize cannot be less than scalingModSize
openfhe,16,32768,40,42,15,16,1,1,14,512,,,,,,,,,,7,,,0,/data/yja/openfhe-src/src/pke/lib/scheme/gen-cryptocontext-params-validation.cpp:l.92:validateParametersForCryptocontext(): firstModSize cannot be less than scalingModSize
openfhe,16,32768,40,42,15,16,1,1,14,512,,,,,,,,,,8,,,0,/data/yja/openfhe-src/src/pke/lib/scheme/gen-cryptocontext-params-validation.cpp:l.92:validateParametersForCryptocontext(): firstModSize cannot be less than scalingModSize
openfhe,16,32768,40,42,15,16,1,1,14,512,,,,,,,,,,11,,,0,/data/yja/openfhe-src/src/pke/lib/scheme/gen-cryptocontext-params-validation.cpp:l.92:validateParametersForCryptocontext(): firstModSize cannot be less than scalingModSize
openfhe,16,32768,40,42,15,16,1,1,14,512,,,,,,,,,,16,,,0,/data/yja/openfhe-src/src/pke/lib/scheme/gen-cryptocontext-params-validation.cpp:l.92:validateParametersForCryptocontext(): firstModSize cannot be less than scalingModSize
openfhe,16,32768,40,42,15,16,1,1,14,512,,,,,,,,,,32,,,0,/data/yja/openfhe-src/src/pke/lib/scheme/gen-cryptocontext-params-validation.cpp:l.92:validateParametersForCryptocontext(): firstModSize cannot be less than scalingModSize
openfhe,16,32768,40,42,16,16,1,1,14,512,,,,,,,,,,1,,,0,예측 탈락(§8.5 규칙4): logQ 1384 + 예측 logP 1440 > 1747+60 → 컨텍스트 미생성
openfhe,16,32768,40,42,16,16,1,1,14,512,,,,,,,,,,2,,,0,예측 탈락(§8.5 규칙4): logQ 1384 + 예측 logP 720 > 1747+60 → 컨텍스트 미생성
openfhe,16,32768,40,42,16,16,1,1,14,512,,,,,,,,,,3,,,0,예측 탈락(§8.5 규칙4): logQ 1384 + 예측 logP 480 > 1747+60 → 컨텍스트 미생성
openfhe,16,32768,40,42,16,16,1,1,14,512,,,,,,,,,,4,,,0,/data/yja/openfhe-src/src/pke/lib/scheme/gen-cryptocontext-params-validation.cpp:l.92:validateParametersForCryptocontext(): firstModSize cannot be less than scalingModSize
openfhe,16,32768,40,42,16,16,1,1,14,512,,,,,,,,,,5,,,0,/data/yja/openfhe-src/src/pke/lib/scheme/gen-cryptocontext-params-validation.cpp:l.92:validateParametersForCryptocontext(): firstModSize cannot be less than scalingModSize
openfhe,16,32768,40,42,16,16,1,1,14,512,,,,,,,,,,6,,,0,/data/yja/openfhe-src/src/pke/lib/scheme/gen-cryptocontext-params-validation.cpp:l.92:validateParametersForCryptocontext(): firstModSize cannot be less than scalingModSize
openfhe,16,32768,40,42,16,16,1,1,14,512,,,,,,,,,,7,,,0,/data/yja/openfhe-src/src/pke/lib/scheme/gen-cryptocontext-params-validation.cpp:l.92:validateParametersForCryptocontext(): firstModSize cannot be less than scalingModSize
openfhe,16,32768,40,42,16,16,1,1,14,512,,,,,,,,,,9,,,0,/data/yja/openfhe-src/src/pke/lib/scheme/gen-cryptocontext-params-validation.cpp:l.92:validateParametersForCryptocontext(): firstModSize cannot be less than scalingModSize
openfhe,16,32768,40,42,16,16,1,1,14,512,,,,,,,,,,11,,,0,/data/yja/openfhe-src/src/pke/lib/scheme/gen-cryptocontext-params-validation.cpp:l.92:validateParametersForCryptocontext(): firstModSize cannot be less than scalingModSize
openfhe,16,32768,40,42,16,16,1,1,14,512,,,,,,,,,,17,,,0,/data/yja/openfhe-src/src/pke/lib/scheme/gen-cryptocontext-params-validation.cpp:l.92:validateParametersForCryptocontext(): firstModSize cannot be less than scalingModSize
openfhe,16,32768,40,42,16,16,1,1,14,512,,,,,,,,,,33,,,0,/data/yja/openfhe-src/src/pke/lib/scheme/gen-cryptocontext-params-validation.cpp:l.92:validateParametersForCryptocontext(): firstModSize cannot be less than scalingModSize
openfhe,16,32768,40,42,15,18,2,2,14,512,,,,,,,,,,1,,,0,예측 탈락(§8.5 규칙4): logQ 1426 + 예측 logP 1440 > 1747+60 → 컨텍스트 미생성
openfhe,16,32768,40,42,17,16,1,1,14,512,,,,,,,,,,1,,,0,예측 탈락(§8.5 규칙4): logQ 1426 + 예측 logP 1440 > 1747+60 → 컨텍스트 미생성
openfhe,16,32768,40,42,15,18,2,2,14,512,,,,,,,,,,2,,,0,예측 탈락(§8.5 규칙4): logQ 1426 + 예측 logP 720 > 1747+60 → 컨텍스트 미생성
openfhe,16,32768,40,42,17,16,1,1,14,512,,,,,,,,,,2,,,0,예측 탈락(§8.5 규칙4): logQ 1426 + 예측 logP 720 > 1747+60 → 컨텍스트 미생성
openfhe,16,32768,40,42,15,18,2,2,14,512,,,,,,,,,,3,,,0,예측 탈락(§8.5 규칙4): logQ 1426 + 예측 logP 540 > 1747+60 → 컨텍스트 미생성
openfhe,16,32768,40,42,17,16,1,1,14,512,,,,,,,,,,3,,,0,예측 탈락(§8.5 규칙4): logQ 1426 + 예측 logP 540 > 1747+60 → 컨텍스트 미생성
openfhe,16,32768,40,42,15,18,2,2,14,512,,,,,,,,,,4,,,0,예측 탈락(§8.5 규칙4): logQ 1426 + 예측 logP 420 > 1747+60 → 컨텍스트 미생성
openfhe,16,32768,40,42,17,16,1,1,14,512,,,,,,,,,,4,,,0,예측 탈락(§8.5 규칙4): logQ 1426 + 예측 logP 420 > 1747+60 → 컨텍스트 미생성
openfhe,16,32768,40,42,15,18,2,2,14,512,,,,,,,,,,5,,,0,/data/yja/openfhe-src/src/pke/lib/scheme/gen-cryptocontext-params-validation.cpp:l.92:validateParametersForCryptocontext(): firstModSize cannot be less than scalingModSize
openfhe,16,32768,40,42,17,16,1,1,14,512,,,,,,,,,,5,,,0,/data/yja/openfhe-src/src/pke/lib/scheme/gen-cryptocontext-params-validation.cpp:l.92:validateParametersForCryptocontext(): firstModSize cannot be less than scalingModSize
openfhe,16,32768,40,42,15,18,2,2,14,512,,,,,,,,,,6,,,0,/data/yja/openfhe-src/src/pke/lib/scheme/gen-cryptocontext-params-validation.cpp:l.92:validateParametersForCryptocontext(): firstModSize cannot be less than scalingModSize
openfhe,16,32768,40,42,17,16,1,1,14,512,,,,,,,,,,6,,,0,/data/yja/openfhe-src/src/pke/lib/scheme/gen-cryptocontext-params-validation.cpp:l.92:validateParametersForCryptocontext(): firstModSize cannot be less than scalingModSize
openfhe,16,32768,40,42,15,18,2,2,14,512,,,,,,,,,,7,,,0,/data/yja/openfhe-src/src/pke/lib/scheme/gen-cryptocontext-params-validation.cpp:l.92:validateParametersForCryptocontext(): firstModSize cannot be less than scalingModSize
openfhe,16,32768,40,42,17,16,1,1,14,512,,,,,,,,,,7,,,0,/data/yja/openfhe-src/src/pke/lib/scheme/gen-cryptocontext-params-validation.cpp:l.92:validateParametersForCryptocontext(): firstModSize cannot be less than scalingModSize
openfhe,16,32768,40,42,15,18,2,2,14,512,,,,,,,,,,9,,,0,/data/yja/openfhe-src/src/pke/lib/scheme/gen-cryptocontext-params-validation.cpp:l.92:validateParametersForCryptocontext(): firstModSize cannot be less than scalingModSize
openfhe,16,32768,40,42,17,16,1,1,14,512,,,,,,,,,,9,,,0,/data/yja/openfhe-src/src/pke/lib/scheme/gen-cryptocontext-params-validation.cpp:l.92:validateParametersForCryptocontext(): firstModSize cannot be less than scalingModSize
openfhe,16,32768,40,42,15,18,2,2,14,512,,,,,,,,,,12,,,0,/data/yja/openfhe-src/src/pke/lib/scheme/gen-cryptocontext-params-validation.cpp:l.92:validateParametersForCryptocontext(): firstModSize cannot be less than scalingModSize
openfhe,16,32768,40,42,17,16,1,1,14,512,,,,,,,,,,12,,,0,/data/yja/openfhe-src/src/pke/lib/scheme/gen-cryptocontext-params-validation.cpp:l.92:validateParametersForCryptocontext(): firstModSize cannot be less than scalingModSize
openfhe,16,32768,40,42,15,18,2,2,14,512,,,,,,,,,,17,,,0,/data/yja/openfhe-src/src/pke/lib/scheme/gen-cryptocontext-params-validation.cpp:l.92:validateParametersForCryptocontext(): firstModSize cannot be less than scalingModSize
openfhe,16,32768,40,42,17,16,1,1,14,512,,,,,,,,,,17,,,0,/data/yja/openfhe-src/src/pke/lib/scheme/gen-cryptocontext-params-validation.cpp:l.92:validateParametersForCryptocontext(): firstModSize cannot be less than scalingModSize
openfhe,16,32768,40,42,15,18,2,2,14,512,,,,,,,,,,34,,,0,/data/yja/openfhe-src/src/pke/lib/scheme/gen-cryptocontext-params-validation.cpp:l.92:validateParametersForCryptocontext(): firstModSize cannot be less than scalingModSize
openfhe,16,32768,40,42,17,16,1,1,14,512,,,,,,,,,,34,,,0,/data/yja/openfhe-src/src/pke/lib/scheme/gen-cryptocontext-params-validation.cpp:l.92:validateParametersForCryptocontext(): firstModSize cannot be less than scalingModSize
openfhe,16,32768,40,42,16,18,2,2,14,512,,,,,,,,,,1,,,0,예측 탈락(§8.5 규칙4): logQ 1468 + 예측 logP 1500 > 1747+60 → 컨텍스트 미생성
openfhe,16,32768,40,42,18,16,1,1,14,512,,,,,,,,,,1,,,0,예측 탈락(§8.5 규칙4): logQ 1468 + 예측 logP 1500 > 1747+60 → 컨텍스트 미생성
openfhe,16,32768,40,42,16,18,2,2,14,512,,,,,,,,,,2,,,0,예측 탈락(§8.5 규칙4): logQ 1468 + 예측 logP 780 > 1747+60 → 컨텍스트 미생성
openfhe,16,32768,40,42,18,16,1,1,14,512,,,,,,,,,,2,,,0,예측 탈락(§8.5 규칙4): logQ 1468 + 예측 logP 780 > 1747+60 → 컨텍스트 미생성
openfhe,16,32768,40,42,16,18,2,2,14,512,,,,,,,,,,3,,,0,예측 탈락(§8.5 규칙4): logQ 1468 + 예측 logP 540 > 1747+60 → 컨텍스트 미생성
openfhe,16,32768,40,42,18,16,1,1,14,512,,,,,,,,,,3,,,0,예측 탈락(§8.5 규칙4): logQ 1468 + 예측 logP 540 > 1747+60 → 컨텍스트 미생성
openfhe,16,32768,40,42,16,18,2,2,14,512,,,,,,,,,,4,,,0,예측 탈락(§8.5 규칙4): logQ 1468 + 예측 logP 420 > 1747+60 → 컨텍스트 미생성
openfhe,16,32768,40,42,18,16,1,1,14,512,,,,,,,,,,4,,,0,예측 탈락(§8.5 규칙4): logQ 1468 + 예측 logP 420 > 1747+60 → 컨텍스트 미생성
openfhe,16,32768,40,42,16,18,2,2,14,512,,,,,,,,,,5,,,0,/data/yja/openfhe-src/src/pke/lib/scheme/gen-cryptocontext-params-validation.cpp:l.92:validateParametersForCryptocontext(): firstModSize cannot be less than scalingModSize
openfhe,16,32768,40,42,18,16,1,1,14,512,,,,,,,,,,5,,,0,/data/yja/openfhe-src/src/pke/lib/scheme/gen-cryptocontext-params-validation.cpp:l.92:validateParametersForCryptocontext(): firstModSize cannot be less than scalingModSize
openfhe,16,32768,40,42,16,18,2,2,14,512,,,,,,,,,,6,,,0,/data/yja/openfhe-src/src/pke/lib/scheme/gen-cryptocontext-params-validation.cpp:l.92:validateParametersForCryptocontext(): firstModSize cannot be less than scalingModSize
openfhe,16,32768,40,42,18,16,1,1,14,512,,,,,,,,,,6,,,0,/data/yja/openfhe-src/src/pke/lib/scheme/gen-cryptocontext-params-validation.cpp:l.92:validateParametersForCryptocontext(): firstModSize cannot be less than scalingModSize
openfhe,16,32768,40,42,16,18,2,2,14,512,,,,,,,,,,7,,,0,/data/yja/openfhe-src/src/pke/lib/scheme/gen-cryptocontext-params-validation.cpp:l.92:validateParametersForCryptocontext(): firstModSize cannot be less than scalingModSize
openfhe,16,32768,40,42,18,16,1,1,14,512,,,,,,,,,,7,,,0,/data/yja/openfhe-src/src/pke/lib/scheme/gen-cryptocontext-params-validation.cpp:l.92:validateParametersForCryptocontext(): firstModSize cannot be less than scalingModSize
openfhe,16,32768,40,42,16,18,2,2,14,512,,,,,,,,,,9,,,0,/data/yja/openfhe-src/src/pke/lib/scheme/gen-cryptocontext-params-validation.cpp:l.92:validateParametersForCryptocontext(): firstModSize cannot be less than scalingModSize
openfhe,16,32768,40,42,18,16,1,1,14,512,,,,,,,,,,9,,,0,/data/yja/openfhe-src/src/pke/lib/scheme/gen-cryptocontext-params-validation.cpp:l.92:validateParametersForCryptocontext(): firstModSize cannot be less than scalingModSize
openfhe,16,32768,40,42,16,18,2,2,14,512,,,,,,,,,,12,,,0,/data/yja/openfhe-src/src/pke/lib/scheme/gen-cryptocontext-params-validation.cpp:l.92:validateParametersForCryptocontext(): firstModSize cannot be less than scalingModSize
openfhe,16,32768,40,42,18,16,1,1,14,512,,,,,,,,,,12,,,0,/data/yja/openfhe-src/src/pke/lib/scheme/gen-cryptocontext-params-validation.cpp:l.92:validateParametersForCryptocontext(): firstModSize cannot be less than scalingModSize
openfhe,16,32768,40,42,16,18,2,2,14,512,,,,,,,,,,18,,,0,/data/yja/openfhe-src/src/pke/lib/scheme/gen-cryptocontext-params-validation.cpp:l.92:validateParametersForCryptocontext(): firstModSize cannot be less than scalingModSize
openfhe,16,32768,40,42,18,16,1,1,14,512,,,,,,,,,,18,,,0,/data/yja/openfhe-src/src/pke/lib/scheme/gen-cryptocontext-params-validation.cpp:l.92:validateParametersForCryptocontext(): firstModSize cannot be less than scalingModSize
openfhe,16,32768,40,42,16,18,2,2,14,512,,,,,,,,,,35,,,0,/data/yja/openfhe-src/src/pke/lib/scheme/gen-cryptocontext-params-validation.cpp:l.92:validateParametersForCryptocontext(): firstModSize cannot be less than scalingModSize
openfhe,16,32768,40,42,18,16,1,1,14,512,,,,,,,,,,35,,,0,/data/yja/openfhe-src/src/pke/lib/scheme/gen-cryptocontext-params-validation.cpp:l.92:validateParametersForCryptocontext(): firstModSize cannot be less than scalingModSize
openfhe,16,32768,40,42,15,20,3,3,14,512,,,,,,,,,,1,,,0,예측 탈락(§8.5 규칙4): logQ 1510 + 예측 logP 1560 > 1747+60 → 컨텍스트 미생성
openfhe,16,32768,40,42,17,18,2,2,14,512,,,,,,,,,,1,,,0,예측 탈락(§8.5 규칙4): logQ 1510 + 예측 logP 1560 > 1747+60 → 컨텍스트 미생성
openfhe,16,32768,40,42,19,16,1,1,14,512,,,,,,,,,,1,,,0,예측 탈락(§8.5 규칙4): logQ 1510 + 예측 logP 1560 > 1747+60 → 컨텍스트 미생성
openfhe,16,32768,40,42,15,20,3,3,14,512,,,,,,,,,,2,,,0,예측 탈락(§8.5 규칙4): logQ 1510 + 예측 logP 780 > 1747+60 → 컨텍스트 미생성
openfhe,16,32768,40,42,17,18,2,2,14,512,,,,,,,,,,2,,,0,예측 탈락(§8.5 규칙4): logQ 1510 + 예측 logP 780 > 1747+60 → 컨텍스트 미생성
openfhe,16,32768,40,42,19,16,1,1,14,512,,,,,,,,,,2,,,0,예측 탈락(§8.5 규칙4): logQ 1510 + 예측 logP 780 > 1747+60 → 컨텍스트 미생성
openfhe,16,32768,40,42,15,20,3,3,14,512,,,,,,,,,,3,,,0,예측 탈락(§8.5 규칙4): logQ 1510 + 예측 logP 540 > 1747+60 → 컨텍스트 미생성
openfhe,16,32768,40,42,17,18,2,2,14,512,,,,,,,,,,3,,,0,예측 탈락(§8.5 규칙4): logQ 1510 + 예측 logP 540 > 1747+60 → 컨텍스트 미생성
openfhe,16,32768,40,42,19,16,1,1,14,512,,,,,,,,,,3,,,0,예측 탈락(§8.5 규칙4): logQ 1510 + 예측 logP 540 > 1747+60 → 컨텍스트 미생성
openfhe,16,32768,40,42,15,20,3,3,14,512,,,,,,,,,,4,,,0,예측 탈락(§8.5 규칙4): logQ 1510 + 예측 logP 420 > 1747+60 → 컨텍스트 미생성
openfhe,16,32768,40,42,17,18,2,2,14,512,,,,,,,,,,4,,,0,예측 탈락(§8.5 규칙4): logQ 1510 + 예측 logP 420 > 1747+60 → 컨텍스트 미생성
openfhe,16,32768,40,42,19,16,1,1,14,512,,,,,,,,,,4,,,0,예측 탈락(§8.5 규칙4): logQ 1510 + 예측 logP 420 > 1747+60 → 컨텍스트 미생성
openfhe,16,32768,40,42,15,20,3,3,14,512,,,,,,,,,,5,,,0,예측 탈락(§8.5 규칙4): logQ 1510 + 예측 logP 360 > 1747+60 → 컨텍스트 미생성
openfhe,16,32768,40,42,17,18,2,2,14,512,,,,,,,,,,5,,,0,예측 탈락(§8.5 규칙4): logQ 1510 + 예측 logP 360 > 1747+60 → 컨텍스트 미생성
openfhe,16,32768,40,42,19,16,1,1,14,512,,,,,,,,,,5,,,0,예측 탈락(§8.5 규칙4): logQ 1510 + 예측 logP 360 > 1747+60 → 컨텍스트 미생성
openfhe,16,32768,40,42,15,20,3,3,14,512,,,,,,,,,,6,,,0,예측 탈락(§8.5 규칙4): logQ 1510 + 예측 logP 300 > 1747+60 → 컨텍스트 미생성
openfhe,16,32768,40,42,17,18,2,2,14,512,,,,,,,,,,6,,,0,예측 탈락(§8.5 규칙4): logQ 1510 + 예측 logP 300 > 1747+60 → 컨텍스트 미생성
openfhe,16,32768,40,42,19,16,1,1,14,512,,,,,,,,,,6,,,0,예측 탈락(§8.5 규칙4): logQ 1510 + 예측 logP 300 > 1747+60 → 컨텍스트 미생성
openfhe,16,32768,40,42,15,20,3,3,14,512,,,,,,,,,,8,,,0,/data/yja/openfhe-src/src/pke/lib/scheme/gen-cryptocontext-params-validation.cpp:l.92:validateParametersForCryptocontext(): firstModSize cannot be less than scalingModSize
openfhe,16,32768,40,42,17,18,2,2,14,512,,,,,,,,,,8,,,0,/data/yja/openfhe-src/src/pke/lib/scheme/gen-cryptocontext-params-validation.cpp:l.92:validateParametersForCryptocontext(): firstModSize cannot be less than scalingModSize
openfhe,16,32768,40,42,19,16,1,1,14,512,,,,,,,,,,8,,,0,/data/yja/openfhe-src/src/pke/lib/scheme/gen-cryptocontext-params-validation.cpp:l.92:validateParametersForCryptocontext(): firstModSize cannot be less than scalingModSize
openfhe,16,32768,40,42,15,20,3,3,14,512,,,,,,,,,,9,,,0,/data/yja/openfhe-src/src/pke/lib/scheme/gen-cryptocontext-params-validation.cpp:l.92:validateParametersForCryptocontext(): firstModSize cannot be less than scalingModSize
openfhe,16,32768,40,42,17,18,2,2,14,512,,,,,,,,,,9,,,0,/data/yja/openfhe-src/src/pke/lib/scheme/gen-cryptocontext-params-validation.cpp:l.92:validateParametersForCryptocontext(): firstModSize cannot be less than scalingModSize
openfhe,16,32768,40,42,19,16,1,1,14,512,,,,,,,,,,9,,,0,/data/yja/openfhe-src/src/pke/lib/scheme/gen-cryptocontext-params-validation.cpp:l.92:validateParametersForCryptocontext(): firstModSize cannot be less than scalingModSize
openfhe,16,32768,40,42,15,20,3,3,14,512,,,,,,,,,,12,,,0,/data/yja/openfhe-src/src/pke/lib/scheme/gen-cryptocontext-params-validation.cpp:l.92:validateParametersForCryptocontext(): firstModSize cannot be less than scalingModSize
openfhe,16,32768,40,42,17,18,2,2,14,512,,,,,,,,,,12,,,0,/data/yja/openfhe-src/src/pke/lib/scheme/gen-cryptocontext-params-validation.cpp:l.92:validateParametersForCryptocontext(): firstModSize cannot be less than scalingModSize
openfhe,16,32768,40,42,19,16,1,1,14,512,,,,,,,,,,12,,,0,/data/yja/openfhe-src/src/pke/lib/scheme/gen-cryptocontext-params-validation.cpp:l.92:validateParametersForCryptocontext(): firstModSize cannot be less than scalingModSize
openfhe,16,32768,40,42,15,20,3,3,14,512,,,,,,,,,,18,,,0,/data/yja/openfhe-src/src/pke/lib/scheme/gen-cryptocontext-params-validation.cpp:l.92:validateParametersForCryptocontext(): firstModSize cannot be less than scalingModSize
openfhe,16,32768,40,42,17,18,2,2,14,512,,,,,,,,,,18,,,0,/data/yja/openfhe-src/src/pke/lib/scheme/gen-cryptocontext-params-validation.cpp:l.92:validateParametersForCryptocontext(): firstModSize cannot be less than scalingModSize
openfhe,16,32768,40,42,19,16,1,1,14,512,,,,,,,,,,18,,,0,/data/yja/openfhe-src/src/pke/lib/scheme/gen-cryptocontext-params-validation.cpp:l.92:validateParametersForCryptocontext(): firstModSize cannot be less than scalingModSize
openfhe,16,32768,40,42,15,20,3,3,14,512,,,,,,,,,,36,,,0,/data/yja/openfhe-src/src/pke/lib/scheme/gen-cryptocontext-params-validation.cpp:l.92:validateParametersForCryptocontext(): firstModSize cannot be less than scalingModSize
openfhe,16,32768,40,42,17,18,2,2,14,512,,,,,,,,,,36,,,0,/data/yja/openfhe-src/src/pke/lib/scheme/gen-cryptocontext-params-validation.cpp:l.92:validateParametersForCryptocontext(): firstModSize cannot be less than scalingModSize
openfhe,16,32768,40,42,19,16,1,1,14,512,,,,,,,,,,36,,,0,/data/yja/openfhe-src/src/pke/lib/scheme/gen-cryptocontext-params-validation.cpp:l.92:validateParametersForCryptocontext(): firstModSize cannot be less than scalingModSize
openfhe,16,32768,40,42,15,21,3,4,14,512,,,,,,,,,,1,,,0,예측 탈락(§8.5 규칙4): logQ 1552 + 예측 logP 1560 > 1747+60 → 컨텍스트 미생성
openfhe,16,32768,40,42,15,21,4,3,14,512,,,,,,,,,,1,,,0,예측 탈락(§8.5 규칙4): logQ 1552 + 예측 logP 1560 > 1747+60 → 컨텍스트 미생성
openfhe,16,32768,40,42,16,20,3,3,14,512,,,,,,,,,,1,,,0,예측 탈락(§8.5 규칙4): logQ 1552 + 예측 logP 1560 > 1747+60 → 컨텍스트 미생성
openfhe,16,32768,40,42,18,18,2,2,14,512,,,,,,,,,,1,,,0,예측 탈락(§8.5 규칙4): logQ 1552 + 예측 logP 1560 > 1747+60 → 컨텍스트 미생성
openfhe,16,32768,40,42,20,16,1,1,14,512,,,,,,,,,,1,,,0,예측 탈락(§8.5 규칙4): logQ 1552 + 예측 logP 1560 > 1747+60 → 컨텍스트 미생성
openfhe,16,32768,40,42,15,21,3,4,14,512,,,,,,,,,,2,,,0,예측 탈락(§8.5 규칙4): logQ 1552 + 예측 logP 840 > 1747+60 → 컨텍스트 미생성
openfhe,16,32768,40,42,15,21,4,3,14,512,,,,,,,,,,2,,,0,예측 탈락(§8.5 규칙4): logQ 1552 + 예측 logP 840 > 1747+60 → 컨텍스트 미생성
openfhe,16,32768,40,42,16,20,3,3,14,512,,,,,,,,,,2,,,0,예측 탈락(§8.5 규칙4): logQ 1552 + 예측 logP 840 > 1747+60 → 컨텍스트 미생성
openfhe,16,32768,40,42,18,18,2,2,14,512,,,,,,,,,,2,,,0,예측 탈락(§8.5 규칙4): logQ 1552 + 예측 logP 840 > 1747+60 → 컨텍스트 미생성
openfhe,16,32768,40,42,20,16,1,1,14,512,,,,,,,,,,2,,,0,예측 탈락(§8.5 규칙4): logQ 1552 + 예측 logP 840 > 1747+60 → 컨텍스트 미생성
openfhe,16,32768,40,42,15,21,3,4,14,512,,,,,,,,,,3,,,0,예측 탈락(§8.5 규칙4): logQ 1552 + 예측 logP 600 > 1747+60 → 컨텍스트 미생성
openfhe,16,32768,40,42,15,21,4,3,14,512,,,,,,,,,,3,,,0,예측 탈락(§8.5 규칙4): logQ 1552 + 예측 logP 600 > 1747+60 → 컨텍스트 미생성
openfhe,16,32768,40,42,16,20,3,3,14,512,,,,,,,,,,3,,,0,예측 탈락(§8.5 규칙4): logQ 1552 + 예측 logP 600 > 1747+60 → 컨텍스트 미생성
openfhe,16,32768,40,42,18,18,2,2,14,512,,,,,,,,,,3,,,0,예측 탈락(§8.5 규칙4): logQ 1552 + 예측 logP 600 > 1747+60 → 컨텍스트 미생성
openfhe,16,32768,40,42,20,16,1,1,14,512,,,,,,,,,,3,,,0,예측 탈락(§8.5 규칙4): logQ 1552 + 예측 logP 600 > 1747+60 → 컨텍스트 미생성
openfhe,16,32768,40,42,15,21,3,4,14,512,,,,,,,,,,4,,,0,예측 탈락(§8.5 규칙4): logQ 1552 + 예측 logP 420 > 1747+60 → 컨텍스트 미생성
openfhe,16,32768,40,42,15,21,4,3,14,512,,,,,,,,,,4,,,0,예측 탈락(§8.5 규칙4): logQ 1552 + 예측 logP 420 > 1747+60 → 컨텍스트 미생성
openfhe,16,32768,40,42,16,20,3,3,14,512,,,,,,,,,,4,,,0,예측 탈락(§8.5 규칙4): logQ 1552 + 예측 logP 420 > 1747+60 → 컨텍스트 미생성
openfhe,16,32768,40,42,18,18,2,2,14,512,,,,,,,,,,4,,,0,예측 탈락(§8.5 규칙4): logQ 1552 + 예측 logP 420 > 1747+60 → 컨텍스트 미생성
openfhe,16,32768,40,42,20,16,1,1,14,512,,,,,,,,,,4,,,0,예측 탈락(§8.5 규칙4): logQ 1552 + 예측 logP 420 > 1747+60 → 컨텍스트 미생성
openfhe,16,32768,40,42,15,21,3,4,14,512,,,,,,,,,,5,,,0,예측 탈락(§8.5 규칙4): logQ 1552 + 예측 logP 360 > 1747+60 → 컨텍스트 미생성
openfhe,16,32768,40,42,15,21,4,3,14,512,,,,,,,,,,5,,,0,예측 탈락(§8.5 규칙4): logQ 1552 + 예측 logP 360 > 1747+60 → 컨텍스트 미생성
openfhe,16,32768,40,42,16,20,3,3,14,512,,,,,,,,,,5,,,0,예측 탈락(§8.5 규칙4): logQ 1552 + 예측 logP 360 > 1747+60 → 컨텍스트 미생성
openfhe,16,32768,40,42,18,18,2,2,14,512,,,,,,,,,,5,,,0,예측 탈락(§8.5 규칙4): logQ 1552 + 예측 logP 360 > 1747+60 → 컨텍스트 미생성
openfhe,16,32768,40,42,20,16,1,1,14,512,,,,,,,,,,5,,,0,예측 탈락(§8.5 규칙4): logQ 1552 + 예측 logP 360 > 1747+60 → 컨텍스트 미생성
openfhe,16,32768,40,42,15,21,3,4,14,512,,,,,,,,,,6,,,0,예측 탈락(§8.5 규칙4): logQ 1552 + 예측 logP 300 > 1747+60 → 컨텍스트 미생성
openfhe,16,32768,40,42,15,21,4,3,14,512,,,,,,,,,,6,,,0,예측 탈락(§8.5 규칙4): logQ 1552 + 예측 logP 300 > 1747+60 → 컨텍스트 미생성
openfhe,16,32768,40,42,16,20,3,3,14,512,,,,,,,,,,6,,,0,예측 탈락(§8.5 규칙4): logQ 1552 + 예측 logP 300 > 1747+60 → 컨텍스트 미생성
openfhe,16,32768,40,42,18,18,2,2,14,512,,,,,,,,,,6,,,0,예측 탈락(§8.5 규칙4): logQ 1552 + 예측 logP 300 > 1747+60 → 컨텍스트 미생성
openfhe,16,32768,40,42,20,16,1,1,14,512,,,,,,,,,,6,,,0,예측 탈락(§8.5 규칙4): logQ 1552 + 예측 logP 300 > 1747+60 → 컨텍스트 미생성
openfhe,16,32768,40,42,15,21,3,4,14,512,,,,,,,,,,7,,,0,예측 탈락(§8.5 규칙4): logQ 1552 + 예측 logP 300 > 1747+60 → 컨텍스트 미생성
openfhe,16,32768,40,42,15,21,4,3,14,512,,,,,,,,,,7,,,0,예측 탈락(§8.5 규칙4): logQ 1552 + 예측 logP 300 > 1747+60 → 컨텍스트 미생성
openfhe,16,32768,40,42,16,20,3,3,14,512,,,,,,,,,,7,,,0,예측 탈락(§8.5 규칙4): logQ 1552 + 예측 logP 300 > 1747+60 → 컨텍스트 미생성
openfhe,16,32768,40,42,18,18,2,2,14,512,,,,,,,,,,7,,,0,예측 탈락(§8.5 규칙4): logQ 1552 + 예측 logP 300 > 1747+60 → 컨텍스트 미생성
openfhe,16,32768,40,42,20,16,1,1,14,512,,,,,,,,,,7,,,0,예측 탈락(§8.5 규칙4): logQ 1552 + 예측 logP 300 > 1747+60 → 컨텍스트 미생성
openfhe,16,32768,40,42,15,21,3,4,14,512,,,,,,,,,,8,,,0,/data/yja/openfhe-src/src/pke/lib/scheme/gen-cryptocontext-params-validation.cpp:l.92:validateParametersForCryptocontext(): firstModSize cannot be less than scalingModSize
openfhe,16,32768,40,42,15,21,4,3,14,512,,,,,,,,,,8,,,0,/data/yja/openfhe-src/src/pke/lib/scheme/gen-cryptocontext-params-validation.cpp:l.92:validateParametersForCryptocontext(): firstModSize cannot be less than scalingModSize
openfhe,16,32768,40,42,16,20,3,3,14,512,,,,,,,,,,8,,,0,/data/yja/openfhe-src/src/pke/lib/scheme/gen-cryptocontext-params-validation.cpp:l.92:validateParametersForCryptocontext(): firstModSize cannot be less than scalingModSize
openfhe,16,32768,40,42,18,18,2,2,14,512,,,,,,,,,,8,,,0,/data/yja/openfhe-src/src/pke/lib/scheme/gen-cryptocontext-params-validation.cpp:l.92:validateParametersForCryptocontext(): firstModSize cannot be less than scalingModSize
openfhe,16,32768,40,42,20,16,1,1,14,512,,,,,,,,,,8,,,0,/data/yja/openfhe-src/src/pke/lib/scheme/gen-cryptocontext-params-validation.cpp:l.92:validateParametersForCryptocontext(): firstModSize cannot be less than scalingModSize
openfhe,16,32768,40,42,15,21,3,4,14,512,,,,,,,,,,10,,,0,/data/yja/openfhe-src/src/pke/lib/scheme/gen-cryptocontext-params-validation.cpp:l.92:validateParametersForCryptocontext(): firstModSize cannot be less than scalingModSize
openfhe,16,32768,40,42,15,21,4,3,14,512,,,,,,,,,,10,,,0,/data/yja/openfhe-src/src/pke/lib/scheme/gen-cryptocontext-params-validation.cpp:l.92:validateParametersForCryptocontext(): firstModSize cannot be less than scalingModSize
openfhe,16,32768,40,42,16,20,3,3,14,512,,,,,,,,,,10,,,0,/data/yja/openfhe-src/src/pke/lib/scheme/gen-cryptocontext-params-validation.cpp:l.92:validateParametersForCryptocontext(): firstModSize cannot be less than scalingModSize
openfhe,16,32768,40,42,18,18,2,2,14,512,,,,,,,,,,10,,,0,/data/yja/openfhe-src/src/pke/lib/scheme/gen-cryptocontext-params-validation.cpp:l.92:validateParametersForCryptocontext(): firstModSize cannot be less than scalingModSize
openfhe,16,32768,40,42,20,16,1,1,14,512,,,,,,,,,,10,,,0,/data/yja/openfhe-src/src/pke/lib/scheme/gen-cryptocontext-params-validation.cpp:l.92:validateParametersForCryptocontext(): firstModSize cannot be less than scalingModSize
openfhe,16,32768,40,42,15,21,3,4,14,512,,,,,,,,,,13,,,0,/data/yja/openfhe-src/src/pke/lib/scheme/gen-cryptocontext-params-validation.cpp:l.92:validateParametersForCryptocontext(): firstModSize cannot be less than scalingModSize
openfhe,16,32768,40,42,15,21,4,3,14,512,,,,,,,,,,13,,,0,/data/yja/openfhe-src/src/pke/lib/scheme/gen-cryptocontext-params-validation.cpp:l.92:validateParametersForCryptocontext(): firstModSize cannot be less than scalingModSize
openfhe,16,32768,40,42,16,20,3,3,14,512,,,,,,,,,,13,,,0,/data/yja/openfhe-src/src/pke/lib/scheme/gen-cryptocontext-params-validation.cpp:l.92:validateParametersForCryptocontext(): firstModSize cannot be less than scalingModSize
openfhe,16,32768,40,42,18,18,2,2,14,512,,,,,,,,,,13,,,0,/data/yja/openfhe-src/src/pke/lib/scheme/gen-cryptocontext-params-validation.cpp:l.92:validateParametersForCryptocontext(): firstModSize cannot be less than scalingModSize
openfhe,16,32768,40,42,20,16,1,1,14,512,,,,,,,,,,13,,,0,/data/yja/openfhe-src/src/pke/lib/scheme/gen-cryptocontext-params-validation.cpp:l.92:validateParametersForCryptocontext(): firstModSize cannot be less than scalingModSize
openfhe,16,32768,40,42,15,21,3,4,14,512,,,,,,,,,,19,,,0,/data/yja/openfhe-src/src/pke/lib/scheme/gen-cryptocontext-params-validation.cpp:l.92:validateParametersForCryptocontext(): firstModSize cannot be less than scalingModSize
openfhe,16,32768,40,42,15,21,4,3,14,512,,,,,,,,,,19,,,0,/data/yja/openfhe-src/src/pke/lib/scheme/gen-cryptocontext-params-validation.cpp:l.92:validateParametersForCryptocontext(): firstModSize cannot be less than scalingModSize
openfhe,16,32768,40,42,16,20,3,3,14,512,,,,,,,,,,19,,,0,/data/yja/openfhe-src/src/pke/lib/scheme/gen-cryptocontext-params-validation.cpp:l.92:validateParametersForCryptocontext(): firstModSize cannot be less than scalingModSize
openfhe,16,32768,40,42,18,18,2,2,14,512,,,,,,,,,,19,,,0,/data/yja/openfhe-src/src/pke/lib/scheme/gen-cryptocontext-params-validation.cpp:l.92:validateParametersForCryptocontext(): firstModSize cannot be less than scalingModSize
openfhe,16,32768,40,42,20,16,1,1,14,512,,,,,,,,,,19,,,0,/data/yja/openfhe-src/src/pke/lib/scheme/gen-cryptocontext-params-validation.cpp:l.92:validateParametersForCryptocontext(): firstModSize cannot be less than scalingModSize
openfhe,16,32768,40,42,15,21,3,4,14,512,,,,,,,,,,37,,,0,/data/yja/openfhe-src/src/pke/lib/scheme/gen-cryptocontext-params-validation.cpp:l.92:validateParametersForCryptocontext(): firstModSize cannot be less than scalingModSize
openfhe,16,32768,40,42,15,21,4,3,14,512,,,,,,,,,,37,,,0,/data/yja/openfhe-src/src/pke/lib/scheme/gen-cryptocontext-params-validation.cpp:l.92:validateParametersForCryptocontext(): firstModSize cannot be less than scalingModSize
openfhe,16,32768,40,42,16,20,3,3,14,512,,,,,,,,,,37,,,0,/data/yja/openfhe-src/src/pke/lib/scheme/gen-cryptocontext-params-validation.cpp:l.92:validateParametersForCryptocontext(): firstModSize cannot be less than scalingModSize
openfhe,16,32768,40,42,18,18,2,2,14,512,,,,,,,,,,37,,,0,/data/yja/openfhe-src/src/pke/lib/scheme/gen-cryptocontext-params-validation.cpp:l.92:validateParametersForCryptocontext(): firstModSize cannot be less than scalingModSize
openfhe,16,32768,40,42,20,16,1,1,14,512,,,,,,,,,,37,,,0,/data/yja/openfhe-src/src/pke/lib/scheme/gen-cryptocontext-params-validation.cpp:l.92:validateParametersForCryptocontext(): firstModSize cannot be less than scalingModSize
openfhe,16,32768,40,42,15,22,4,4,14,512,,,,,,,,,,1,,,0,예측 탈락(§8.5 규칙4): logQ 1594 + 예측 logP 1620 > 1747+60 → 컨텍스트 미생성
openfhe,16,32768,40,42,16,21,3,4,14,512,,,,,,,,,,1,,,0,예측 탈락(§8.5 규칙4): logQ 1594 + 예측 logP 1620 > 1747+60 → 컨텍스트 미생성
openfhe,16,32768,40,42,16,21,4,3,14,512,,,,,,,,,,1,,,0,예측 탈락(§8.5 규칙4): logQ 1594 + 예측 logP 1620 > 1747+60 → 컨텍스트 미생성
openfhe,16,32768,40,42,17,20,3,3,14,512,,,,,,,,,,1,,,0,예측 탈락(§8.5 규칙4): logQ 1594 + 예측 logP 1620 > 1747+60 → 컨텍스트 미생성
openfhe,16,32768,40,42,19,18,2,2,14,512,,,,,,,,,,1,,,0,예측 탈락(§8.5 규칙4): logQ 1594 + 예측 logP 1620 > 1747+60 → 컨텍스트 미생성
openfhe,16,32768,40,42,15,22,4,4,14,512,,,,,,,,,,2,,,0,예측 탈락(§8.5 규칙4): logQ 1594 + 예측 logP 840 > 1747+60 → 컨텍스트 미생성
openfhe,16,32768,40,42,16,21,3,4,14,512,,,,,,,,,,2,,,0,예측 탈락(§8.5 규칙4): logQ 1594 + 예측 logP 840 > 1747+60 → 컨텍스트 미생성
openfhe,16,32768,40,42,16,21,4,3,14,512,,,,,,,,,,2,,,0,예측 탈락(§8.5 규칙4): logQ 1594 + 예측 logP 840 > 1747+60 → 컨텍스트 미생성
openfhe,16,32768,40,42,17,20,3,3,14,512,,,,,,,,,,2,,,0,예측 탈락(§8.5 규칙4): logQ 1594 + 예측 logP 840 > 1747+60 → 컨텍스트 미생성
openfhe,16,32768,40,42,19,18,2,2,14,512,,,,,,,,,,2,,,0,예측 탈락(§8.5 규칙4): logQ 1594 + 예측 logP 840 > 1747+60 → 컨텍스트 미생성
openfhe,16,32768,40,42,15,22,4,4,14,512,,,,,,,,,,3,,,0,예측 탈락(§8.5 규칙4): logQ 1594 + 예측 logP 600 > 1747+60 → 컨텍스트 미생성
openfhe,16,32768,40,42,16,21,3,4,14,512,,,,,,,,,,3,,,0,예측 탈락(§8.5 규칙4): logQ 1594 + 예측 logP 600 > 1747+60 → 컨텍스트 미생성
openfhe,16,32768,40,42,16,21,4,3,14,512,,,,,,,,,,3,,,0,예측 탈락(§8.5 규칙4): logQ 1594 + 예측 logP 600 > 1747+60 → 컨텍스트 미생성
openfhe,16,32768,40,42,17,20,3,3,14,512,,,,,,,,,,3,,,0,예측 탈락(§8.5 규칙4): logQ 1594 + 예측 logP 600 > 1747+60 → 컨텍스트 미생성
openfhe,16,32768,40,42,19,18,2,2,14,512,,,,,,,,,,3,,,0,예측 탈락(§8.5 규칙4): logQ 1594 + 예측 logP 600 > 1747+60 → 컨텍스트 미생성
openfhe,16,32768,40,42,15,22,4,4,14,512,,,,,,,,,,4,,,0,예측 탈락(§8.5 규칙4): logQ 1594 + 예측 logP 420 > 1747+60 → 컨텍스트 미생성
openfhe,16,32768,40,42,16,21,3,4,14,512,,,,,,,,,,4,,,0,예측 탈락(§8.5 규칙4): logQ 1594 + 예측 logP 420 > 1747+60 → 컨텍스트 미생성
openfhe,16,32768,40,42,16,21,4,3,14,512,,,,,,,,,,4,,,0,예측 탈락(§8.5 규칙4): logQ 1594 + 예측 logP 420 > 1747+60 → 컨텍스트 미생성
openfhe,16,32768,40,42,17,20,3,3,14,512,,,,,,,,,,4,,,0,예측 탈락(§8.5 규칙4): logQ 1594 + 예측 logP 420 > 1747+60 → 컨텍스트 미생성
openfhe,16,32768,40,42,19,18,2,2,14,512,,,,,,,,,,4,,,0,예측 탈락(§8.5 규칙4): logQ 1594 + 예측 logP 420 > 1747+60 → 컨텍스트 미생성
openfhe,16,32768,40,42,15,22,4,4,14,512,,,,,,,,,,5,,,0,예측 탈락(§8.5 규칙4): logQ 1594 + 예측 logP 360 > 1747+60 → 컨텍스트 미생성
openfhe,16,32768,40,42,16,21,3,4,14,512,,,,,,,,,,5,,,0,예측 탈락(§8.5 규칙4): logQ 1594 + 예측 logP 360 > 1747+60 → 컨텍스트 미생성
openfhe,16,32768,40,42,16,21,4,3,14,512,,,,,,,,,,5,,,0,예측 탈락(§8.5 규칙4): logQ 1594 + 예측 logP 360 > 1747+60 → 컨텍스트 미생성
openfhe,16,32768,40,42,17,20,3,3,14,512,,,,,,,,,,5,,,0,예측 탈락(§8.5 규칙4): logQ 1594 + 예측 logP 360 > 1747+60 → 컨텍스트 미생성
openfhe,16,32768,40,42,19,18,2,2,14,512,,,,,,,,,,5,,,0,예측 탈락(§8.5 규칙4): logQ 1594 + 예측 logP 360 > 1747+60 → 컨텍스트 미생성
openfhe,16,32768,40,42,15,22,4,4,14,512,,,,,,,,,,6,,,0,예측 탈락(§8.5 규칙4): logQ 1594 + 예측 logP 300 > 1747+60 → 컨텍스트 미생성
openfhe,16,32768,40,42,16,21,3,4,14,512,,,,,,,,,,6,,,0,예측 탈락(§8.5 규칙4): logQ 1594 + 예측 logP 300 > 1747+60 → 컨텍스트 미생성
openfhe,16,32768,40,42,16,21,4,3,14,512,,,,,,,,,,6,,,0,예측 탈락(§8.5 규칙4): logQ 1594 + 예측 logP 300 > 1747+60 → 컨텍스트 미생성
openfhe,16,32768,40,42,17,20,3,3,14,512,,,,,,,,,,6,,,0,예측 탈락(§8.5 규칙4): logQ 1594 + 예측 logP 300 > 1747+60 → 컨텍스트 미생성
openfhe,16,32768,40,42,19,18,2,2,14,512,,,,,,,,,,6,,,0,예측 탈락(§8.5 규칙4): logQ 1594 + 예측 logP 300 > 1747+60 → 컨텍스트 미생성
openfhe,16,32768,40,42,15,22,4,4,14,512,,,,,,,,,,7,,,0,예측 탈락(§8.5 규칙4): logQ 1594 + 예측 logP 300 > 1747+60 → 컨텍스트 미생성
openfhe,16,32768,40,42,16,21,3,4,14,512,,,,,,,,,,7,,,0,예측 탈락(§8.5 규칙4): logQ 1594 + 예측 logP 300 > 1747+60 → 컨텍스트 미생성
openfhe,16,32768,40,42,16,21,4,3,14,512,,,,,,,,,,7,,,0,예측 탈락(§8.5 규칙4): logQ 1594 + 예측 logP 300 > 1747+60 → 컨텍스트 미생성
openfhe,16,32768,40,42,17,20,3,3,14,512,,,,,,,,,,7,,,0,예측 탈락(§8.5 규칙4): logQ 1594 + 예측 logP 300 > 1747+60 → 컨텍스트 미생성
openfhe,16,32768,40,42,19,18,2,2,14,512,,,,,,,,,,7,,,0,예측 탈락(§8.5 규칙4): logQ 1594 + 예측 logP 300 > 1747+60 → 컨텍스트 미생성
openfhe,16,32768,40,42,15,22,4,4,14,512,,,,,,,,,,8,,,0,예측 탈락(§8.5 규칙4): logQ 1594 + 예측 logP 240 > 1747+60 → 컨텍스트 미생성
openfhe,16,32768,40,42,16,21,3,4,14,512,,,,,,,,,,8,,,0,예측 탈락(§8.5 규칙4): logQ 1594 + 예측 logP 240 > 1747+60 → 컨텍스트 미생성
openfhe,16,32768,40,42,16,21,4,3,14,512,,,,,,,,,,8,,,0,예측 탈락(§8.5 규칙4): logQ 1594 + 예측 logP 240 > 1747+60 → 컨텍스트 미생성
openfhe,16,32768,40,42,17,20,3,3,14,512,,,,,,,,,,8,,,0,예측 탈락(§8.5 규칙4): logQ 1594 + 예측 logP 240 > 1747+60 → 컨텍스트 미생성
openfhe,16,32768,40,42,19,18,2,2,14,512,,,,,,,,,,8,,,0,예측 탈락(§8.5 규칙4): logQ 1594 + 예측 logP 240 > 1747+60 → 컨텍스트 미생성
openfhe,16,32768,40,42,15,22,4,4,14,512,,,,,,,,,,10,,,0,/data/yja/openfhe-src/src/pke/lib/scheme/gen-cryptocontext-params-validation.cpp:l.92:validateParametersForCryptocontext(): firstModSize cannot be less than scalingModSize
openfhe,16,32768,40,42,16,21,3,4,14,512,,,,,,,,,,10,,,0,/data/yja/openfhe-src/src/pke/lib/scheme/gen-cryptocontext-params-validation.cpp:l.92:validateParametersForCryptocontext(): firstModSize cannot be less than scalingModSize
openfhe,16,32768,40,42,16,21,4,3,14,512,,,,,,,,,,10,,,0,/data/yja/openfhe-src/src/pke/lib/scheme/gen-cryptocontext-params-validation.cpp:l.92:validateParametersForCryptocontext(): firstModSize cannot be less than scalingModSize
openfhe,16,32768,40,42,17,20,3,3,14,512,,,,,,,,,,10,,,0,/data/yja/openfhe-src/src/pke/lib/scheme/gen-cryptocontext-params-validation.cpp:l.92:validateParametersForCryptocontext(): firstModSize cannot be less than scalingModSize
openfhe,16,32768,40,42,19,18,2,2,14,512,,,,,,,,,,10,,,0,/data/yja/openfhe-src/src/pke/lib/scheme/gen-cryptocontext-params-validation.cpp:l.92:validateParametersForCryptocontext(): firstModSize cannot be less than scalingModSize
openfhe,16,32768,40,42,15,22,4,4,14,512,,,,,,,,,,13,,,0,/data/yja/openfhe-src/src/pke/lib/scheme/gen-cryptocontext-params-validation.cpp:l.92:validateParametersForCryptocontext(): firstModSize cannot be less than scalingModSize
openfhe,16,32768,40,42,16,21,3,4,14,512,,,,,,,,,,13,,,0,/data/yja/openfhe-src/src/pke/lib/scheme/gen-cryptocontext-params-validation.cpp:l.92:validateParametersForCryptocontext(): firstModSize cannot be less than scalingModSize
openfhe,16,32768,40,42,16,21,4,3,14,512,,,,,,,,,,13,,,0,/data/yja/openfhe-src/src/pke/lib/scheme/gen-cryptocontext-params-validation.cpp:l.92:validateParametersForCryptocontext(): firstModSize cannot be less than scalingModSize
openfhe,16,32768,40,42,17,20,3,3,14,512,,,,,,,,,,13,,,0,/data/yja/openfhe-src/src/pke/lib/scheme/gen-cryptocontext-params-validation.cpp:l.92:validateParametersForCryptocontext(): firstModSize cannot be less than scalingModSize
openfhe,16,32768,40,42,19,18,2,2,14,512,,,,,,,,,,13,,,0,/data/yja/openfhe-src/src/pke/lib/scheme/gen-cryptocontext-params-validation.cpp:l.92:validateParametersForCryptocontext(): firstModSize cannot be less than scalingModSize
openfhe,16,32768,40,42,15,22,4,4,14,512,,,,,,,,,,19,,,0,/data/yja/openfhe-src/src/pke/lib/scheme/gen-cryptocontext-params-validation.cpp:l.92:validateParametersForCryptocontext(): firstModSize cannot be less than scalingModSize
openfhe,16,32768,40,42,16,21,3,4,14,512,,,,,,,,,,19,,,0,/data/yja/openfhe-src/src/pke/lib/scheme/gen-cryptocontext-params-validation.cpp:l.92:validateParametersForCryptocontext(): firstModSize cannot be less than scalingModSize
openfhe,16,32768,40,42,16,21,4,3,14,512,,,,,,,,,,19,,,0,/data/yja/openfhe-src/src/pke/lib/scheme/gen-cryptocontext-params-validation.cpp:l.92:validateParametersForCryptocontext(): firstModSize cannot be less than scalingModSize
openfhe,16,32768,40,42,17,20,3,3,14,512,,,,,,,,,,19,,,0,/data/yja/openfhe-src/src/pke/lib/scheme/gen-cryptocontext-params-validation.cpp:l.92:validateParametersForCryptocontext(): firstModSize cannot be less than scalingModSize
openfhe,16,32768,40,42,19,18,2,2,14,512,,,,,,,,,,19,,,0,/data/yja/openfhe-src/src/pke/lib/scheme/gen-cryptocontext-params-validation.cpp:l.92:validateParametersForCryptocontext(): firstModSize cannot be less than scalingModSize
openfhe,16,32768,40,42,15,22,4,4,14,512,,,,,,,,,,38,,,0,/data/yja/openfhe-src/src/pke/lib/scheme/gen-cryptocontext-params-validation.cpp:l.92:validateParametersForCryptocontext(): firstModSize cannot be less than scalingModSize
openfhe,16,32768,40,42,16,21,3,4,14,512,,,,,,,,,,38,,,0,/data/yja/openfhe-src/src/pke/lib/scheme/gen-cryptocontext-params-validation.cpp:l.92:validateParametersForCryptocontext(): firstModSize cannot be less than scalingModSize
openfhe,16,32768,40,42,16,21,4,3,14,512,,,,,,,,,,38,,,0,/data/yja/openfhe-src/src/pke/lib/scheme/gen-cryptocontext-params-validation.cpp:l.92:validateParametersForCryptocontext(): firstModSize cannot be less than scalingModSize
openfhe,16,32768,40,42,17,20,3,3,14,512,,,,,,,,,,38,,,0,/data/yja/openfhe-src/src/pke/lib/scheme/gen-cryptocontext-params-validation.cpp:l.92:validateParametersForCryptocontext(): firstModSize cannot be less than scalingModSize
openfhe,16,32768,40,42,19,18,2,2,14,512,,,,,,,,,,38,,,0,/data/yja/openfhe-src/src/pke/lib/scheme/gen-cryptocontext-params-validation.cpp:l.92:validateParametersForCryptocontext(): firstModSize cannot be less than scalingModSize
openfhe,16,32768,40,42,16,22,4,4,14,512,,,,,,,,,,1,,,0,예측 탈락(§8.5 규칙4): logQ 1636 + 예측 logP 1680 > 1747+60 → 컨텍스트 미생성
openfhe,16,32768,40,42,17,21,3,4,14,512,,,,,,,,,,1,,,0,예측 탈락(§8.5 규칙4): logQ 1636 + 예측 logP 1680 > 1747+60 → 컨텍스트 미생성
openfhe,16,32768,40,42,17,21,4,3,14,512,,,,,,,,,,1,,,0,예측 탈락(§8.5 규칙4): logQ 1636 + 예측 logP 1680 > 1747+60 → 컨텍스트 미생성
openfhe,16,32768,40,42,18,20,3,3,14,512,,,,,,,,,,1,,,0,예측 탈락(§8.5 규칙4): logQ 1636 + 예측 logP 1680 > 1747+60 → 컨텍스트 미생성
openfhe,16,32768,40,42,20,18,2,2,14,512,,,,,,,,,,1,,,0,예측 탈락(§8.5 규칙4): logQ 1636 + 예측 logP 1680 > 1747+60 → 컨텍스트 미생성
openfhe,16,32768,40,42,16,22,4,4,14,512,,,,,,,,,,2,,,0,예측 탈락(§8.5 규칙4): logQ 1636 + 예측 logP 840 > 1747+60 → 컨텍스트 미생성
openfhe,16,32768,40,42,17,21,3,4,14,512,,,,,,,,,,2,,,0,예측 탈락(§8.5 규칙4): logQ 1636 + 예측 logP 840 > 1747+60 → 컨텍스트 미생성
openfhe,16,32768,40,42,17,21,4,3,14,512,,,,,,,,,,2,,,0,예측 탈락(§8.5 규칙4): logQ 1636 + 예측 logP 840 > 1747+60 → 컨텍스트 미생성
openfhe,16,32768,40,42,18,20,3,3,14,512,,,,,,,,,,2,,,0,예측 탈락(§8.5 규칙4): logQ 1636 + 예측 logP 840 > 1747+60 → 컨텍스트 미생성
openfhe,16,32768,40,42,20,18,2,2,14,512,,,,,,,,,,2,,,0,예측 탈락(§8.5 규칙4): logQ 1636 + 예측 logP 840 > 1747+60 → 컨텍스트 미생성
openfhe,16,32768,40,42,16,22,4,4,14,512,,,,,,,,,,3,,,0,예측 탈락(§8.5 규칙4): logQ 1636 + 예측 logP 600 > 1747+60 → 컨텍스트 미생성
openfhe,16,32768,40,42,17,21,3,4,14,512,,,,,,,,,,3,,,0,예측 탈락(§8.5 규칙4): logQ 1636 + 예측 logP 600 > 1747+60 → 컨텍스트 미생성
openfhe,16,32768,40,42,17,21,4,3,14,512,,,,,,,,,,3,,,0,예측 탈락(§8.5 규칙4): logQ 1636 + 예측 logP 600 > 1747+60 → 컨텍스트 미생성
openfhe,16,32768,40,42,18,20,3,3,14,512,,,,,,,,,,3,,,0,예측 탈락(§8.5 규칙4): logQ 1636 + 예측 logP 600 > 1747+60 → 컨텍스트 미생성
openfhe,16,32768,40,42,20,18,2,2,14,512,,,,,,,,,,3,,,0,예측 탈락(§8.5 규칙4): logQ 1636 + 예측 logP 600 > 1747+60 → 컨텍스트 미생성
openfhe,16,32768,40,42,16,22,4,4,14,512,,,,,,,,,,4,,,0,예측 탈락(§8.5 규칙4): logQ 1636 + 예측 logP 420 > 1747+60 → 컨텍스트 미생성
openfhe,16,32768,40,42,17,21,3,4,14,512,,,,,,,,,,4,,,0,예측 탈락(§8.5 규칙4): logQ 1636 + 예측 logP 420 > 1747+60 → 컨텍스트 미생성
openfhe,16,32768,40,42,17,21,4,3,14,512,,,,,,,,,,4,,,0,예측 탈락(§8.5 규칙4): logQ 1636 + 예측 logP 420 > 1747+60 → 컨텍스트 미생성
openfhe,16,32768,40,42,18,20,3,3,14,512,,,,,,,,,,4,,,0,예측 탈락(§8.5 규칙4): logQ 1636 + 예측 logP 420 > 1747+60 → 컨텍스트 미생성
openfhe,16,32768,40,42,20,18,2,2,14,512,,,,,,,,,,4,,,0,예측 탈락(§8.5 규칙4): logQ 1636 + 예측 logP 420 > 1747+60 → 컨텍스트 미생성
openfhe,16,32768,40,42,16,22,4,4,14,512,,,,,,,,,,5,,,0,예측 탈락(§8.5 규칙4): logQ 1636 + 예측 logP 360 > 1747+60 → 컨텍스트 미생성
openfhe,16,32768,40,42,17,21,3,4,14,512,,,,,,,,,,5,,,0,예측 탈락(§8.5 규칙4): logQ 1636 + 예측 logP 360 > 1747+60 → 컨텍스트 미생성
openfhe,16,32768,40,42,17,21,4,3,14,512,,,,,,,,,,5,,,0,예측 탈락(§8.5 규칙4): logQ 1636 + 예측 logP 360 > 1747+60 → 컨텍스트 미생성
openfhe,16,32768,40,42,18,20,3,3,14,512,,,,,,,,,,5,,,0,예측 탈락(§8.5 규칙4): logQ 1636 + 예측 logP 360 > 1747+60 → 컨텍스트 미생성
openfhe,16,32768,40,42,20,18,2,2,14,512,,,,,,,,,,5,,,0,예측 탈락(§8.5 규칙4): logQ 1636 + 예측 logP 360 > 1747+60 → 컨텍스트 미생성
openfhe,16,32768,40,42,16,22,4,4,14,512,,,,,,,,,,6,,,0,예측 탈락(§8.5 규칙4): logQ 1636 + 예측 logP 300 > 1747+60 → 컨텍스트 미생성
openfhe,16,32768,40,42,17,21,3,4,14,512,,,,,,,,,,6,,,0,예측 탈락(§8.5 규칙4): logQ 1636 + 예측 logP 300 > 1747+60 → 컨텍스트 미생성
openfhe,16,32768,40,42,17,21,4,3,14,512,,,,,,,,,,6,,,0,예측 탈락(§8.5 규칙4): logQ 1636 + 예측 logP 300 > 1747+60 → 컨텍스트 미생성
openfhe,16,32768,40,42,18,20,3,3,14,512,,,,,,,,,,6,,,0,예측 탈락(§8.5 규칙4): logQ 1636 + 예측 logP 300 > 1747+60 → 컨텍스트 미생성
openfhe,16,32768,40,42,20,18,2,2,14,512,,,,,,,,,,6,,,0,예측 탈락(§8.5 규칙4): logQ 1636 + 예측 logP 300 > 1747+60 → 컨텍스트 미생성
openfhe,16,32768,40,42,16,22,4,4,14,512,,,,,,,,,,7,,,0,예측 탈락(§8.5 규칙4): logQ 1636 + 예측 logP 300 > 1747+60 → 컨텍스트 미생성
openfhe,16,32768,40,42,17,21,3,4,14,512,,,,,,,,,,7,,,0,예측 탈락(§8.5 규칙4): logQ 1636 + 예측 logP 300 > 1747+60 → 컨텍스트 미생성
openfhe,16,32768,40,42,17,21,4,3,14,512,,,,,,,,,,7,,,0,예측 탈락(§8.5 규칙4): logQ 1636 + 예측 logP 300 > 1747+60 → 컨텍스트 미생성
openfhe,16,32768,40,42,18,20,3,3,14,512,,,,,,,,,,7,,,0,예측 탈락(§8.5 규칙4): logQ 1636 + 예측 logP 300 > 1747+60 → 컨텍스트 미생성
openfhe,16,32768,40,42,20,18,2,2,14,512,,,,,,,,,,7,,,0,예측 탈락(§8.5 규칙4): logQ 1636 + 예측 logP 300 > 1747+60 → 컨텍스트 미생성
openfhe,16,32768,40,42,16,22,4,4,14,512,,,,,,,,,,8,,,0,예측 탈락(§8.5 규칙4): logQ 1636 + 예측 logP 240 > 1747+60 → 컨텍스트 미생성
openfhe,16,32768,40,42,17,21,3,4,14,512,,,,,,,,,,8,,,0,예측 탈락(§8.5 규칙4): logQ 1636 + 예측 logP 240 > 1747+60 → 컨텍스트 미생성
openfhe,16,32768,40,42,17,21,4,3,14,512,,,,,,,,,,8,,,0,예측 탈락(§8.5 규칙4): logQ 1636 + 예측 logP 240 > 1747+60 → 컨텍스트 미생성
openfhe,16,32768,40,42,18,20,3,3,14,512,,,,,,,,,,8,,,0,예측 탈락(§8.5 규칙4): logQ 1636 + 예측 logP 240 > 1747+60 → 컨텍스트 미생성
openfhe,16,32768,40,42,20,18,2,2,14,512,,,,,,,,,,8,,,0,예측 탈락(§8.5 규칙4): logQ 1636 + 예측 logP 240 > 1747+60 → 컨텍스트 미생성
openfhe,16,32768,40,42,16,22,4,4,14,512,,,,,,,,,,10,,,0,예측 탈락(§8.5 규칙4): logQ 1636 + 예측 logP 180 > 1747+60 → 컨텍스트 미생성
openfhe,16,32768,40,42,17,21,3,4,14,512,,,,,,,,,,10,,,0,예측 탈락(§8.5 규칙4): logQ 1636 + 예측 logP 180 > 1747+60 → 컨텍스트 미생성
openfhe,16,32768,40,42,17,21,4,3,14,512,,,,,,,,,,10,,,0,예측 탈락(§8.5 규칙4): logQ 1636 + 예측 logP 180 > 1747+60 → 컨텍스트 미생성
openfhe,16,32768,40,42,18,20,3,3,14,512,,,,,,,,,,10,,,0,예측 탈락(§8.5 규칙4): logQ 1636 + 예측 logP 180 > 1747+60 → 컨텍스트 미생성
openfhe,16,32768,40,42,20,18,2,2,14,512,,,,,,,,,,10,,,0,예측 탈락(§8.5 규칙4): logQ 1636 + 예측 logP 180 > 1747+60 → 컨텍스트 미생성
openfhe,16,32768,40,42,16,22,4,4,14,512,,,,,,,,,,13,,,0,예측 탈락(§8.5 규칙4): logQ 1636 + 예측 logP 180 > 1747+60 → 컨텍스트 미생성
openfhe,16,32768,40,42,17,21,3,4,14,512,,,,,,,,,,13,,,0,예측 탈락(§8.5 규칙4): logQ 1636 + 예측 logP 180 > 1747+60 → 컨텍스트 미생성
openfhe,16,32768,40,42,17,21,4,3,14,512,,,,,,,,,,13,,,0,예측 탈락(§8.5 규칙4): logQ 1636 + 예측 logP 180 > 1747+60 → 컨텍스트 미생성
openfhe,16,32768,40,42,18,20,3,3,14,512,,,,,,,,,,13,,,0,예측 탈락(§8.5 규칙4): logQ 1636 + 예측 logP 180 > 1747+60 → 컨텍스트 미생성
openfhe,16,32768,40,42,20,18,2,2,14,512,,,,,,,,,,13,,,0,예측 탈락(§8.5 규칙4): logQ 1636 + 예측 logP 180 > 1747+60 → 컨텍스트 미생성
openfhe,16,32768,40,42,16,22,4,4,14,512,,,,,,,,,,20,,,0,/data/yja/openfhe-src/src/pke/lib/scheme/gen-cryptocontext-params-validation.cpp:l.92:validateParametersForCryptocontext(): firstModSize cannot be less than scalingModSize
openfhe,16,32768,40,42,17,21,3,4,14,512,,,,,,,,,,20,,,0,/data/yja/openfhe-src/src/pke/lib/scheme/gen-cryptocontext-params-validation.cpp:l.92:validateParametersForCryptocontext(): firstModSize cannot be less than scalingModSize
openfhe,16,32768,40,42,17,21,4,3,14,512,,,,,,,,,,20,,,0,/data/yja/openfhe-src/src/pke/lib/scheme/gen-cryptocontext-params-validation.cpp:l.92:validateParametersForCryptocontext(): firstModSize cannot be less than scalingModSize
openfhe,16,32768,40,42,18,20,3,3,14,512,,,,,,,,,,20,,,0,/data/yja/openfhe-src/src/pke/lib/scheme/gen-cryptocontext-params-validation.cpp:l.92:validateParametersForCryptocontext(): firstModSize cannot be less than scalingModSize
openfhe,16,32768,40,42,20,18,2,2,14,512,,,,,,,,,,20,,,0,/data/yja/openfhe-src/src/pke/lib/scheme/gen-cryptocontext-params-validation.cpp:l.92:validateParametersForCryptocontext(): firstModSize cannot be less than scalingModSize
openfhe,16,32768,40,42,16,22,4,4,14,512,,,,,,,,,,39,,,0,/data/yja/openfhe-src/src/pke/lib/scheme/gen-cryptocontext-params-validation.cpp:l.92:validateParametersForCryptocontext(): firstModSize cannot be less than scalingModSize
openfhe,16,32768,40,42,17,21,3,4,14,512,,,,,,,,,,39,,,0,/data/yja/openfhe-src/src/pke/lib/scheme/gen-cryptocontext-params-validation.cpp:l.92:validateParametersForCryptocontext(): firstModSize cannot be less than scalingModSize
openfhe,16,32768,40,42,17,21,4,3,14,512,,,,,,,,,,39,,,0,/data/yja/openfhe-src/src/pke/lib/scheme/gen-cryptocontext-params-validation.cpp:l.92:validateParametersForCryptocontext(): firstModSize cannot be less than scalingModSize
openfhe,16,32768,40,42,18,20,3,3,14,512,,,,,,,,,,39,,,0,/data/yja/openfhe-src/src/pke/lib/scheme/gen-cryptocontext-params-validation.cpp:l.92:validateParametersForCryptocontext(): firstModSize cannot be less than scalingModSize
openfhe,16,32768,40,42,20,18,2,2,14,512,,,,,,,,,,39,,,0,/data/yja/openfhe-src/src/pke/lib/scheme/gen-cryptocontext-params-validation.cpp:l.92:validateParametersForCryptocontext(): firstModSize cannot be less than scalingModSize
openfhe,16,32768,40,42,17,22,4,4,14,512,,,,,,,,,,1,,,0,예측 탈락(§8.5 규칙4): logQ 1678 + 예측 logP 1680 > 1747+60 → 컨텍스트 미생성
openfhe,16,32768,40,42,18,21,3,4,14,512,,,,,,,,,,1,,,0,예측 탈락(§8.5 규칙4): logQ 1678 + 예측 logP 1680 > 1747+60 → 컨텍스트 미생성
openfhe,16,32768,40,42,18,21,4,3,14,512,,,,,,,,,,1,,,0,예측 탈락(§8.5 규칙4): logQ 1678 + 예측 logP 1680 > 1747+60 → 컨텍스트 미생성
openfhe,16,32768,40,42,19,20,3,3,14,512,,,,,,,,,,1,,,0,예측 탈락(§8.5 규칙4): logQ 1678 + 예측 logP 1680 > 1747+60 → 컨텍스트 미생성
openfhe,16,32768,40,42,17,22,4,4,14,512,,,,,,,,,,2,,,0,예측 탈락(§8.5 규칙4): logQ 1678 + 예측 logP 840 > 1747+60 → 컨텍스트 미생성
openfhe,16,32768,40,42,18,21,3,4,14,512,,,,,,,,,,2,,,0,예측 탈락(§8.5 규칙4): logQ 1678 + 예측 logP 840 > 1747+60 → 컨텍스트 미생성
openfhe,16,32768,40,42,18,21,4,3,14,512,,,,,,,,,,2,,,0,예측 탈락(§8.5 규칙4): logQ 1678 + 예측 logP 840 > 1747+60 → 컨텍스트 미생성
openfhe,16,32768,40,42,19,20,3,3,14,512,,,,,,,,,,2,,,0,예측 탈락(§8.5 규칙4): logQ 1678 + 예측 logP 840 > 1747+60 → 컨텍스트 미생성
openfhe,16,32768,40,42,17,22,4,4,14,512,,,,,,,,,,3,,,0,예측 탈락(§8.5 규칙4): logQ 1678 + 예측 logP 600 > 1747+60 → 컨텍스트 미생성
openfhe,16,32768,40,42,18,21,3,4,14,512,,,,,,,,,,3,,,0,예측 탈락(§8.5 규칙4): logQ 1678 + 예측 logP 600 > 1747+60 → 컨텍스트 미생성
openfhe,16,32768,40,42,18,21,4,3,14,512,,,,,,,,,,3,,,0,예측 탈락(§8.5 규칙4): logQ 1678 + 예측 logP 600 > 1747+60 → 컨텍스트 미생성
openfhe,16,32768,40,42,19,20,3,3,14,512,,,,,,,,,,3,,,0,예측 탈락(§8.5 규칙4): logQ 1678 + 예측 logP 600 > 1747+60 → 컨텍스트 미생성
openfhe,16,32768,40,42,17,22,4,4,14,512,,,,,,,,,,4,,,0,예측 탈락(§8.5 규칙4): logQ 1678 + 예측 logP 420 > 1747+60 → 컨텍스트 미생성
openfhe,16,32768,40,42,18,21,3,4,14,512,,,,,,,,,,4,,,0,예측 탈락(§8.5 규칙4): logQ 1678 + 예측 logP 420 > 1747+60 → 컨텍스트 미생성
openfhe,16,32768,40,42,18,21,4,3,14,512,,,,,,,,,,4,,,0,예측 탈락(§8.5 규칙4): logQ 1678 + 예측 logP 420 > 1747+60 → 컨텍스트 미생성
openfhe,16,32768,40,42,19,20,3,3,14,512,,,,,,,,,,4,,,0,예측 탈락(§8.5 규칙4): logQ 1678 + 예측 logP 420 > 1747+60 → 컨텍스트 미생성
openfhe,16,32768,40,42,17,22,4,4,14,512,,,,,,,,,,5,,,0,예측 탈락(§8.5 규칙4): logQ 1678 + 예측 logP 360 > 1747+60 → 컨텍스트 미생성
openfhe,16,32768,40,42,18,21,3,4,14,512,,,,,,,,,,5,,,0,예측 탈락(§8.5 규칙4): logQ 1678 + 예측 logP 360 > 1747+60 → 컨텍스트 미생성
openfhe,16,32768,40,42,18,21,4,3,14,512,,,,,,,,,,5,,,0,예측 탈락(§8.5 규칙4): logQ 1678 + 예측 logP 360 > 1747+60 → 컨텍스트 미생성
openfhe,16,32768,40,42,19,20,3,3,14,512,,,,,,,,,,5,,,0,예측 탈락(§8.5 규칙4): logQ 1678 + 예측 logP 360 > 1747+60 → 컨텍스트 미생성
openfhe,16,32768,40,42,17,22,4,4,14,512,,,,,,,,,,6,,,0,예측 탈락(§8.5 규칙4): logQ 1678 + 예측 logP 300 > 1747+60 → 컨텍스트 미생성
openfhe,16,32768,40,42,18,21,3,4,14,512,,,,,,,,,,6,,,0,예측 탈락(§8.5 규칙4): logQ 1678 + 예측 logP 300 > 1747+60 → 컨텍스트 미생성
openfhe,16,32768,40,42,18,21,4,3,14,512,,,,,,,,,,6,,,0,예측 탈락(§8.5 규칙4): logQ 1678 + 예측 logP 300 > 1747+60 → 컨텍스트 미생성
openfhe,16,32768,40,42,19,20,3,3,14,512,,,,,,,,,,6,,,0,예측 탈락(§8.5 규칙4): logQ 1678 + 예측 logP 300 > 1747+60 → 컨텍스트 미생성
openfhe,16,32768,40,42,17,22,4,4,14,512,,,,,,,,,,7,,,0,예측 탈락(§8.5 규칙4): logQ 1678 + 예측 logP 300 > 1747+60 → 컨텍스트 미생성
openfhe,16,32768,40,42,18,21,3,4,14,512,,,,,,,,,,7,,,0,예측 탈락(§8.5 규칙4): logQ 1678 + 예측 logP 300 > 1747+60 → 컨텍스트 미생성
openfhe,16,32768,40,42,18,21,4,3,14,512,,,,,,,,,,7,,,0,예측 탈락(§8.5 규칙4): logQ 1678 + 예측 logP 300 > 1747+60 → 컨텍스트 미생성
openfhe,16,32768,40,42,19,20,3,3,14,512,,,,,,,,,,7,,,0,예측 탈락(§8.5 규칙4): logQ 1678 + 예측 logP 300 > 1747+60 → 컨텍스트 미생성
openfhe,16,32768,40,42,17,22,4,4,14,512,,,,,,,,,,8,,,0,예측 탈락(§8.5 규칙4): logQ 1678 + 예측 logP 240 > 1747+60 → 컨텍스트 미생성
openfhe,16,32768,40,42,18,21,3,4,14,512,,,,,,,,,,8,,,0,예측 탈락(§8.5 규칙4): logQ 1678 + 예측 logP 240 > 1747+60 → 컨텍스트 미생성
openfhe,16,32768,40,42,18,21,4,3,14,512,,,,,,,,,,8,,,0,예측 탈락(§8.5 규칙4): logQ 1678 + 예측 logP 240 > 1747+60 → 컨텍스트 미생성
openfhe,16,32768,40,42,19,20,3,3,14,512,,,,,,,,,,8,,,0,예측 탈락(§8.5 규칙4): logQ 1678 + 예측 logP 240 > 1747+60 → 컨텍스트 미생성
openfhe,16,32768,40,42,17,22,4,4,14,512,,,,,,,,,,10,,,0,예측 탈락(§8.5 규칙4): logQ 1678 + 예측 logP 180 > 1747+60 → 컨텍스트 미생성
openfhe,16,32768,40,42,18,21,3,4,14,512,,,,,,,,,,10,,,0,예측 탈락(§8.5 규칙4): logQ 1678 + 예측 logP 180 > 1747+60 → 컨텍스트 미생성
openfhe,16,32768,40,42,18,21,4,3,14,512,,,,,,,,,,10,,,0,예측 탈락(§8.5 규칙4): logQ 1678 + 예측 logP 180 > 1747+60 → 컨텍스트 미생성
openfhe,16,32768,40,42,19,20,3,3,14,512,,,,,,,,,,10,,,0,예측 탈락(§8.5 규칙4): logQ 1678 + 예측 logP 180 > 1747+60 → 컨텍스트 미생성
openfhe,16,32768,40,42,17,22,4,4,14,512,,,,,,,,,,14,,,0,예측 탈락(§8.5 규칙4): logQ 1678 + 예측 logP 180 > 1747+60 → 컨텍스트 미생성
openfhe,16,32768,40,42,18,21,3,4,14,512,,,,,,,,,,14,,,0,예측 탈락(§8.5 규칙4): logQ 1678 + 예측 logP 180 > 1747+60 → 컨텍스트 미생성
openfhe,16,32768,40,42,18,21,4,3,14,512,,,,,,,,,,14,,,0,예측 탈락(§8.5 규칙4): logQ 1678 + 예측 logP 180 > 1747+60 → 컨텍스트 미생성
openfhe,16,32768,40,42,19,20,3,3,14,512,,,,,,,,,,14,,,0,예측 탈락(§8.5 규칙4): logQ 1678 + 예측 logP 180 > 1747+60 → 컨텍스트 미생성
openfhe,16,32768,40,42,17,22,4,4,14,512,,,,,,,,,,20,,,0,/data/yja/openfhe-src/src/pke/lib/scheme/gen-cryptocontext-params-validation.cpp:l.92:validateParametersForCryptocontext(): firstModSize cannot be less than scalingModSize
openfhe,16,32768,40,42,18,21,3,4,14,512,,,,,,,,,,20,,,0,/data/yja/openfhe-src/src/pke/lib/scheme/gen-cryptocontext-params-validation.cpp:l.92:validateParametersForCryptocontext(): firstModSize cannot be less than scalingModSize
openfhe,16,32768,40,42,18,21,4,3,14,512,,,,,,,,,,20,,,0,/data/yja/openfhe-src/src/pke/lib/scheme/gen-cryptocontext-params-validation.cpp:l.92:validateParametersForCryptocontext(): firstModSize cannot be less than scalingModSize
openfhe,16,32768,40,42,19,20,3,3,14,512,,,,,,,,,,20,,,0,/data/yja/openfhe-src/src/pke/lib/scheme/gen-cryptocontext-params-validation.cpp:l.92:validateParametersForCryptocontext(): firstModSize cannot be less than scalingModSize
openfhe,16,32768,40,42,17,22,4,4,14,512,,,,,,,,,,40,,,0,/data/yja/openfhe-src/src/pke/lib/scheme/gen-cryptocontext-params-validation.cpp:l.92:validateParametersForCryptocontext(): firstModSize cannot be less than scalingModSize
openfhe,16,32768,40,42,18,21,3,4,14,512,,,,,,,,,,40,,,0,/data/yja/openfhe-src/src/pke/lib/scheme/gen-cryptocontext-params-validation.cpp:l.92:validateParametersForCryptocontext(): firstModSize cannot be less than scalingModSize
openfhe,16,32768,40,42,18,21,4,3,14,512,,,,,,,,,,40,,,0,/data/yja/openfhe-src/src/pke/lib/scheme/gen-cryptocontext-params-validation.cpp:l.92:validateParametersForCryptocontext(): firstModSize cannot be less than scalingModSize
openfhe,16,32768,40,42,19,20,3,3,14,512,,,,,,,,,,40,,,0,/data/yja/openfhe-src/src/pke/lib/scheme/gen-cryptocontext-params-validation.cpp:l.92:validateParametersForCryptocontext(): firstModSize cannot be less than scalingModSize
openfhe,16,32768,40,42,18,22,4,4,14,512,,,,,,,,,,0,,,0,상한 초과 확정: logQ_boot(명목) 1720 + 최소 logP 60 > 1747
openfhe,16,32768,40,42,19,21,3,4,14,512,,,,,,,,,,0,,,0,상한 초과 확정: logQ_boot(명목) 1720 + 최소 logP 60 > 1747
openfhe,16,32768,40,42,19,21,4,3,14,512,,,,,,,,,,0,,,0,상한 초과 확정: logQ_boot(명목) 1720 + 최소 logP 60 > 1747
openfhe,16,32768,40,42,20,20,3,3,14,512,,,,,,,,,,0,,,0,상한 초과 확정: logQ_boot(명목) 1720 + 최소 logP 60 > 1747
openfhe,16,32768,40,42,19,22,4,4,14,512,,,,,,,,,,0,,,0,상한 초과 확정: logQ_boot(명목) 1762 + 최소 logP 60 > 1747
openfhe,16,32768,40,42,20,21,3,4,14,512,,,,,,,,,,0,,,0,상한 초과 확정: logQ_boot(명목) 1762 + 최소 logP 60 > 1747
openfhe,16,32768,40,42,20,21,4,3,14,512,,,,,,,,,,0,,,0,상한 초과 확정: logQ_boot(명목) 1762 + 최소 logP 60 > 1747
openfhe,16,32768,40,42,20,22,4,4,14,512,,,,,,,,,,0,,,0,상한 초과 확정: logQ_boot(명목) 1804 + 최소 logP 60 > 1747
openfhe,16,32768,40,45,15,16,1,1,14,512,,,,,,,,,,1,,,0,예측 탈락(§8.5 규칙4): logQ 1435 + 예측 logP 1440 > 1747+60 → 컨텍스트 미생성
openfhe,16,32768,40,45,15,16,1,1,14,512,,,,,,,,,,2,,,0,예측 탈락(§8.5 규칙4): logQ 1435 + 예측 logP 720 > 1747+60 → 컨텍스트 미생성
openfhe,16,32768,40,45,15,16,1,1,14,512,,,,,,,,,,3,,,0,예측 탈락(§8.5 규칙4): logQ 1435 + 예측 logP 540 > 1747+60 → 컨텍스트 미생성
openfhe,16,32768,40,45,15,16,1,1,14,512,,,,,,,,,,4,,,0,/data/yja/openfhe-src/src/pke/lib/scheme/gen-cryptocontext-params-validation.cpp:l.92:validateParametersForCryptocontext(): firstModSize cannot be less than scalingModSize
openfhe,16,32768,40,45,15,16,1,1,14,512,,,,,,,,,,5,,,0,/data/yja/openfhe-src/src/pke/lib/scheme/gen-cryptocontext-params-validation.cpp:l.92:validateParametersForCryptocontext(): firstModSize cannot be less than scalingModSize
openfhe,16,32768,40,45,15,16,1,1,14,512,,,,,,,,,,6,,,0,/data/yja/openfhe-src/src/pke/lib/scheme/gen-cryptocontext-params-validation.cpp:l.92:validateParametersForCryptocontext(): firstModSize cannot be less than scalingModSize
openfhe,16,32768,40,45,15,16,1,1,14,512,,,,,,,,,,7,,,0,/data/yja/openfhe-src/src/pke/lib/scheme/gen-cryptocontext-params-validation.cpp:l.92:validateParametersForCryptocontext(): firstModSize cannot be less than scalingModSize
openfhe,16,32768,40,45,15,16,1,1,14,512,,,,,,,,,,8,,,0,/data/yja/openfhe-src/src/pke/lib/scheme/gen-cryptocontext-params-validation.cpp:l.92:validateParametersForCryptocontext(): firstModSize cannot be less than scalingModSize
openfhe,16,32768,40,45,15,16,1,1,14,512,,,,,,,,,,11,,,0,/data/yja/openfhe-src/src/pke/lib/scheme/gen-cryptocontext-params-validation.cpp:l.92:validateParametersForCryptocontext(): firstModSize cannot be less than scalingModSize
openfhe,16,32768,40,45,15,16,1,1,14,512,,,,,,,,,,16,,,0,/data/yja/openfhe-src/src/pke/lib/scheme/gen-cryptocontext-params-validation.cpp:l.92:validateParametersForCryptocontext(): firstModSize cannot be less than scalingModSize
openfhe,16,32768,40,45,15,16,1,1,14,512,,,,,,,,,,32,,,0,/data/yja/openfhe-src/src/pke/lib/scheme/gen-cryptocontext-params-validation.cpp:l.92:validateParametersForCryptocontext(): firstModSize cannot be less than scalingModSize
openfhe,16,32768,40,45,16,16,1,1,14,512,,,,,,,,,,1,,,0,예측 탈락(§8.5 규칙4): logQ 1480 + 예측 logP 1500 > 1747+60 → 컨텍스트 미생성
openfhe,16,32768,40,45,16,16,1,1,14,512,,,,,,,,,,2,,,0,예측 탈락(§8.5 규칙4): logQ 1480 + 예측 logP 780 > 1747+60 → 컨텍스트 미생성
openfhe,16,32768,40,45,16,16,1,1,14,512,,,,,,,,,,3,,,0,예측 탈락(§8.5 규칙4): logQ 1480 + 예측 logP 540 > 1747+60 → 컨텍스트 미생성
openfhe,16,32768,40,45,16,16,1,1,14,512,,,,,,,,,,4,,,0,예측 탈락(§8.5 규칙4): logQ 1480 + 예측 logP 420 > 1747+60 → 컨텍스트 미생성
openfhe,16,32768,40,45,16,16,1,1,14,512,,,,,,,,,,5,,,0,예측 탈락(§8.5 규칙4): logQ 1480 + 예측 logP 360 > 1747+60 → 컨텍스트 미생성
openfhe,16,32768,40,45,16,16,1,1,14,512,,,,,,,,,,6,,,0,/data/yja/openfhe-src/src/pke/lib/scheme/gen-cryptocontext-params-validation.cpp:l.92:validateParametersForCryptocontext(): firstModSize cannot be less than scalingModSize
openfhe,16,32768,40,45,16,16,1,1,14,512,,,,,,,,,,7,,,0,/data/yja/openfhe-src/src/pke/lib/scheme/gen-cryptocontext-params-validation.cpp:l.92:validateParametersForCryptocontext(): firstModSize cannot be less than scalingModSize
openfhe,16,32768,40,45,16,16,1,1,14,512,,,,,,,,,,9,,,0,/data/yja/openfhe-src/src/pke/lib/scheme/gen-cryptocontext-params-validation.cpp:l.92:validateParametersForCryptocontext(): firstModSize cannot be less than scalingModSize
openfhe,16,32768,40,45,16,16,1,1,14,512,,,,,,,,,,11,,,0,/data/yja/openfhe-src/src/pke/lib/scheme/gen-cryptocontext-params-validation.cpp:l.92:validateParametersForCryptocontext(): firstModSize cannot be less than scalingModSize
openfhe,16,32768,40,45,16,16,1,1,14,512,,,,,,,,,,17,,,0,/data/yja/openfhe-src/src/pke/lib/scheme/gen-cryptocontext-params-validation.cpp:l.92:validateParametersForCryptocontext(): firstModSize cannot be less than scalingModSize
openfhe,16,32768,40,45,16,16,1,1,14,512,,,,,,,,,,33,,,0,/data/yja/openfhe-src/src/pke/lib/scheme/gen-cryptocontext-params-validation.cpp:l.92:validateParametersForCryptocontext(): firstModSize cannot be less than scalingModSize
openfhe,16,32768,40,45,15,18,2,2,14,512,,,,,,,,,,1,,,0,예측 탈락(§8.5 규칙4): logQ 1525 + 예측 logP 1560 > 1747+60 → 컨텍스트 미생성
openfhe,16,32768,40,45,17,16,1,1,14,512,,,,,,,,,,1,,,0,예측 탈락(§8.5 규칙4): logQ 1525 + 예측 logP 1560 > 1747+60 → 컨텍스트 미생성
openfhe,16,32768,40,45,15,18,2,2,14,512,,,,,,,,,,2,,,0,예측 탈락(§8.5 규칙4): logQ 1525 + 예측 logP 780 > 1747+60 → 컨텍스트 미생성
openfhe,16,32768,40,45,17,16,1,1,14,512,,,,,,,,,,2,,,0,예측 탈락(§8.5 규칙4): logQ 1525 + 예측 logP 780 > 1747+60 → 컨텍스트 미생성
openfhe,16,32768,40,45,15,18,2,2,14,512,,,,,,,,,,3,,,0,예측 탈락(§8.5 규칙4): logQ 1525 + 예측 logP 540 > 1747+60 → 컨텍스트 미생성
openfhe,16,32768,40,45,17,16,1,1,14,512,,,,,,,,,,3,,,0,예측 탈락(§8.5 규칙4): logQ 1525 + 예측 logP 540 > 1747+60 → 컨텍스트 미생성
openfhe,16,32768,40,45,15,18,2,2,14,512,,,,,,,,,,4,,,0,예측 탈락(§8.5 규칙4): logQ 1525 + 예측 logP 420 > 1747+60 → 컨텍스트 미생성
openfhe,16,32768,40,45,17,16,1,1,14,512,,,,,,,,,,4,,,0,예측 탈락(§8.5 규칙4): logQ 1525 + 예측 logP 420 > 1747+60 → 컨텍스트 미생성
openfhe,16,32768,40,45,15,18,2,2,14,512,,,,,,,,,,5,,,0,예측 탈락(§8.5 규칙4): logQ 1525 + 예측 logP 360 > 1747+60 → 컨텍스트 미생성
openfhe,16,32768,40,45,17,16,1,1,14,512,,,,,,,,,,5,,,0,예측 탈락(§8.5 규칙4): logQ 1525 + 예측 logP 360 > 1747+60 → 컨텍스트 미생성
openfhe,16,32768,40,45,15,18,2,2,14,512,,,,,,,,,,6,,,0,예측 탈락(§8.5 규칙4): logQ 1525 + 예측 logP 300 > 1747+60 → 컨텍스트 미생성
openfhe,16,32768,40,45,17,16,1,1,14,512,,,,,,,,,,6,,,0,예측 탈락(§8.5 규칙4): logQ 1525 + 예측 logP 300 > 1747+60 → 컨텍스트 미생성
openfhe,16,32768,40,45,15,18,2,2,14,512,,,,,,,,,,7,,,0,/data/yja/openfhe-src/src/pke/lib/scheme/gen-cryptocontext-params-validation.cpp:l.92:validateParametersForCryptocontext(): firstModSize cannot be less than scalingModSize
openfhe,16,32768,40,45,17,16,1,1,14,512,,,,,,,,,,7,,,0,/data/yja/openfhe-src/src/pke/lib/scheme/gen-cryptocontext-params-validation.cpp:l.92:validateParametersForCryptocontext(): firstModSize cannot be less than scalingModSize
openfhe,16,32768,40,45,15,18,2,2,14,512,,,,,,,,,,9,,,0,/data/yja/openfhe-src/src/pke/lib/scheme/gen-cryptocontext-params-validation.cpp:l.92:validateParametersForCryptocontext(): firstModSize cannot be less than scalingModSize
openfhe,16,32768,40,45,17,16,1,1,14,512,,,,,,,,,,9,,,0,/data/yja/openfhe-src/src/pke/lib/scheme/gen-cryptocontext-params-validation.cpp:l.92:validateParametersForCryptocontext(): firstModSize cannot be less than scalingModSize
openfhe,16,32768,40,45,15,18,2,2,14,512,,,,,,,,,,12,,,0,/data/yja/openfhe-src/src/pke/lib/scheme/gen-cryptocontext-params-validation.cpp:l.92:validateParametersForCryptocontext(): firstModSize cannot be less than scalingModSize
openfhe,16,32768,40,45,17,16,1,1,14,512,,,,,,,,,,12,,,0,/data/yja/openfhe-src/src/pke/lib/scheme/gen-cryptocontext-params-validation.cpp:l.92:validateParametersForCryptocontext(): firstModSize cannot be less than scalingModSize
openfhe,16,32768,40,45,15,18,2,2,14,512,,,,,,,,,,17,,,0,/data/yja/openfhe-src/src/pke/lib/scheme/gen-cryptocontext-params-validation.cpp:l.92:validateParametersForCryptocontext(): firstModSize cannot be less than scalingModSize
openfhe,16,32768,40,45,17,16,1,1,14,512,,,,,,,,,,17,,,0,/data/yja/openfhe-src/src/pke/lib/scheme/gen-cryptocontext-params-validation.cpp:l.92:validateParametersForCryptocontext(): firstModSize cannot be less than scalingModSize
openfhe,16,32768,40,45,15,18,2,2,14,512,,,,,,,,,,34,,,0,/data/yja/openfhe-src/src/pke/lib/scheme/gen-cryptocontext-params-validation.cpp:l.92:validateParametersForCryptocontext(): firstModSize cannot be less than scalingModSize
openfhe,16,32768,40,45,17,16,1,1,14,512,,,,,,,,,,34,,,0,/data/yja/openfhe-src/src/pke/lib/scheme/gen-cryptocontext-params-validation.cpp:l.92:validateParametersForCryptocontext(): firstModSize cannot be less than scalingModSize
openfhe,16,32768,40,45,16,18,2,2,14,512,,,,,,,,,,1,,,0,예측 탈락(§8.5 규칙4): logQ 1570 + 예측 logP 1620 > 1747+60 → 컨텍스트 미생성
openfhe,16,32768,40,45,18,16,1,1,14,512,,,,,,,,,,1,,,0,예측 탈락(§8.5 규칙4): logQ 1570 + 예측 logP 1620 > 1747+60 → 컨텍스트 미생성
openfhe,16,32768,40,45,16,18,2,2,14,512,,,,,,,,,,2,,,0,예측 탈락(§8.5 규칙4): logQ 1570 + 예측 logP 840 > 1747+60 → 컨텍스트 미생성
openfhe,16,32768,40,45,18,16,1,1,14,512,,,,,,,,,,2,,,0,예측 탈락(§8.5 규칙4): logQ 1570 + 예측 logP 840 > 1747+60 → 컨텍스트 미생성
openfhe,16,32768,40,45,16,18,2,2,14,512,,,,,,,,,,3,,,0,예측 탈락(§8.5 규칙4): logQ 1570 + 예측 logP 540 > 1747+60 → 컨텍스트 미생성
openfhe,16,32768,40,45,18,16,1,1,14,512,,,,,,,,,,3,,,0,예측 탈락(§8.5 규칙4): logQ 1570 + 예측 logP 540 > 1747+60 → 컨텍스트 미생성
openfhe,16,32768,40,45,16,18,2,2,14,512,,,,,,,,,,4,,,0,예측 탈락(§8.5 규칙4): logQ 1570 + 예측 logP 420 > 1747+60 → 컨텍스트 미생성
openfhe,16,32768,40,45,18,16,1,1,14,512,,,,,,,,,,4,,,0,예측 탈락(§8.5 규칙4): logQ 1570 + 예측 logP 420 > 1747+60 → 컨텍스트 미생성
openfhe,16,32768,40,45,16,18,2,2,14,512,,,,,,,,,,5,,,0,예측 탈락(§8.5 규칙4): logQ 1570 + 예측 logP 360 > 1747+60 → 컨텍스트 미생성
openfhe,16,32768,40,45,18,16,1,1,14,512,,,,,,,,,,5,,,0,예측 탈락(§8.5 규칙4): logQ 1570 + 예측 logP 360 > 1747+60 → 컨텍스트 미생성
openfhe,16,32768,40,45,16,18,2,2,14,512,,,,,,,,,,6,,,0,예측 탈락(§8.5 규칙4): logQ 1570 + 예측 logP 300 > 1747+60 → 컨텍스트 미생성
openfhe,16,32768,40,45,18,16,1,1,14,512,,,,,,,,,,6,,,0,예측 탈락(§8.5 규칙4): logQ 1570 + 예측 logP 300 > 1747+60 → 컨텍스트 미생성
openfhe,16,32768,40,45,16,18,2,2,14,512,,,,,,,,,,7,,,0,예측 탈락(§8.5 규칙4): logQ 1570 + 예측 logP 240 > 1747+60 → 컨텍스트 미생성
openfhe,16,32768,40,45,18,16,1,1,14,512,,,,,,,,,,7,,,0,예측 탈락(§8.5 규칙4): logQ 1570 + 예측 logP 240 > 1747+60 → 컨텍스트 미생성
openfhe,16,32768,40,45,16,18,2,2,14,512,,,,,,,,,,9,,,0,/data/yja/openfhe-src/src/pke/lib/scheme/gen-cryptocontext-params-validation.cpp:l.92:validateParametersForCryptocontext(): firstModSize cannot be less than scalingModSize
openfhe,16,32768,40,45,18,16,1,1,14,512,,,,,,,,,,9,,,0,/data/yja/openfhe-src/src/pke/lib/scheme/gen-cryptocontext-params-validation.cpp:l.92:validateParametersForCryptocontext(): firstModSize cannot be less than scalingModSize
openfhe,16,32768,40,45,16,18,2,2,14,512,,,,,,,,,,12,,,0,/data/yja/openfhe-src/src/pke/lib/scheme/gen-cryptocontext-params-validation.cpp:l.92:validateParametersForCryptocontext(): firstModSize cannot be less than scalingModSize
openfhe,16,32768,40,45,18,16,1,1,14,512,,,,,,,,,,12,,,0,/data/yja/openfhe-src/src/pke/lib/scheme/gen-cryptocontext-params-validation.cpp:l.92:validateParametersForCryptocontext(): firstModSize cannot be less than scalingModSize
openfhe,16,32768,40,45,16,18,2,2,14,512,,,,,,,,,,18,,,0,/data/yja/openfhe-src/src/pke/lib/scheme/gen-cryptocontext-params-validation.cpp:l.92:validateParametersForCryptocontext(): firstModSize cannot be less than scalingModSize
openfhe,16,32768,40,45,18,16,1,1,14,512,,,,,,,,,,18,,,0,/data/yja/openfhe-src/src/pke/lib/scheme/gen-cryptocontext-params-validation.cpp:l.92:validateParametersForCryptocontext(): firstModSize cannot be less than scalingModSize
openfhe,16,32768,40,45,16,18,2,2,14,512,,,,,,,,,,35,,,0,/data/yja/openfhe-src/src/pke/lib/scheme/gen-cryptocontext-params-validation.cpp:l.92:validateParametersForCryptocontext(): firstModSize cannot be less than scalingModSize
openfhe,16,32768,40,45,18,16,1,1,14,512,,,,,,,,,,35,,,0,/data/yja/openfhe-src/src/pke/lib/scheme/gen-cryptocontext-params-validation.cpp:l.92:validateParametersForCryptocontext(): firstModSize cannot be less than scalingModSize
openfhe,16,32768,40,45,15,20,3,3,14,512,,,,,,,,,,1,,,0,예측 탈락(§8.5 규칙4): logQ 1615 + 예측 logP 1620 > 1747+60 → 컨텍스트 미생성
openfhe,16,32768,40,45,17,18,2,2,14,512,,,,,,,,,,1,,,0,예측 탈락(§8.5 규칙4): logQ 1615 + 예측 logP 1620 > 1747+60 → 컨텍스트 미생성
openfhe,16,32768,40,45,19,16,1,1,14,512,,,,,,,,,,1,,,0,예측 탈락(§8.5 규칙4): logQ 1615 + 예측 logP 1620 > 1747+60 → 컨텍스트 미생성
openfhe,16,32768,40,45,15,20,3,3,14,512,,,,,,,,,,2,,,0,예측 탈락(§8.5 규칙4): logQ 1615 + 예측 logP 840 > 1747+60 → 컨텍스트 미생성
openfhe,16,32768,40,45,17,18,2,2,14,512,,,,,,,,,,2,,,0,예측 탈락(§8.5 규칙4): logQ 1615 + 예측 logP 840 > 1747+60 → 컨텍스트 미생성
openfhe,16,32768,40,45,19,16,1,1,14,512,,,,,,,,,,2,,,0,예측 탈락(§8.5 규칙4): logQ 1615 + 예측 logP 840 > 1747+60 → 컨텍스트 미생성
openfhe,16,32768,40,45,15,20,3,3,14,512,,,,,,,,,,3,,,0,예측 탈락(§8.5 규칙4): logQ 1615 + 예측 logP 540 > 1747+60 → 컨텍스트 미생성
openfhe,16,32768,40,45,17,18,2,2,14,512,,,,,,,,,,3,,,0,예측 탈락(§8.5 규칙4): logQ 1615 + 예측 logP 540 > 1747+60 → 컨텍스트 미생성
openfhe,16,32768,40,45,19,16,1,1,14,512,,,,,,,,,,3,,,0,예측 탈락(§8.5 규칙4): logQ 1615 + 예측 logP 540 > 1747+60 → 컨텍스트 미생성
openfhe,16,32768,40,45,15,20,3,3,14,512,,,,,,,,,,4,,,0,예측 탈락(§8.5 규칙4): logQ 1615 + 예측 logP 420 > 1747+60 → 컨텍스트 미생성
openfhe,16,32768,40,45,17,18,2,2,14,512,,,,,,,,,,4,,,0,예측 탈락(§8.5 규칙4): logQ 1615 + 예측 logP 420 > 1747+60 → 컨텍스트 미생성
openfhe,16,32768,40,45,19,16,1,1,14,512,,,,,,,,,,4,,,0,예측 탈락(§8.5 규칙4): logQ 1615 + 예측 logP 420 > 1747+60 → 컨텍스트 미생성
openfhe,16,32768,40,45,15,20,3,3,14,512,,,,,,,,,,5,,,0,예측 탈락(§8.5 규칙4): logQ 1615 + 예측 logP 360 > 1747+60 → 컨텍스트 미생성
openfhe,16,32768,40,45,17,18,2,2,14,512,,,,,,,,,,5,,,0,예측 탈락(§8.5 규칙4): logQ 1615 + 예측 logP 360 > 1747+60 → 컨텍스트 미생성
openfhe,16,32768,40,45,19,16,1,1,14,512,,,,,,,,,,5,,,0,예측 탈락(§8.5 규칙4): logQ 1615 + 예측 logP 360 > 1747+60 → 컨텍스트 미생성
openfhe,16,32768,40,45,15,20,3,3,14,512,,,,,,,,,,6,,,0,예측 탈락(§8.5 규칙4): logQ 1615 + 예측 logP 300 > 1747+60 → 컨텍스트 미생성
openfhe,16,32768,40,45,17,18,2,2,14,512,,,,,,,,,,6,,,0,예측 탈락(§8.5 규칙4): logQ 1615 + 예측 logP 300 > 1747+60 → 컨텍스트 미생성
openfhe,16,32768,40,45,19,16,1,1,14,512,,,,,,,,,,6,,,0,예측 탈락(§8.5 규칙4): logQ 1615 + 예측 logP 300 > 1747+60 → 컨텍스트 미생성
openfhe,16,32768,40,45,15,20,3,3,14,512,,,,,,,,,,8,,,0,예측 탈락(§8.5 규칙4): logQ 1615 + 예측 logP 240 > 1747+60 → 컨텍스트 미생성
openfhe,16,32768,40,45,17,18,2,2,14,512,,,,,,,,,,8,,,0,예측 탈락(§8.5 규칙4): logQ 1615 + 예측 logP 240 > 1747+60 → 컨텍스트 미생성
openfhe,16,32768,40,45,19,16,1,1,14,512,,,,,,,,,,8,,,0,예측 탈락(§8.5 규칙4): logQ 1615 + 예측 logP 240 > 1747+60 → 컨텍스트 미생성
openfhe,16,32768,40,45,15,20,3,3,14,512,,,,,,,,,,9,,,0,/data/yja/openfhe-src/src/pke/lib/scheme/gen-cryptocontext-params-validation.cpp:l.92:validateParametersForCryptocontext(): firstModSize cannot be less than scalingModSize
openfhe,16,32768,40,45,17,18,2,2,14,512,,,,,,,,,,9,,,0,/data/yja/openfhe-src/src/pke/lib/scheme/gen-cryptocontext-params-validation.cpp:l.92:validateParametersForCryptocontext(): firstModSize cannot be less than scalingModSize
openfhe,16,32768,40,45,19,16,1,1,14,512,,,,,,,,,,9,,,0,/data/yja/openfhe-src/src/pke/lib/scheme/gen-cryptocontext-params-validation.cpp:l.92:validateParametersForCryptocontext(): firstModSize cannot be less than scalingModSize
openfhe,16,32768,40,45,15,20,3,3,14,512,,,,,,,,,,12,,,0,/data/yja/openfhe-src/src/pke/lib/scheme/gen-cryptocontext-params-validation.cpp:l.92:validateParametersForCryptocontext(): firstModSize cannot be less than scalingModSize
openfhe,16,32768,40,45,17,18,2,2,14,512,,,,,,,,,,12,,,0,/data/yja/openfhe-src/src/pke/lib/scheme/gen-cryptocontext-params-validation.cpp:l.92:validateParametersForCryptocontext(): firstModSize cannot be less than scalingModSize
openfhe,16,32768,40,45,19,16,1,1,14,512,,,,,,,,,,12,,,0,/data/yja/openfhe-src/src/pke/lib/scheme/gen-cryptocontext-params-validation.cpp:l.92:validateParametersForCryptocontext(): firstModSize cannot be less than scalingModSize
openfhe,16,32768,40,45,15,20,3,3,14,512,,,,,,,,,,18,,,0,/data/yja/openfhe-src/src/pke/lib/scheme/gen-cryptocontext-params-validation.cpp:l.92:validateParametersForCryptocontext(): firstModSize cannot be less than scalingModSize
openfhe,16,32768,40,45,17,18,2,2,14,512,,,,,,,,,,18,,,0,/data/yja/openfhe-src/src/pke/lib/scheme/gen-cryptocontext-params-validation.cpp:l.92:validateParametersForCryptocontext(): firstModSize cannot be less than scalingModSize
openfhe,16,32768,40,45,19,16,1,1,14,512,,,,,,,,,,18,,,0,/data/yja/openfhe-src/src/pke/lib/scheme/gen-cryptocontext-params-validation.cpp:l.92:validateParametersForCryptocontext(): firstModSize cannot be less than scalingModSize
openfhe,16,32768,40,45,15,20,3,3,14,512,,,,,,,,,,36,,,0,/data/yja/openfhe-src/src/pke/lib/scheme/gen-cryptocontext-params-validation.cpp:l.92:validateParametersForCryptocontext(): firstModSize cannot be less than scalingModSize
openfhe,16,32768,40,45,17,18,2,2,14,512,,,,,,,,,,36,,,0,/data/yja/openfhe-src/src/pke/lib/scheme/gen-cryptocontext-params-validation.cpp:l.92:validateParametersForCryptocontext(): firstModSize cannot be less than scalingModSize
openfhe,16,32768,40,45,19,16,1,1,14,512,,,,,,,,,,36,,,0,/data/yja/openfhe-src/src/pke/lib/scheme/gen-cryptocontext-params-validation.cpp:l.92:validateParametersForCryptocontext(): firstModSize cannot be less than scalingModSize
openfhe,16,32768,40,45,15,21,3,4,14,512,,,,,,,,,,1,,,0,예측 탈락(§8.5 규칙4): logQ 1660 + 예측 logP 1680 > 1747+60 → 컨텍스트 미생성
openfhe,16,32768,40,45,15,21,4,3,14,512,,,,,,,,,,1,,,0,예측 탈락(§8.5 규칙4): logQ 1660 + 예측 logP 1680 > 1747+60 → 컨텍스트 미생성
openfhe,16,32768,40,45,16,20,3,3,14,512,,,,,,,,,,1,,,0,예측 탈락(§8.5 규칙4): logQ 1660 + 예측 logP 1680 > 1747+60 → 컨텍스트 미생성
openfhe,16,32768,40,45,18,18,2,2,14,512,,,,,,,,,,1,,,0,예측 탈락(§8.5 규칙4): logQ 1660 + 예측 logP 1680 > 1747+60 → 컨텍스트 미생성
openfhe,16,32768,40,45,20,16,1,1,14,512,,,,,,,,,,1,,,0,예측 탈락(§8.5 규칙4): logQ 1660 + 예측 logP 1680 > 1747+60 → 컨텍스트 미생성
openfhe,16,32768,40,45,15,21,3,4,14,512,,,,,,,,,,2,,,0,예측 탈락(§8.5 규칙4): logQ 1660 + 예측 logP 900 > 1747+60 → 컨텍스트 미생성
openfhe,16,32768,40,45,15,21,4,3,14,512,,,,,,,,,,2,,,0,예측 탈락(§8.5 규칙4): logQ 1660 + 예측 logP 900 > 1747+60 → 컨텍스트 미생성
openfhe,16,32768,40,45,16,20,3,3,14,512,,,,,,,,,,2,,,0,예측 탈락(§8.5 규칙4): logQ 1660 + 예측 logP 900 > 1747+60 → 컨텍스트 미생성
openfhe,16,32768,40,45,18,18,2,2,14,512,,,,,,,,,,2,,,0,예측 탈락(§8.5 규칙4): logQ 1660 + 예측 logP 900 > 1747+60 → 컨텍스트 미생성
openfhe,16,32768,40,45,20,16,1,1,14,512,,,,,,,,,,2,,,0,예측 탈락(§8.5 규칙4): logQ 1660 + 예측 logP 900 > 1747+60 → 컨텍스트 미생성
openfhe,16,32768,40,45,15,21,3,4,14,512,,,,,,,,,,3,,,0,예측 탈락(§8.5 규칙4): logQ 1660 + 예측 logP 600 > 1747+60 → 컨텍스트 미생성
openfhe,16,32768,40,45,15,21,4,3,14,512,,,,,,,,,,3,,,0,예측 탈락(§8.5 규칙4): logQ 1660 + 예측 logP 600 > 1747+60 → 컨텍스트 미생성
openfhe,16,32768,40,45,16,20,3,3,14,512,,,,,,,,,,3,,,0,예측 탈락(§8.5 규칙4): logQ 1660 + 예측 logP 600 > 1747+60 → 컨텍스트 미생성
openfhe,16,32768,40,45,18,18,2,2,14,512,,,,,,,,,,3,,,0,예측 탈락(§8.5 규칙4): logQ 1660 + 예측 logP 600 > 1747+60 → 컨텍스트 미생성
openfhe,16,32768,40,45,20,16,1,1,14,512,,,,,,,,,,3,,,0,예측 탈락(§8.5 규칙4): logQ 1660 + 예측 logP 600 > 1747+60 → 컨텍스트 미생성
openfhe,16,32768,40,45,15,21,3,4,14,512,,,,,,,,,,4,,,0,예측 탈락(§8.5 규칙4): logQ 1660 + 예측 logP 480 > 1747+60 → 컨텍스트 미생성
openfhe,16,32768,40,45,15,21,4,3,14,512,,,,,,,,,,4,,,0,예측 탈락(§8.5 규칙4): logQ 1660 + 예측 logP 480 > 1747+60 → 컨텍스트 미생성
openfhe,16,32768,40,45,16,20,3,3,14,512,,,,,,,,,,4,,,0,예측 탈락(§8.5 규칙4): logQ 1660 + 예측 logP 480 > 1747+60 → 컨텍스트 미생성
openfhe,16,32768,40,45,18,18,2,2,14,512,,,,,,,,,,4,,,0,예측 탈락(§8.5 규칙4): logQ 1660 + 예측 logP 480 > 1747+60 → 컨텍스트 미생성
openfhe,16,32768,40,45,20,16,1,1,14,512,,,,,,,,,,4,,,0,예측 탈락(§8.5 규칙4): logQ 1660 + 예측 logP 480 > 1747+60 → 컨텍스트 미생성
openfhe,16,32768,40,45,15,21,3,4,14,512,,,,,,,,,,5,,,0,예측 탈락(§8.5 규칙4): logQ 1660 + 예측 logP 360 > 1747+60 → 컨텍스트 미생성
openfhe,16,32768,40,45,15,21,4,3,14,512,,,,,,,,,,5,,,0,예측 탈락(§8.5 규칙4): logQ 1660 + 예측 logP 360 > 1747+60 → 컨텍스트 미생성
openfhe,16,32768,40,45,16,20,3,3,14,512,,,,,,,,,,5,,,0,예측 탈락(§8.5 규칙4): logQ 1660 + 예측 logP 360 > 1747+60 → 컨텍스트 미생성
openfhe,16,32768,40,45,18,18,2,2,14,512,,,,,,,,,,5,,,0,예측 탈락(§8.5 규칙4): logQ 1660 + 예측 logP 360 > 1747+60 → 컨텍스트 미생성
openfhe,16,32768,40,45,20,16,1,1,14,512,,,,,,,,,,5,,,0,예측 탈락(§8.5 규칙4): logQ 1660 + 예측 logP 360 > 1747+60 → 컨텍스트 미생성
openfhe,16,32768,40,45,15,21,3,4,14,512,,,,,,,,,,6,,,0,예측 탈락(§8.5 규칙4): logQ 1660 + 예측 logP 360 > 1747+60 → 컨텍스트 미생성
openfhe,16,32768,40,45,15,21,4,3,14,512,,,,,,,,,,6,,,0,예측 탈락(§8.5 규칙4): logQ 1660 + 예측 logP 360 > 1747+60 → 컨텍스트 미생성
openfhe,16,32768,40,45,16,20,3,3,14,512,,,,,,,,,,6,,,0,예측 탈락(§8.5 규칙4): logQ 1660 + 예측 logP 360 > 1747+60 → 컨텍스트 미생성
openfhe,16,32768,40,45,18,18,2,2,14,512,,,,,,,,,,6,,,0,예측 탈락(§8.5 규칙4): logQ 1660 + 예측 logP 360 > 1747+60 → 컨텍스트 미생성
openfhe,16,32768,40,45,20,16,1,1,14,512,,,,,,,,,,6,,,0,예측 탈락(§8.5 규칙4): logQ 1660 + 예측 logP 360 > 1747+60 → 컨텍스트 미생성
openfhe,16,32768,40,45,15,21,3,4,14,512,,,,,,,,,,7,,,0,예측 탈락(§8.5 규칙4): logQ 1660 + 예측 logP 300 > 1747+60 → 컨텍스트 미생성
openfhe,16,32768,40,45,15,21,4,3,14,512,,,,,,,,,,7,,,0,예측 탈락(§8.5 규칙4): logQ 1660 + 예측 logP 300 > 1747+60 → 컨텍스트 미생성
openfhe,16,32768,40,45,16,20,3,3,14,512,,,,,,,,,,7,,,0,예측 탈락(§8.5 규칙4): logQ 1660 + 예측 logP 300 > 1747+60 → 컨텍스트 미생성
openfhe,16,32768,40,45,18,18,2,2,14,512,,,,,,,,,,7,,,0,예측 탈락(§8.5 규칙4): logQ 1660 + 예측 logP 300 > 1747+60 → 컨텍스트 미생성
openfhe,16,32768,40,45,20,16,1,1,14,512,,,,,,,,,,7,,,0,예측 탈락(§8.5 규칙4): logQ 1660 + 예측 logP 300 > 1747+60 → 컨텍스트 미생성
openfhe,16,32768,40,45,15,21,3,4,14,512,,,,,,,,,,8,,,0,예측 탈락(§8.5 규칙4): logQ 1660 + 예측 logP 240 > 1747+60 → 컨텍스트 미생성
openfhe,16,32768,40,45,15,21,4,3,14,512,,,,,,,,,,8,,,0,예측 탈락(§8.5 규칙4): logQ 1660 + 예측 logP 240 > 1747+60 → 컨텍스트 미생성
openfhe,16,32768,40,45,16,20,3,3,14,512,,,,,,,,,,8,,,0,예측 탈락(§8.5 규칙4): logQ 1660 + 예측 logP 240 > 1747+60 → 컨텍스트 미생성
openfhe,16,32768,40,45,18,18,2,2,14,512,,,,,,,,,,8,,,0,예측 탈락(§8.5 규칙4): logQ 1660 + 예측 logP 240 > 1747+60 → 컨텍스트 미생성
openfhe,16,32768,40,45,20,16,1,1,14,512,,,,,,,,,,8,,,0,예측 탈락(§8.5 규칙4): logQ 1660 + 예측 logP 240 > 1747+60 → 컨텍스트 미생성
openfhe,16,32768,40,45,15,21,3,4,14,512,,,,,,,,,,10,,,0,예측 탈락(§8.5 규칙4): logQ 1660 + 예측 logP 180 > 1747+60 → 컨텍스트 미생성
openfhe,16,32768,40,45,15,21,4,3,14,512,,,,,,,,,,10,,,0,예측 탈락(§8.5 규칙4): logQ 1660 + 예측 logP 180 > 1747+60 → 컨텍스트 미생성
openfhe,16,32768,40,45,16,20,3,3,14,512,,,,,,,,,,10,,,0,예측 탈락(§8.5 규칙4): logQ 1660 + 예측 logP 180 > 1747+60 → 컨텍스트 미생성
openfhe,16,32768,40,45,18,18,2,2,14,512,,,,,,,,,,10,,,0,예측 탈락(§8.5 규칙4): logQ 1660 + 예측 logP 180 > 1747+60 → 컨텍스트 미생성
openfhe,16,32768,40,45,20,16,1,1,14,512,,,,,,,,,,10,,,0,예측 탈락(§8.5 규칙4): logQ 1660 + 예측 logP 180 > 1747+60 → 컨텍스트 미생성
openfhe,16,32768,40,45,15,21,3,4,14,512,,,,,,,,,,13,,,0,예측 탈락(§8.5 규칙4): logQ 1660 + 예측 logP 180 > 1747+60 → 컨텍스트 미생성
openfhe,16,32768,40,45,15,21,4,3,14,512,,,,,,,,,,13,,,0,예측 탈락(§8.5 규칙4): logQ 1660 + 예측 logP 180 > 1747+60 → 컨텍스트 미생성
openfhe,16,32768,40,45,16,20,3,3,14,512,,,,,,,,,,13,,,0,예측 탈락(§8.5 규칙4): logQ 1660 + 예측 logP 180 > 1747+60 → 컨텍스트 미생성
openfhe,16,32768,40,45,18,18,2,2,14,512,,,,,,,,,,13,,,0,예측 탈락(§8.5 규칙4): logQ 1660 + 예측 logP 180 > 1747+60 → 컨텍스트 미생성
openfhe,16,32768,40,45,20,16,1,1,14,512,,,,,,,,,,13,,,0,예측 탈락(§8.5 규칙4): logQ 1660 + 예측 logP 180 > 1747+60 → 컨텍스트 미생성
openfhe,16,32768,40,45,15,21,3,4,14,512,,,,,,,,,,19,,,0,/data/yja/openfhe-src/src/pke/lib/scheme/gen-cryptocontext-params-validation.cpp:l.92:validateParametersForCryptocontext(): firstModSize cannot be less than scalingModSize
openfhe,16,32768,40,45,15,21,4,3,14,512,,,,,,,,,,19,,,0,/data/yja/openfhe-src/src/pke/lib/scheme/gen-cryptocontext-params-validation.cpp:l.92:validateParametersForCryptocontext(): firstModSize cannot be less than scalingModSize
openfhe,16,32768,40,45,16,20,3,3,14,512,,,,,,,,,,19,,,0,/data/yja/openfhe-src/src/pke/lib/scheme/gen-cryptocontext-params-validation.cpp:l.92:validateParametersForCryptocontext(): firstModSize cannot be less than scalingModSize
openfhe,16,32768,40,45,18,18,2,2,14,512,,,,,,,,,,19,,,0,/data/yja/openfhe-src/src/pke/lib/scheme/gen-cryptocontext-params-validation.cpp:l.92:validateParametersForCryptocontext(): firstModSize cannot be less than scalingModSize
openfhe,16,32768,40,45,20,16,1,1,14,512,,,,,,,,,,19,,,0,/data/yja/openfhe-src/src/pke/lib/scheme/gen-cryptocontext-params-validation.cpp:l.92:validateParametersForCryptocontext(): firstModSize cannot be less than scalingModSize
openfhe,16,32768,40,45,15,21,3,4,14,512,,,,,,,,,,37,,,0,/data/yja/openfhe-src/src/pke/lib/scheme/gen-cryptocontext-params-validation.cpp:l.92:validateParametersForCryptocontext(): firstModSize cannot be less than scalingModSize
openfhe,16,32768,40,45,15,21,4,3,14,512,,,,,,,,,,37,,,0,/data/yja/openfhe-src/src/pke/lib/scheme/gen-cryptocontext-params-validation.cpp:l.92:validateParametersForCryptocontext(): firstModSize cannot be less than scalingModSize
openfhe,16,32768,40,45,16,20,3,3,14,512,,,,,,,,,,37,,,0,/data/yja/openfhe-src/src/pke/lib/scheme/gen-cryptocontext-params-validation.cpp:l.92:validateParametersForCryptocontext(): firstModSize cannot be less than scalingModSize
openfhe,16,32768,40,45,18,18,2,2,14,512,,,,,,,,,,37,,,0,/data/yja/openfhe-src/src/pke/lib/scheme/gen-cryptocontext-params-validation.cpp:l.92:validateParametersForCryptocontext(): firstModSize cannot be less than scalingModSize
openfhe,16,32768,40,45,20,16,1,1,14,512,,,,,,,,,,37,,,0,/data/yja/openfhe-src/src/pke/lib/scheme/gen-cryptocontext-params-validation.cpp:l.92:validateParametersForCryptocontext(): firstModSize cannot be less than scalingModSize
openfhe,16,32768,40,45,15,22,4,4,14,512,,,,,,,,,,0,,,0,상한 초과 확정: logQ_boot(명목) 1705 + 최소 logP 60 > 1747
openfhe,16,32768,40,45,16,21,3,4,14,512,,,,,,,,,,0,,,0,상한 초과 확정: logQ_boot(명목) 1705 + 최소 logP 60 > 1747
openfhe,16,32768,40,45,16,21,4,3,14,512,,,,,,,,,,0,,,0,상한 초과 확정: logQ_boot(명목) 1705 + 최소 logP 60 > 1747
openfhe,16,32768,40,45,17,20,3,3,14,512,,,,,,,,,,0,,,0,상한 초과 확정: logQ_boot(명목) 1705 + 최소 logP 60 > 1747
openfhe,16,32768,40,45,19,18,2,2,14,512,,,,,,,,,,0,,,0,상한 초과 확정: logQ_boot(명목) 1705 + 최소 logP 60 > 1747
openfhe,16,32768,40,45,16,22,4,4,14,512,,,,,,,,,,0,,,0,상한 초과 확정: logQ_boot(명목) 1750 + 최소 logP 60 > 1747
openfhe,16,32768,40,45,17,21,3,4,14,512,,,,,,,,,,0,,,0,상한 초과 확정: logQ_boot(명목) 1750 + 최소 logP 60 > 1747
openfhe,16,32768,40,45,17,21,4,3,14,512,,,,,,,,,,0,,,0,상한 초과 확정: logQ_boot(명목) 1750 + 최소 logP 60 > 1747
openfhe,16,32768,40,45,18,20,3,3,14,512,,,,,,,,,,0,,,0,상한 초과 확정: logQ_boot(명목) 1750 + 최소 logP 60 > 1747
openfhe,16,32768,40,45,20,18,2,2,14,512,,,,,,,,,,0,,,0,상한 초과 확정: logQ_boot(명목) 1750 + 최소 logP 60 > 1747
openfhe,16,32768,40,45,17,22,4,4,14,512,,,,,,,,,,0,,,0,상한 초과 확정: logQ_boot(명목) 1795 + 최소 logP 60 > 1747
openfhe,16,32768,40,45,18,21,3,4,14,512,,,,,,,,,,0,,,0,상한 초과 확정: logQ_boot(명목) 1795 + 최소 logP 60 > 1747
openfhe,16,32768,40,45,18,21,4,3,14,512,,,,,,,,,,0,,,0,상한 초과 확정: logQ_boot(명목) 1795 + 최소 logP 60 > 1747
openfhe,16,32768,40,45,19,20,3,3,14,512,,,,,,,,,,0,,,0,상한 초과 확정: logQ_boot(명목) 1795 + 최소 logP 60 > 1747
openfhe,16,32768,40,45,18,22,4,4,14,512,,,,,,,,,,0,,,0,상한 초과 확정: logQ_boot(명목) 1840 + 최소 logP 60 > 1747
openfhe,16,32768,40,45,19,21,3,4,14,512,,,,,,,,,,0,,,0,상한 초과 확정: logQ_boot(명목) 1840 + 최소 logP 60 > 1747
openfhe,16,32768,40,45,19,21,4,3,14,512,,,,,,,,,,0,,,0,상한 초과 확정: logQ_boot(명목) 1840 + 최소 logP 60 > 1747
openfhe,16,32768,40,45,20,20,3,3,14,512,,,,,,,,,,0,,,0,상한 초과 확정: logQ_boot(명목) 1840 + 최소 logP 60 > 1747
openfhe,16,32768,40,45,19,22,4,4,14,512,,,,,,,,,,0,,,0,상한 초과 확정: logQ_boot(명목) 1885 + 최소 logP 60 > 1747
openfhe,16,32768,40,45,20,21,3,4,14,512,,,,,,,,,,0,,,0,상한 초과 확정: logQ_boot(명목) 1885 + 최소 logP 60 > 1747
openfhe,16,32768,40,45,20,21,4,3,14,512,,,,,,,,,,0,,,0,상한 초과 확정: logQ_boot(명목) 1885 + 최소 logP 60 > 1747
openfhe,16,32768,40,45,20,22,4,4,14,512,,,,,,,,,,0,,,0,상한 초과 확정: logQ_boot(명목) 1930 + 최소 logP 60 > 1747
openfhe,16,32768,40,48,15,16,1,1,14,512,,,,,,,,,,1,,,0,예측 탈락(§8.5 규칙4): logQ 1528 + 예측 logP 1560 > 1747+60 → 컨텍스트 미생성
openfhe,16,32768,40,48,15,16,1,1,14,512,,,,,,,,,,2,,,0,예측 탈락(§8.5 규칙4): logQ 1528 + 예측 logP 780 > 1747+60 → 컨텍스트 미생성
openfhe,16,32768,40,48,15,16,1,1,14,512,,,,,,,,,,3,,,0,예측 탈락(§8.5 규칙4): logQ 1528 + 예측 logP 540 > 1747+60 → 컨텍스트 미생성
openfhe,16,32768,40,48,15,16,1,1,14,512,,,,,,,,,,4,,,0,예측 탈락(§8.5 규칙4): logQ 1528 + 예측 logP 420 > 1747+60 → 컨텍스트 미생성
openfhe,16,32768,40,48,15,16,1,1,14,512,,,,,,,,,,5,,,0,예측 탈락(§8.5 규칙4): logQ 1528 + 예측 logP 360 > 1747+60 → 컨텍스트 미생성
openfhe,16,32768,40,48,15,16,1,1,14,512,,,,,,,,,,6,,,0,예측 탈락(§8.5 규칙4): logQ 1528 + 예측 logP 300 > 1747+60 → 컨텍스트 미생성
openfhe,16,32768,40,48,15,16,1,1,14,512,,,,,,,,,,7,,,0,/data/yja/openfhe-src/src/pke/lib/scheme/gen-cryptocontext-params-validation.cpp:l.92:validateParametersForCryptocontext(): firstModSize cannot be less than scalingModSize
openfhe,16,32768,40,48,15,16,1,1,14,512,,,,,,,,,,8,,,0,/data/yja/openfhe-src/src/pke/lib/scheme/gen-cryptocontext-params-validation.cpp:l.92:validateParametersForCryptocontext(): firstModSize cannot be less than scalingModSize
openfhe,16,32768,40,48,15,16,1,1,14,512,,,,,,,,,,11,,,0,/data/yja/openfhe-src/src/pke/lib/scheme/gen-cryptocontext-params-validation.cpp:l.92:validateParametersForCryptocontext(): firstModSize cannot be less than scalingModSize
openfhe,16,32768,40,48,15,16,1,1,14,512,,,,,,,,,,16,,,0,/data/yja/openfhe-src/src/pke/lib/scheme/gen-cryptocontext-params-validation.cpp:l.92:validateParametersForCryptocontext(): firstModSize cannot be less than scalingModSize
openfhe,16,32768,40,48,15,16,1,1,14,512,,,,,,,,,,32,,,0,/data/yja/openfhe-src/src/pke/lib/scheme/gen-cryptocontext-params-validation.cpp:l.92:validateParametersForCryptocontext(): firstModSize cannot be less than scalingModSize
openfhe,16,32768,40,48,16,16,1,1,14,512,,,,,,,,,,1,,,0,예측 탈락(§8.5 규칙4): logQ 1576 + 예측 logP 1620 > 1747+60 → 컨텍스트 미생성
openfhe,16,32768,40,48,16,16,1,1,14,512,,,,,,,,,,2,,,0,예측 탈락(§8.5 규칙4): logQ 1576 + 예측 logP 840 > 1747+60 → 컨텍스트 미생성
openfhe,16,32768,40,48,16,16,1,1,14,512,,,,,,,,,,3,,,0,예측 탈락(§8.5 규칙4): logQ 1576 + 예측 logP 540 > 1747+60 → 컨텍스트 미생성
openfhe,16,32768,40,48,16,16,1,1,14,512,,,,,,,,,,4,,,0,예측 탈락(§8.5 규칙4): logQ 1576 + 예측 logP 480 > 1747+60 → 컨텍스트 미생성
openfhe,16,32768,40,48,16,16,1,1,14,512,,,,,,,,,,5,,,0,예측 탈락(§8.5 규칙4): logQ 1576 + 예측 logP 360 > 1747+60 → 컨텍스트 미생성
openfhe,16,32768,40,48,16,16,1,1,14,512,,,,,,,,,,6,,,0,예측 탈락(§8.5 규칙4): logQ 1576 + 예측 logP 300 > 1747+60 → 컨텍스트 미생성
openfhe,16,32768,40,48,16,16,1,1,14,512,,,,,,,,,,7,,,0,예측 탈락(§8.5 규칙4): logQ 1576 + 예측 logP 240 > 1747+60 → 컨텍스트 미생성
openfhe,16,32768,40,48,16,16,1,1,14,512,,,,,,,,,,9,,,0,예측 탈락(§8.5 규칙4): logQ 1576 + 예측 logP 240 > 1747+60 → 컨텍스트 미생성
openfhe,16,32768,40,48,16,16,1,1,14,512,,,,,,,,,,11,,,0,/data/yja/openfhe-src/src/pke/lib/scheme/gen-cryptocontext-params-validation.cpp:l.92:validateParametersForCryptocontext(): firstModSize cannot be less than scalingModSize
openfhe,16,32768,40,48,16,16,1,1,14,512,,,,,,,,,,17,,,0,/data/yja/openfhe-src/src/pke/lib/scheme/gen-cryptocontext-params-validation.cpp:l.92:validateParametersForCryptocontext(): firstModSize cannot be less than scalingModSize
openfhe,16,32768,40,48,16,16,1,1,14,512,,,,,,,,,,33,,,0,/data/yja/openfhe-src/src/pke/lib/scheme/gen-cryptocontext-params-validation.cpp:l.92:validateParametersForCryptocontext(): firstModSize cannot be less than scalingModSize
openfhe,16,32768,40,48,15,18,2,2,14,512,,,,,,,,,,1,,,0,예측 탈락(§8.5 규칙4): logQ 1624 + 예측 logP 1680 > 1747+60 → 컨텍스트 미생성
openfhe,16,32768,40,48,17,16,1,1,14,512,,,,,,,,,,1,,,0,예측 탈락(§8.5 규칙4): logQ 1624 + 예측 logP 1680 > 1747+60 → 컨텍스트 미생성
openfhe,16,32768,40,48,15,18,2,2,14,512,,,,,,,,,,2,,,0,예측 탈락(§8.5 규칙4): logQ 1624 + 예측 logP 840 > 1747+60 → 컨텍스트 미생성
openfhe,16,32768,40,48,17,16,1,1,14,512,,,,,,,,,,2,,,0,예측 탈락(§8.5 규칙4): logQ 1624 + 예측 logP 840 > 1747+60 → 컨텍스트 미생성
openfhe,16,32768,40,48,15,18,2,2,14,512,,,,,,,,,,3,,,0,예측 탈락(§8.5 규칙4): logQ 1624 + 예측 logP 600 > 1747+60 → 컨텍스트 미생성
openfhe,16,32768,40,48,17,16,1,1,14,512,,,,,,,,,,3,,,0,예측 탈락(§8.5 규칙4): logQ 1624 + 예측 logP 600 > 1747+60 → 컨텍스트 미생성
openfhe,16,32768,40,48,15,18,2,2,14,512,,,,,,,,,,4,,,0,예측 탈락(§8.5 규칙4): logQ 1624 + 예측 logP 480 > 1747+60 → 컨텍스트 미생성
openfhe,16,32768,40,48,17,16,1,1,14,512,,,,,,,,,,4,,,0,예측 탈락(§8.5 규칙4): logQ 1624 + 예측 logP 480 > 1747+60 → 컨텍스트 미생성
openfhe,16,32768,40,48,15,18,2,2,14,512,,,,,,,,,,5,,,0,예측 탈락(§8.5 규칙4): logQ 1624 + 예측 logP 360 > 1747+60 → 컨텍스트 미생성
openfhe,16,32768,40,48,17,16,1,1,14,512,,,,,,,,,,5,,,0,예측 탈락(§8.5 규칙4): logQ 1624 + 예측 logP 360 > 1747+60 → 컨텍스트 미생성
openfhe,16,32768,40,48,15,18,2,2,14,512,,,,,,,,,,6,,,0,예측 탈락(§8.5 규칙4): logQ 1624 + 예측 logP 300 > 1747+60 → 컨텍스트 미생성
openfhe,16,32768,40,48,17,16,1,1,14,512,,,,,,,,,,6,,,0,예측 탈락(§8.5 규칙4): logQ 1624 + 예측 logP 300 > 1747+60 → 컨텍스트 미생성
openfhe,16,32768,40,48,15,18,2,2,14,512,,,,,,,,,,7,,,0,예측 탈락(§8.5 규칙4): logQ 1624 + 예측 logP 240 > 1747+60 → 컨텍스트 미생성
openfhe,16,32768,40,48,17,16,1,1,14,512,,,,,,,,,,7,,,0,예측 탈락(§8.5 규칙4): logQ 1624 + 예측 logP 240 > 1747+60 → 컨텍스트 미생성
openfhe,16,32768,40,48,15,18,2,2,14,512,,,,,,,,,,9,,,0,예측 탈락(§8.5 규칙4): logQ 1624 + 예측 logP 240 > 1747+60 → 컨텍스트 미생성
openfhe,16,32768,40,48,17,16,1,1,14,512,,,,,,,,,,9,,,0,예측 탈락(§8.5 규칙4): logQ 1624 + 예측 logP 240 > 1747+60 → 컨텍스트 미생성
openfhe,16,32768,40,48,15,18,2,2,14,512,,,,,,,,,,12,,,0,/data/yja/openfhe-src/src/pke/lib/scheme/gen-cryptocontext-params-validation.cpp:l.92:validateParametersForCryptocontext(): firstModSize cannot be less than scalingModSize
openfhe,16,32768,40,48,17,16,1,1,14,512,,,,,,,,,,12,,,0,/data/yja/openfhe-src/src/pke/lib/scheme/gen-cryptocontext-params-validation.cpp:l.92:validateParametersForCryptocontext(): firstModSize cannot be less than scalingModSize
openfhe,16,32768,40,48,15,18,2,2,14,512,,,,,,,,,,17,,,0,/data/yja/openfhe-src/src/pke/lib/scheme/gen-cryptocontext-params-validation.cpp:l.92:validateParametersForCryptocontext(): firstModSize cannot be less than scalingModSize
openfhe,16,32768,40,48,17,16,1,1,14,512,,,,,,,,,,17,,,0,/data/yja/openfhe-src/src/pke/lib/scheme/gen-cryptocontext-params-validation.cpp:l.92:validateParametersForCryptocontext(): firstModSize cannot be less than scalingModSize
openfhe,16,32768,40,48,15,18,2,2,14,512,,,,,,,,,,34,,,0,/data/yja/openfhe-src/src/pke/lib/scheme/gen-cryptocontext-params-validation.cpp:l.92:validateParametersForCryptocontext(): firstModSize cannot be less than scalingModSize
openfhe,16,32768,40,48,17,16,1,1,14,512,,,,,,,,,,34,,,0,/data/yja/openfhe-src/src/pke/lib/scheme/gen-cryptocontext-params-validation.cpp:l.92:validateParametersForCryptocontext(): firstModSize cannot be less than scalingModSize
openfhe,16,32768,40,48,16,18,2,2,14,512,,,,,,,,,,1,,,0,예측 탈락(§8.5 규칙4): logQ 1672 + 예측 logP 1680 > 1747+60 → 컨텍스트 미생성
openfhe,16,32768,40,48,18,16,1,1,14,512,,,,,,,,,,1,,,0,예측 탈락(§8.5 규칙4): logQ 1672 + 예측 logP 1680 > 1747+60 → 컨텍스트 미생성
openfhe,16,32768,40,48,16,18,2,2,14,512,,,,,,,,,,2,,,0,예측 탈락(§8.5 규칙4): logQ 1672 + 예측 logP 900 > 1747+60 → 컨텍스트 미생성
openfhe,16,32768,40,48,18,16,1,1,14,512,,,,,,,,,,2,,,0,예측 탈락(§8.5 규칙4): logQ 1672 + 예측 logP 900 > 1747+60 → 컨텍스트 미생성
openfhe,16,32768,40,48,16,18,2,2,14,512,,,,,,,,,,3,,,0,예측 탈락(§8.5 규칙4): logQ 1672 + 예측 logP 600 > 1747+60 → 컨텍스트 미생성
openfhe,16,32768,40,48,18,16,1,1,14,512,,,,,,,,,,3,,,0,예측 탈락(§8.5 규칙4): logQ 1672 + 예측 logP 600 > 1747+60 → 컨텍스트 미생성
openfhe,16,32768,40,48,16,18,2,2,14,512,,,,,,,,,,4,,,0,예측 탈락(§8.5 규칙4): logQ 1672 + 예측 logP 480 > 1747+60 → 컨텍스트 미생성
openfhe,16,32768,40,48,18,16,1,1,14,512,,,,,,,,,,4,,,0,예측 탈락(§8.5 규칙4): logQ 1672 + 예측 logP 480 > 1747+60 → 컨텍스트 미생성
openfhe,16,32768,40,48,16,18,2,2,14,512,,,,,,,,,,5,,,0,예측 탈락(§8.5 규칙4): logQ 1672 + 예측 logP 360 > 1747+60 → 컨텍스트 미생성
openfhe,16,32768,40,48,18,16,1,1,14,512,,,,,,,,,,5,,,0,예측 탈락(§8.5 규칙4): logQ 1672 + 예측 logP 360 > 1747+60 → 컨텍스트 미생성
openfhe,16,32768,40,48,16,18,2,2,14,512,,,,,,,,,,6,,,0,예측 탈락(§8.5 규칙4): logQ 1672 + 예측 logP 300 > 1747+60 → 컨텍스트 미생성
openfhe,16,32768,40,48,18,16,1,1,14,512,,,,,,,,,,6,,,0,예측 탈락(§8.5 규칙4): logQ 1672 + 예측 logP 300 > 1747+60 → 컨텍스트 미생성
openfhe,16,32768,40,48,16,18,2,2,14,512,,,,,,,,,,7,,,0,예측 탈락(§8.5 규칙4): logQ 1672 + 예측 logP 240 > 1747+60 → 컨텍스트 미생성
openfhe,16,32768,40,48,18,16,1,1,14,512,,,,,,,,,,7,,,0,예측 탈락(§8.5 규칙4): logQ 1672 + 예측 logP 240 > 1747+60 → 컨텍스트 미생성
openfhe,16,32768,40,48,16,18,2,2,14,512,,,,,,,,,,9,,,0,예측 탈락(§8.5 규칙4): logQ 1672 + 예측 logP 240 > 1747+60 → 컨텍스트 미생성
openfhe,16,32768,40,48,18,16,1,1,14,512,,,,,,,,,,9,,,0,예측 탈락(§8.5 규칙4): logQ 1672 + 예측 logP 240 > 1747+60 → 컨텍스트 미생성
openfhe,16,32768,40,48,16,18,2,2,14,512,,,,,,,,,,12,,,0,예측 탈락(§8.5 규칙4): logQ 1672 + 예측 logP 180 > 1747+60 → 컨텍스트 미생성
openfhe,16,32768,40,48,18,16,1,1,14,512,,,,,,,,,,12,,,0,예측 탈락(§8.5 규칙4): logQ 1672 + 예측 logP 180 > 1747+60 → 컨텍스트 미생성
openfhe,16,32768,40,48,16,18,2,2,14,512,,,,,,,,,,18,,,0,/data/yja/openfhe-src/src/pke/lib/scheme/gen-cryptocontext-params-validation.cpp:l.92:validateParametersForCryptocontext(): firstModSize cannot be less than scalingModSize
openfhe,16,32768,40,48,18,16,1,1,14,512,,,,,,,,,,18,,,0,/data/yja/openfhe-src/src/pke/lib/scheme/gen-cryptocontext-params-validation.cpp:l.92:validateParametersForCryptocontext(): firstModSize cannot be less than scalingModSize
openfhe,16,32768,40,48,16,18,2,2,14,512,,,,,,,,,,35,,,0,/data/yja/openfhe-src/src/pke/lib/scheme/gen-cryptocontext-params-validation.cpp:l.92:validateParametersForCryptocontext(): firstModSize cannot be less than scalingModSize
openfhe,16,32768,40,48,18,16,1,1,14,512,,,,,,,,,,35,,,0,/data/yja/openfhe-src/src/pke/lib/scheme/gen-cryptocontext-params-validation.cpp:l.92:validateParametersForCryptocontext(): firstModSize cannot be less than scalingModSize
openfhe,16,32768,40,48,15,20,3,3,14,512,,,,,,,,,,0,,,0,상한 초과 확정: logQ_boot(명목) 1720 + 최소 logP 60 > 1747
openfhe,16,32768,40,48,17,18,2,2,14,512,,,,,,,,,,0,,,0,상한 초과 확정: logQ_boot(명목) 1720 + 최소 logP 60 > 1747
openfhe,16,32768,40,48,19,16,1,1,14,512,,,,,,,,,,0,,,0,상한 초과 확정: logQ_boot(명목) 1720 + 최소 logP 60 > 1747
openfhe,16,32768,40,48,15,21,3,4,14,512,,,,,,,,,,0,,,0,상한 초과 확정: logQ_boot(명목) 1768 + 최소 logP 60 > 1747
openfhe,16,32768,40,48,15,21,4,3,14,512,,,,,,,,,,0,,,0,상한 초과 확정: logQ_boot(명목) 1768 + 최소 logP 60 > 1747
openfhe,16,32768,40,48,16,20,3,3,14,512,,,,,,,,,,0,,,0,상한 초과 확정: logQ_boot(명목) 1768 + 최소 logP 60 > 1747
openfhe,16,32768,40,48,18,18,2,2,14,512,,,,,,,,,,0,,,0,상한 초과 확정: logQ_boot(명목) 1768 + 최소 logP 60 > 1747
openfhe,16,32768,40,48,20,16,1,1,14,512,,,,,,,,,,0,,,0,상한 초과 확정: logQ_boot(명목) 1768 + 최소 logP 60 > 1747
openfhe,16,32768,40,48,15,22,4,4,14,512,,,,,,,,,,0,,,0,상한 초과 확정: logQ_boot(명목) 1816 + 최소 logP 60 > 1747
openfhe,16,32768,40,48,16,21,3,4,14,512,,,,,,,,,,0,,,0,상한 초과 확정: logQ_boot(명목) 1816 + 최소 logP 60 > 1747
openfhe,16,32768,40,48,16,21,4,3,14,512,,,,,,,,,,0,,,0,상한 초과 확정: logQ_boot(명목) 1816 + 최소 logP 60 > 1747
openfhe,16,32768,40,48,17,20,3,3,14,512,,,,,,,,,,0,,,0,상한 초과 확정: logQ_boot(명목) 1816 + 최소 logP 60 > 1747
openfhe,16,32768,40,48,19,18,2,2,14,512,,,,,,,,,,0,,,0,상한 초과 확정: logQ_boot(명목) 1816 + 최소 logP 60 > 1747
openfhe,16,32768,40,48,16,22,4,4,14,512,,,,,,,,,,0,,,0,상한 초과 확정: logQ_boot(명목) 1864 + 최소 logP 60 > 1747
openfhe,16,32768,40,48,17,21,3,4,14,512,,,,,,,,,,0,,,0,상한 초과 확정: logQ_boot(명목) 1864 + 최소 logP 60 > 1747
openfhe,16,32768,40,48,17,21,4,3,14,512,,,,,,,,,,0,,,0,상한 초과 확정: logQ_boot(명목) 1864 + 최소 logP 60 > 1747
openfhe,16,32768,40,48,18,20,3,3,14,512,,,,,,,,,,0,,,0,상한 초과 확정: logQ_boot(명목) 1864 + 최소 logP 60 > 1747
openfhe,16,32768,40,48,20,18,2,2,14,512,,,,,,,,,,0,,,0,상한 초과 확정: logQ_boot(명목) 1864 + 최소 logP 60 > 1747
openfhe,16,32768,40,48,17,22,4,4,14,512,,,,,,,,,,0,,,0,상한 초과 확정: logQ_boot(명목) 1912 + 최소 logP 60 > 1747
openfhe,16,32768,40,48,18,21,3,4,14,512,,,,,,,,,,0,,,0,상한 초과 확정: logQ_boot(명목) 1912 + 최소 logP 60 > 1747
openfhe,16,32768,40,48,18,21,4,3,14,512,,,,,,,,,,0,,,0,상한 초과 확정: logQ_boot(명목) 1912 + 최소 logP 60 > 1747
openfhe,16,32768,40,48,19,20,3,3,14,512,,,,,,,,,,0,,,0,상한 초과 확정: logQ_boot(명목) 1912 + 최소 logP 60 > 1747
openfhe,16,32768,40,48,18,22,4,4,14,512,,,,,,,,,,0,,,0,상한 초과 확정: logQ_boot(명목) 1960 + 최소 logP 60 > 1747
openfhe,16,32768,40,48,19,21,3,4,14,512,,,,,,,,,,0,,,0,상한 초과 확정: logQ_boot(명목) 1960 + 최소 logP 60 > 1747
openfhe,16,32768,40,48,19,21,4,3,14,512,,,,,,,,,,0,,,0,상한 초과 확정: logQ_boot(명목) 1960 + 최소 logP 60 > 1747
openfhe,16,32768,40,48,20,20,3,3,14,512,,,,,,,,,,0,,,0,상한 초과 확정: logQ_boot(명목) 1960 + 최소 logP 60 > 1747
openfhe,16,32768,40,48,19,22,4,4,14,512,,,,,,,,,,0,,,0,상한 초과 확정: logQ_boot(명목) 2008 + 최소 logP 60 > 1747
openfhe,16,32768,40,48,20,21,3,4,14,512,,,,,,,,,,0,,,0,상한 초과 확정: logQ_boot(명목) 2008 + 최소 logP 60 > 1747
openfhe,16,32768,40,48,20,21,4,3,14,512,,,,,,,,,,0,,,0,상한 초과 확정: logQ_boot(명목) 2008 + 최소 logP 60 > 1747
openfhe,16,32768,40,48,20,22,4,4,14,512,,,,,,,,,,0,,,0,상한 초과 확정: logQ_boot(명목) 2056 + 최소 logP 60 > 1747
openfhe,16,32768,40,50,15,16,1,1,14,512,,,,,,,,,,1,,,0,예측 탈락(§8.5 규칙4): logQ 1590 + 예측 logP 1620 > 1747+60 → 컨텍스트 미생성
openfhe,16,32768,40,50,15,16,1,1,14,512,,,,,,,,,,2,,,0,예측 탈락(§8.5 규칙4): logQ 1590 + 예측 logP 840 > 1747+60 → 컨텍스트 미생성
openfhe,16,32768,40,50,15,16,1,1,14,512,,,,,,,,,,3,,,0,예측 탈락(§8.5 규칙4): logQ 1590 + 예측 logP 600 > 1747+60 → 컨텍스트 미생성
openfhe,16,32768,40,50,15,16,1,1,14,512,,,,,,,,,,4,,,0,예측 탈락(§8.5 규칙4): logQ 1590 + 예측 logP 420 > 1747+60 → 컨텍스트 미생성
openfhe,16,32768,40,50,15,16,1,1,14,512,,,,,,,,,,5,,,0,예측 탈락(§8.5 규칙4): logQ 1590 + 예측 logP 360 > 1747+60 → 컨텍스트 미생성
openfhe,16,32768,40,50,15,16,1,1,14,512,,,,,,,,,,6,,,0,예측 탈락(§8.5 규칙4): logQ 1590 + 예측 logP 300 > 1747+60 → 컨텍스트 미생성
openfhe,16,32768,40,50,15,16,1,1,14,512,,,,,,,,,,7,,,0,예측 탈락(§8.5 규칙4): logQ 1590 + 예측 logP 300 > 1747+60 → 컨텍스트 미생성
openfhe,16,32768,40,50,15,16,1,1,14,512,,,,,,,,,,8,,,0,예측 탈락(§8.5 규칙4): logQ 1590 + 예측 logP 240 > 1747+60 → 컨텍스트 미생성
openfhe,16,32768,40,50,15,16,1,1,14,512,,,,,,,,,,11,,,0,/data/yja/openfhe-src/src/pke/lib/scheme/gen-cryptocontext-params-validation.cpp:l.92:validateParametersForCryptocontext(): firstModSize cannot be less than scalingModSize
openfhe,16,32768,40,50,15,16,1,1,14,512,,,,,,,,,,16,,,0,/data/yja/openfhe-src/src/pke/lib/scheme/gen-cryptocontext-params-validation.cpp:l.92:validateParametersForCryptocontext(): firstModSize cannot be less than scalingModSize
openfhe,16,32768,40,50,15,16,1,1,14,512,,,,,,,,,,32,,,0,/data/yja/openfhe-src/src/pke/lib/scheme/gen-cryptocontext-params-validation.cpp:l.92:validateParametersForCryptocontext(): firstModSize cannot be less than scalingModSize
openfhe,16,32768,40,50,16,16,1,1,14,512,,,,,,,,,,1,,,0,예측 탈락(§8.5 규칙4): logQ 1640 + 예측 logP 1680 > 1747+60 → 컨텍스트 미생성
openfhe,16,32768,40,50,16,16,1,1,14,512,,,,,,,,,,2,,,0,예측 탈락(§8.5 규칙4): logQ 1640 + 예측 logP 840 > 1747+60 → 컨텍스트 미생성
openfhe,16,32768,40,50,16,16,1,1,14,512,,,,,,,,,,3,,,0,예측 탈락(§8.5 규칙4): logQ 1640 + 예측 logP 600 > 1747+60 → 컨텍스트 미생성
openfhe,16,32768,40,50,16,16,1,1,14,512,,,,,,,,,,4,,,0,예측 탈락(§8.5 규칙4): logQ 1640 + 예측 logP 480 > 1747+60 → 컨텍스트 미생성
openfhe,16,32768,40,50,16,16,1,1,14,512,,,,,,,,,,5,,,0,예측 탈락(§8.5 규칙4): logQ 1640 + 예측 logP 360 > 1747+60 → 컨텍스트 미생성
openfhe,16,32768,40,50,16,16,1,1,14,512,,,,,,,,,,6,,,0,예측 탈락(§8.5 규칙4): logQ 1640 + 예측 logP 300 > 1747+60 → 컨텍스트 미생성
openfhe,16,32768,40,50,16,16,1,1,14,512,,,,,,,,,,7,,,0,예측 탈락(§8.5 규칙4): logQ 1640 + 예측 logP 300 > 1747+60 → 컨텍스트 미생성
openfhe,16,32768,40,50,16,16,1,1,14,512,,,,,,,,,,9,,,0,예측 탈락(§8.5 규칙4): logQ 1640 + 예측 logP 240 > 1747+60 → 컨텍스트 미생성
openfhe,16,32768,40,50,16,16,1,1,14,512,,,,,,,,,,11,,,0,예측 탈락(§8.5 규칙4): logQ 1640 + 예측 logP 180 > 1747+60 → 컨텍스트 미생성
openfhe,16,32768,40,50,16,16,1,1,14,512,,,,,,,,,,17,,,0,/data/yja/openfhe-src/src/pke/lib/scheme/gen-cryptocontext-params-validation.cpp:l.92:validateParametersForCryptocontext(): firstModSize cannot be less than scalingModSize
openfhe,16,32768,40,50,16,16,1,1,14,512,,,,,,,,,,33,,,0,/data/yja/openfhe-src/src/pke/lib/scheme/gen-cryptocontext-params-validation.cpp:l.92:validateParametersForCryptocontext(): firstModSize cannot be less than scalingModSize
openfhe,16,32768,40,50,15,18,2,2,14,512,,,,,,,,,,0,,,0,상한 초과 확정: logQ_boot(명목) 1690 + 최소 logP 60 > 1747
openfhe,16,32768,40,50,17,16,1,1,14,512,,,,,,,,,,0,,,0,상한 초과 확정: logQ_boot(명목) 1690 + 최소 logP 60 > 1747
openfhe,16,32768,40,50,16,18,2,2,14,512,,,,,,,,,,0,,,0,상한 초과 확정: logQ_boot(명목) 1740 + 최소 logP 60 > 1747
openfhe,16,32768,40,50,18,16,1,1,14,512,,,,,,,,,,0,,,0,상한 초과 확정: logQ_boot(명목) 1740 + 최소 logP 60 > 1747
openfhe,16,32768,40,50,15,20,3,3,14,512,,,,,,,,,,0,,,0,상한 초과 확정: logQ_boot(명목) 1790 + 최소 logP 60 > 1747
openfhe,16,32768,40,50,17,18,2,2,14,512,,,,,,,,,,0,,,0,상한 초과 확정: logQ_boot(명목) 1790 + 최소 logP 60 > 1747
openfhe,16,32768,40,50,19,16,1,1,14,512,,,,,,,,,,0,,,0,상한 초과 확정: logQ_boot(명목) 1790 + 최소 logP 60 > 1747
openfhe,16,32768,40,50,15,21,3,4,14,512,,,,,,,,,,0,,,0,상한 초과 확정: logQ_boot(명목) 1840 + 최소 logP 60 > 1747
openfhe,16,32768,40,50,15,21,4,3,14,512,,,,,,,,,,0,,,0,상한 초과 확정: logQ_boot(명목) 1840 + 최소 logP 60 > 1747
openfhe,16,32768,40,50,16,20,3,3,14,512,,,,,,,,,,0,,,0,상한 초과 확정: logQ_boot(명목) 1840 + 최소 logP 60 > 1747
openfhe,16,32768,40,50,18,18,2,2,14,512,,,,,,,,,,0,,,0,상한 초과 확정: logQ_boot(명목) 1840 + 최소 logP 60 > 1747
openfhe,16,32768,40,50,20,16,1,1,14,512,,,,,,,,,,0,,,0,상한 초과 확정: logQ_boot(명목) 1840 + 최소 logP 60 > 1747
openfhe,16,32768,40,50,15,22,4,4,14,512,,,,,,,,,,0,,,0,상한 초과 확정: logQ_boot(명목) 1890 + 최소 logP 60 > 1747
openfhe,16,32768,40,50,16,21,3,4,14,512,,,,,,,,,,0,,,0,상한 초과 확정: logQ_boot(명목) 1890 + 최소 logP 60 > 1747
openfhe,16,32768,40,50,16,21,4,3,14,512,,,,,,,,,,0,,,0,상한 초과 확정: logQ_boot(명목) 1890 + 최소 logP 60 > 1747
openfhe,16,32768,40,50,17,20,3,3,14,512,,,,,,,,,,0,,,0,상한 초과 확정: logQ_boot(명목) 1890 + 최소 logP 60 > 1747
openfhe,16,32768,40,50,19,18,2,2,14,512,,,,,,,,,,0,,,0,상한 초과 확정: logQ_boot(명목) 1890 + 최소 logP 60 > 1747
openfhe,16,32768,40,50,16,22,4,4,14,512,,,,,,,,,,0,,,0,상한 초과 확정: logQ_boot(명목) 1940 + 최소 logP 60 > 1747
openfhe,16,32768,40,50,17,21,3,4,14,512,,,,,,,,,,0,,,0,상한 초과 확정: logQ_boot(명목) 1940 + 최소 logP 60 > 1747
openfhe,16,32768,40,50,17,21,4,3,14,512,,,,,,,,,,0,,,0,상한 초과 확정: logQ_boot(명목) 1940 + 최소 logP 60 > 1747
openfhe,16,32768,40,50,18,20,3,3,14,512,,,,,,,,,,0,,,0,상한 초과 확정: logQ_boot(명목) 1940 + 최소 logP 60 > 1747
openfhe,16,32768,40,50,20,18,2,2,14,512,,,,,,,,,,0,,,0,상한 초과 확정: logQ_boot(명목) 1940 + 최소 logP 60 > 1747
openfhe,16,32768,40,50,17,22,4,4,14,512,,,,,,,,,,0,,,0,상한 초과 확정: logQ_boot(명목) 1990 + 최소 logP 60 > 1747
openfhe,16,32768,40,50,18,21,3,4,14,512,,,,,,,,,,0,,,0,상한 초과 확정: logQ_boot(명목) 1990 + 최소 logP 60 > 1747
openfhe,16,32768,40,50,18,21,4,3,14,512,,,,,,,,,,0,,,0,상한 초과 확정: logQ_boot(명목) 1990 + 최소 logP 60 > 1747
openfhe,16,32768,40,50,19,20,3,3,14,512,,,,,,,,,,0,,,0,상한 초과 확정: logQ_boot(명목) 1990 + 최소 logP 60 > 1747
openfhe,16,32768,40,50,18,22,4,4,14,512,,,,,,,,,,0,,,0,상한 초과 확정: logQ_boot(명목) 2040 + 최소 logP 60 > 1747
openfhe,16,32768,40,50,19,21,3,4,14,512,,,,,,,,,,0,,,0,상한 초과 확정: logQ_boot(명목) 2040 + 최소 logP 60 > 1747
openfhe,16,32768,40,50,19,21,4,3,14,512,,,,,,,,,,0,,,0,상한 초과 확정: logQ_boot(명목) 2040 + 최소 logP 60 > 1747
openfhe,16,32768,40,50,20,20,3,3,14,512,,,,,,,,,,0,,,0,상한 초과 확정: logQ_boot(명목) 2040 + 최소 logP 60 > 1747
openfhe,16,32768,40,50,19,22,4,4,14,512,,,,,,,,,,0,,,0,상한 초과 확정: logQ_boot(명목) 2090 + 최소 logP 60 > 1747
openfhe,16,32768,40,50,20,21,3,4,14,512,,,,,,,,,,0,,,0,상한 초과 확정: logQ_boot(명목) 2090 + 최소 logP 60 > 1747
openfhe,16,32768,40,50,20,21,4,3,14,512,,,,,,,,,,0,,,0,상한 초과 확정: logQ_boot(명목) 2090 + 최소 logP 60 > 1747
openfhe,16,32768,40,50,20,22,4,4,14,512,,,,,,,,,,0,,,0,상한 초과 확정: logQ_boot(명목) 2140 + 최소 logP 60 > 1747
openfhe,16,32768,40,55,15,16,1,1,14,512,,,,,,,,,,0,,,0,상한 초과 확정: logQ_boot(명목) 1745 + 최소 logP 60 > 1747
openfhe,16,32768,40,55,16,16,1,1,14,512,,,,,,,,,,0,,,0,상한 초과 확정: logQ_boot(명목) 1800 + 최소 logP 60 > 1747
openfhe,16,32768,40,55,15,18,2,2,14,512,,,,,,,,,,0,,,0,상한 초과 확정: logQ_boot(명목) 1855 + 최소 logP 60 > 1747
openfhe,16,32768,40,55,17,16,1,1,14,512,,,,,,,,,,0,,,0,상한 초과 확정: logQ_boot(명목) 1855 + 최소 logP 60 > 1747
openfhe,16,32768,40,55,16,18,2,2,14,512,,,,,,,,,,0,,,0,상한 초과 확정: logQ_boot(명목) 1910 + 최소 logP 60 > 1747
openfhe,16,32768,40,55,18,16,1,1,14,512,,,,,,,,,,0,,,0,상한 초과 확정: logQ_boot(명목) 1910 + 최소 logP 60 > 1747
openfhe,16,32768,40,55,15,20,3,3,14,512,,,,,,,,,,0,,,0,상한 초과 확정: logQ_boot(명목) 1965 + 최소 logP 60 > 1747
openfhe,16,32768,40,55,17,18,2,2,14,512,,,,,,,,,,0,,,0,상한 초과 확정: logQ_boot(명목) 1965 + 최소 logP 60 > 1747
openfhe,16,32768,40,55,19,16,1,1,14,512,,,,,,,,,,0,,,0,상한 초과 확정: logQ_boot(명목) 1965 + 최소 logP 60 > 1747
openfhe,16,32768,40,55,15,21,3,4,14,512,,,,,,,,,,0,,,0,상한 초과 확정: logQ_boot(명목) 2020 + 최소 logP 60 > 1747
openfhe,16,32768,40,55,15,21,4,3,14,512,,,,,,,,,,0,,,0,상한 초과 확정: logQ_boot(명목) 2020 + 최소 logP 60 > 1747
openfhe,16,32768,40,55,16,20,3,3,14,512,,,,,,,,,,0,,,0,상한 초과 확정: logQ_boot(명목) 2020 + 최소 logP 60 > 1747
openfhe,16,32768,40,55,18,18,2,2,14,512,,,,,,,,,,0,,,0,상한 초과 확정: logQ_boot(명목) 2020 + 최소 logP 60 > 1747
openfhe,16,32768,40,55,20,16,1,1,14,512,,,,,,,,,,0,,,0,상한 초과 확정: logQ_boot(명목) 2020 + 최소 logP 60 > 1747
openfhe,16,32768,40,55,15,22,4,4,14,512,,,,,,,,,,0,,,0,상한 초과 확정: logQ_boot(명목) 2075 + 최소 logP 60 > 1747
openfhe,16,32768,40,55,16,21,3,4,14,512,,,,,,,,,,0,,,0,상한 초과 확정: logQ_boot(명목) 2075 + 최소 logP 60 > 1747
openfhe,16,32768,40,55,16,21,4,3,14,512,,,,,,,,,,0,,,0,상한 초과 확정: logQ_boot(명목) 2075 + 최소 logP 60 > 1747
openfhe,16,32768,40,55,17,20,3,3,14,512,,,,,,,,,,0,,,0,상한 초과 확정: logQ_boot(명목) 2075 + 최소 logP 60 > 1747
openfhe,16,32768,40,55,19,18,2,2,14,512,,,,,,,,,,0,,,0,상한 초과 확정: logQ_boot(명목) 2075 + 최소 logP 60 > 1747
openfhe,16,32768,40,55,16,22,4,4,14,512,,,,,,,,,,0,,,0,상한 초과 확정: logQ_boot(명목) 2130 + 최소 logP 60 > 1747
openfhe,16,32768,40,55,17,21,3,4,14,512,,,,,,,,,,0,,,0,상한 초과 확정: logQ_boot(명목) 2130 + 최소 logP 60 > 1747
openfhe,16,32768,40,55,17,21,4,3,14,512,,,,,,,,,,0,,,0,상한 초과 확정: logQ_boot(명목) 2130 + 최소 logP 60 > 1747
openfhe,16,32768,40,55,18,20,3,3,14,512,,,,,,,,,,0,,,0,상한 초과 확정: logQ_boot(명목) 2130 + 최소 logP 60 > 1747
openfhe,16,32768,40,55,20,18,2,2,14,512,,,,,,,,,,0,,,0,상한 초과 확정: logQ_boot(명목) 2130 + 최소 logP 60 > 1747
openfhe,16,32768,40,55,17,22,4,4,14,512,,,,,,,,,,0,,,0,상한 초과 확정: logQ_boot(명목) 2185 + 최소 logP 60 > 1747
openfhe,16,32768,40,55,18,21,3,4,14,512,,,,,,,,,,0,,,0,상한 초과 확정: logQ_boot(명목) 2185 + 최소 logP 60 > 1747
openfhe,16,32768,40,55,18,21,4,3,14,512,,,,,,,,,,0,,,0,상한 초과 확정: logQ_boot(명목) 2185 + 최소 logP 60 > 1747
openfhe,16,32768,40,55,19,20,3,3,14,512,,,,,,,,,,0,,,0,상한 초과 확정: logQ_boot(명목) 2185 + 최소 logP 60 > 1747
openfhe,16,32768,40,55,18,22,4,4,14,512,,,,,,,,,,0,,,0,상한 초과 확정: logQ_boot(명목) 2240 + 최소 logP 60 > 1747
openfhe,16,32768,40,55,19,21,3,4,14,512,,,,,,,,,,0,,,0,상한 초과 확정: logQ_boot(명목) 2240 + 최소 logP 60 > 1747
openfhe,16,32768,40,55,19,21,4,3,14,512,,,,,,,,,,0,,,0,상한 초과 확정: logQ_boot(명목) 2240 + 최소 logP 60 > 1747
openfhe,16,32768,40,55,20,20,3,3,14,512,,,,,,,,,,0,,,0,상한 초과 확정: logQ_boot(명목) 2240 + 최소 logP 60 > 1747
openfhe,16,32768,40,55,19,22,4,4,14,512,,,,,,,,,,0,,,0,상한 초과 확정: logQ_boot(명목) 2295 + 최소 logP 60 > 1747
openfhe,16,32768,40,55,20,21,3,4,14,512,,,,,,,,,,0,,,0,상한 초과 확정: logQ_boot(명목) 2295 + 최소 logP 60 > 1747
openfhe,16,32768,40,55,20,21,4,3,14,512,,,,,,,,,,0,,,0,상한 초과 확정: logQ_boot(명목) 2295 + 최소 logP 60 > 1747
openfhe,16,32768,40,55,20,22,4,4,14,512,,,,,,,,,,0,,,0,상한 초과 확정: logQ_boot(명목) 2350 + 최소 logP 60 > 1747
openfhe,16,32768,40,58,15,16,1,1,14,512,,,,,,,,,,0,,,0,상한 초과 확정: logQ_boot(명목) 1838 + 최소 logP 60 > 1747
openfhe,16,32768,40,58,16,16,1,1,14,512,,,,,,,,,,0,,,0,상한 초과 확정: logQ_boot(명목) 1896 + 최소 logP 60 > 1747
openfhe,16,32768,40,58,15,18,2,2,14,512,,,,,,,,,,0,,,0,상한 초과 확정: logQ_boot(명목) 1954 + 최소 logP 60 > 1747
openfhe,16,32768,40,58,17,16,1,1,14,512,,,,,,,,,,0,,,0,상한 초과 확정: logQ_boot(명목) 1954 + 최소 logP 60 > 1747
openfhe,16,32768,40,58,16,18,2,2,14,512,,,,,,,,,,0,,,0,상한 초과 확정: logQ_boot(명목) 2012 + 최소 logP 60 > 1747
openfhe,16,32768,40,58,18,16,1,1,14,512,,,,,,,,,,0,,,0,상한 초과 확정: logQ_boot(명목) 2012 + 최소 logP 60 > 1747
openfhe,16,32768,40,58,15,20,3,3,14,512,,,,,,,,,,0,,,0,상한 초과 확정: logQ_boot(명목) 2070 + 최소 logP 60 > 1747
openfhe,16,32768,40,58,17,18,2,2,14,512,,,,,,,,,,0,,,0,상한 초과 확정: logQ_boot(명목) 2070 + 최소 logP 60 > 1747
openfhe,16,32768,40,58,19,16,1,1,14,512,,,,,,,,,,0,,,0,상한 초과 확정: logQ_boot(명목) 2070 + 최소 logP 60 > 1747
openfhe,16,32768,40,58,15,21,3,4,14,512,,,,,,,,,,0,,,0,상한 초과 확정: logQ_boot(명목) 2128 + 최소 logP 60 > 1747
openfhe,16,32768,40,58,15,21,4,3,14,512,,,,,,,,,,0,,,0,상한 초과 확정: logQ_boot(명목) 2128 + 최소 logP 60 > 1747
openfhe,16,32768,40,58,16,20,3,3,14,512,,,,,,,,,,0,,,0,상한 초과 확정: logQ_boot(명목) 2128 + 최소 logP 60 > 1747
openfhe,16,32768,40,58,18,18,2,2,14,512,,,,,,,,,,0,,,0,상한 초과 확정: logQ_boot(명목) 2128 + 최소 logP 60 > 1747
openfhe,16,32768,40,58,20,16,1,1,14,512,,,,,,,,,,0,,,0,상한 초과 확정: logQ_boot(명목) 2128 + 최소 logP 60 > 1747
openfhe,16,32768,40,58,15,22,4,4,14,512,,,,,,,,,,0,,,0,상한 초과 확정: logQ_boot(명목) 2186 + 최소 logP 60 > 1747
openfhe,16,32768,40,58,16,21,3,4,14,512,,,,,,,,,,0,,,0,상한 초과 확정: logQ_boot(명목) 2186 + 최소 logP 60 > 1747
openfhe,16,32768,40,58,16,21,4,3,14,512,,,,,,,,,,0,,,0,상한 초과 확정: logQ_boot(명목) 2186 + 최소 logP 60 > 1747
openfhe,16,32768,40,58,17,20,3,3,14,512,,,,,,,,,,0,,,0,상한 초과 확정: logQ_boot(명목) 2186 + 최소 logP 60 > 1747
openfhe,16,32768,40,58,19,18,2,2,14,512,,,,,,,,,,0,,,0,상한 초과 확정: logQ_boot(명목) 2186 + 최소 logP 60 > 1747
openfhe,16,32768,40,58,16,22,4,4,14,512,,,,,,,,,,0,,,0,상한 초과 확정: logQ_boot(명목) 2244 + 최소 logP 60 > 1747
openfhe,16,32768,40,58,17,21,3,4,14,512,,,,,,,,,,0,,,0,상한 초과 확정: logQ_boot(명목) 2244 + 최소 logP 60 > 1747
openfhe,16,32768,40,58,17,21,4,3,14,512,,,,,,,,,,0,,,0,상한 초과 확정: logQ_boot(명목) 2244 + 최소 logP 60 > 1747
openfhe,16,32768,40,58,18,20,3,3,14,512,,,,,,,,,,0,,,0,상한 초과 확정: logQ_boot(명목) 2244 + 최소 logP 60 > 1747
openfhe,16,32768,40,58,20,18,2,2,14,512,,,,,,,,,,0,,,0,상한 초과 확정: logQ_boot(명목) 2244 + 최소 logP 60 > 1747
openfhe,16,32768,40,58,17,22,4,4,14,512,,,,,,,,,,0,,,0,상한 초과 확정: logQ_boot(명목) 2302 + 최소 logP 60 > 1747
openfhe,16,32768,40,58,18,21,3,4,14,512,,,,,,,,,,0,,,0,상한 초과 확정: logQ_boot(명목) 2302 + 최소 logP 60 > 1747
openfhe,16,32768,40,58,18,21,4,3,14,512,,,,,,,,,,0,,,0,상한 초과 확정: logQ_boot(명목) 2302 + 최소 logP 60 > 1747
openfhe,16,32768,40,58,19,20,3,3,14,512,,,,,,,,,,0,,,0,상한 초과 확정: logQ_boot(명목) 2302 + 최소 logP 60 > 1747
openfhe,16,32768,40,58,18,22,4,4,14,512,,,,,,,,,,0,,,0,상한 초과 확정: logQ_boot(명목) 2360 + 최소 logP 60 > 1747
openfhe,16,32768,40,58,19,21,3,4,14,512,,,,,,,,,,0,,,0,상한 초과 확정: logQ_boot(명목) 2360 + 최소 logP 60 > 1747
openfhe,16,32768,40,58,19,21,4,3,14,512,,,,,,,,,,0,,,0,상한 초과 확정: logQ_boot(명목) 2360 + 최소 logP 60 > 1747
openfhe,16,32768,40,58,20,20,3,3,14,512,,,,,,,,,,0,,,0,상한 초과 확정: logQ_boot(명목) 2360 + 최소 logP 60 > 1747
openfhe,16,32768,40,58,19,22,4,4,14,512,,,,,,,,,,0,,,0,상한 초과 확정: logQ_boot(명목) 2418 + 최소 logP 60 > 1747
openfhe,16,32768,40,58,20,21,3,4,14,512,,,,,,,,,,0,,,0,상한 초과 확정: logQ_boot(명목) 2418 + 최소 logP 60 > 1747
openfhe,16,32768,40,58,20,21,4,3,14,512,,,,,,,,,,0,,,0,상한 초과 확정: logQ_boot(명목) 2418 + 최소 logP 60 > 1747
openfhe,16,32768,40,58,20,22,4,4,14,512,,,,,,,,,,0,,,0,상한 초과 확정: logQ_boot(명목) 2476 + 최소 logP 60 > 1747
openfhe,16,32768,42,35,15,16,1,1,14,512,,,,,,,,,,1,,,0,예측 탈락(§8.5 규칙4): logQ 1127 + 예측 logP 1140 > 1747+60 → 컨텍스트 미생성
openfhe,16,32768,42,35,15,16,1,1,14,512,32,1127,10,600,1727,16,567,600,1167,2,568,20,1,
openfhe,16,32768,42,35,15,16,1,1,14,512,32,1127,7,420,1547,16,567,420,987,3,393,200,1,
openfhe,16,32768,42,35,15,16,1,1,14,512,32,1127,5,300,1427,16,567,300,867,4,288,320,1,
openfhe,16,32768,42,35,15,16,1,1,14,512,32,1127,5,300,1427,16,567,300,867,5,253,320,1,
openfhe,16,32768,42,35,15,16,1,1,14,512,32,1127,4,240,1367,16,567,240,807,6,218,380,1,
openfhe,16,32768,42,35,15,16,1,1,14,512,32,1127,4,240,1367,16,567,240,807,7,183,380,1,
openfhe,16,32768,42,35,15,16,1,1,14,512,32,1127,3,180,1307,16,567,180,747,8,148,440,1,
openfhe,16,32768,42,35,15,16,1,1,14,512,32,1127,2,120,1247,16,567,120,687,11,113,500,1,
openfhe,16,32768,42,35,15,16,1,1,14,512,32,1127,2,120,1247,16,567,120,687,16,78,500,1,
openfhe,16,32768,42,35,15,16,1,1,14,512,32,1127,1,60,1187,16,567,60,627,32,42,560,1,
openfhe,16,32768,42,35,16,16,1,1,14,512,,,,,,,,,,1,,,0,예측 탈락(§8.5 규칙4): logQ 1162 + 예측 logP 1200 > 1747+60 → 컨텍스트 미생성
openfhe,16,32768,42,35,16,16,1,1,14,512,,,,,,,,,,2,,,0,예측 탈락(§8.5 규칙4): logQ 1162 + 예측 logP 660 > 1747+60 → 컨텍스트 미생성
openfhe,16,32768,42,35,16,16,1,1,14,512,33,1162,7,420,1582,17,602,420,1022,3,393,165,1,
openfhe,16,32768,42,35,16,16,1,1,14,512,33,1162,6,360,1522,17,602,360,962,4,323,225,1,
openfhe,16,32768,42,35,16,16,1,1,14,512,33,1162,5,300,1462,17,602,300,902,5,253,285,1,
openfhe,16,32768,42,35,16,16,1,1,14,512,33,1162,4,240,1402,17,602,240,842,6,217,345,1,
openfhe,16,32768,42,35,16,16,1,1,14,512,33,1162,4,240,1402,17,602,240,842,7,183,345,1,
openfhe,16,32768,42,35,16,16,1,1,14,512,33,1162,3,180,1342,17,602,180,782,9,147,405,1,
openfhe,16,32768,42,35,16,16,1,1,14,512,33,1162,2,120,1282,17,602,120,722,11,113,465,1,
openfhe,16,32768,42,35,16,16,1,1,14,512,33,1162,2,120,1282,17,602,120,722,17,77,465,1,
openfhe,16,32768,42,35,16,16,1,1,14,512,33,1162,1,60,1222,17,602,60,662,33,42,525,1,
openfhe,16,32768,42,35,15,18,2,2,14,512,,,,,,,,,,1,,,0,예측 탈락(§8.5 규칙4): logQ 1197 + 예측 logP 1200 > 1747+60 → 컨텍스트 미생성
openfhe,16,32768,42,35,17,16,1,1,14,512,,,,,,,,,,1,,,0,예측 탈락(§8.5 규칙4): logQ 1197 + 예측 logP 1200 > 1747+60 → 컨텍스트 미생성
openfhe,16,32768,42,35,15,18,2,2,14,512,,,,,,,,,,2,,,0,예측 탈락(§8.5 규칙4): logQ 1197 + 예측 logP 660 > 1747+60 → 컨텍스트 미생성
openfhe,16,32768,42,35,17,16,1,1,14,512,,,,,,,,,,2,,,0,예측 탈락(§8.5 규칙4): logQ 1197 + 예측 logP 660 > 1747+60 → 컨텍스트 미생성
openfhe,16,32768,42,35,15,18,2,2,14,512,34,1197,8,480,1677,16,567,480,1047,3,428,70,1,
openfhe,16,32768,42,35,17,16,1,1,14,512,34,1197,8,480,1677,18,637,480,1117,3,428,70,1,
openfhe,16,32768,42,35,15,18,2,2,14,512,34,1197,6,360,1557,16,567,360,927,4,323,190,1,
openfhe,16,32768,42,35,17,16,1,1,14,512,34,1197,6,360,1557,18,637,360,997,4,323,190,1,
openfhe,16,32768,42,35,15,18,2,2,14,512,34,1197,5,300,1497,16,567,300,867,5,253,250,1,
openfhe,16,32768,42,35,17,16,1,1,14,512,34,1197,5,300,1497,18,637,300,937,5,253,250,1,
openfhe,16,32768,42,35,15,18,2,2,14,512,34,1197,4,240,1437,16,567,240,807,6,218,310,1,
openfhe,16,32768,42,35,17,16,1,1,14,512,34,1197,4,240,1437,18,637,240,877,6,218,310,1,
openfhe,16,32768,42,35,15,18,2,2,14,512,34,1197,4,240,1437,16,567,240,807,7,183,310,1,
openfhe,16,32768,42,35,17,16,1,1,14,512,34,1197,4,240,1437,18,637,240,877,7,183,310,1,
openfhe,16,32768,42,35,15,18,2,2,14,512,34,1197,3,180,1377,16,567,180,747,9,148,370,1,
openfhe,16,32768,42,35,17,16,1,1,14,512,34,1197,3,180,1377,18,637,180,817,9,148,370,1,
openfhe,16,32768,42,35,15,18,2,2,14,512,34,1197,2,120,1317,16,567,120,687,12,113,430,1,
openfhe,16,32768,42,35,17,16,1,1,14,512,34,1197,2,120,1317,18,637,120,757,12,113,430,1,
openfhe,16,32768,42,35,15,18,2,2,14,512,34,1197,2,120,1317,16,567,120,687,17,78,430,1,
openfhe,16,32768,42,35,17,16,1,1,14,512,34,1197,2,120,1317,18,637,120,757,17,78,430,1,
openfhe,16,32768,42,35,15,18,2,2,14,512,34,1197,1,60,1257,16,567,60,627,34,42,490,1,
openfhe,16,32768,42,35,17,16,1,1,14,512,34,1197,1,60,1257,18,637,60,697,34,42,490,1,
openfhe,16,32768,42,35,16,18,2,2,14,512,,,,,,,,,,1,,,0,예측 탈락(§8.5 규칙4): logQ 1232 + 예측 logP 1260 > 1747+60 → 컨텍스트 미생성
openfhe,16,32768,42,35,18,16,1,1,14,512,,,,,,,,,,1,,,0,예측 탈락(§8.5 규칙4): logQ 1232 + 예측 logP 1260 > 1747+60 → 컨텍스트 미생성
openfhe,16,32768,42,35,16,18,2,2,14,512,,,,,,,,,,2,,,0,예측 탈락(§8.5 규칙4): logQ 1232 + 예측 logP 660 > 1747+60 → 컨텍스트 미생성
openfhe,16,32768,42,35,18,16,1,1,14,512,,,,,,,,,,2,,,0,예측 탈락(§8.5 규칙4): logQ 1232 + 예측 logP 660 > 1747+60 → 컨텍스트 미생성
openfhe,16,32768,42,35,16,18,2,2,14,512,35,1232,8,480,1712,17,602,480,1082,3,427,35,1,
openfhe,16,32768,42,35,18,16,1,1,14,512,35,1232,8,480,1712,19,672,480,1152,3,427,35,1,
openfhe,16,32768,42,35,16,18,2,2,14,512,35,1232,6,360,1592,17,602,360,962,4,323,155,1,
openfhe,16,32768,42,35,18,16,1,1,14,512,35,1232,6,360,1592,19,672,360,1032,4,323,155,1,
openfhe,16,32768,42,35,16,18,2,2,14,512,35,1232,5,300,1532,17,602,300,902,5,253,215,1,
openfhe,16,32768,42,35,18,16,1,1,14,512,35,1232,5,300,1532,19,672,300,972,5,253,215,1,
openfhe,16,32768,42,35,16,18,2,2,14,512,35,1232,4,240,1472,17,602,240,842,6,217,275,1,
openfhe,16,32768,42,35,18,16,1,1,14,512,35,1232,4,240,1472,19,672,240,912,6,217,275,1,
openfhe,16,32768,42,35,16,18,2,2,14,512,35,1232,4,240,1472,17,602,240,842,7,183,275,1,
openfhe,16,32768,42,35,18,16,1,1,14,512,35,1232,4,240,1472,19,672,240,912,7,183,275,1,
openfhe,16,32768,42,35,16,18,2,2,14,512,35,1232,3,180,1412,17,602,180,782,9,147,335,1,
openfhe,16,32768,42,35,18,16,1,1,14,512,35,1232,3,180,1412,19,672,180,852,9,147,335,1,
openfhe,16,32768,42,35,16,18,2,2,14,512,35,1232,2,120,1352,17,602,120,722,12,113,395,1,
openfhe,16,32768,42,35,18,16,1,1,14,512,35,1232,2,120,1352,19,672,120,792,12,113,395,1,
openfhe,16,32768,42,35,16,18,2,2,14,512,35,1232,2,120,1352,17,602,120,722,18,77,395,1,
openfhe,16,32768,42,35,18,16,1,1,14,512,35,1232,2,120,1352,19,672,120,792,18,77,395,1,
openfhe,16,32768,42,35,16,18,2,2,14,512,35,1232,1,60,1292,17,602,60,662,35,42,455,1,
openfhe,16,32768,42,35,18,16,1,1,14,512,35,1232,1,60,1292,19,672,60,732,35,42,455,1,
openfhe,16,32768,42,35,15,20,3,3,14,512,,,,,,,,,,1,,,0,예측 탈락(§8.5 규칙4): logQ 1267 + 예측 logP 1320 > 1747+60 → 컨텍스트 미생성
openfhe,16,32768,42,35,17,18,2,2,14,512,,,,,,,,,,1,,,0,예측 탈락(§8.5 규칙4): logQ 1267 + 예측 logP 1320 > 1747+60 → 컨텍스트 미생성
openfhe,16,32768,42,35,19,16,1,1,14,512,,,,,,,,,,1,,,0,예측 탈락(§8.5 규칙4): logQ 1267 + 예측 logP 1320 > 1747+60 → 컨텍스트 미생성
openfhe,16,32768,42,35,15,20,3,3,14,512,,,,,,,,,,2,,,0,예측 탈락(§8.5 규칙4): logQ 1267 + 예측 logP 660 > 1747+60 → 컨텍스트 미생성
openfhe,16,32768,42,35,17,18,2,2,14,512,,,,,,,,,,2,,,0,예측 탈락(§8.5 규칙4): logQ 1267 + 예측 logP 660 > 1747+60 → 컨텍스트 미생성
openfhe,16,32768,42,35,19,16,1,1,14,512,,,,,,,,,,2,,,0,예측 탈락(§8.5 규칙4): logQ 1267 + 예측 logP 660 > 1747+60 → 컨텍스트 미생성
openfhe,16,32768,42,35,15,20,3,3,14,512,36,1267,8,480,1747,16,567,480,1047,3,428,0,1,
openfhe,16,32768,42,35,17,18,2,2,14,512,36,1267,8,480,1747,18,637,480,1117,3,428,0,1,
openfhe,16,32768,42,35,19,16,1,1,14,512,36,1267,8,480,1747,20,707,480,1187,3,428,0,1,
openfhe,16,32768,42,35,15,20,3,3,14,512,36,1267,6,360,1627,16,567,360,927,4,323,120,1,
openfhe,16,32768,42,35,17,18,2,2,14,512,36,1267,6,360,1627,18,637,360,997,4,323,120,1,
openfhe,16,32768,42,35,19,16,1,1,14,512,36,1267,6,360,1627,20,707,360,1067,4,323,120,1,
openfhe,16,32768,42,35,15,20,3,3,14,512,36,1267,5,300,1567,16,567,300,867,5,288,180,1,
openfhe,16,32768,42,35,17,18,2,2,14,512,36,1267,5,300,1567,18,637,300,937,5,288,180,1,
openfhe,16,32768,42,35,19,16,1,1,14,512,36,1267,5,300,1567,20,707,300,1007,5,288,180,1,
openfhe,16,32768,42,35,15,20,3,3,14,512,36,1267,4,240,1507,16,567,240,807,6,218,240,1,
openfhe,16,32768,42,35,17,18,2,2,14,512,36,1267,4,240,1507,18,637,240,877,6,218,240,1,
openfhe,16,32768,42,35,19,16,1,1,14,512,36,1267,4,240,1507,20,707,240,947,6,218,240,1,
openfhe,16,32768,42,35,15,20,3,3,14,512,36,1267,4,240,1507,16,567,240,807,8,183,240,1,
openfhe,16,32768,42,35,17,18,2,2,14,512,36,1267,4,240,1507,18,637,240,877,8,183,240,1,
openfhe,16,32768,42,35,19,16,1,1,14,512,36,1267,4,240,1507,20,707,240,947,8,183,240,1,
openfhe,16,32768,42,35,15,20,3,3,14,512,36,1267,3,180,1447,16,567,180,747,9,148,300,1,
openfhe,16,32768,42,35,17,18,2,2,14,512,36,1267,3,180,1447,18,637,180,817,9,148,300,1,
openfhe,16,32768,42,35,19,16,1,1,14,512,36,1267,3,180,1447,20,707,180,887,9,148,300,1,
openfhe,16,32768,42,35,15,20,3,3,14,512,36,1267,2,120,1387,16,567,120,687,12,113,360,1,
openfhe,16,32768,42,35,17,18,2,2,14,512,36,1267,2,120,1387,18,637,120,757,12,113,360,1,
openfhe,16,32768,42,35,19,16,1,1,14,512,36,1267,2,120,1387,20,707,120,827,12,113,360,1,
openfhe,16,32768,42,35,15,20,3,3,14,512,36,1267,2,120,1387,16,567,120,687,18,78,360,1,
openfhe,16,32768,42,35,17,18,2,2,14,512,36,1267,2,120,1387,18,637,120,757,18,78,360,1,
openfhe,16,32768,42,35,19,16,1,1,14,512,36,1267,2,120,1387,20,707,120,827,18,78,360,1,
openfhe,16,32768,42,35,15,20,3,3,14,512,36,1267,1,60,1327,16,567,60,627,36,42,420,1,
openfhe,16,32768,42,35,17,18,2,2,14,512,36,1267,1,60,1327,18,637,60,697,36,42,420,1,
openfhe,16,32768,42,35,19,16,1,1,14,512,36,1267,1,60,1327,20,707,60,767,36,42,420,1,
openfhe,16,32768,42,35,15,21,3,4,14,512,,,,,,,,,,1,,,0,예측 탈락(§8.5 규칙4): logQ 1302 + 예측 logP 1320 > 1747+60 → 컨텍스트 미생성
openfhe,16,32768,42,35,15,21,4,3,14,512,,,,,,,,,,1,,,0,예측 탈락(§8.5 규칙4): logQ 1302 + 예측 logP 1320 > 1747+60 → 컨텍스트 미생성
openfhe,16,32768,42,35,16,20,3,3,14,512,,,,,,,,,,1,,,0,예측 탈락(§8.5 규칙4): logQ 1302 + 예측 logP 1320 > 1747+60 → 컨텍스트 미생성
openfhe,16,32768,42,35,18,18,2,2,14,512,,,,,,,,,,1,,,0,예측 탈락(§8.5 규칙4): logQ 1302 + 예측 logP 1320 > 1747+60 → 컨텍스트 미생성
openfhe,16,32768,42,35,20,16,1,1,14,512,,,,,,,,,,1,,,0,예측 탈락(§8.5 규칙4): logQ 1302 + 예측 logP 1320 > 1747+60 → 컨텍스트 미생성
openfhe,16,32768,42,35,15,21,3,4,14,512,,,,,,,,,,2,,,0,예측 탈락(§8.5 규칙4): logQ 1302 + 예측 logP 720 > 1747+60 → 컨텍스트 미생성
openfhe,16,32768,42,35,15,21,4,3,14,512,,,,,,,,,,2,,,0,예측 탈락(§8.5 규칙4): logQ 1302 + 예측 logP 720 > 1747+60 → 컨텍스트 미생성
openfhe,16,32768,42,35,16,20,3,3,14,512,,,,,,,,,,2,,,0,예측 탈락(§8.5 규칙4): logQ 1302 + 예측 logP 720 > 1747+60 → 컨텍스트 미생성
openfhe,16,32768,42,35,18,18,2,2,14,512,,,,,,,,,,2,,,0,예측 탈락(§8.5 규칙4): logQ 1302 + 예측 logP 720 > 1747+60 → 컨텍스트 미생성
openfhe,16,32768,42,35,20,16,1,1,14,512,,,,,,,,,,2,,,0,예측 탈락(§8.5 규칙4): logQ 1302 + 예측 logP 720 > 1747+60 → 컨텍스트 미생성
openfhe,16,32768,42,35,15,21,3,4,14,512,37,1302,8,480,1782,16,567,480,1047,3,463,-35,0,logQP_boot 1782 > 1747
openfhe,16,32768,42,35,15,21,4,3,14,512,37,1302,8,480,1782,16,567,480,1047,3,463,-35,0,logQP_boot 1782 > 1747
openfhe,16,32768,42,35,16,20,3,3,14,512,37,1302,8,480,1782,17,602,480,1082,3,463,-35,0,logQP_boot 1782 > 1747
openfhe,16,32768,42,35,18,18,2,2,14,512,37,1302,8,480,1782,19,672,480,1152,3,463,-35,0,logQP_boot 1782 > 1747
openfhe,16,32768,42,35,20,16,1,1,14,512,37,1302,8,480,1782,21,742,480,1222,3,463,-35,0,logQP_boot 1782 > 1747
openfhe,16,32768,42,35,15,21,3,4,14,512,37,1302,6,360,1662,16,567,360,927,4,357,85,1,
openfhe,16,32768,42,35,15,21,4,3,14,512,37,1302,6,360,1662,16,567,360,927,4,357,85,1,
openfhe,16,32768,42,35,16,20,3,3,14,512,37,1302,6,360,1662,17,602,360,962,4,357,85,1,
openfhe,16,32768,42,35,18,18,2,2,14,512,37,1302,6,360,1662,19,672,360,1032,4,357,85,1,
openfhe,16,32768,42,35,20,16,1,1,14,512,37,1302,6,360,1662,21,742,360,1102,4,357,85,1,
openfhe,16,32768,42,35,15,21,3,4,14,512,37,1302,5,300,1602,16,567,300,867,5,287,145,1,
openfhe,16,32768,42,35,15,21,4,3,14,512,37,1302,5,300,1602,16,567,300,867,5,287,145,1,
openfhe,16,32768,42,35,16,20,3,3,14,512,37,1302,5,300,1602,17,602,300,902,5,287,145,1,
openfhe,16,32768,42,35,18,18,2,2,14,512,37,1302,5,300,1602,19,672,300,972,5,287,145,1,
openfhe,16,32768,42,35,20,16,1,1,14,512,37,1302,5,300,1602,21,742,300,1042,5,287,145,1,
openfhe,16,32768,42,35,15,21,3,4,14,512,37,1302,5,300,1602,16,567,300,867,6,253,145,1,
openfhe,16,32768,42,35,15,21,4,3,14,512,37,1302,5,300,1602,16,567,300,867,6,253,145,1,
openfhe,16,32768,42,35,16,20,3,3,14,512,37,1302,5,300,1602,17,602,300,902,6,253,145,1,
openfhe,16,32768,42,35,18,18,2,2,14,512,37,1302,5,300,1602,19,672,300,972,6,253,145,1,
openfhe,16,32768,42,35,20,16,1,1,14,512,37,1302,5,300,1602,21,742,300,1042,6,253,145,1,
openfhe,16,32768,42,35,15,21,3,4,14,512,37,1302,4,240,1542,16,567,240,807,7,217,205,1,
openfhe,16,32768,42,35,15,21,4,3,14,512,37,1302,4,240,1542,16,567,240,807,7,217,205,1,
openfhe,16,32768,42,35,16,20,3,3,14,512,37,1302,4,240,1542,17,602,240,842,7,217,205,1,
openfhe,16,32768,42,35,18,18,2,2,14,512,37,1302,4,240,1542,19,672,240,912,7,217,205,1,
openfhe,16,32768,42,35,20,16,1,1,14,512,37,1302,4,240,1542,21,742,240,982,7,217,205,1,
openfhe,16,32768,42,35,15,21,3,4,14,512,37,1302,4,240,1542,16,567,240,807,8,183,205,1,
openfhe,16,32768,42,35,15,21,4,3,14,512,37,1302,4,240,1542,16,567,240,807,8,183,205,1,
openfhe,16,32768,42,35,16,20,3,3,14,512,37,1302,4,240,1542,17,602,240,842,8,183,205,1,
openfhe,16,32768,42,35,18,18,2,2,14,512,37,1302,4,240,1542,19,672,240,912,8,183,205,1,
openfhe,16,32768,42,35,20,16,1,1,14,512,37,1302,4,240,1542,21,742,240,982,8,183,205,1,
openfhe,16,32768,42,35,15,21,3,4,14,512,37,1302,3,180,1482,16,567,180,747,10,147,265,1,
openfhe,16,32768,42,35,15,21,4,3,14,512,37,1302,3,180,1482,16,567,180,747,10,147,265,1,
openfhe,16,32768,42,35,16,20,3,3,14,512,37,1302,3,180,1482,17,602,180,782,10,147,265,1,
openfhe,16,32768,42,35,18,18,2,2,14,512,37,1302,3,180,1482,19,672,180,852,10,147,265,1,
openfhe,16,32768,42,35,20,16,1,1,14,512,37,1302,3,180,1482,21,742,180,922,10,147,265,1,
openfhe,16,32768,42,35,15,21,3,4,14,512,37,1302,2,120,1422,16,567,120,687,13,113,325,1,
openfhe,16,32768,42,35,15,21,4,3,14,512,37,1302,2,120,1422,16,567,120,687,13,113,325,1,
openfhe,16,32768,42,35,16,20,3,3,14,512,37,1302,2,120,1422,17,602,120,722,13,113,325,1,
openfhe,16,32768,42,35,18,18,2,2,14,512,37,1302,2,120,1422,19,672,120,792,13,113,325,1,
openfhe,16,32768,42,35,20,16,1,1,14,512,37,1302,2,120,1422,21,742,120,862,13,113,325,1,
openfhe,16,32768,42,35,15,21,3,4,14,512,37,1302,2,120,1422,16,567,120,687,19,77,325,1,
openfhe,16,32768,42,35,15,21,4,3,14,512,37,1302,2,120,1422,16,567,120,687,19,77,325,1,
openfhe,16,32768,42,35,16,20,3,3,14,512,37,1302,2,120,1422,17,602,120,722,19,77,325,1,
openfhe,16,32768,42,35,18,18,2,2,14,512,37,1302,2,120,1422,19,672,120,792,19,77,325,1,
openfhe,16,32768,42,35,20,16,1,1,14,512,37,1302,2,120,1422,21,742,120,862,19,77,325,1,
openfhe,16,32768,42,35,15,21,3,4,14,512,37,1302,1,60,1362,16,567,60,627,37,42,385,1,
openfhe,16,32768,42,35,15,21,4,3,14,512,37,1302,1,60,1362,16,567,60,627,37,42,385,1,
openfhe,16,32768,42,35,16,20,3,3,14,512,37,1302,1,60,1362,17,602,60,662,37,42,385,1,
openfhe,16,32768,42,35,18,18,2,2,14,512,37,1302,1,60,1362,19,672,60,732,37,42,385,1,
openfhe,16,32768,42,35,20,16,1,1,14,512,37,1302,1,60,1362,21,742,60,802,37,42,385,1,
openfhe,16,32768,42,35,15,22,4,4,14,512,,,,,,,,,,1,,,0,예측 탈락(§8.5 규칙4): logQ 1337 + 예측 logP 1380 > 1747+60 → 컨텍스트 미생성
openfhe,16,32768,42,35,16,21,3,4,14,512,,,,,,,,,,1,,,0,예측 탈락(§8.5 규칙4): logQ 1337 + 예측 logP 1380 > 1747+60 → 컨텍스트 미생성
openfhe,16,32768,42,35,16,21,4,3,14,512,,,,,,,,,,1,,,0,예측 탈락(§8.5 규칙4): logQ 1337 + 예측 logP 1380 > 1747+60 → 컨텍스트 미생성
openfhe,16,32768,42,35,17,20,3,3,14,512,,,,,,,,,,1,,,0,예측 탈락(§8.5 규칙4): logQ 1337 + 예측 logP 1380 > 1747+60 → 컨텍스트 미생성
openfhe,16,32768,42,35,19,18,2,2,14,512,,,,,,,,,,1,,,0,예측 탈락(§8.5 규칙4): logQ 1337 + 예측 logP 1380 > 1747+60 → 컨텍스트 미생성
openfhe,16,32768,42,35,15,22,4,4,14,512,,,,,,,,,,2,,,0,예측 탈락(§8.5 규칙4): logQ 1337 + 예측 logP 720 > 1747+60 → 컨텍스트 미생성
openfhe,16,32768,42,35,16,21,3,4,14,512,,,,,,,,,,2,,,0,예측 탈락(§8.5 규칙4): logQ 1337 + 예측 logP 720 > 1747+60 → 컨텍스트 미생성
openfhe,16,32768,42,35,16,21,4,3,14,512,,,,,,,,,,2,,,0,예측 탈락(§8.5 규칙4): logQ 1337 + 예측 logP 720 > 1747+60 → 컨텍스트 미생성
openfhe,16,32768,42,35,17,20,3,3,14,512,,,,,,,,,,2,,,0,예측 탈락(§8.5 규칙4): logQ 1337 + 예측 logP 720 > 1747+60 → 컨텍스트 미생성
openfhe,16,32768,42,35,19,18,2,2,14,512,,,,,,,,,,2,,,0,예측 탈락(§8.5 규칙4): logQ 1337 + 예측 logP 720 > 1747+60 → 컨텍스트 미생성
openfhe,16,32768,42,35,15,22,4,4,14,512,,,,,,,,,,3,,,0,예측 탈락(§8.5 규칙4): logQ 1337 + 예측 logP 480 > 1747+60 → 컨텍스트 미생성
openfhe,16,32768,42,35,16,21,3,4,14,512,,,,,,,,,,3,,,0,예측 탈락(§8.5 규칙4): logQ 1337 + 예측 logP 480 > 1747+60 → 컨텍스트 미생성
openfhe,16,32768,42,35,16,21,4,3,14,512,,,,,,,,,,3,,,0,예측 탈락(§8.5 규칙4): logQ 1337 + 예측 logP 480 > 1747+60 → 컨텍스트 미생성
openfhe,16,32768,42,35,17,20,3,3,14,512,,,,,,,,,,3,,,0,예측 탈락(§8.5 규칙4): logQ 1337 + 예측 logP 480 > 1747+60 → 컨텍스트 미생성
openfhe,16,32768,42,35,19,18,2,2,14,512,,,,,,,,,,3,,,0,예측 탈락(§8.5 규칙4): logQ 1337 + 예측 logP 480 > 1747+60 → 컨텍스트 미생성
openfhe,16,32768,42,35,15,22,4,4,14,512,38,1337,6,360,1697,16,567,360,927,4,358,50,1,
openfhe,16,32768,42,35,16,21,3,4,14,512,38,1337,6,360,1697,17,602,360,962,4,358,50,1,
openfhe,16,32768,42,35,16,21,4,3,14,512,38,1337,6,360,1697,17,602,360,962,4,358,50,1,
openfhe,16,32768,42,35,17,20,3,3,14,512,38,1337,6,360,1697,18,637,360,997,4,358,50,1,
openfhe,16,32768,42,35,19,18,2,2,14,512,38,1337,6,360,1697,20,707,360,1067,4,358,50,1,
openfhe,16,32768,42,35,15,22,4,4,14,512,38,1337,5,300,1637,16,567,300,867,5,288,110,1,
openfhe,16,32768,42,35,16,21,3,4,14,512,38,1337,5,300,1637,17,602,300,902,5,288,110,1,
openfhe,16,32768,42,35,16,21,4,3,14,512,38,1337,5,300,1637,17,602,300,902,5,288,110,1,
openfhe,16,32768,42,35,17,20,3,3,14,512,38,1337,5,300,1637,18,637,300,937,5,288,110,1,
openfhe,16,32768,42,35,19,18,2,2,14,512,38,1337,5,300,1637,20,707,300,1007,5,288,110,1,
openfhe,16,32768,42,35,15,22,4,4,14,512,38,1337,5,300,1637,16,567,300,867,6,253,110,1,
openfhe,16,32768,42,35,16,21,3,4,14,512,38,1337,5,300,1637,17,602,300,902,6,253,110,1,
openfhe,16,32768,42,35,16,21,4,3,14,512,38,1337,5,300,1637,17,602,300,902,6,253,110,1,
openfhe,16,32768,42,35,17,20,3,3,14,512,38,1337,5,300,1637,18,637,300,937,6,253,110,1,
openfhe,16,32768,42,35,19,18,2,2,14,512,38,1337,5,300,1637,20,707,300,1007,6,253,110,1,
openfhe,16,32768,42,35,15,22,4,4,14,512,38,1337,4,240,1577,16,567,240,807,7,218,170,1,
openfhe,16,32768,42,35,16,21,3,4,14,512,38,1337,4,240,1577,17,602,240,842,7,218,170,1,
openfhe,16,32768,42,35,16,21,4,3,14,512,38,1337,4,240,1577,17,602,240,842,7,218,170,1,
openfhe,16,32768,42,35,17,20,3,3,14,512,38,1337,4,240,1577,18,637,240,877,7,218,170,1,
openfhe,16,32768,42,35,19,18,2,2,14,512,38,1337,4,240,1577,20,707,240,947,7,218,170,1,
openfhe,16,32768,42,35,15,22,4,4,14,512,38,1337,4,240,1577,16,567,240,807,8,183,170,1,
openfhe,16,32768,42,35,16,21,3,4,14,512,38,1337,4,240,1577,17,602,240,842,8,183,170,1,
openfhe,16,32768,42,35,16,21,4,3,14,512,38,1337,4,240,1577,17,602,240,842,8,183,170,1,
openfhe,16,32768,42,35,17,20,3,3,14,512,38,1337,4,240,1577,18,637,240,877,8,183,170,1,
openfhe,16,32768,42,35,19,18,2,2,14,512,38,1337,4,240,1577,20,707,240,947,8,183,170,1,
openfhe,16,32768,42,35,15,22,4,4,14,512,38,1337,3,180,1517,16,567,180,747,10,148,230,1,
openfhe,16,32768,42,35,16,21,3,4,14,512,38,1337,3,180,1517,17,602,180,782,10,148,230,1,
openfhe,16,32768,42,35,16,21,4,3,14,512,38,1337,3,180,1517,17,602,180,782,10,148,230,1,
openfhe,16,32768,42,35,17,20,3,3,14,512,38,1337,3,180,1517,18,637,180,817,10,148,230,1,
openfhe,16,32768,42,35,19,18,2,2,14,512,38,1337,3,180,1517,20,707,180,887,10,148,230,1,
openfhe,16,32768,42,35,15,22,4,4,14,512,38,1337,2,120,1457,16,567,120,687,13,113,290,1,
openfhe,16,32768,42,35,16,21,3,4,14,512,38,1337,2,120,1457,17,602,120,722,13,113,290,1,
openfhe,16,32768,42,35,16,21,4,3,14,512,38,1337,2,120,1457,17,602,120,722,13,113,290,1,
openfhe,16,32768,42,35,17,20,3,3,14,512,38,1337,2,120,1457,18,637,120,757,13,113,290,1,
openfhe,16,32768,42,35,19,18,2,2,14,512,38,1337,2,120,1457,20,707,120,827,13,113,290,1,
openfhe,16,32768,42,35,15,22,4,4,14,512,38,1337,2,120,1457,16,567,120,687,19,78,290,1,
openfhe,16,32768,42,35,16,21,3,4,14,512,38,1337,2,120,1457,17,602,120,722,19,78,290,1,
openfhe,16,32768,42,35,16,21,4,3,14,512,38,1337,2,120,1457,17,602,120,722,19,78,290,1,
openfhe,16,32768,42,35,17,20,3,3,14,512,38,1337,2,120,1457,18,637,120,757,19,78,290,1,
openfhe,16,32768,42,35,19,18,2,2,14,512,38,1337,2,120,1457,20,707,120,827,19,78,290,1,
openfhe,16,32768,42,35,15,22,4,4,14,512,38,1337,1,60,1397,16,567,60,627,38,42,350,1,
openfhe,16,32768,42,35,16,21,3,4,14,512,38,1337,1,60,1397,17,602,60,662,38,42,350,1,
openfhe,16,32768,42,35,16,21,4,3,14,512,38,1337,1,60,1397,17,602,60,662,38,42,350,1,
openfhe,16,32768,42,35,17,20,3,3,14,512,38,1337,1,60,1397,18,637,60,697,38,42,350,1,
openfhe,16,32768,42,35,19,18,2,2,14,512,38,1337,1,60,1397,20,707,60,767,38,42,350,1,
openfhe,16,32768,42,35,16,22,4,4,14,512,,,,,,,,,,1,,,0,예측 탈락(§8.5 규칙4): logQ 1372 + 예측 logP 1380 > 1747+60 → 컨텍스트 미생성
openfhe,16,32768,42,35,17,21,3,4,14,512,,,,,,,,,,1,,,0,예측 탈락(§8.5 규칙4): logQ 1372 + 예측 logP 1380 > 1747+60 → 컨텍스트 미생성
openfhe,16,32768,42,35,17,21,4,3,14,512,,,,,,,,,,1,,,0,예측 탈락(§8.5 규칙4): logQ 1372 + 예측 logP 1380 > 1747+60 → 컨텍스트 미생성
openfhe,16,32768,42,35,18,20,3,3,14,512,,,,,,,,,,1,,,0,예측 탈락(§8.5 규칙4): logQ 1372 + 예측 logP 1380 > 1747+60 → 컨텍스트 미생성
openfhe,16,32768,42,35,20,18,2,2,14,512,,,,,,,,,,1,,,0,예측 탈락(§8.5 규칙4): logQ 1372 + 예측 logP 1380 > 1747+60 → 컨텍스트 미생성
openfhe,16,32768,42,35,16,22,4,4,14,512,,,,,,,,,,2,,,0,예측 탈락(§8.5 규칙4): logQ 1372 + 예측 logP 720 > 1747+60 → 컨텍스트 미생성
openfhe,16,32768,42,35,17,21,3,4,14,512,,,,,,,,,,2,,,0,예측 탈락(§8.5 규칙4): logQ 1372 + 예측 logP 720 > 1747+60 → 컨텍스트 미생성
openfhe,16,32768,42,35,17,21,4,3,14,512,,,,,,,,,,2,,,0,예측 탈락(§8.5 규칙4): logQ 1372 + 예측 logP 720 > 1747+60 → 컨텍스트 미생성
openfhe,16,32768,42,35,18,20,3,3,14,512,,,,,,,,,,2,,,0,예측 탈락(§8.5 규칙4): logQ 1372 + 예측 logP 720 > 1747+60 → 컨텍스트 미생성
openfhe,16,32768,42,35,20,18,2,2,14,512,,,,,,,,,,2,,,0,예측 탈락(§8.5 규칙4): logQ 1372 + 예측 logP 720 > 1747+60 → 컨텍스트 미생성
openfhe,16,32768,42,35,16,22,4,4,14,512,,,,,,,,,,3,,,0,예측 탈락(§8.5 규칙4): logQ 1372 + 예측 logP 480 > 1747+60 → 컨텍스트 미생성
openfhe,16,32768,42,35,17,21,3,4,14,512,,,,,,,,,,3,,,0,예측 탈락(§8.5 규칙4): logQ 1372 + 예측 logP 480 > 1747+60 → 컨텍스트 미생성
openfhe,16,32768,42,35,17,21,4,3,14,512,,,,,,,,,,3,,,0,예측 탈락(§8.5 규칙4): logQ 1372 + 예측 logP 480 > 1747+60 → 컨텍스트 미생성
openfhe,16,32768,42,35,18,20,3,3,14,512,,,,,,,,,,3,,,0,예측 탈락(§8.5 규칙4): logQ 1372 + 예측 logP 480 > 1747+60 → 컨텍스트 미생성
openfhe,16,32768,42,35,20,18,2,2,14,512,,,,,,,,,,3,,,0,예측 탈락(§8.5 규칙4): logQ 1372 + 예측 logP 480 > 1747+60 → 컨텍스트 미생성
openfhe,16,32768,42,35,16,22,4,4,14,512,39,1372,6,360,1732,17,602,360,962,4,357,15,1,
openfhe,16,32768,42,35,17,21,3,4,14,512,39,1372,6,360,1732,18,637,360,997,4,357,15,1,
openfhe,16,32768,42,35,17,21,4,3,14,512,39,1372,6,360,1732,18,637,360,997,4,357,15,1,
openfhe,16,32768,42,35,18,20,3,3,14,512,39,1372,6,360,1732,19,672,360,1032,4,357,15,1,
openfhe,16,32768,42,35,20,18,2,2,14,512,39,1372,6,360,1732,21,742,360,1102,4,357,15,1,
openfhe,16,32768,42,35,16,22,4,4,14,512,39,1372,5,300,1672,17,602,300,902,5,287,75,1,
openfhe,16,32768,42,35,17,21,3,4,14,512,39,1372,5,300,1672,18,637,300,937,5,287,75,1,
openfhe,16,32768,42,35,17,21,4,3,14,512,39,1372,5,300,1672,18,637,300,937,5,287,75,1,
openfhe,16,32768,42,35,18,20,3,3,14,512,39,1372,5,300,1672,19,672,300,972,5,287,75,1,
openfhe,16,32768,42,35,20,18,2,2,14,512,39,1372,5,300,1672,21,742,300,1042,5,287,75,1,
openfhe,16,32768,42,35,16,22,4,4,14,512,39,1372,5,300,1672,17,602,300,902,6,253,75,1,
openfhe,16,32768,42,35,17,21,3,4,14,512,39,1372,5,300,1672,18,637,300,937,6,253,75,1,
openfhe,16,32768,42,35,17,21,4,3,14,512,39,1372,5,300,1672,18,637,300,937,6,253,75,1,
openfhe,16,32768,42,35,18,20,3,3,14,512,39,1372,5,300,1672,19,672,300,972,6,253,75,1,
openfhe,16,32768,42,35,20,18,2,2,14,512,39,1372,5,300,1672,21,742,300,1042,6,253,75,1,
openfhe,16,32768,42,35,16,22,4,4,14,512,39,1372,4,240,1612,17,602,240,842,7,217,135,1,
openfhe,16,32768,42,35,17,21,3,4,14,512,39,1372,4,240,1612,18,637,240,877,7,217,135,1,
openfhe,16,32768,42,35,17,21,4,3,14,512,39,1372,4,240,1612,18,637,240,877,7,217,135,1,
openfhe,16,32768,42,35,18,20,3,3,14,512,39,1372,4,240,1612,19,672,240,912,7,217,135,1,
openfhe,16,32768,42,35,20,18,2,2,14,512,39,1372,4,240,1612,21,742,240,982,7,217,135,1,
openfhe,16,32768,42,35,16,22,4,4,14,512,39,1372,4,240,1612,17,602,240,842,8,183,135,1,
openfhe,16,32768,42,35,17,21,3,4,14,512,39,1372,4,240,1612,18,637,240,877,8,183,135,1,
openfhe,16,32768,42,35,17,21,4,3,14,512,39,1372,4,240,1612,18,637,240,877,8,183,135,1,
openfhe,16,32768,42,35,18,20,3,3,14,512,39,1372,4,240,1612,19,672,240,912,8,183,135,1,
openfhe,16,32768,42,35,20,18,2,2,14,512,39,1372,4,240,1612,21,742,240,982,8,183,135,1,
openfhe,16,32768,42,35,16,22,4,4,14,512,39,1372,3,180,1552,17,602,180,782,10,147,195,1,
openfhe,16,32768,42,35,17,21,3,4,14,512,39,1372,3,180,1552,18,637,180,817,10,147,195,1,
openfhe,16,32768,42,35,17,21,4,3,14,512,39,1372,3,180,1552,18,637,180,817,10,147,195,1,
openfhe,16,32768,42,35,18,20,3,3,14,512,39,1372,3,180,1552,19,672,180,852,10,147,195,1,
openfhe,16,32768,42,35,20,18,2,2,14,512,39,1372,3,180,1552,21,742,180,922,10,147,195,1,
openfhe,16,32768,42,35,16,22,4,4,14,512,39,1372,2,120,1492,17,602,120,722,13,113,255,1,
openfhe,16,32768,42,35,17,21,3,4,14,512,39,1372,2,120,1492,18,637,120,757,13,113,255,1,
openfhe,16,32768,42,35,17,21,4,3,14,512,39,1372,2,120,1492,18,637,120,757,13,113,255,1,
openfhe,16,32768,42,35,18,20,3,3,14,512,39,1372,2,120,1492,19,672,120,792,13,113,255,1,
openfhe,16,32768,42,35,20,18,2,2,14,512,39,1372,2,120,1492,21,742,120,862,13,113,255,1,
openfhe,16,32768,42,35,16,22,4,4,14,512,39,1372,2,120,1492,17,602,120,722,20,77,255,1,
openfhe,16,32768,42,35,17,21,3,4,14,512,39,1372,2,120,1492,18,637,120,757,20,77,255,1,
openfhe,16,32768,42,35,17,21,4,3,14,512,39,1372,2,120,1492,18,637,120,757,20,77,255,1,
openfhe,16,32768,42,35,18,20,3,3,14,512,39,1372,2,120,1492,19,672,120,792,20,77,255,1,
openfhe,16,32768,42,35,20,18,2,2,14,512,39,1372,2,120,1492,21,742,120,862,20,77,255,1,
openfhe,16,32768,42,35,16,22,4,4,14,512,39,1372,1,60,1432,17,602,60,662,39,42,315,1,
openfhe,16,32768,42,35,17,21,3,4,14,512,39,1372,1,60,1432,18,637,60,697,39,42,315,1,
openfhe,16,32768,42,35,17,21,4,3,14,512,39,1372,1,60,1432,18,637,60,697,39,42,315,1,
openfhe,16,32768,42,35,18,20,3,3,14,512,39,1372,1,60,1432,19,672,60,732,39,42,315,1,
openfhe,16,32768,42,35,20,18,2,2,14,512,39,1372,1,60,1432,21,742,60,802,39,42,315,1,
openfhe,16,32768,42,35,17,22,4,4,14,512,,,,,,,,,,1,,,0,예측 탈락(§8.5 규칙4): logQ 1407 + 예측 logP 1440 > 1747+60 → 컨텍스트 미생성
openfhe,16,32768,42,35,18,21,3,4,14,512,,,,,,,,,,1,,,0,예측 탈락(§8.5 규칙4): logQ 1407 + 예측 logP 1440 > 1747+60 → 컨텍스트 미생성
openfhe,16,32768,42,35,18,21,4,3,14,512,,,,,,,,,,1,,,0,예측 탈락(§8.5 규칙4): logQ 1407 + 예측 logP 1440 > 1747+60 → 컨텍스트 미생성
openfhe,16,32768,42,35,19,20,3,3,14,512,,,,,,,,,,1,,,0,예측 탈락(§8.5 규칙4): logQ 1407 + 예측 logP 1440 > 1747+60 → 컨텍스트 미생성
openfhe,16,32768,42,35,17,22,4,4,14,512,,,,,,,,,,2,,,0,예측 탈락(§8.5 규칙4): logQ 1407 + 예측 logP 720 > 1747+60 → 컨텍스트 미생성
openfhe,16,32768,42,35,18,21,3,4,14,512,,,,,,,,,,2,,,0,예측 탈락(§8.5 규칙4): logQ 1407 + 예측 logP 720 > 1747+60 → 컨텍스트 미생성
openfhe,16,32768,42,35,18,21,4,3,14,512,,,,,,,,,,2,,,0,예측 탈락(§8.5 규칙4): logQ 1407 + 예측 logP 720 > 1747+60 → 컨텍스트 미생성
openfhe,16,32768,42,35,19,20,3,3,14,512,,,,,,,,,,2,,,0,예측 탈락(§8.5 규칙4): logQ 1407 + 예측 logP 720 > 1747+60 → 컨텍스트 미생성
openfhe,16,32768,42,35,17,22,4,4,14,512,,,,,,,,,,3,,,0,예측 탈락(§8.5 규칙4): logQ 1407 + 예측 logP 540 > 1747+60 → 컨텍스트 미생성
openfhe,16,32768,42,35,18,21,3,4,14,512,,,,,,,,,,3,,,0,예측 탈락(§8.5 규칙4): logQ 1407 + 예측 logP 540 > 1747+60 → 컨텍스트 미생성
openfhe,16,32768,42,35,18,21,4,3,14,512,,,,,,,,,,3,,,0,예측 탈락(§8.5 규칙4): logQ 1407 + 예측 logP 540 > 1747+60 → 컨텍스트 미생성
openfhe,16,32768,42,35,19,20,3,3,14,512,,,,,,,,,,3,,,0,예측 탈락(§8.5 규칙4): logQ 1407 + 예측 logP 540 > 1747+60 → 컨텍스트 미생성
openfhe,16,32768,42,35,17,22,4,4,14,512,40,1407,6,360,1767,18,637,360,997,4,358,-20,0,logQP_boot 1767 > 1747
openfhe,16,32768,42,35,18,21,3,4,14,512,40,1407,6,360,1767,19,672,360,1032,4,358,-20,0,logQP_boot 1767 > 1747
openfhe,16,32768,42,35,18,21,4,3,14,512,40,1407,6,360,1767,19,672,360,1032,4,358,-20,0,logQP_boot 1767 > 1747
openfhe,16,32768,42,35,19,20,3,3,14,512,40,1407,6,360,1767,20,707,360,1067,4,358,-20,0,logQP_boot 1767 > 1747
openfhe,16,32768,42,35,17,22,4,4,14,512,40,1407,5,300,1707,18,637,300,937,5,288,40,1,
openfhe,16,32768,42,35,18,21,3,4,14,512,40,1407,5,300,1707,19,672,300,972,5,288,40,1,
openfhe,16,32768,42,35,18,21,4,3,14,512,40,1407,5,300,1707,19,672,300,972,5,288,40,1,
openfhe,16,32768,42,35,19,20,3,3,14,512,40,1407,5,300,1707,20,707,300,1007,5,288,40,1,
openfhe,16,32768,42,35,17,22,4,4,14,512,40,1407,5,300,1707,18,637,300,937,6,253,40,1,
openfhe,16,32768,42,35,18,21,3,4,14,512,40,1407,5,300,1707,19,672,300,972,6,253,40,1,
openfhe,16,32768,42,35,18,21,4,3,14,512,40,1407,5,300,1707,19,672,300,972,6,253,40,1,
openfhe,16,32768,42,35,19,20,3,3,14,512,40,1407,5,300,1707,20,707,300,1007,6,253,40,1,
openfhe,16,32768,42,35,17,22,4,4,14,512,40,1407,4,240,1647,18,637,240,877,7,218,100,1,
openfhe,16,32768,42,35,18,21,3,4,14,512,40,1407,4,240,1647,19,672,240,912,7,218,100,1,
openfhe,16,32768,42,35,18,21,4,3,14,512,40,1407,4,240,1647,19,672,240,912,7,218,100,1,
openfhe,16,32768,42,35,19,20,3,3,14,512,40,1407,4,240,1647,20,707,240,947,7,218,100,1,
openfhe,16,32768,42,35,17,22,4,4,14,512,40,1407,4,240,1647,18,637,240,877,8,183,100,1,
openfhe,16,32768,42,35,18,21,3,4,14,512,40,1407,4,240,1647,19,672,240,912,8,183,100,1,
openfhe,16,32768,42,35,18,21,4,3,14,512,40,1407,4,240,1647,19,672,240,912,8,183,100,1,
openfhe,16,32768,42,35,19,20,3,3,14,512,40,1407,4,240,1647,20,707,240,947,8,183,100,1,
openfhe,16,32768,42,35,17,22,4,4,14,512,40,1407,3,180,1587,18,637,180,817,10,148,160,1,
openfhe,16,32768,42,35,18,21,3,4,14,512,40,1407,3,180,1587,19,672,180,852,10,148,160,1,
openfhe,16,32768,42,35,18,21,4,3,14,512,40,1407,3,180,1587,19,672,180,852,10,148,160,1,
openfhe,16,32768,42,35,19,20,3,3,14,512,40,1407,3,180,1587,20,707,180,887,10,148,160,1,
openfhe,16,32768,42,35,17,22,4,4,14,512,40,1407,2,120,1527,18,637,120,757,14,113,220,1,
openfhe,16,32768,42,35,18,21,3,4,14,512,40,1407,2,120,1527,19,672,120,792,14,113,220,1,
openfhe,16,32768,42,35,18,21,4,3,14,512,40,1407,2,120,1527,19,672,120,792,14,113,220,1,
openfhe,16,32768,42,35,19,20,3,3,14,512,40,1407,2,120,1527,20,707,120,827,14,113,220,1,
openfhe,16,32768,42,35,17,22,4,4,14,512,40,1407,2,120,1527,18,637,120,757,20,78,220,1,
openfhe,16,32768,42,35,18,21,3,4,14,512,40,1407,2,120,1527,19,672,120,792,20,78,220,1,
openfhe,16,32768,42,35,18,21,4,3,14,512,40,1407,2,120,1527,19,672,120,792,20,78,220,1,
openfhe,16,32768,42,35,19,20,3,3,14,512,40,1407,2,120,1527,20,707,120,827,20,78,220,1,
openfhe,16,32768,42,35,17,22,4,4,14,512,40,1407,1,60,1467,18,637,60,697,40,42,280,1,
openfhe,16,32768,42,35,18,21,3,4,14,512,40,1407,1,60,1467,19,672,60,732,40,42,280,1,
openfhe,16,32768,42,35,18,21,4,3,14,512,40,1407,1,60,1467,19,672,60,732,40,42,280,1,
openfhe,16,32768,42,35,19,20,3,3,14,512,40,1407,1,60,1467,20,707,60,767,40,42,280,1,
openfhe,16,32768,42,35,18,22,4,4,14,512,,,,,,,,,,1,,,0,예측 탈락(§8.5 규칙4): logQ 1442 + 예측 logP 1500 > 1747+60 → 컨텍스트 미생성
openfhe,16,32768,42,35,19,21,3,4,14,512,,,,,,,,,,1,,,0,예측 탈락(§8.5 규칙4): logQ 1442 + 예측 logP 1500 > 1747+60 → 컨텍스트 미생성
openfhe,16,32768,42,35,19,21,4,3,14,512,,,,,,,,,,1,,,0,예측 탈락(§8.5 규칙4): logQ 1442 + 예측 logP 1500 > 1747+60 → 컨텍스트 미생성
openfhe,16,32768,42,35,20,20,3,3,14,512,,,,,,,,,,1,,,0,예측 탈락(§8.5 규칙4): logQ 1442 + 예측 logP 1500 > 1747+60 → 컨텍스트 미생성
openfhe,16,32768,42,35,18,22,4,4,14,512,,,,,,,,,,2,,,0,예측 탈락(§8.5 규칙4): logQ 1442 + 예측 logP 780 > 1747+60 → 컨텍스트 미생성
openfhe,16,32768,42,35,19,21,3,4,14,512,,,,,,,,,,2,,,0,예측 탈락(§8.5 규칙4): logQ 1442 + 예측 logP 780 > 1747+60 → 컨텍스트 미생성
openfhe,16,32768,42,35,19,21,4,3,14,512,,,,,,,,,,2,,,0,예측 탈락(§8.5 규칙4): logQ 1442 + 예측 logP 780 > 1747+60 → 컨텍스트 미생성
openfhe,16,32768,42,35,20,20,3,3,14,512,,,,,,,,,,2,,,0,예측 탈락(§8.5 규칙4): logQ 1442 + 예측 logP 780 > 1747+60 → 컨텍스트 미생성
openfhe,16,32768,42,35,18,22,4,4,14,512,,,,,,,,,,3,,,0,예측 탈락(§8.5 규칙4): logQ 1442 + 예측 logP 540 > 1747+60 → 컨텍스트 미생성
openfhe,16,32768,42,35,19,21,3,4,14,512,,,,,,,,,,3,,,0,예측 탈락(§8.5 규칙4): logQ 1442 + 예측 logP 540 > 1747+60 → 컨텍스트 미생성
openfhe,16,32768,42,35,19,21,4,3,14,512,,,,,,,,,,3,,,0,예측 탈락(§8.5 규칙4): logQ 1442 + 예측 logP 540 > 1747+60 → 컨텍스트 미생성
openfhe,16,32768,42,35,20,20,3,3,14,512,,,,,,,,,,3,,,0,예측 탈락(§8.5 규칙4): logQ 1442 + 예측 logP 540 > 1747+60 → 컨텍스트 미생성
openfhe,16,32768,42,35,18,22,4,4,14,512,,,,,,,,,,4,,,0,예측 탈락(§8.5 규칙4): logQ 1442 + 예측 logP 420 > 1747+60 → 컨텍스트 미생성
openfhe,16,32768,42,35,19,21,3,4,14,512,,,,,,,,,,4,,,0,예측 탈락(§8.5 규칙4): logQ 1442 + 예측 logP 420 > 1747+60 → 컨텍스트 미생성
openfhe,16,32768,42,35,19,21,4,3,14,512,,,,,,,,,,4,,,0,예측 탈락(§8.5 규칙4): logQ 1442 + 예측 logP 420 > 1747+60 → 컨텍스트 미생성
openfhe,16,32768,42,35,20,20,3,3,14,512,,,,,,,,,,4,,,0,예측 탈락(§8.5 규칙4): logQ 1442 + 예측 logP 420 > 1747+60 → 컨텍스트 미생성
openfhe,16,32768,42,35,18,22,4,4,14,512,41,1442,6,360,1802,19,672,360,1032,5,323,-55,0,logQP_boot 1802 > 1747
openfhe,16,32768,42,35,19,21,3,4,14,512,41,1442,6,360,1802,20,707,360,1067,5,323,-55,0,logQP_boot 1802 > 1747
openfhe,16,32768,42,35,19,21,4,3,14,512,41,1442,6,360,1802,20,707,360,1067,5,323,-55,0,logQP_boot 1802 > 1747
openfhe,16,32768,42,35,20,20,3,3,14,512,41,1442,6,360,1802,21,742,360,1102,5,323,-55,0,logQP_boot 1802 > 1747
openfhe,16,32768,42,35,18,22,4,4,14,512,41,1442,5,300,1742,19,672,300,972,6,253,5,1,
openfhe,16,32768,42,35,19,21,3,4,14,512,41,1442,5,300,1742,20,707,300,1007,6,253,5,1,
openfhe,16,32768,42,35,19,21,4,3,14,512,41,1442,5,300,1742,20,707,300,1007,6,253,5,1,
openfhe,16,32768,42,35,20,20,3,3,14,512,41,1442,5,300,1742,21,742,300,1042,6,253,5,1,
openfhe,16,32768,42,35,18,22,4,4,14,512,41,1442,4,240,1682,19,672,240,912,7,217,65,1,
openfhe,16,32768,42,35,19,21,3,4,14,512,41,1442,4,240,1682,20,707,240,947,7,217,65,1,
openfhe,16,32768,42,35,19,21,4,3,14,512,41,1442,4,240,1682,20,707,240,947,7,217,65,1,
openfhe,16,32768,42,35,20,20,3,3,14,512,41,1442,4,240,1682,21,742,240,982,7,217,65,1,
openfhe,16,32768,42,35,18,22,4,4,14,512,41,1442,4,240,1682,19,672,240,912,9,183,65,1,
openfhe,16,32768,42,35,19,21,3,4,14,512,41,1442,4,240,1682,20,707,240,947,9,183,65,1,
openfhe,16,32768,42,35,19,21,4,3,14,512,41,1442,4,240,1682,20,707,240,947,9,183,65,1,
openfhe,16,32768,42,35,20,20,3,3,14,512,41,1442,4,240,1682,21,742,240,982,9,183,65,1,
openfhe,16,32768,42,35,18,22,4,4,14,512,41,1442,3,180,1622,19,672,180,852,11,147,125,1,
openfhe,16,32768,42,35,19,21,3,4,14,512,41,1442,3,180,1622,20,707,180,887,11,147,125,1,
openfhe,16,32768,42,35,19,21,4,3,14,512,41,1442,3,180,1622,20,707,180,887,11,147,125,1,
openfhe,16,32768,42,35,20,20,3,3,14,512,41,1442,3,180,1622,21,742,180,922,11,147,125,1,
openfhe,16,32768,42,35,18,22,4,4,14,512,41,1442,2,120,1562,19,672,120,792,14,113,185,1,
openfhe,16,32768,42,35,19,21,3,4,14,512,41,1442,2,120,1562,20,707,120,827,14,113,185,1,
openfhe,16,32768,42,35,19,21,4,3,14,512,41,1442,2,120,1562,20,707,120,827,14,113,185,1,
openfhe,16,32768,42,35,20,20,3,3,14,512,41,1442,2,120,1562,21,742,120,862,14,113,185,1,
openfhe,16,32768,42,35,18,22,4,4,14,512,41,1442,2,120,1562,19,672,120,792,21,77,185,1,
openfhe,16,32768,42,35,19,21,3,4,14,512,41,1442,2,120,1562,20,707,120,827,21,77,185,1,
openfhe,16,32768,42,35,19,21,4,3,14,512,41,1442,2,120,1562,20,707,120,827,21,77,185,1,
openfhe,16,32768,42,35,20,20,3,3,14,512,41,1442,2,120,1562,21,742,120,862,21,77,185,1,
openfhe,16,32768,42,35,18,22,4,4,14,512,41,1442,1,60,1502,19,672,60,732,41,42,245,1,
openfhe,16,32768,42,35,19,21,3,4,14,512,41,1442,1,60,1502,20,707,60,767,41,42,245,1,
openfhe,16,32768,42,35,19,21,4,3,14,512,41,1442,1,60,1502,20,707,60,767,41,42,245,1,
openfhe,16,32768,42,35,20,20,3,3,14,512,41,1442,1,60,1502,21,742,60,802,41,42,245,1,
openfhe,16,32768,42,35,19,22,4,4,14,512,,,,,,,,,,1,,,0,예측 탈락(§8.5 규칙4): logQ 1477 + 예측 logP 1500 > 1747+60 → 컨텍스트 미생성
openfhe,16,32768,42,35,20,21,3,4,14,512,,,,,,,,,,1,,,0,예측 탈락(§8.5 규칙4): logQ 1477 + 예측 logP 1500 > 1747+60 → 컨텍스트 미생성
openfhe,16,32768,42,35,20,21,4,3,14,512,,,,,,,,,,1,,,0,예측 탈락(§8.5 규칙4): logQ 1477 + 예측 logP 1500 > 1747+60 → 컨텍스트 미생성
openfhe,16,32768,42,35,19,22,4,4,14,512,,,,,,,,,,2,,,0,예측 탈락(§8.5 규칙4): logQ 1477 + 예측 logP 780 > 1747+60 → 컨텍스트 미생성
openfhe,16,32768,42,35,20,21,3,4,14,512,,,,,,,,,,2,,,0,예측 탈락(§8.5 규칙4): logQ 1477 + 예측 logP 780 > 1747+60 → 컨텍스트 미생성
openfhe,16,32768,42,35,20,21,4,3,14,512,,,,,,,,,,2,,,0,예측 탈락(§8.5 규칙4): logQ 1477 + 예측 logP 780 > 1747+60 → 컨텍스트 미생성
openfhe,16,32768,42,35,19,22,4,4,14,512,,,,,,,,,,3,,,0,예측 탈락(§8.5 규칙4): logQ 1477 + 예측 logP 540 > 1747+60 → 컨텍스트 미생성
openfhe,16,32768,42,35,20,21,3,4,14,512,,,,,,,,,,3,,,0,예측 탈락(§8.5 규칙4): logQ 1477 + 예측 logP 540 > 1747+60 → 컨텍스트 미생성
openfhe,16,32768,42,35,20,21,4,3,14,512,,,,,,,,,,3,,,0,예측 탈락(§8.5 규칙4): logQ 1477 + 예측 logP 540 > 1747+60 → 컨텍스트 미생성
openfhe,16,32768,42,35,19,22,4,4,14,512,,,,,,,,,,4,,,0,예측 탈락(§8.5 규칙4): logQ 1477 + 예측 logP 420 > 1747+60 → 컨텍스트 미생성
openfhe,16,32768,42,35,20,21,3,4,14,512,,,,,,,,,,4,,,0,예측 탈락(§8.5 규칙4): logQ 1477 + 예측 logP 420 > 1747+60 → 컨텍스트 미생성
openfhe,16,32768,42,35,20,21,4,3,14,512,,,,,,,,,,4,,,0,예측 탈락(§8.5 규칙4): logQ 1477 + 예측 logP 420 > 1747+60 → 컨텍스트 미생성
openfhe,16,32768,42,35,19,22,4,4,14,512,,,,,,,,,,5,,,0,예측 탈락(§8.5 규칙4): logQ 1477 + 예측 logP 360 > 1747+60 → 컨텍스트 미생성
openfhe,16,32768,42,35,20,21,3,4,14,512,,,,,,,,,,5,,,0,예측 탈락(§8.5 규칙4): logQ 1477 + 예측 logP 360 > 1747+60 → 컨텍스트 미생성
openfhe,16,32768,42,35,20,21,4,3,14,512,,,,,,,,,,5,,,0,예측 탈락(§8.5 규칙4): logQ 1477 + 예측 logP 360 > 1747+60 → 컨텍스트 미생성
openfhe,16,32768,42,35,19,22,4,4,14,512,42,1477,5,300,1777,20,707,300,1007,6,253,-30,0,logQP_boot 1777 > 1747
openfhe,16,32768,42,35,20,21,3,4,14,512,42,1477,5,300,1777,21,742,300,1042,6,253,-30,0,logQP_boot 1777 > 1747
openfhe,16,32768,42,35,20,21,4,3,14,512,42,1477,5,300,1777,21,742,300,1042,6,253,-30,0,logQP_boot 1777 > 1747
openfhe,16,32768,42,35,19,22,4,4,14,512,42,1477,4,240,1717,20,707,240,947,7,218,30,1,
openfhe,16,32768,42,35,20,21,3,4,14,512,42,1477,4,240,1717,21,742,240,982,7,218,30,1,
openfhe,16,32768,42,35,20,21,4,3,14,512,42,1477,4,240,1717,21,742,240,982,7,218,30,1,
openfhe,16,32768,42,35,19,22,4,4,14,512,42,1477,4,240,1717,20,707,240,947,9,183,30,1,
openfhe,16,32768,42,35,20,21,3,4,14,512,42,1477,4,240,1717,21,742,240,982,9,183,30,1,
openfhe,16,32768,42,35,20,21,4,3,14,512,42,1477,4,240,1717,21,742,240,982,9,183,30,1,
openfhe,16,32768,42,35,19,22,4,4,14,512,42,1477,3,180,1657,20,707,180,887,11,148,90,1,
openfhe,16,32768,42,35,20,21,3,4,14,512,42,1477,3,180,1657,21,742,180,922,11,148,90,1,
openfhe,16,32768,42,35,20,21,4,3,14,512,42,1477,3,180,1657,21,742,180,922,11,148,90,1,
openfhe,16,32768,42,35,19,22,4,4,14,512,42,1477,2,120,1597,20,707,120,827,14,113,150,1,
openfhe,16,32768,42,35,20,21,3,4,14,512,42,1477,2,120,1597,21,742,120,862,14,113,150,1,
openfhe,16,32768,42,35,20,21,4,3,14,512,42,1477,2,120,1597,21,742,120,862,14,113,150,1,
openfhe,16,32768,42,35,19,22,4,4,14,512,42,1477,2,120,1597,20,707,120,827,21,78,150,1,
openfhe,16,32768,42,35,20,21,3,4,14,512,42,1477,2,120,1597,21,742,120,862,21,78,150,1,
openfhe,16,32768,42,35,20,21,4,3,14,512,42,1477,2,120,1597,21,742,120,862,21,78,150,1,
openfhe,16,32768,42,35,19,22,4,4,14,512,42,1477,1,60,1537,20,707,60,767,42,42,210,1,
openfhe,16,32768,42,35,20,21,3,4,14,512,42,1477,1,60,1537,21,742,60,802,42,42,210,1,
openfhe,16,32768,42,35,20,21,4,3,14,512,42,1477,1,60,1537,21,742,60,802,42,42,210,1,
openfhe,16,32768,42,35,20,22,4,4,14,512,,,,,,,,,,1,,,0,예측 탈락(§8.5 규칙4): logQ 1512 + 예측 logP 1560 > 1747+60 → 컨텍스트 미생성
openfhe,16,32768,42,35,20,22,4,4,14,512,,,,,,,,,,2,,,0,예측 탈락(§8.5 규칙4): logQ 1512 + 예측 logP 780 > 1747+60 → 컨텍스트 미생성
openfhe,16,32768,42,35,20,22,4,4,14,512,,,,,,,,,,3,,,0,예측 탈락(§8.5 규칙4): logQ 1512 + 예측 logP 540 > 1747+60 → 컨텍스트 미생성
openfhe,16,32768,42,35,20,22,4,4,14,512,,,,,,,,,,4,,,0,예측 탈락(§8.5 규칙4): logQ 1512 + 예측 logP 420 > 1747+60 → 컨텍스트 미생성
openfhe,16,32768,42,35,20,22,4,4,14,512,,,,,,,,,,5,,,0,예측 탈락(§8.5 규칙4): logQ 1512 + 예측 logP 360 > 1747+60 → 컨텍스트 미생성
openfhe,16,32768,42,35,20,22,4,4,14,512,,,,,,,,,,6,,,0,예측 탈락(§8.5 규칙4): logQ 1512 + 예측 logP 300 > 1747+60 → 컨텍스트 미생성
openfhe,16,32768,42,35,20,22,4,4,14,512,,,,,,,,,,7,,,0,예측 탈락(§8.5 규칙4): logQ 1512 + 예측 logP 300 > 1747+60 → 컨텍스트 미생성
openfhe,16,32768,42,35,20,22,4,4,14,512,43,1512,4,240,1752,21,742,240,982,8,217,-5,0,logQP_boot 1752 > 1747
openfhe,16,32768,42,35,20,22,4,4,14,512,43,1512,4,240,1752,21,742,240,982,9,183,-5,0,logQP_boot 1752 > 1747
openfhe,16,32768,42,35,20,22,4,4,14,512,43,1512,3,180,1692,21,742,180,922,11,147,55,1,
openfhe,16,32768,42,35,20,22,4,4,14,512,43,1512,2,120,1632,21,742,120,862,15,113,115,1,
openfhe,16,32768,42,35,20,22,4,4,14,512,43,1512,2,120,1632,21,742,120,862,22,77,115,1,
openfhe,16,32768,42,35,20,22,4,4,14,512,43,1512,1,60,1572,21,742,60,802,43,42,175,1,
openfhe,16,32768,42,38,15,16,1,1,14,512,,,,,,,,,,1,,,0,예측 탈락(§8.5 규칙4): logQ 1220 + 예측 logP 1260 > 1747+60 → 컨텍스트 미생성
openfhe,16,32768,42,38,15,16,1,1,14,512,,,,,,,,,,2,,,0,예측 탈락(§8.5 규칙4): logQ 1220 + 예측 logP 660 > 1747+60 → 컨텍스트 미생성
openfhe,16,32768,42,38,15,16,1,1,14,512,32,1220,8,480,1700,16,612,480,1092,3,422,47,1,
openfhe,16,32768,42,38,15,16,1,1,14,512,32,1220,6,360,1580,16,612,360,972,4,309,167,1,
openfhe,16,32768,42,38,15,16,1,1,14,512,32,1220,5,300,1520,16,612,300,912,5,271,227,1,
openfhe,16,32768,42,38,15,16,1,1,14,512,32,1220,4,240,1460,16,612,240,852,6,233,287,1,
openfhe,16,32768,42,38,15,16,1,1,14,512,32,1220,4,240,1460,16,612,240,852,7,195,287,1,
openfhe,16,32768,42,38,15,16,1,1,14,512,32,1220,3,180,1400,16,612,180,792,8,157,347,1,
openfhe,16,32768,42,38,15,16,1,1,14,512,32,1220,2,120,1340,16,612,120,732,11,118,407,1,
openfhe,16,32768,42,38,15,16,1,1,14,512,32,1220,2,120,1340,16,612,120,732,16,81,407,1,
openfhe,16,32768,42,38,15,16,1,1,14,512,32,1220,1,60,1280,16,612,60,672,32,42,467,1,
openfhe,16,32768,42,38,16,16,1,1,14,512,,,,,,,,,,1,,,0,예측 탈락(§8.5 규칙4): logQ 1258 + 예측 logP 1260 > 1747+60 → 컨텍스트 미생성
openfhe,16,32768,42,38,16,16,1,1,14,512,,,,,,,,,,2,,,0,예측 탈락(§8.5 규칙4): logQ 1258 + 예측 logP 660 > 1747+60 → 컨텍스트 미생성
openfhe,16,32768,42,38,16,16,1,1,14,512,33,1258,8,480,1738,17,650,480,1130,3,422,9,1,
openfhe,16,32768,42,38,16,16,1,1,14,512,33,1258,6,360,1618,17,650,360,1010,4,346,129,1,
openfhe,16,32768,42,38,16,16,1,1,14,512,33,1258,5,300,1558,17,650,300,950,5,270,189,1,
openfhe,16,32768,42,38,16,16,1,1,14,512,33,1258,4,240,1498,17,650,240,890,6,232,249,1,
openfhe,16,32768,42,38,16,16,1,1,14,512,33,1258,4,240,1498,17,650,240,890,7,194,249,1,
openfhe,16,32768,42,38,16,16,1,1,14,512,33,1258,3,180,1438,17,650,180,830,9,156,309,1,
openfhe,16,32768,42,38,16,16,1,1,14,512,33,1258,2,120,1378,17,650,120,770,11,118,369,1,
openfhe,16,32768,42,38,16,16,1,1,14,512,33,1258,2,120,1378,17,650,120,770,17,80,369,1,
openfhe,16,32768,42,38,16,16,1,1,14,512,33,1258,1,60,1318,17,650,60,710,33,42,429,1,
openfhe,16,32768,42,38,15,18,2,2,14,512,,,,,,,,,,1,,,0,예측 탈락(§8.5 규칙4): logQ 1296 + 예측 logP 1320 > 1747+60 → 컨텍스트 미생성
openfhe,16,32768,42,38,17,16,1,1,14,512,,,,,,,,,,1,,,0,예측 탈락(§8.5 규칙4): logQ 1296 + 예측 logP 1320 > 1747+60 → 컨텍스트 미생성
openfhe,16,32768,42,38,15,18,2,2,14,512,,,,,,,,,,2,,,0,예측 탈락(§8.5 규칙4): logQ 1296 + 예측 logP 660 > 1747+60 → 컨텍스트 미생성
openfhe,16,32768,42,38,17,16,1,1,14,512,,,,,,,,,,2,,,0,예측 탈락(§8.5 규칙4): logQ 1296 + 예측 logP 660 > 1747+60 → 컨텍스트 미생성
openfhe,16,32768,42,38,15,18,2,2,14,512,34,1296,8,480,1776,16,612,480,1092,3,461,-29,0,logQP_boot 1776 > 1747
openfhe,16,32768,42,38,17,16,1,1,14,512,34,1296,8,480,1776,18,688,480,1168,3,461,-29,0,logQP_boot 1776 > 1747
openfhe,16,32768,42,38,15,18,2,2,14,512,34,1296,6,360,1656,16,612,360,972,4,346,91,1,
openfhe,16,32768,42,38,17,16,1,1,14,512,34,1296,6,360,1656,18,688,360,1048,4,346,91,1,
openfhe,16,32768,42,38,15,18,2,2,14,512,34,1296,5,300,1596,16,612,300,912,5,270,151,1,
openfhe,16,32768,42,38,17,16,1,1,14,512,34,1296,5,300,1596,18,688,300,988,5,270,151,1,
openfhe,16,32768,42,38,15,18,2,2,14,512,34,1296,4,240,1536,16,612,240,852,6,233,211,1,
openfhe,16,32768,42,38,17,16,1,1,14,512,34,1296,4,240,1536,18,688,240,928,6,233,211,1,
openfhe,16,32768,42,38,15,18,2,2,14,512,34,1296,4,240,1536,16,612,240,852,7,194,211,1,
openfhe,16,32768,42,38,17,16,1,1,14,512,34,1296,4,240,1536,18,688,240,928,7,194,211,1,
openfhe,16,32768,42,38,15,18,2,2,14,512,34,1296,3,180,1476,16,612,180,792,9,157,271,1,
openfhe,16,32768,42,38,17,16,1,1,14,512,34,1296,3,180,1476,18,688,180,868,9,157,271,1,
openfhe,16,32768,42,38,15,18,2,2,14,512,34,1296,2,120,1416,16,612,120,732,12,118,331,1,
openfhe,16,32768,42,38,17,16,1,1,14,512,34,1296,2,120,1416,18,688,120,808,12,118,331,1,
openfhe,16,32768,42,38,15,18,2,2,14,512,34,1296,2,120,1416,16,612,120,732,17,81,331,1,
openfhe,16,32768,42,38,17,16,1,1,14,512,34,1296,2,120,1416,18,688,120,808,17,81,331,1,
openfhe,16,32768,42,38,15,18,2,2,14,512,34,1296,1,60,1356,16,612,60,672,34,42,391,1,
openfhe,16,32768,42,38,17,16,1,1,14,512,34,1296,1,60,1356,18,688,60,748,34,42,391,1,
openfhe,16,32768,42,38,16,18,2,2,14,512,,,,,,,,,,1,,,0,예측 탈락(§8.5 규칙4): logQ 1334 + 예측 logP 1380 > 1747+60 → 컨텍스트 미생성
openfhe,16,32768,42,38,18,16,1,1,14,512,,,,,,,,,,1,,,0,예측 탈락(§8.5 규칙4): logQ 1334 + 예측 logP 1380 > 1747+60 → 컨텍스트 미생성
openfhe,16,32768,42,38,16,18,2,2,14,512,,,,,,,,,,2,,,0,예측 탈락(§8.5 규칙4): logQ 1334 + 예측 logP 720 > 1747+60 → 컨텍스트 미생성
openfhe,16,32768,42,38,18,16,1,1,14,512,,,,,,,,,,2,,,0,예측 탈락(§8.5 규칙4): logQ 1334 + 예측 logP 720 > 1747+60 → 컨텍스트 미생성
openfhe,16,32768,42,38,16,18,2,2,14,512,,,,,,,,,,3,,,0,예측 탈락(§8.5 규칙4): logQ 1334 + 예측 logP 480 > 1747+60 → 컨텍스트 미생성
openfhe,16,32768,42,38,18,16,1,1,14,512,,,,,,,,,,3,,,0,예측 탈락(§8.5 규칙4): logQ 1334 + 예측 logP 480 > 1747+60 → 컨텍스트 미생성
openfhe,16,32768,42,38,16,18,2,2,14,512,35,1334,6,360,1694,17,650,360,1010,4,346,53,1,
openfhe,16,32768,42,38,18,16,1,1,14,512,35,1334,6,360,1694,19,726,360,1086,4,346,53,1,
openfhe,16,32768,42,38,16,18,2,2,14,512,35,1334,5,300,1634,17,650,300,950,5,270,113,1,
openfhe,16,32768,42,38,18,16,1,1,14,512,35,1334,5,300,1634,19,726,300,1026,5,270,113,1,
openfhe,16,32768,42,38,16,18,2,2,14,512,35,1334,4,240,1574,17,650,240,890,6,232,173,1,
openfhe,16,32768,42,38,18,16,1,1,14,512,35,1334,4,240,1574,19,726,240,966,6,232,173,1,
openfhe,16,32768,42,38,16,18,2,2,14,512,35,1334,4,240,1574,17,650,240,890,7,194,173,1,
openfhe,16,32768,42,38,18,16,1,1,14,512,35,1334,4,240,1574,19,726,240,966,7,194,173,1,
openfhe,16,32768,42,38,16,18,2,2,14,512,35,1334,3,180,1514,17,650,180,830,9,156,233,1,
openfhe,16,32768,42,38,18,16,1,1,14,512,35,1334,3,180,1514,19,726,180,906,9,156,233,1,
openfhe,16,32768,42,38,16,18,2,2,14,512,35,1334,2,120,1454,17,650,120,770,12,118,293,1,
openfhe,16,32768,42,38,18,16,1,1,14,512,35,1334,2,120,1454,19,726,120,846,12,118,293,1,
openfhe,16,32768,42,38,16,18,2,2,14,512,35,1334,2,120,1454,17,650,120,770,18,80,293,1,
openfhe,16,32768,42,38,18,16,1,1,14,512,35,1334,2,120,1454,19,726,120,846,18,80,293,1,
openfhe,16,32768,42,38,16,18,2,2,14,512,35,1334,1,60,1394,17,650,60,710,35,42,353,1,
openfhe,16,32768,42,38,18,16,1,1,14,512,35,1334,1,60,1394,19,726,60,786,35,42,353,1,
openfhe,16,32768,42,38,15,20,3,3,14,512,,,,,,,,,,1,,,0,예측 탈락(§8.5 규칙4): logQ 1372 + 예측 logP 1380 > 1747+60 → 컨텍스트 미생성
openfhe,16,32768,42,38,17,18,2,2,14,512,,,,,,,,,,1,,,0,예측 탈락(§8.5 규칙4): logQ 1372 + 예측 logP 1380 > 1747+60 → 컨텍스트 미생성
openfhe,16,32768,42,38,19,16,1,1,14,512,,,,,,,,,,1,,,0,예측 탈락(§8.5 규칙4): logQ 1372 + 예측 logP 1380 > 1747+60 → 컨텍스트 미생성
openfhe,16,32768,42,38,15,20,3,3,14,512,,,,,,,,,,2,,,0,예측 탈락(§8.5 규칙4): logQ 1372 + 예측 logP 720 > 1747+60 → 컨텍스트 미생성
openfhe,16,32768,42,38,17,18,2,2,14,512,,,,,,,,,,2,,,0,예측 탈락(§8.5 규칙4): logQ 1372 + 예측 logP 720 > 1747+60 → 컨텍스트 미생성
openfhe,16,32768,42,38,19,16,1,1,14,512,,,,,,,,,,2,,,0,예측 탈락(§8.5 규칙4): logQ 1372 + 예측 logP 720 > 1747+60 → 컨텍스트 미생성
openfhe,16,32768,42,38,15,20,3,3,14,512,,,,,,,,,,3,,,0,예측 탈락(§8.5 규칙4): logQ 1372 + 예측 logP 480 > 1747+60 → 컨텍스트 미생성
openfhe,16,32768,42,38,17,18,2,2,14,512,,,,,,,,,,3,,,0,예측 탈락(§8.5 규칙4): logQ 1372 + 예측 logP 480 > 1747+60 → 컨텍스트 미생성
openfhe,16,32768,42,38,19,16,1,1,14,512,,,,,,,,,,3,,,0,예측 탈락(§8.5 규칙4): logQ 1372 + 예측 logP 480 > 1747+60 → 컨텍스트 미생성
openfhe,16,32768,42,38,15,20,3,3,14,512,36,1372,6,360,1732,16,612,360,972,4,346,15,1,
openfhe,16,32768,42,38,17,18,2,2,14,512,36,1372,6,360,1732,18,688,360,1048,4,346,15,1,
openfhe,16,32768,42,38,19,16,1,1,14,512,36,1372,6,360,1732,20,764,360,1124,4,346,15,1,
openfhe,16,32768,42,38,15,20,3,3,14,512,36,1372,6,360,1732,16,612,360,972,5,309,15,1,
openfhe,16,32768,42,38,17,18,2,2,14,512,36,1372,6,360,1732,18,688,360,1048,5,309,15,1,
openfhe,16,32768,42,38,19,16,1,1,14,512,36,1372,6,360,1732,20,764,360,1124,5,309,15,1,
openfhe,16,32768,42,38,15,20,3,3,14,512,36,1372,4,240,1612,16,612,240,852,6,233,135,1,
openfhe,16,32768,42,38,17,18,2,2,14,512,36,1372,4,240,1612,18,688,240,928,6,233,135,1,
openfhe,16,32768,42,38,19,16,1,1,14,512,36,1372,4,240,1612,20,764,240,1004,6,233,135,1,
openfhe,16,32768,42,38,15,20,3,3,14,512,36,1372,4,240,1612,16,612,240,852,8,194,135,1,
openfhe,16,32768,42,38,17,18,2,2,14,512,36,1372,4,240,1612,18,688,240,928,8,194,135,1,
openfhe,16,32768,42,38,19,16,1,1,14,512,36,1372,4,240,1612,20,764,240,1004,8,194,135,1,
openfhe,16,32768,42,38,15,20,3,3,14,512,36,1372,3,180,1552,16,612,180,792,9,157,195,1,
openfhe,16,32768,42,38,17,18,2,2,14,512,36,1372,3,180,1552,18,688,180,868,9,157,195,1,
openfhe,16,32768,42,38,19,16,1,1,14,512,36,1372,3,180,1552,20,764,180,944,9,157,195,1,
openfhe,16,32768,42,38,15,20,3,3,14,512,36,1372,2,120,1492,16,612,120,732,12,118,255,1,
openfhe,16,32768,42,38,17,18,2,2,14,512,36,1372,2,120,1492,18,688,120,808,12,118,255,1,
openfhe,16,32768,42,38,19,16,1,1,14,512,36,1372,2,120,1492,20,764,120,884,12,118,255,1,
openfhe,16,32768,42,38,15,20,3,3,14,512,36,1372,2,120,1492,16,612,120,732,18,81,255,1,
openfhe,16,32768,42,38,17,18,2,2,14,512,36,1372,2,120,1492,18,688,120,808,18,81,255,1,
openfhe,16,32768,42,38,19,16,1,1,14,512,36,1372,2,120,1492,20,764,120,884,18,81,255,1,
openfhe,16,32768,42,38,15,20,3,3,14,512,36,1372,1,60,1432,16,612,60,672,36,42,315,1,
openfhe,16,32768,42,38,17,18,2,2,14,512,36,1372,1,60,1432,18,688,60,748,36,42,315,1,
openfhe,16,32768,42,38,19,16,1,1,14,512,36,1372,1,60,1432,20,764,60,824,36,42,315,1,
openfhe,16,32768,42,38,15,21,3,4,14,512,,,,,,,,,,1,,,0,예측 탈락(§8.5 규칙4): logQ 1410 + 예측 logP 1440 > 1747+60 → 컨텍스트 미생성
openfhe,16,32768,42,38,15,21,4,3,14,512,,,,,,,,,,1,,,0,예측 탈락(§8.5 규칙4): logQ 1410 + 예측 logP 1440 > 1747+60 → 컨텍스트 미생성
openfhe,16,32768,42,38,16,20,3,3,14,512,,,,,,,,,,1,,,0,예측 탈락(§8.5 규칙4): logQ 1410 + 예측 logP 1440 > 1747+60 → 컨텍스트 미생성
openfhe,16,32768,42,38,18,18,2,2,14,512,,,,,,,,,,1,,,0,예측 탈락(§8.5 규칙4): logQ 1410 + 예측 logP 1440 > 1747+60 → 컨텍스트 미생성
openfhe,16,32768,42,38,20,16,1,1,14,512,,,,,,,,,,1,,,0,예측 탈락(§8.5 규칙4): logQ 1410 + 예측 logP 1440 > 1747+60 → 컨텍스트 미생성
openfhe,16,32768,42,38,15,21,3,4,14,512,,,,,,,,,,2,,,0,예측 탈락(§8.5 규칙4): logQ 1410 + 예측 logP 780 > 1747+60 → 컨텍스트 미생성
openfhe,16,32768,42,38,15,21,4,3,14,512,,,,,,,,,,2,,,0,예측 탈락(§8.5 규칙4): logQ 1410 + 예측 logP 780 > 1747+60 → 컨텍스트 미생성
openfhe,16,32768,42,38,16,20,3,3,14,512,,,,,,,,,,2,,,0,예측 탈락(§8.5 규칙4): logQ 1410 + 예측 logP 780 > 1747+60 → 컨텍스트 미생성
openfhe,16,32768,42,38,18,18,2,2,14,512,,,,,,,,,,2,,,0,예측 탈락(§8.5 규칙4): logQ 1410 + 예측 logP 780 > 1747+60 → 컨텍스트 미생성
openfhe,16,32768,42,38,20,16,1,1,14,512,,,,,,,,,,2,,,0,예측 탈락(§8.5 규칙4): logQ 1410 + 예측 logP 780 > 1747+60 → 컨텍스트 미생성
openfhe,16,32768,42,38,15,21,3,4,14,512,,,,,,,,,,3,,,0,예측 탈락(§8.5 규칙4): logQ 1410 + 예측 logP 540 > 1747+60 → 컨텍스트 미생성
openfhe,16,32768,42,38,15,21,4,3,14,512,,,,,,,,,,3,,,0,예측 탈락(§8.5 규칙4): logQ 1410 + 예측 logP 540 > 1747+60 → 컨텍스트 미생성
openfhe,16,32768,42,38,16,20,3,3,14,512,,,,,,,,,,3,,,0,예측 탈락(§8.5 규칙4): logQ 1410 + 예측 logP 540 > 1747+60 → 컨텍스트 미생성
openfhe,16,32768,42,38,18,18,2,2,14,512,,,,,,,,,,3,,,0,예측 탈락(§8.5 규칙4): logQ 1410 + 예측 logP 540 > 1747+60 → 컨텍스트 미생성
openfhe,16,32768,42,38,20,16,1,1,14,512,,,,,,,,,,3,,,0,예측 탈락(§8.5 규칙4): logQ 1410 + 예측 logP 540 > 1747+60 → 컨텍스트 미생성
openfhe,16,32768,42,38,15,21,3,4,14,512,,,,,,,,,,4,,,0,예측 탈락(§8.5 규칙4): logQ 1410 + 예측 logP 420 > 1747+60 → 컨텍스트 미생성
openfhe,16,32768,42,38,15,21,4,3,14,512,,,,,,,,,,4,,,0,예측 탈락(§8.5 규칙4): logQ 1410 + 예측 logP 420 > 1747+60 → 컨텍스트 미생성
openfhe,16,32768,42,38,16,20,3,3,14,512,,,,,,,,,,4,,,0,예측 탈락(§8.5 규칙4): logQ 1410 + 예측 logP 420 > 1747+60 → 컨텍스트 미생성
openfhe,16,32768,42,38,18,18,2,2,14,512,,,,,,,,,,4,,,0,예측 탈락(§8.5 규칙4): logQ 1410 + 예측 logP 420 > 1747+60 → 컨텍스트 미생성
openfhe,16,32768,42,38,20,16,1,1,14,512,,,,,,,,,,4,,,0,예측 탈락(§8.5 규칙4): logQ 1410 + 예측 logP 420 > 1747+60 → 컨텍스트 미생성
openfhe,16,32768,42,38,15,21,3,4,14,512,37,1410,6,360,1770,16,612,360,972,5,308,-23,0,logQP_boot 1770 > 1747
openfhe,16,32768,42,38,15,21,4,3,14,512,37,1410,6,360,1770,16,612,360,972,5,308,-23,0,logQP_boot 1770 > 1747
openfhe,16,32768,42,38,16,20,3,3,14,512,37,1410,6,360,1770,17,650,360,1010,5,308,-23,0,logQP_boot 1770 > 1747
openfhe,16,32768,42,38,18,18,2,2,14,512,37,1410,6,360,1770,19,726,360,1086,5,308,-23,0,logQP_boot 1770 > 1747
openfhe,16,32768,42,38,20,16,1,1,14,512,37,1410,6,360,1770,21,802,360,1162,5,308,-23,0,logQP_boot 1770 > 1747
openfhe,16,32768,42,38,15,21,3,4,14,512,37,1410,5,300,1710,16,612,300,912,6,270,37,1,
openfhe,16,32768,42,38,15,21,4,3,14,512,37,1410,5,300,1710,16,612,300,912,6,270,37,1,
openfhe,16,32768,42,38,16,20,3,3,14,512,37,1410,5,300,1710,17,650,300,950,6,270,37,1,
openfhe,16,32768,42,38,18,18,2,2,14,512,37,1410,5,300,1710,19,726,300,1026,6,270,37,1,
openfhe,16,32768,42,38,20,16,1,1,14,512,37,1410,5,300,1710,21,802,300,1102,6,270,37,1,
openfhe,16,32768,42,38,15,21,3,4,14,512,37,1410,4,240,1650,16,612,240,852,7,232,97,1,
openfhe,16,32768,42,38,15,21,4,3,14,512,37,1410,4,240,1650,16,612,240,852,7,232,97,1,
openfhe,16,32768,42,38,16,20,3,3,14,512,37,1410,4,240,1650,17,650,240,890,7,232,97,1,
openfhe,16,32768,42,38,18,18,2,2,14,512,37,1410,4,240,1650,19,726,240,966,7,232,97,1,
openfhe,16,32768,42,38,20,16,1,1,14,512,37,1410,4,240,1650,21,802,240,1042,7,232,97,1,
openfhe,16,32768,42,38,15,21,3,4,14,512,37,1410,4,240,1650,16,612,240,852,8,194,97,1,
openfhe,16,32768,42,38,15,21,4,3,14,512,37,1410,4,240,1650,16,612,240,852,8,194,97,1,
openfhe,16,32768,42,38,16,20,3,3,14,512,37,1410,4,240,1650,17,650,240,890,8,194,97,1,
openfhe,16,32768,42,38,18,18,2,2,14,512,37,1410,4,240,1650,19,726,240,966,8,194,97,1,
openfhe,16,32768,42,38,20,16,1,1,14,512,37,1410,4,240,1650,21,802,240,1042,8,194,97,1,
openfhe,16,32768,42,38,15,21,3,4,14,512,37,1410,3,180,1590,16,612,180,792,10,156,157,1,
openfhe,16,32768,42,38,15,21,4,3,14,512,37,1410,3,180,1590,16,612,180,792,10,156,157,1,
openfhe,16,32768,42,38,16,20,3,3,14,512,37,1410,3,180,1590,17,650,180,830,10,156,157,1,
openfhe,16,32768,42,38,18,18,2,2,14,512,37,1410,3,180,1590,19,726,180,906,10,156,157,1,
openfhe,16,32768,42,38,20,16,1,1,14,512,37,1410,3,180,1590,21,802,180,982,10,156,157,1,
openfhe,16,32768,42,38,15,21,3,4,14,512,37,1410,2,120,1530,16,612,120,732,13,118,217,1,
openfhe,16,32768,42,38,15,21,4,3,14,512,37,1410,2,120,1530,16,612,120,732,13,118,217,1,
openfhe,16,32768,42,38,16,20,3,3,14,512,37,1410,2,120,1530,17,650,120,770,13,118,217,1,
openfhe,16,32768,42,38,18,18,2,2,14,512,37,1410,2,120,1530,19,726,120,846,13,118,217,1,
openfhe,16,32768,42,38,20,16,1,1,14,512,37,1410,2,120,1530,21,802,120,922,13,118,217,1,
openfhe,16,32768,42,38,15,21,3,4,14,512,37,1410,2,120,1530,16,612,120,732,19,80,217,1,
openfhe,16,32768,42,38,15,21,4,3,14,512,37,1410,2,120,1530,16,612,120,732,19,80,217,1,
openfhe,16,32768,42,38,16,20,3,3,14,512,37,1410,2,120,1530,17,650,120,770,19,80,217,1,
openfhe,16,32768,42,38,18,18,2,2,14,512,37,1410,2,120,1530,19,726,120,846,19,80,217,1,
openfhe,16,32768,42,38,20,16,1,1,14,512,37,1410,2,120,1530,21,802,120,922,19,80,217,1,
openfhe,16,32768,42,38,15,21,3,4,14,512,37,1410,1,60,1470,16,612,60,672,37,42,277,1,
openfhe,16,32768,42,38,15,21,4,3,14,512,37,1410,1,60,1470,16,612,60,672,37,42,277,1,
openfhe,16,32768,42,38,16,20,3,3,14,512,37,1410,1,60,1470,17,650,60,710,37,42,277,1,
openfhe,16,32768,42,38,18,18,2,2,14,512,37,1410,1,60,1470,19,726,60,786,37,42,277,1,
openfhe,16,32768,42,38,20,16,1,1,14,512,37,1410,1,60,1470,21,802,60,862,37,42,277,1,
openfhe,16,32768,42,38,15,22,4,4,14,512,,,,,,,,,,1,,,0,예측 탈락(§8.5 규칙4): logQ 1448 + 예측 logP 1500 > 1747+60 → 컨텍스트 미생성
openfhe,16,32768,42,38,16,21,3,4,14,512,,,,,,,,,,1,,,0,예측 탈락(§8.5 규칙4): logQ 1448 + 예측 logP 1500 > 1747+60 → 컨텍스트 미생성
openfhe,16,32768,42,38,16,21,4,3,14,512,,,,,,,,,,1,,,0,예측 탈락(§8.5 규칙4): logQ 1448 + 예측 logP 1500 > 1747+60 → 컨텍스트 미생성
openfhe,16,32768,42,38,17,20,3,3,14,512,,,,,,,,,,1,,,0,예측 탈락(§8.5 규칙4): logQ 1448 + 예측 logP 1500 > 1747+60 → 컨텍스트 미생성
openfhe,16,32768,42,38,19,18,2,2,14,512,,,,,,,,,,1,,,0,예측 탈락(§8.5 규칙4): logQ 1448 + 예측 logP 1500 > 1747+60 → 컨텍스트 미생성
openfhe,16,32768,42,38,15,22,4,4,14,512,,,,,,,,,,2,,,0,예측 탈락(§8.5 규칙4): logQ 1448 + 예측 logP 780 > 1747+60 → 컨텍스트 미생성
openfhe,16,32768,42,38,16,21,3,4,14,512,,,,,,,,,,2,,,0,예측 탈락(§8.5 규칙4): logQ 1448 + 예측 logP 780 > 1747+60 → 컨텍스트 미생성
openfhe,16,32768,42,38,16,21,4,3,14,512,,,,,,,,,,2,,,0,예측 탈락(§8.5 규칙4): logQ 1448 + 예측 logP 780 > 1747+60 → 컨텍스트 미생성
openfhe,16,32768,42,38,17,20,3,3,14,512,,,,,,,,,,2,,,0,예측 탈락(§8.5 규칙4): logQ 1448 + 예측 logP 780 > 1747+60 → 컨텍스트 미생성
openfhe,16,32768,42,38,19,18,2,2,14,512,,,,,,,,,,2,,,0,예측 탈락(§8.5 규칙4): logQ 1448 + 예측 logP 780 > 1747+60 → 컨텍스트 미생성
openfhe,16,32768,42,38,15,22,4,4,14,512,,,,,,,,,,3,,,0,예측 탈락(§8.5 규칙4): logQ 1448 + 예측 logP 540 > 1747+60 → 컨텍스트 미생성
openfhe,16,32768,42,38,16,21,3,4,14,512,,,,,,,,,,3,,,0,예측 탈락(§8.5 규칙4): logQ 1448 + 예측 logP 540 > 1747+60 → 컨텍스트 미생성
openfhe,16,32768,42,38,16,21,4,3,14,512,,,,,,,,,,3,,,0,예측 탈락(§8.5 규칙4): logQ 1448 + 예측 logP 540 > 1747+60 → 컨텍스트 미생성
openfhe,16,32768,42,38,17,20,3,3,14,512,,,,,,,,,,3,,,0,예측 탈락(§8.5 규칙4): logQ 1448 + 예측 logP 540 > 1747+60 → 컨텍스트 미생성
openfhe,16,32768,42,38,19,18,2,2,14,512,,,,,,,,,,3,,,0,예측 탈락(§8.5 규칙4): logQ 1448 + 예측 logP 540 > 1747+60 → 컨텍스트 미생성
openfhe,16,32768,42,38,15,22,4,4,14,512,,,,,,,,,,4,,,0,예측 탈락(§8.5 규칙4): logQ 1448 + 예측 logP 420 > 1747+60 → 컨텍스트 미생성
openfhe,16,32768,42,38,16,21,3,4,14,512,,,,,,,,,,4,,,0,예측 탈락(§8.5 규칙4): logQ 1448 + 예측 logP 420 > 1747+60 → 컨텍스트 미생성
openfhe,16,32768,42,38,16,21,4,3,14,512,,,,,,,,,,4,,,0,예측 탈락(§8.5 규칙4): logQ 1448 + 예측 logP 420 > 1747+60 → 컨텍스트 미생성
openfhe,16,32768,42,38,17,20,3,3,14,512,,,,,,,,,,4,,,0,예측 탈락(§8.5 규칙4): logQ 1448 + 예측 logP 420 > 1747+60 → 컨텍스트 미생성
openfhe,16,32768,42,38,19,18,2,2,14,512,,,,,,,,,,4,,,0,예측 탈락(§8.5 규칙4): logQ 1448 + 예측 logP 420 > 1747+60 → 컨텍스트 미생성
openfhe,16,32768,42,38,15,22,4,4,14,512,,,,,,,,,,5,,,0,예측 탈락(§8.5 규칙4): logQ 1448 + 예측 logP 360 > 1747+60 → 컨텍스트 미생성
openfhe,16,32768,42,38,16,21,3,4,14,512,,,,,,,,,,5,,,0,예측 탈락(§8.5 규칙4): logQ 1448 + 예측 logP 360 > 1747+60 → 컨텍스트 미생성
openfhe,16,32768,42,38,16,21,4,3,14,512,,,,,,,,,,5,,,0,예측 탈락(§8.5 규칙4): logQ 1448 + 예측 logP 360 > 1747+60 → 컨텍스트 미생성
openfhe,16,32768,42,38,17,20,3,3,14,512,,,,,,,,,,5,,,0,예측 탈락(§8.5 규칙4): logQ 1448 + 예측 logP 360 > 1747+60 → 컨텍스트 미생성
openfhe,16,32768,42,38,19,18,2,2,14,512,,,,,,,,,,5,,,0,예측 탈락(§8.5 규칙4): logQ 1448 + 예측 logP 360 > 1747+60 → 컨텍스트 미생성
openfhe,16,32768,42,38,15,22,4,4,14,512,38,1448,5,300,1748,16,612,300,912,6,270,-1,0,logQP_boot 1748 > 1747
openfhe,16,32768,42,38,16,21,3,4,14,512,38,1448,5,300,1748,17,650,300,950,6,270,-1,0,logQP_boot 1748 > 1747
openfhe,16,32768,42,38,16,21,4,3,14,512,38,1448,5,300,1748,17,650,300,950,6,270,-1,0,logQP_boot 1748 > 1747
openfhe,16,32768,42,38,17,20,3,3,14,512,38,1448,5,300,1748,18,688,300,988,6,270,-1,0,logQP_boot 1748 > 1747
openfhe,16,32768,42,38,19,18,2,2,14,512,38,1448,5,300,1748,20,764,300,1064,6,270,-1,0,logQP_boot 1748 > 1747
openfhe,16,32768,42,38,15,22,4,4,14,512,38,1448,4,240,1688,16,612,240,852,7,233,59,1,
openfhe,16,32768,42,38,16,21,3,4,14,512,38,1448,4,240,1688,17,650,240,890,7,233,59,1,
openfhe,16,32768,42,38,16,21,4,3,14,512,38,1448,4,240,1688,17,650,240,890,7,233,59,1,
openfhe,16,32768,42,38,17,20,3,3,14,512,38,1448,4,240,1688,18,688,240,928,7,233,59,1,
openfhe,16,32768,42,38,19,18,2,2,14,512,38,1448,4,240,1688,20,764,240,1004,7,233,59,1,
openfhe,16,32768,42,38,15,22,4,4,14,512,38,1448,4,240,1688,16,612,240,852,8,194,59,1,
openfhe,16,32768,42,38,16,21,3,4,14,512,38,1448,4,240,1688,17,650,240,890,8,194,59,1,
openfhe,16,32768,42,38,16,21,4,3,14,512,38,1448,4,240,1688,17,650,240,890,8,194,59,1,
openfhe,16,32768,42,38,17,20,3,3,14,512,38,1448,4,240,1688,18,688,240,928,8,194,59,1,
openfhe,16,32768,42,38,19,18,2,2,14,512,38,1448,4,240,1688,20,764,240,1004,8,194,59,1,
openfhe,16,32768,42,38,15,22,4,4,14,512,38,1448,3,180,1628,16,612,180,792,10,157,119,1,
openfhe,16,32768,42,38,16,21,3,4,14,512,38,1448,3,180,1628,17,650,180,830,10,157,119,1,
openfhe,16,32768,42,38,16,21,4,3,14,512,38,1448,3,180,1628,17,650,180,830,10,157,119,1,
openfhe,16,32768,42,38,17,20,3,3,14,512,38,1448,3,180,1628,18,688,180,868,10,157,119,1,
openfhe,16,32768,42,38,19,18,2,2,14,512,38,1448,3,180,1628,20,764,180,944,10,157,119,1,
openfhe,16,32768,42,38,15,22,4,4,14,512,38,1448,2,120,1568,16,612,120,732,13,118,179,1,
openfhe,16,32768,42,38,16,21,3,4,14,512,38,1448,2,120,1568,17,650,120,770,13,118,179,1,
openfhe,16,32768,42,38,16,21,4,3,14,512,38,1448,2,120,1568,17,650,120,770,13,118,179,1,
openfhe,16,32768,42,38,17,20,3,3,14,512,38,1448,2,120,1568,18,688,120,808,13,118,179,1,
openfhe,16,32768,42,38,19,18,2,2,14,512,38,1448,2,120,1568,20,764,120,884,13,118,179,1,
openfhe,16,32768,42,38,15,22,4,4,14,512,38,1448,2,120,1568,16,612,120,732,19,81,179,1,
openfhe,16,32768,42,38,16,21,3,4,14,512,38,1448,2,120,1568,17,650,120,770,19,81,179,1,
openfhe,16,32768,42,38,16,21,4,3,14,512,38,1448,2,120,1568,17,650,120,770,19,81,179,1,
openfhe,16,32768,42,38,17,20,3,3,14,512,38,1448,2,120,1568,18,688,120,808,19,81,179,1,
openfhe,16,32768,42,38,19,18,2,2,14,512,38,1448,2,120,1568,20,764,120,884,19,81,179,1,
openfhe,16,32768,42,38,15,22,4,4,14,512,38,1448,1,60,1508,16,612,60,672,38,42,239,1,
openfhe,16,32768,42,38,16,21,3,4,14,512,38,1448,1,60,1508,17,650,60,710,38,42,239,1,
openfhe,16,32768,42,38,16,21,4,3,14,512,38,1448,1,60,1508,17,650,60,710,38,42,239,1,
openfhe,16,32768,42,38,17,20,3,3,14,512,38,1448,1,60,1508,18,688,60,748,38,42,239,1,
openfhe,16,32768,42,38,19,18,2,2,14,512,38,1448,1,60,1508,20,764,60,824,38,42,239,1,
openfhe,16,32768,42,38,16,22,4,4,14,512,,,,,,,,,,1,,,0,예측 탈락(§8.5 규칙4): logQ 1486 + 예측 logP 1500 > 1747+60 → 컨텍스트 미생성
openfhe,16,32768,42,38,17,21,3,4,14,512,,,,,,,,,,1,,,0,예측 탈락(§8.5 규칙4): logQ 1486 + 예측 logP 1500 > 1747+60 → 컨텍스트 미생성
openfhe,16,32768,42,38,17,21,4,3,14,512,,,,,,,,,,1,,,0,예측 탈락(§8.5 규칙4): logQ 1486 + 예측 logP 1500 > 1747+60 → 컨텍스트 미생성
openfhe,16,32768,42,38,18,20,3,3,14,512,,,,,,,,,,1,,,0,예측 탈락(§8.5 규칙4): logQ 1486 + 예측 logP 1500 > 1747+60 → 컨텍스트 미생성
openfhe,16,32768,42,38,20,18,2,2,14,512,,,,,,,,,,1,,,0,예측 탈락(§8.5 규칙4): logQ 1486 + 예측 logP 1500 > 1747+60 → 컨텍스트 미생성
openfhe,16,32768,42,38,16,22,4,4,14,512,,,,,,,,,,2,,,0,예측 탈락(§8.5 규칙4): logQ 1486 + 예측 logP 780 > 1747+60 → 컨텍스트 미생성
openfhe,16,32768,42,38,17,21,3,4,14,512,,,,,,,,,,2,,,0,예측 탈락(§8.5 규칙4): logQ 1486 + 예측 logP 780 > 1747+60 → 컨텍스트 미생성
openfhe,16,32768,42,38,17,21,4,3,14,512,,,,,,,,,,2,,,0,예측 탈락(§8.5 규칙4): logQ 1486 + 예측 logP 780 > 1747+60 → 컨텍스트 미생성
openfhe,16,32768,42,38,18,20,3,3,14,512,,,,,,,,,,2,,,0,예측 탈락(§8.5 규칙4): logQ 1486 + 예측 logP 780 > 1747+60 → 컨텍스트 미생성
openfhe,16,32768,42,38,20,18,2,2,14,512,,,,,,,,,,2,,,0,예측 탈락(§8.5 규칙4): logQ 1486 + 예측 logP 780 > 1747+60 → 컨텍스트 미생성
openfhe,16,32768,42,38,16,22,4,4,14,512,,,,,,,,,,3,,,0,예측 탈락(§8.5 규칙4): logQ 1486 + 예측 logP 540 > 1747+60 → 컨텍스트 미생성
openfhe,16,32768,42,38,17,21,3,4,14,512,,,,,,,,,,3,,,0,예측 탈락(§8.5 규칙4): logQ 1486 + 예측 logP 540 > 1747+60 → 컨텍스트 미생성
openfhe,16,32768,42,38,17,21,4,3,14,512,,,,,,,,,,3,,,0,예측 탈락(§8.5 규칙4): logQ 1486 + 예측 logP 540 > 1747+60 → 컨텍스트 미생성
openfhe,16,32768,42,38,18,20,3,3,14,512,,,,,,,,,,3,,,0,예측 탈락(§8.5 규칙4): logQ 1486 + 예측 logP 540 > 1747+60 → 컨텍스트 미생성
openfhe,16,32768,42,38,20,18,2,2,14,512,,,,,,,,,,3,,,0,예측 탈락(§8.5 규칙4): logQ 1486 + 예측 logP 540 > 1747+60 → 컨텍스트 미생성
openfhe,16,32768,42,38,16,22,4,4,14,512,,,,,,,,,,4,,,0,예측 탈락(§8.5 규칙4): logQ 1486 + 예측 logP 420 > 1747+60 → 컨텍스트 미생성
openfhe,16,32768,42,38,17,21,3,4,14,512,,,,,,,,,,4,,,0,예측 탈락(§8.5 규칙4): logQ 1486 + 예측 logP 420 > 1747+60 → 컨텍스트 미생성
openfhe,16,32768,42,38,17,21,4,3,14,512,,,,,,,,,,4,,,0,예측 탈락(§8.5 규칙4): logQ 1486 + 예측 logP 420 > 1747+60 → 컨텍스트 미생성
openfhe,16,32768,42,38,18,20,3,3,14,512,,,,,,,,,,4,,,0,예측 탈락(§8.5 규칙4): logQ 1486 + 예측 logP 420 > 1747+60 → 컨텍스트 미생성
openfhe,16,32768,42,38,20,18,2,2,14,512,,,,,,,,,,4,,,0,예측 탈락(§8.5 규칙4): logQ 1486 + 예측 logP 420 > 1747+60 → 컨텍스트 미생성
openfhe,16,32768,42,38,16,22,4,4,14,512,,,,,,,,,,5,,,0,예측 탈락(§8.5 규칙4): logQ 1486 + 예측 logP 360 > 1747+60 → 컨텍스트 미생성
openfhe,16,32768,42,38,17,21,3,4,14,512,,,,,,,,,,5,,,0,예측 탈락(§8.5 규칙4): logQ 1486 + 예측 logP 360 > 1747+60 → 컨텍스트 미생성
openfhe,16,32768,42,38,17,21,4,3,14,512,,,,,,,,,,5,,,0,예측 탈락(§8.5 규칙4): logQ 1486 + 예측 logP 360 > 1747+60 → 컨텍스트 미생성
openfhe,16,32768,42,38,18,20,3,3,14,512,,,,,,,,,,5,,,0,예측 탈락(§8.5 규칙4): logQ 1486 + 예측 logP 360 > 1747+60 → 컨텍스트 미생성
openfhe,16,32768,42,38,20,18,2,2,14,512,,,,,,,,,,5,,,0,예측 탈락(§8.5 규칙4): logQ 1486 + 예측 logP 360 > 1747+60 → 컨텍스트 미생성
openfhe,16,32768,42,38,16,22,4,4,14,512,39,1486,5,300,1786,17,650,300,950,6,270,-39,0,logQP_boot 1786 > 1747
openfhe,16,32768,42,38,17,21,3,4,14,512,39,1486,5,300,1786,18,688,300,988,6,270,-39,0,logQP_boot 1786 > 1747
openfhe,16,32768,42,38,17,21,4,3,14,512,39,1486,5,300,1786,18,688,300,988,6,270,-39,0,logQP_boot 1786 > 1747
openfhe,16,32768,42,38,18,20,3,3,14,512,39,1486,5,300,1786,19,726,300,1026,6,270,-39,0,logQP_boot 1786 > 1747
openfhe,16,32768,42,38,20,18,2,2,14,512,39,1486,5,300,1786,21,802,300,1102,6,270,-39,0,logQP_boot 1786 > 1747
openfhe,16,32768,42,38,16,22,4,4,14,512,39,1486,4,240,1726,17,650,240,890,7,232,21,1,
openfhe,16,32768,42,38,17,21,3,4,14,512,39,1486,4,240,1726,18,688,240,928,7,232,21,1,
openfhe,16,32768,42,38,17,21,4,3,14,512,39,1486,4,240,1726,18,688,240,928,7,232,21,1,
openfhe,16,32768,42,38,18,20,3,3,14,512,39,1486,4,240,1726,19,726,240,966,7,232,21,1,
openfhe,16,32768,42,38,20,18,2,2,14,512,39,1486,4,240,1726,21,802,240,1042,7,232,21,1,
openfhe,16,32768,42,38,16,22,4,4,14,512,39,1486,4,240,1726,17,650,240,890,8,194,21,1,
openfhe,16,32768,42,38,17,21,3,4,14,512,39,1486,4,240,1726,18,688,240,928,8,194,21,1,
openfhe,16,32768,42,38,17,21,4,3,14,512,39,1486,4,240,1726,18,688,240,928,8,194,21,1,
openfhe,16,32768,42,38,18,20,3,3,14,512,39,1486,4,240,1726,19,726,240,966,8,194,21,1,
openfhe,16,32768,42,38,20,18,2,2,14,512,39,1486,4,240,1726,21,802,240,1042,8,194,21,1,
openfhe,16,32768,42,38,16,22,4,4,14,512,39,1486,3,180,1666,17,650,180,830,10,156,81,1,
openfhe,16,32768,42,38,17,21,3,4,14,512,39,1486,3,180,1666,18,688,180,868,10,156,81,1,
openfhe,16,32768,42,38,17,21,4,3,14,512,39,1486,3,180,1666,18,688,180,868,10,156,81,1,
openfhe,16,32768,42,38,18,20,3,3,14,512,39,1486,3,180,1666,19,726,180,906,10,156,81,1,
openfhe,16,32768,42,38,20,18,2,2,14,512,39,1486,3,180,1666,21,802,180,982,10,156,81,1,
openfhe,16,32768,42,38,16,22,4,4,14,512,39,1486,2,120,1606,17,650,120,770,13,118,141,1,
openfhe,16,32768,42,38,17,21,3,4,14,512,39,1486,2,120,1606,18,688,120,808,13,118,141,1,
openfhe,16,32768,42,38,17,21,4,3,14,512,39,1486,2,120,1606,18,688,120,808,13,118,141,1,
openfhe,16,32768,42,38,18,20,3,3,14,512,39,1486,2,120,1606,19,726,120,846,13,118,141,1,
openfhe,16,32768,42,38,20,18,2,2,14,512,39,1486,2,120,1606,21,802,120,922,13,118,141,1,
openfhe,16,32768,42,38,16,22,4,4,14,512,39,1486,2,120,1606,17,650,120,770,20,80,141,1,
openfhe,16,32768,42,38,17,21,3,4,14,512,39,1486,2,120,1606,18,688,120,808,20,80,141,1,
openfhe,16,32768,42,38,17,21,4,3,14,512,39,1486,2,120,1606,18,688,120,808,20,80,141,1,
openfhe,16,32768,42,38,18,20,3,3,14,512,39,1486,2,120,1606,19,726,120,846,20,80,141,1,
openfhe,16,32768,42,38,20,18,2,2,14,512,39,1486,2,120,1606,21,802,120,922,20,80,141,1,
openfhe,16,32768,42,38,16,22,4,4,14,512,39,1486,1,60,1546,17,650,60,710,39,42,201,1,
openfhe,16,32768,42,38,17,21,3,4,14,512,39,1486,1,60,1546,18,688,60,748,39,42,201,1,
openfhe,16,32768,42,38,17,21,4,3,14,512,39,1486,1,60,1546,18,688,60,748,39,42,201,1,
openfhe,16,32768,42,38,18,20,3,3,14,512,39,1486,1,60,1546,19,726,60,786,39,42,201,1,
openfhe,16,32768,42,38,20,18,2,2,14,512,39,1486,1,60,1546,21,802,60,862,39,42,201,1,
openfhe,16,32768,42,38,17,22,4,4,14,512,,,,,,,,,,1,,,0,예측 탈락(§8.5 규칙4): logQ 1524 + 예측 logP 1560 > 1747+60 → 컨텍스트 미생성
openfhe,16,32768,42,38,18,21,3,4,14,512,,,,,,,,,,1,,,0,예측 탈락(§8.5 규칙4): logQ 1524 + 예측 logP 1560 > 1747+60 → 컨텍스트 미생성
openfhe,16,32768,42,38,18,21,4,3,14,512,,,,,,,,,,1,,,0,예측 탈락(§8.5 규칙4): logQ 1524 + 예측 logP 1560 > 1747+60 → 컨텍스트 미생성
openfhe,16,32768,42,38,19,20,3,3,14,512,,,,,,,,,,1,,,0,예측 탈락(§8.5 규칙4): logQ 1524 + 예측 logP 1560 > 1747+60 → 컨텍스트 미생성
openfhe,16,32768,42,38,17,22,4,4,14,512,,,,,,,,,,2,,,0,예측 탈락(§8.5 규칙4): logQ 1524 + 예측 logP 780 > 1747+60 → 컨텍스트 미생성
openfhe,16,32768,42,38,18,21,3,4,14,512,,,,,,,,,,2,,,0,예측 탈락(§8.5 규칙4): logQ 1524 + 예측 logP 780 > 1747+60 → 컨텍스트 미생성
openfhe,16,32768,42,38,18,21,4,3,14,512,,,,,,,,,,2,,,0,예측 탈락(§8.5 규칙4): logQ 1524 + 예측 logP 780 > 1747+60 → 컨텍스트 미생성
openfhe,16,32768,42,38,19,20,3,3,14,512,,,,,,,,,,2,,,0,예측 탈락(§8.5 규칙4): logQ 1524 + 예측 logP 780 > 1747+60 → 컨텍스트 미생성
openfhe,16,32768,42,38,17,22,4,4,14,512,,,,,,,,,,3,,,0,예측 탈락(§8.5 규칙4): logQ 1524 + 예측 logP 540 > 1747+60 → 컨텍스트 미생성
openfhe,16,32768,42,38,18,21,3,4,14,512,,,,,,,,,,3,,,0,예측 탈락(§8.5 규칙4): logQ 1524 + 예측 logP 540 > 1747+60 → 컨텍스트 미생성
openfhe,16,32768,42,38,18,21,4,3,14,512,,,,,,,,,,3,,,0,예측 탈락(§8.5 규칙4): logQ 1524 + 예측 logP 540 > 1747+60 → 컨텍스트 미생성
openfhe,16,32768,42,38,19,20,3,3,14,512,,,,,,,,,,3,,,0,예측 탈락(§8.5 규칙4): logQ 1524 + 예측 logP 540 > 1747+60 → 컨텍스트 미생성
openfhe,16,32768,42,38,17,22,4,4,14,512,,,,,,,,,,4,,,0,예측 탈락(§8.5 규칙4): logQ 1524 + 예측 logP 420 > 1747+60 → 컨텍스트 미생성
openfhe,16,32768,42,38,18,21,3,4,14,512,,,,,,,,,,4,,,0,예측 탈락(§8.5 규칙4): logQ 1524 + 예측 logP 420 > 1747+60 → 컨텍스트 미생성
openfhe,16,32768,42,38,18,21,4,3,14,512,,,,,,,,,,4,,,0,예측 탈락(§8.5 규칙4): logQ 1524 + 예측 logP 420 > 1747+60 → 컨텍스트 미생성
openfhe,16,32768,42,38,19,20,3,3,14,512,,,,,,,,,,4,,,0,예측 탈락(§8.5 규칙4): logQ 1524 + 예측 logP 420 > 1747+60 → 컨텍스트 미생성
openfhe,16,32768,42,38,17,22,4,4,14,512,,,,,,,,,,5,,,0,예측 탈락(§8.5 규칙4): logQ 1524 + 예측 logP 360 > 1747+60 → 컨텍스트 미생성
openfhe,16,32768,42,38,18,21,3,4,14,512,,,,,,,,,,5,,,0,예측 탈락(§8.5 규칙4): logQ 1524 + 예측 logP 360 > 1747+60 → 컨텍스트 미생성
openfhe,16,32768,42,38,18,21,4,3,14,512,,,,,,,,,,5,,,0,예측 탈락(§8.5 규칙4): logQ 1524 + 예측 logP 360 > 1747+60 → 컨텍스트 미생성
openfhe,16,32768,42,38,19,20,3,3,14,512,,,,,,,,,,5,,,0,예측 탈락(§8.5 규칙4): logQ 1524 + 예측 logP 360 > 1747+60 → 컨텍스트 미생성
openfhe,16,32768,42,38,17,22,4,4,14,512,,,,,,,,,,6,,,0,예측 탈락(§8.5 규칙4): logQ 1524 + 예측 logP 300 > 1747+60 → 컨텍스트 미생성
openfhe,16,32768,42,38,18,21,3,4,14,512,,,,,,,,,,6,,,0,예측 탈락(§8.5 규칙4): logQ 1524 + 예측 logP 300 > 1747+60 → 컨텍스트 미생성
openfhe,16,32768,42,38,18,21,4,3,14,512,,,,,,,,,,6,,,0,예측 탈락(§8.5 규칙4): logQ 1524 + 예측 logP 300 > 1747+60 → 컨텍스트 미생성
openfhe,16,32768,42,38,19,20,3,3,14,512,,,,,,,,,,6,,,0,예측 탈락(§8.5 규칙4): logQ 1524 + 예측 logP 300 > 1747+60 → 컨텍스트 미생성
openfhe,16,32768,42,38,17,22,4,4,14,512,40,1524,4,240,1764,18,688,240,928,7,233,-17,0,logQP_boot 1764 > 1747
openfhe,16,32768,42,38,18,21,3,4,14,512,40,1524,4,240,1764,19,726,240,966,7,233,-17,0,logQP_boot 1764 > 1747
openfhe,16,32768,42,38,18,21,4,3,14,512,40,1524,4,240,1764,19,726,240,966,7,233,-17,0,logQP_boot 1764 > 1747
openfhe,16,32768,42,38,19,20,3,3,14,512,40,1524,4,240,1764,20,764,240,1004,7,233,-17,0,logQP_boot 1764 > 1747
openfhe,16,32768,42,38,17,22,4,4,14,512,40,1524,4,240,1764,18,688,240,928,8,194,-17,0,logQP_boot 1764 > 1747
openfhe,16,32768,42,38,18,21,3,4,14,512,40,1524,4,240,1764,19,726,240,966,8,194,-17,0,logQP_boot 1764 > 1747
openfhe,16,32768,42,38,18,21,4,3,14,512,40,1524,4,240,1764,19,726,240,966,8,194,-17,0,logQP_boot 1764 > 1747
openfhe,16,32768,42,38,19,20,3,3,14,512,40,1524,4,240,1764,20,764,240,1004,8,194,-17,0,logQP_boot 1764 > 1747
openfhe,16,32768,42,38,17,22,4,4,14,512,40,1524,3,180,1704,18,688,180,868,10,157,43,1,
openfhe,16,32768,42,38,18,21,3,4,14,512,40,1524,3,180,1704,19,726,180,906,10,157,43,1,
openfhe,16,32768,42,38,18,21,4,3,14,512,40,1524,3,180,1704,19,726,180,906,10,157,43,1,
openfhe,16,32768,42,38,19,20,3,3,14,512,40,1524,3,180,1704,20,764,180,944,10,157,43,1,
openfhe,16,32768,42,38,17,22,4,4,14,512,40,1524,2,120,1644,18,688,120,808,14,118,103,1,
openfhe,16,32768,42,38,18,21,3,4,14,512,40,1524,2,120,1644,19,726,120,846,14,118,103,1,
openfhe,16,32768,42,38,18,21,4,3,14,512,40,1524,2,120,1644,19,726,120,846,14,118,103,1,
openfhe,16,32768,42,38,19,20,3,3,14,512,40,1524,2,120,1644,20,764,120,884,14,118,103,1,
openfhe,16,32768,42,38,17,22,4,4,14,512,40,1524,2,120,1644,18,688,120,808,20,81,103,1,
openfhe,16,32768,42,38,18,21,3,4,14,512,40,1524,2,120,1644,19,726,120,846,20,81,103,1,
openfhe,16,32768,42,38,18,21,4,3,14,512,40,1524,2,120,1644,19,726,120,846,20,81,103,1,
openfhe,16,32768,42,38,19,20,3,3,14,512,40,1524,2,120,1644,20,764,120,884,20,81,103,1,
openfhe,16,32768,42,38,17,22,4,4,14,512,40,1524,1,60,1584,18,688,60,748,40,42,163,1,
openfhe,16,32768,42,38,18,21,3,4,14,512,40,1524,1,60,1584,19,726,60,786,40,42,163,1,
openfhe,16,32768,42,38,18,21,4,3,14,512,40,1524,1,60,1584,19,726,60,786,40,42,163,1,
openfhe,16,32768,42,38,19,20,3,3,14,512,40,1524,1,60,1584,20,764,60,824,40,42,163,1,
openfhe,16,32768,42,38,18,22,4,4,14,512,,,,,,,,,,1,,,0,예측 탈락(§8.5 규칙4): logQ 1562 + 예측 logP 1620 > 1747+60 → 컨텍스트 미생성
openfhe,16,32768,42,38,19,21,3,4,14,512,,,,,,,,,,1,,,0,예측 탈락(§8.5 규칙4): logQ 1562 + 예측 logP 1620 > 1747+60 → 컨텍스트 미생성
openfhe,16,32768,42,38,19,21,4,3,14,512,,,,,,,,,,1,,,0,예측 탈락(§8.5 규칙4): logQ 1562 + 예측 logP 1620 > 1747+60 → 컨텍스트 미생성
openfhe,16,32768,42,38,20,20,3,3,14,512,,,,,,,,,,1,,,0,예측 탈락(§8.5 규칙4): logQ 1562 + 예측 logP 1620 > 1747+60 → 컨텍스트 미생성
openfhe,16,32768,42,38,18,22,4,4,14,512,,,,,,,,,,2,,,0,예측 탈락(§8.5 규칙4): logQ 1562 + 예측 logP 840 > 1747+60 → 컨텍스트 미생성
openfhe,16,32768,42,38,19,21,3,4,14,512,,,,,,,,,,2,,,0,예측 탈락(§8.5 규칙4): logQ 1562 + 예측 logP 840 > 1747+60 → 컨텍스트 미생성
openfhe,16,32768,42,38,19,21,4,3,14,512,,,,,,,,,,2,,,0,예측 탈락(§8.5 규칙4): logQ 1562 + 예측 logP 840 > 1747+60 → 컨텍스트 미생성
openfhe,16,32768,42,38,20,20,3,3,14,512,,,,,,,,,,2,,,0,예측 탈락(§8.5 규칙4): logQ 1562 + 예측 logP 840 > 1747+60 → 컨텍스트 미생성
openfhe,16,32768,42,38,18,22,4,4,14,512,,,,,,,,,,3,,,0,예측 탈락(§8.5 규칙4): logQ 1562 + 예측 logP 540 > 1747+60 → 컨텍스트 미생성
openfhe,16,32768,42,38,19,21,3,4,14,512,,,,,,,,,,3,,,0,예측 탈락(§8.5 규칙4): logQ 1562 + 예측 logP 540 > 1747+60 → 컨텍스트 미생성
openfhe,16,32768,42,38,19,21,4,3,14,512,,,,,,,,,,3,,,0,예측 탈락(§8.5 규칙4): logQ 1562 + 예측 logP 540 > 1747+60 → 컨텍스트 미생성
openfhe,16,32768,42,38,20,20,3,3,14,512,,,,,,,,,,3,,,0,예측 탈락(§8.5 규칙4): logQ 1562 + 예측 logP 540 > 1747+60 → 컨텍스트 미생성
openfhe,16,32768,42,38,18,22,4,4,14,512,,,,,,,,,,4,,,0,예측 탈락(§8.5 규칙4): logQ 1562 + 예측 logP 480 > 1747+60 → 컨텍스트 미생성
openfhe,16,32768,42,38,19,21,3,4,14,512,,,,,,,,,,4,,,0,예측 탈락(§8.5 규칙4): logQ 1562 + 예측 logP 480 > 1747+60 → 컨텍스트 미생성
openfhe,16,32768,42,38,19,21,4,3,14,512,,,,,,,,,,4,,,0,예측 탈락(§8.5 규칙4): logQ 1562 + 예측 logP 480 > 1747+60 → 컨텍스트 미생성
openfhe,16,32768,42,38,20,20,3,3,14,512,,,,,,,,,,4,,,0,예측 탈락(§8.5 규칙4): logQ 1562 + 예측 logP 480 > 1747+60 → 컨텍스트 미생성
openfhe,16,32768,42,38,18,22,4,4,14,512,,,,,,,,,,5,,,0,예측 탈락(§8.5 규칙4): logQ 1562 + 예측 logP 360 > 1747+60 → 컨텍스트 미생성
openfhe,16,32768,42,38,19,21,3,4,14,512,,,,,,,,,,5,,,0,예측 탈락(§8.5 규칙4): logQ 1562 + 예측 logP 360 > 1747+60 → 컨텍스트 미생성
openfhe,16,32768,42,38,19,21,4,3,14,512,,,,,,,,,,5,,,0,예측 탈락(§8.5 규칙4): logQ 1562 + 예측 logP 360 > 1747+60 → 컨텍스트 미생성
openfhe,16,32768,42,38,20,20,3,3,14,512,,,,,,,,,,5,,,0,예측 탈락(§8.5 규칙4): logQ 1562 + 예측 logP 360 > 1747+60 → 컨텍스트 미생성
openfhe,16,32768,42,38,18,22,4,4,14,512,,,,,,,,,,6,,,0,예측 탈락(§8.5 규칙4): logQ 1562 + 예측 logP 300 > 1747+60 → 컨텍스트 미생성
openfhe,16,32768,42,38,19,21,3,4,14,512,,,,,,,,,,6,,,0,예측 탈락(§8.5 규칙4): logQ 1562 + 예측 logP 300 > 1747+60 → 컨텍스트 미생성
openfhe,16,32768,42,38,19,21,4,3,14,512,,,,,,,,,,6,,,0,예측 탈락(§8.5 규칙4): logQ 1562 + 예측 logP 300 > 1747+60 → 컨텍스트 미생성
openfhe,16,32768,42,38,20,20,3,3,14,512,,,,,,,,,,6,,,0,예측 탈락(§8.5 규칙4): logQ 1562 + 예측 logP 300 > 1747+60 → 컨텍스트 미생성
openfhe,16,32768,42,38,18,22,4,4,14,512,41,1562,4,240,1802,19,726,240,966,7,232,-55,0,logQP_boot 1802 > 1747
openfhe,16,32768,42,38,19,21,3,4,14,512,41,1562,4,240,1802,20,764,240,1004,7,232,-55,0,logQP_boot 1802 > 1747
openfhe,16,32768,42,38,19,21,4,3,14,512,41,1562,4,240,1802,20,764,240,1004,7,232,-55,0,logQP_boot 1802 > 1747
openfhe,16,32768,42,38,20,20,3,3,14,512,41,1562,4,240,1802,21,802,240,1042,7,232,-55,0,logQP_boot 1802 > 1747
openfhe,16,32768,42,38,18,22,4,4,14,512,41,1562,4,240,1802,19,726,240,966,9,194,-55,0,logQP_boot 1802 > 1747
openfhe,16,32768,42,38,19,21,3,4,14,512,41,1562,4,240,1802,20,764,240,1004,9,194,-55,0,logQP_boot 1802 > 1747
openfhe,16,32768,42,38,19,21,4,3,14,512,41,1562,4,240,1802,20,764,240,1004,9,194,-55,0,logQP_boot 1802 > 1747
openfhe,16,32768,42,38,20,20,3,3,14,512,41,1562,4,240,1802,21,802,240,1042,9,194,-55,0,logQP_boot 1802 > 1747
openfhe,16,32768,42,38,18,22,4,4,14,512,41,1562,3,180,1742,19,726,180,906,11,156,5,1,
openfhe,16,32768,42,38,19,21,3,4,14,512,41,1562,3,180,1742,20,764,180,944,11,156,5,1,
openfhe,16,32768,42,38,19,21,4,3,14,512,41,1562,3,180,1742,20,764,180,944,11,156,5,1,
openfhe,16,32768,42,38,20,20,3,3,14,512,41,1562,3,180,1742,21,802,180,982,11,156,5,1,
openfhe,16,32768,42,38,18,22,4,4,14,512,41,1562,2,120,1682,19,726,120,846,14,118,65,1,
openfhe,16,32768,42,38,19,21,3,4,14,512,41,1562,2,120,1682,20,764,120,884,14,118,65,1,
openfhe,16,32768,42,38,19,21,4,3,14,512,41,1562,2,120,1682,20,764,120,884,14,118,65,1,
openfhe,16,32768,42,38,20,20,3,3,14,512,41,1562,2,120,1682,21,802,120,922,14,118,65,1,
openfhe,16,32768,42,38,18,22,4,4,14,512,41,1562,2,120,1682,19,726,120,846,21,80,65,1,
openfhe,16,32768,42,38,19,21,3,4,14,512,41,1562,2,120,1682,20,764,120,884,21,80,65,1,
openfhe,16,32768,42,38,19,21,4,3,14,512,41,1562,2,120,1682,20,764,120,884,21,80,65,1,
openfhe,16,32768,42,38,20,20,3,3,14,512,41,1562,2,120,1682,21,802,120,922,21,80,65,1,
openfhe,16,32768,42,38,18,22,4,4,14,512,41,1562,1,60,1622,19,726,60,786,41,42,125,1,
openfhe,16,32768,42,38,19,21,3,4,14,512,41,1562,1,60,1622,20,764,60,824,41,42,125,1,
openfhe,16,32768,42,38,19,21,4,3,14,512,41,1562,1,60,1622,20,764,60,824,41,42,125,1,
openfhe,16,32768,42,38,20,20,3,3,14,512,41,1562,1,60,1622,21,802,60,862,41,42,125,1,
openfhe,16,32768,42,38,19,22,4,4,14,512,,,,,,,,,,1,,,0,예측 탈락(§8.5 규칙4): logQ 1600 + 예측 logP 1620 > 1747+60 → 컨텍스트 미생성
openfhe,16,32768,42,38,20,21,3,4,14,512,,,,,,,,,,1,,,0,예측 탈락(§8.5 규칙4): logQ 1600 + 예측 logP 1620 > 1747+60 → 컨텍스트 미생성
openfhe,16,32768,42,38,20,21,4,3,14,512,,,,,,,,,,1,,,0,예측 탈락(§8.5 규칙4): logQ 1600 + 예측 logP 1620 > 1747+60 → 컨텍스트 미생성
openfhe,16,32768,42,38,19,22,4,4,14,512,,,,,,,,,,2,,,0,예측 탈락(§8.5 규칙4): logQ 1600 + 예측 logP 840 > 1747+60 → 컨텍스트 미생성
openfhe,16,32768,42,38,20,21,3,4,14,512,,,,,,,,,,2,,,0,예측 탈락(§8.5 규칙4): logQ 1600 + 예측 logP 840 > 1747+60 → 컨텍스트 미생성
openfhe,16,32768,42,38,20,21,4,3,14,512,,,,,,,,,,2,,,0,예측 탈락(§8.5 규칙4): logQ 1600 + 예측 logP 840 > 1747+60 → 컨텍스트 미생성
openfhe,16,32768,42,38,19,22,4,4,14,512,,,,,,,,,,3,,,0,예측 탈락(§8.5 규칙4): logQ 1600 + 예측 logP 540 > 1747+60 → 컨텍스트 미생성
openfhe,16,32768,42,38,20,21,3,4,14,512,,,,,,,,,,3,,,0,예측 탈락(§8.5 규칙4): logQ 1600 + 예측 logP 540 > 1747+60 → 컨텍스트 미생성
openfhe,16,32768,42,38,20,21,4,3,14,512,,,,,,,,,,3,,,0,예측 탈락(§8.5 규칙4): logQ 1600 + 예측 logP 540 > 1747+60 → 컨텍스트 미생성
openfhe,16,32768,42,38,19,22,4,4,14,512,,,,,,,,,,4,,,0,예측 탈락(§8.5 규칙4): logQ 1600 + 예측 logP 480 > 1747+60 → 컨텍스트 미생성
openfhe,16,32768,42,38,20,21,3,4,14,512,,,,,,,,,,4,,,0,예측 탈락(§8.5 규칙4): logQ 1600 + 예측 logP 480 > 1747+60 → 컨텍스트 미생성
openfhe,16,32768,42,38,20,21,4,3,14,512,,,,,,,,,,4,,,0,예측 탈락(§8.5 규칙4): logQ 1600 + 예측 logP 480 > 1747+60 → 컨텍스트 미생성
openfhe,16,32768,42,38,19,22,4,4,14,512,,,,,,,,,,5,,,0,예측 탈락(§8.5 규칙4): logQ 1600 + 예측 logP 360 > 1747+60 → 컨텍스트 미생성
openfhe,16,32768,42,38,20,21,3,4,14,512,,,,,,,,,,5,,,0,예측 탈락(§8.5 규칙4): logQ 1600 + 예측 logP 360 > 1747+60 → 컨텍스트 미생성
openfhe,16,32768,42,38,20,21,4,3,14,512,,,,,,,,,,5,,,0,예측 탈락(§8.5 규칙4): logQ 1600 + 예측 logP 360 > 1747+60 → 컨텍스트 미생성
openfhe,16,32768,42,38,19,22,4,4,14,512,,,,,,,,,,6,,,0,예측 탈락(§8.5 규칙4): logQ 1600 + 예측 logP 300 > 1747+60 → 컨텍스트 미생성
openfhe,16,32768,42,38,20,21,3,4,14,512,,,,,,,,,,6,,,0,예측 탈락(§8.5 규칙4): logQ 1600 + 예측 logP 300 > 1747+60 → 컨텍스트 미생성
openfhe,16,32768,42,38,20,21,4,3,14,512,,,,,,,,,,6,,,0,예측 탈락(§8.5 규칙4): logQ 1600 + 예측 logP 300 > 1747+60 → 컨텍스트 미생성
openfhe,16,32768,42,38,19,22,4,4,14,512,,,,,,,,,,7,,,0,예측 탈락(§8.5 규칙4): logQ 1600 + 예측 logP 240 > 1747+60 → 컨텍스트 미생성
openfhe,16,32768,42,38,20,21,3,4,14,512,,,,,,,,,,7,,,0,예측 탈락(§8.5 규칙4): logQ 1600 + 예측 logP 240 > 1747+60 → 컨텍스트 미생성
openfhe,16,32768,42,38,20,21,4,3,14,512,,,,,,,,,,7,,,0,예측 탈락(§8.5 규칙4): logQ 1600 + 예측 logP 240 > 1747+60 → 컨텍스트 미생성
openfhe,16,32768,42,38,19,22,4,4,14,512,,,,,,,,,,9,,,0,예측 탈락(§8.5 규칙4): logQ 1600 + 예측 logP 240 > 1747+60 → 컨텍스트 미생성
openfhe,16,32768,42,38,20,21,3,4,14,512,,,,,,,,,,9,,,0,예측 탈락(§8.5 규칙4): logQ 1600 + 예측 logP 240 > 1747+60 → 컨텍스트 미생성
openfhe,16,32768,42,38,20,21,4,3,14,512,,,,,,,,,,9,,,0,예측 탈락(§8.5 규칙4): logQ 1600 + 예측 logP 240 > 1747+60 → 컨텍스트 미생성
openfhe,16,32768,42,38,19,22,4,4,14,512,42,1600,3,180,1780,20,764,180,944,11,157,-33,0,logQP_boot 1780 > 1747
openfhe,16,32768,42,38,20,21,3,4,14,512,42,1600,3,180,1780,21,802,180,982,11,157,-33,0,logQP_boot 1780 > 1747
openfhe,16,32768,42,38,20,21,4,3,14,512,42,1600,3,180,1780,21,802,180,982,11,157,-33,0,logQP_boot 1780 > 1747
openfhe,16,32768,42,38,19,22,4,4,14,512,42,1600,2,120,1720,20,764,120,884,14,118,27,1,
openfhe,16,32768,42,38,20,21,3,4,14,512,42,1600,2,120,1720,21,802,120,922,14,118,27,1,
openfhe,16,32768,42,38,20,21,4,3,14,512,42,1600,2,120,1720,21,802,120,922,14,118,27,1,
openfhe,16,32768,42,38,19,22,4,4,14,512,42,1600,2,120,1720,20,764,120,884,21,81,27,1,
openfhe,16,32768,42,38,20,21,3,4,14,512,42,1600,2,120,1720,21,802,120,922,21,81,27,1,
openfhe,16,32768,42,38,20,21,4,3,14,512,42,1600,2,120,1720,21,802,120,922,21,81,27,1,
openfhe,16,32768,42,38,19,22,4,4,14,512,42,1600,1,60,1660,20,764,60,824,42,42,87,1,
openfhe,16,32768,42,38,20,21,3,4,14,512,42,1600,1,60,1660,21,802,60,862,42,42,87,1,
openfhe,16,32768,42,38,20,21,4,3,14,512,42,1600,1,60,1660,21,802,60,862,42,42,87,1,
openfhe,16,32768,42,38,20,22,4,4,14,512,,,,,,,,,,1,,,0,예측 탈락(§8.5 규칙4): logQ 1638 + 예측 logP 1680 > 1747+60 → 컨텍스트 미생성
openfhe,16,32768,42,38,20,22,4,4,14,512,,,,,,,,,,2,,,0,예측 탈락(§8.5 규칙4): logQ 1638 + 예측 logP 840 > 1747+60 → 컨텍스트 미생성
openfhe,16,32768,42,38,20,22,4,4,14,512,,,,,,,,,,3,,,0,예측 탈락(§8.5 규칙4): logQ 1638 + 예측 logP 600 > 1747+60 → 컨텍스트 미생성
openfhe,16,32768,42,38,20,22,4,4,14,512,,,,,,,,,,4,,,0,예측 탈락(§8.5 규칙4): logQ 1638 + 예측 logP 480 > 1747+60 → 컨텍스트 미생성
openfhe,16,32768,42,38,20,22,4,4,14,512,,,,,,,,,,5,,,0,예측 탈락(§8.5 규칙4): logQ 1638 + 예측 logP 360 > 1747+60 → 컨텍스트 미생성
openfhe,16,32768,42,38,20,22,4,4,14,512,,,,,,,,,,6,,,0,예측 탈락(§8.5 규칙4): logQ 1638 + 예측 logP 360 > 1747+60 → 컨텍스트 미생성
openfhe,16,32768,42,38,20,22,4,4,14,512,,,,,,,,,,7,,,0,예측 탈락(§8.5 규칙4): logQ 1638 + 예측 logP 300 > 1747+60 → 컨텍스트 미생성
openfhe,16,32768,42,38,20,22,4,4,14,512,,,,,,,,,,8,,,0,예측 탈락(§8.5 규칙4): logQ 1638 + 예측 logP 240 > 1747+60 → 컨텍스트 미생성
openfhe,16,32768,42,38,20,22,4,4,14,512,,,,,,,,,,9,,,0,예측 탈락(§8.5 규칙4): logQ 1638 + 예측 logP 240 > 1747+60 → 컨텍스트 미생성
openfhe,16,32768,42,38,20,22,4,4,14,512,,,,,,,,,,11,,,0,예측 탈락(§8.5 규칙4): logQ 1638 + 예측 logP 180 > 1747+60 → 컨텍스트 미생성
openfhe,16,32768,42,38,20,22,4,4,14,512,43,1638,2,120,1758,21,802,120,922,15,118,-11,0,logQP_boot 1758 > 1747
openfhe,16,32768,42,38,20,22,4,4,14,512,43,1638,2,120,1758,21,802,120,922,22,80,-11,0,logQP_boot 1758 > 1747
openfhe,16,32768,42,38,20,22,4,4,14,512,43,1638,1,60,1698,21,802,60,862,43,42,49,1,
openfhe,16,32768,42,40,15,16,1,1,14,512,,,,,,,,,,1,,,0,예측 탈락(§8.5 규칙4): logQ 1282 + 예측 logP 1320 > 1747+60 → 컨텍스트 미생성
openfhe,16,32768,42,40,15,16,1,1,14,512,,,,,,,,,,2,,,0,예측 탈락(§8.5 규칙4): logQ 1282 + 예측 logP 660 > 1747+60 → 컨텍스트 미생성
openfhe,16,32768,42,40,15,16,1,1,14,512,32,1282,8,480,1762,16,642,480,1122,3,443,-15,0,logQP_boot 1762 > 1747
openfhe,16,32768,42,40,15,16,1,1,14,512,32,1282,6,360,1642,16,642,360,1002,4,323,105,1,
openfhe,16,32768,42,40,15,16,1,1,14,512,32,1282,5,300,1582,16,642,300,942,5,283,165,1,
openfhe,16,32768,42,40,15,16,1,1,14,512,32,1282,5,300,1582,16,642,300,942,6,243,165,1,
openfhe,16,32768,42,40,15,16,1,1,14,512,32,1282,4,240,1522,16,642,240,882,7,203,225,1,
openfhe,16,32768,42,40,15,16,1,1,14,512,32,1282,3,180,1462,16,642,180,822,8,163,285,1,
openfhe,16,32768,42,40,15,16,1,1,14,512,32,1282,3,180,1462,16,642,180,822,11,123,285,1,
openfhe,16,32768,42,40,15,16,1,1,14,512,32,1282,2,120,1402,16,642,120,762,16,83,345,1,
openfhe,16,32768,42,40,15,16,1,1,14,512,32,1282,1,60,1342,16,642,60,702,32,42,405,1,
openfhe,16,32768,42,40,16,16,1,1,14,512,,,,,,,,,,1,,,0,예측 탈락(§8.5 규칙4): logQ 1322 + 예측 logP 1380 > 1747+60 → 컨텍스트 미생성
openfhe,16,32768,42,40,16,16,1,1,14,512,,,,,,,,,,2,,,0,예측 탈락(§8.5 규칙4): logQ 1322 + 예측 logP 720 > 1747+60 → 컨텍스트 미생성
openfhe,16,32768,42,40,16,16,1,1,14,512,33,1322,8,480,1802,17,682,480,1162,3,443,-55,0,logQP_boot 1802 > 1747
openfhe,16,32768,42,40,16,16,1,1,14,512,33,1322,7,420,1742,17,682,420,1102,4,363,5,1,
openfhe,16,32768,42,40,16,16,1,1,14,512,33,1322,5,300,1622,17,682,300,982,5,283,125,1,
openfhe,16,32768,42,40,16,16,1,1,14,512,33,1322,5,300,1622,17,682,300,982,6,242,125,1,
openfhe,16,32768,42,40,16,16,1,1,14,512,33,1322,4,240,1562,17,682,240,922,7,203,185,1,
openfhe,16,32768,42,40,16,16,1,1,14,512,33,1322,3,180,1502,17,682,180,862,9,162,245,1,
openfhe,16,32768,42,40,16,16,1,1,14,512,33,1322,3,180,1502,17,682,180,862,11,123,245,1,
openfhe,16,32768,42,40,16,16,1,1,14,512,33,1322,2,120,1442,17,682,120,802,17,82,305,1,
openfhe,16,32768,42,40,16,16,1,1,14,512,33,1322,1,60,1382,17,682,60,742,33,42,365,1,
openfhe,16,32768,42,40,15,18,2,2,14,512,,,,,,,,,,1,,,0,예측 탈락(§8.5 규칙4): logQ 1362 + 예측 logP 1380 > 1747+60 → 컨텍스트 미생성
openfhe,16,32768,42,40,17,16,1,1,14,512,,,,,,,,,,1,,,0,예측 탈락(§8.5 규칙4): logQ 1362 + 예측 logP 1380 > 1747+60 → 컨텍스트 미생성
openfhe,16,32768,42,40,15,18,2,2,14,512,,,,,,,,,,2,,,0,예측 탈락(§8.5 규칙4): logQ 1362 + 예측 logP 720 > 1747+60 → 컨텍스트 미생성
openfhe,16,32768,42,40,17,16,1,1,14,512,,,,,,,,,,2,,,0,예측 탈락(§8.5 규칙4): logQ 1362 + 예측 logP 720 > 1747+60 → 컨텍스트 미생성
openfhe,16,32768,42,40,15,18,2,2,14,512,,,,,,,,,,3,,,0,예측 탈락(§8.5 규칙4): logQ 1362 + 예측 logP 540 > 1747+60 → 컨텍스트 미생성
openfhe,16,32768,42,40,17,16,1,1,14,512,,,,,,,,,,3,,,0,예측 탈락(§8.5 규칙4): logQ 1362 + 예측 logP 540 > 1747+60 → 컨텍스트 미생성
openfhe,16,32768,42,40,15,18,2,2,14,512,34,1362,7,420,1782,16,642,420,1062,4,363,-35,0,logQP_boot 1782 > 1747
openfhe,16,32768,42,40,17,16,1,1,14,512,34,1362,7,420,1782,18,722,420,1142,4,363,-35,0,logQP_boot 1782 > 1747
openfhe,16,32768,42,40,15,18,2,2,14,512,34,1362,5,300,1662,16,642,300,942,5,283,85,1,
openfhe,16,32768,42,40,17,16,1,1,14,512,34,1362,5,300,1662,18,722,300,1022,5,283,85,1,
openfhe,16,32768,42,40,15,18,2,2,14,512,34,1362,5,300,1662,16,642,300,942,6,243,85,1,
openfhe,16,32768,42,40,17,16,1,1,14,512,34,1362,5,300,1662,18,722,300,1022,6,243,85,1,
openfhe,16,32768,42,40,15,18,2,2,14,512,34,1362,4,240,1602,16,642,240,882,7,203,145,1,
openfhe,16,32768,42,40,17,16,1,1,14,512,34,1362,4,240,1602,18,722,240,962,7,203,145,1,
openfhe,16,32768,42,40,15,18,2,2,14,512,34,1362,3,180,1542,16,642,180,822,9,163,205,1,
openfhe,16,32768,42,40,17,16,1,1,14,512,34,1362,3,180,1542,18,722,180,902,9,163,205,1,
openfhe,16,32768,42,40,15,18,2,2,14,512,34,1362,3,180,1542,16,642,180,822,12,123,205,1,
openfhe,16,32768,42,40,17,16,1,1,14,512,34,1362,3,180,1542,18,722,180,902,12,123,205,1,
openfhe,16,32768,42,40,15,18,2,2,14,512,34,1362,2,120,1482,16,642,120,762,17,83,265,1,
openfhe,16,32768,42,40,17,16,1,1,14,512,34,1362,2,120,1482,18,722,120,842,17,83,265,1,
openfhe,16,32768,42,40,15,18,2,2,14,512,34,1362,1,60,1422,16,642,60,702,34,42,325,1,
openfhe,16,32768,42,40,17,16,1,1,14,512,34,1362,1,60,1422,18,722,60,782,34,42,325,1,
openfhe,16,32768,42,40,16,18,2,2,14,512,,,,,,,,,,1,,,0,예측 탈락(§8.5 규칙4): logQ 1402 + 예측 logP 1440 > 1747+60 → 컨텍스트 미생성
openfhe,16,32768,42,40,18,16,1,1,14,512,,,,,,,,,,1,,,0,예측 탈락(§8.5 규칙4): logQ 1402 + 예측 logP 1440 > 1747+60 → 컨텍스트 미생성
openfhe,16,32768,42,40,16,18,2,2,14,512,,,,,,,,,,2,,,0,예측 탈락(§8.5 규칙4): logQ 1402 + 예측 logP 780 > 1747+60 → 컨텍스트 미생성
openfhe,16,32768,42,40,18,16,1,1,14,512,,,,,,,,,,2,,,0,예측 탈락(§8.5 규칙4): logQ 1402 + 예측 logP 780 > 1747+60 → 컨텍스트 미생성
openfhe,16,32768,42,40,16,18,2,2,14,512,,,,,,,,,,3,,,0,예측 탈락(§8.5 규칙4): logQ 1402 + 예측 logP 540 > 1747+60 → 컨텍스트 미생성
openfhe,16,32768,42,40,18,16,1,1,14,512,,,,,,,,,,3,,,0,예측 탈락(§8.5 규칙4): logQ 1402 + 예측 logP 540 > 1747+60 → 컨텍스트 미생성
openfhe,16,32768,42,40,16,18,2,2,14,512,,,,,,,,,,4,,,0,예측 탈락(§8.5 규칙4): logQ 1402 + 예측 logP 420 > 1747+60 → 컨텍스트 미생성
openfhe,16,32768,42,40,18,16,1,1,14,512,,,,,,,,,,4,,,0,예측 탈락(§8.5 규칙4): logQ 1402 + 예측 logP 420 > 1747+60 → 컨텍스트 미생성
openfhe,16,32768,42,40,16,18,2,2,14,512,35,1402,5,300,1702,17,682,300,982,5,283,45,1,
openfhe,16,32768,42,40,18,16,1,1,14,512,35,1402,5,300,1702,19,762,300,1062,5,283,45,1,
openfhe,16,32768,42,40,16,18,2,2,14,512,35,1402,5,300,1702,17,682,300,982,6,242,45,1,
openfhe,16,32768,42,40,18,16,1,1,14,512,35,1402,5,300,1702,19,762,300,1062,6,242,45,1,
openfhe,16,32768,42,40,16,18,2,2,14,512,35,1402,4,240,1642,17,682,240,922,7,203,105,1,
openfhe,16,32768,42,40,18,16,1,1,14,512,35,1402,4,240,1642,19,762,240,1002,7,203,105,1,
openfhe,16,32768,42,40,16,18,2,2,14,512,35,1402,3,180,1582,17,682,180,862,9,162,165,1,
openfhe,16,32768,42,40,18,16,1,1,14,512,35,1402,3,180,1582,19,762,180,942,9,162,165,1,
openfhe,16,32768,42,40,16,18,2,2,14,512,35,1402,3,180,1582,17,682,180,862,12,123,165,1,
openfhe,16,32768,42,40,18,16,1,1,14,512,35,1402,3,180,1582,19,762,180,942,12,123,165,1,
openfhe,16,32768,42,40,16,18,2,2,14,512,35,1402,2,120,1522,17,682,120,802,18,82,225,1,
openfhe,16,32768,42,40,18,16,1,1,14,512,35,1402,2,120,1522,19,762,120,882,18,82,225,1,
openfhe,16,32768,42,40,16,18,2,2,14,512,35,1402,1,60,1462,17,682,60,742,35,42,285,1,
openfhe,16,32768,42,40,18,16,1,1,14,512,35,1402,1,60,1462,19,762,60,822,35,42,285,1,
openfhe,16,32768,42,40,15,20,3,3,14,512,,,,,,,,,,1,,,0,예측 탈락(§8.5 규칙4): logQ 1442 + 예측 logP 1500 > 1747+60 → 컨텍스트 미생성
openfhe,16,32768,42,40,17,18,2,2,14,512,,,,,,,,,,1,,,0,예측 탈락(§8.5 규칙4): logQ 1442 + 예측 logP 1500 > 1747+60 → 컨텍스트 미생성
openfhe,16,32768,42,40,19,16,1,1,14,512,,,,,,,,,,1,,,0,예측 탈락(§8.5 규칙4): logQ 1442 + 예측 logP 1500 > 1747+60 → 컨텍스트 미생성
openfhe,16,32768,42,40,15,20,3,3,14,512,,,,,,,,,,2,,,0,예측 탈락(§8.5 규칙4): logQ 1442 + 예측 logP 780 > 1747+60 → 컨텍스트 미생성
openfhe,16,32768,42,40,17,18,2,2,14,512,,,,,,,,,,2,,,0,예측 탈락(§8.5 규칙4): logQ 1442 + 예측 logP 780 > 1747+60 → 컨텍스트 미생성
openfhe,16,32768,42,40,19,16,1,1,14,512,,,,,,,,,,2,,,0,예측 탈락(§8.5 규칙4): logQ 1442 + 예측 logP 780 > 1747+60 → 컨텍스트 미생성
openfhe,16,32768,42,40,15,20,3,3,14,512,,,,,,,,,,3,,,0,예측 탈락(§8.5 규칙4): logQ 1442 + 예측 logP 540 > 1747+60 → 컨텍스트 미생성
openfhe,16,32768,42,40,17,18,2,2,14,512,,,,,,,,,,3,,,0,예측 탈락(§8.5 규칙4): logQ 1442 + 예측 logP 540 > 1747+60 → 컨텍스트 미생성
openfhe,16,32768,42,40,19,16,1,1,14,512,,,,,,,,,,3,,,0,예측 탈락(§8.5 규칙4): logQ 1442 + 예측 logP 540 > 1747+60 → 컨텍스트 미생성
openfhe,16,32768,42,40,15,20,3,3,14,512,,,,,,,,,,4,,,0,예측 탈락(§8.5 규칙4): logQ 1442 + 예측 logP 420 > 1747+60 → 컨텍스트 미생성
openfhe,16,32768,42,40,17,18,2,2,14,512,,,,,,,,,,4,,,0,예측 탈락(§8.5 규칙4): logQ 1442 + 예측 logP 420 > 1747+60 → 컨텍스트 미생성
openfhe,16,32768,42,40,19,16,1,1,14,512,,,,,,,,,,4,,,0,예측 탈락(§8.5 규칙4): logQ 1442 + 예측 logP 420 > 1747+60 → 컨텍스트 미생성
openfhe,16,32768,42,40,15,20,3,3,14,512,36,1442,6,360,1802,16,642,360,1002,5,323,-55,0,logQP_boot 1802 > 1747
openfhe,16,32768,42,40,17,18,2,2,14,512,36,1442,6,360,1802,18,722,360,1082,5,323,-55,0,logQP_boot 1802 > 1747
openfhe,16,32768,42,40,19,16,1,1,14,512,36,1442,6,360,1802,20,802,360,1162,5,323,-55,0,logQP_boot 1802 > 1747
openfhe,16,32768,42,40,15,20,3,3,14,512,36,1442,5,300,1742,16,642,300,942,6,243,5,1,
openfhe,16,32768,42,40,17,18,2,2,14,512,36,1442,5,300,1742,18,722,300,1022,6,243,5,1,
openfhe,16,32768,42,40,19,16,1,1,14,512,36,1442,5,300,1742,20,802,300,1102,6,243,5,1,
openfhe,16,32768,42,40,15,20,3,3,14,512,36,1442,4,240,1682,16,642,240,882,8,203,65,1,
openfhe,16,32768,42,40,17,18,2,2,14,512,36,1442,4,240,1682,18,722,240,962,8,203,65,1,
openfhe,16,32768,42,40,19,16,1,1,14,512,36,1442,4,240,1682,20,802,240,1042,8,203,65,1,
openfhe,16,32768,42,40,15,20,3,3,14,512,36,1442,3,180,1622,16,642,180,822,9,163,125,1,
openfhe,16,32768,42,40,17,18,2,2,14,512,36,1442,3,180,1622,18,722,180,902,9,163,125,1,
openfhe,16,32768,42,40,19,16,1,1,14,512,36,1442,3,180,1622,20,802,180,982,9,163,125,1,
openfhe,16,32768,42,40,15,20,3,3,14,512,36,1442,3,180,1622,16,642,180,822,12,123,125,1,
openfhe,16,32768,42,40,17,18,2,2,14,512,36,1442,3,180,1622,18,722,180,902,12,123,125,1,
openfhe,16,32768,42,40,19,16,1,1,14,512,36,1442,3,180,1622,20,802,180,982,12,123,125,1,
openfhe,16,32768,42,40,15,20,3,3,14,512,36,1442,2,120,1562,16,642,120,762,18,83,185,1,
openfhe,16,32768,42,40,17,18,2,2,14,512,36,1442,2,120,1562,18,722,120,842,18,83,185,1,
openfhe,16,32768,42,40,19,16,1,1,14,512,36,1442,2,120,1562,20,802,120,922,18,83,185,1,
openfhe,16,32768,42,40,15,20,3,3,14,512,36,1442,1,60,1502,16,642,60,702,36,42,245,1,
openfhe,16,32768,42,40,17,18,2,2,14,512,36,1442,1,60,1502,18,722,60,782,36,42,245,1,
openfhe,16,32768,42,40,19,16,1,1,14,512,36,1442,1,60,1502,20,802,60,862,36,42,245,1,
openfhe,16,32768,42,40,15,21,3,4,14,512,,,,,,,,,,1,,,0,예측 탈락(§8.5 규칙4): logQ 1482 + 예측 logP 1500 > 1747+60 → 컨텍스트 미생성
openfhe,16,32768,42,40,15,21,4,3,14,512,,,,,,,,,,1,,,0,예측 탈락(§8.5 규칙4): logQ 1482 + 예측 logP 1500 > 1747+60 → 컨텍스트 미생성
openfhe,16,32768,42,40,16,20,3,3,14,512,,,,,,,,,,1,,,0,예측 탈락(§8.5 규칙4): logQ 1482 + 예측 logP 1500 > 1747+60 → 컨텍스트 미생성
openfhe,16,32768,42,40,18,18,2,2,14,512,,,,,,,,,,1,,,0,예측 탈락(§8.5 규칙4): logQ 1482 + 예측 logP 1500 > 1747+60 → 컨텍스트 미생성
openfhe,16,32768,42,40,20,16,1,1,14,512,,,,,,,,,,1,,,0,예측 탈락(§8.5 규칙4): logQ 1482 + 예측 logP 1500 > 1747+60 → 컨텍스트 미생성
openfhe,16,32768,42,40,15,21,3,4,14,512,,,,,,,,,,2,,,0,예측 탈락(§8.5 규칙4): logQ 1482 + 예측 logP 780 > 1747+60 → 컨텍스트 미생성
openfhe,16,32768,42,40,15,21,4,3,14,512,,,,,,,,,,2,,,0,예측 탈락(§8.5 규칙4): logQ 1482 + 예측 logP 780 > 1747+60 → 컨텍스트 미생성
openfhe,16,32768,42,40,16,20,3,3,14,512,,,,,,,,,,2,,,0,예측 탈락(§8.5 규칙4): logQ 1482 + 예측 logP 780 > 1747+60 → 컨텍스트 미생성
openfhe,16,32768,42,40,18,18,2,2,14,512,,,,,,,,,,2,,,0,예측 탈락(§8.5 규칙4): logQ 1482 + 예측 logP 780 > 1747+60 → 컨텍스트 미생성
openfhe,16,32768,42,40,20,16,1,1,14,512,,,,,,,,,,2,,,0,예측 탈락(§8.5 규칙4): logQ 1482 + 예측 logP 780 > 1747+60 → 컨텍스트 미생성
openfhe,16,32768,42,40,15,21,3,4,14,512,,,,,,,,,,3,,,0,예측 탈락(§8.5 규칙4): logQ 1482 + 예측 logP 540 > 1747+60 → 컨텍스트 미생성
openfhe,16,32768,42,40,15,21,4,3,14,512,,,,,,,,,,3,,,0,예측 탈락(§8.5 규칙4): logQ 1482 + 예측 logP 540 > 1747+60 → 컨텍스트 미생성
openfhe,16,32768,42,40,16,20,3,3,14,512,,,,,,,,,,3,,,0,예측 탈락(§8.5 규칙4): logQ 1482 + 예측 logP 540 > 1747+60 → 컨텍스트 미생성
openfhe,16,32768,42,40,18,18,2,2,14,512,,,,,,,,,,3,,,0,예측 탈락(§8.5 규칙4): logQ 1482 + 예측 logP 540 > 1747+60 → 컨텍스트 미생성
openfhe,16,32768,42,40,20,16,1,1,14,512,,,,,,,,,,3,,,0,예측 탈락(§8.5 규칙4): logQ 1482 + 예측 logP 540 > 1747+60 → 컨텍스트 미생성
openfhe,16,32768,42,40,15,21,3,4,14,512,,,,,,,,,,4,,,0,예측 탈락(§8.5 규칙4): logQ 1482 + 예측 logP 420 > 1747+60 → 컨텍스트 미생성
openfhe,16,32768,42,40,15,21,4,3,14,512,,,,,,,,,,4,,,0,예측 탈락(§8.5 규칙4): logQ 1482 + 예측 logP 420 > 1747+60 → 컨텍스트 미생성
openfhe,16,32768,42,40,16,20,3,3,14,512,,,,,,,,,,4,,,0,예측 탈락(§8.5 규칙4): logQ 1482 + 예측 logP 420 > 1747+60 → 컨텍스트 미생성
openfhe,16,32768,42,40,18,18,2,2,14,512,,,,,,,,,,4,,,0,예측 탈락(§8.5 규칙4): logQ 1482 + 예측 logP 420 > 1747+60 → 컨텍스트 미생성
openfhe,16,32768,42,40,20,16,1,1,14,512,,,,,,,,,,4,,,0,예측 탈락(§8.5 규칙4): logQ 1482 + 예측 logP 420 > 1747+60 → 컨텍스트 미생성
openfhe,16,32768,42,40,15,21,3,4,14,512,,,,,,,,,,5,,,0,예측 탈락(§8.5 규칙4): logQ 1482 + 예측 logP 360 > 1747+60 → 컨텍스트 미생성
openfhe,16,32768,42,40,15,21,4,3,14,512,,,,,,,,,,5,,,0,예측 탈락(§8.5 규칙4): logQ 1482 + 예측 logP 360 > 1747+60 → 컨텍스트 미생성
openfhe,16,32768,42,40,16,20,3,3,14,512,,,,,,,,,,5,,,0,예측 탈락(§8.5 규칙4): logQ 1482 + 예측 logP 360 > 1747+60 → 컨텍스트 미생성
openfhe,16,32768,42,40,18,18,2,2,14,512,,,,,,,,,,5,,,0,예측 탈락(§8.5 규칙4): logQ 1482 + 예측 logP 360 > 1747+60 → 컨텍스트 미생성
openfhe,16,32768,42,40,20,16,1,1,14,512,,,,,,,,,,5,,,0,예측 탈락(§8.5 규칙4): logQ 1482 + 예측 logP 360 > 1747+60 → 컨텍스트 미생성
openfhe,16,32768,42,40,15,21,3,4,14,512,37,1482,5,300,1782,16,642,300,942,6,283,-35,0,logQP_boot 1782 > 1747
openfhe,16,32768,42,40,15,21,4,3,14,512,37,1482,5,300,1782,16,642,300,942,6,283,-35,0,logQP_boot 1782 > 1747
openfhe,16,32768,42,40,16,20,3,3,14,512,37,1482,5,300,1782,17,682,300,982,6,283,-35,0,logQP_boot 1782 > 1747
openfhe,16,32768,42,40,18,18,2,2,14,512,37,1482,5,300,1782,19,762,300,1062,6,283,-35,0,logQP_boot 1782 > 1747
openfhe,16,32768,42,40,20,16,1,1,14,512,37,1482,5,300,1782,21,842,300,1142,6,283,-35,0,logQP_boot 1782 > 1747
openfhe,16,32768,42,40,15,21,3,4,14,512,37,1482,5,300,1782,16,642,300,942,7,242,-35,0,logQP_boot 1782 > 1747
openfhe,16,32768,42,40,15,21,4,3,14,512,37,1482,5,300,1782,16,642,300,942,7,242,-35,0,logQP_boot 1782 > 1747
openfhe,16,32768,42,40,16,20,3,3,14,512,37,1482,5,300,1782,17,682,300,982,7,242,-35,0,logQP_boot 1782 > 1747
openfhe,16,32768,42,40,18,18,2,2,14,512,37,1482,5,300,1782,19,762,300,1062,7,242,-35,0,logQP_boot 1782 > 1747
openfhe,16,32768,42,40,20,16,1,1,14,512,37,1482,5,300,1782,21,842,300,1142,7,242,-35,0,logQP_boot 1782 > 1747
openfhe,16,32768,42,40,15,21,3,4,14,512,37,1482,4,240,1722,16,642,240,882,8,203,25,1,
openfhe,16,32768,42,40,15,21,4,3,14,512,37,1482,4,240,1722,16,642,240,882,8,203,25,1,
openfhe,16,32768,42,40,16,20,3,3,14,512,37,1482,4,240,1722,17,682,240,922,8,203,25,1,
openfhe,16,32768,42,40,18,18,2,2,14,512,37,1482,4,240,1722,19,762,240,1002,8,203,25,1,
openfhe,16,32768,42,40,20,16,1,1,14,512,37,1482,4,240,1722,21,842,240,1082,8,203,25,1,
openfhe,16,32768,42,40,15,21,3,4,14,512,37,1482,3,180,1662,16,642,180,822,10,162,85,1,
openfhe,16,32768,42,40,15,21,4,3,14,512,37,1482,3,180,1662,16,642,180,822,10,162,85,1,
openfhe,16,32768,42,40,16,20,3,3,14,512,37,1482,3,180,1662,17,682,180,862,10,162,85,1,
openfhe,16,32768,42,40,18,18,2,2,14,512,37,1482,3,180,1662,19,762,180,942,10,162,85,1,
openfhe,16,32768,42,40,20,16,1,1,14,512,37,1482,3,180,1662,21,842,180,1022,10,162,85,1,
openfhe,16,32768,42,40,15,21,3,4,14,512,37,1482,3,180,1662,16,642,180,822,13,123,85,1,
openfhe,16,32768,42,40,15,21,4,3,14,512,37,1482,3,180,1662,16,642,180,822,13,123,85,1,
openfhe,16,32768,42,40,16,20,3,3,14,512,37,1482,3,180,1662,17,682,180,862,13,123,85,1,
openfhe,16,32768,42,40,18,18,2,2,14,512,37,1482,3,180,1662,19,762,180,942,13,123,85,1,
openfhe,16,32768,42,40,20,16,1,1,14,512,37,1482,3,180,1662,21,842,180,1022,13,123,85,1,
openfhe,16,32768,42,40,15,21,3,4,14,512,37,1482,2,120,1602,16,642,120,762,19,82,145,1,
openfhe,16,32768,42,40,15,21,4,3,14,512,37,1482,2,120,1602,16,642,120,762,19,82,145,1,
openfhe,16,32768,42,40,16,20,3,3,14,512,37,1482,2,120,1602,17,682,120,802,19,82,145,1,
openfhe,16,32768,42,40,18,18,2,2,14,512,37,1482,2,120,1602,19,762,120,882,19,82,145,1,
openfhe,16,32768,42,40,20,16,1,1,14,512,37,1482,2,120,1602,21,842,120,962,19,82,145,1,
openfhe,16,32768,42,40,15,21,3,4,14,512,37,1482,1,60,1542,16,642,60,702,37,42,205,1,
openfhe,16,32768,42,40,15,21,4,3,14,512,37,1482,1,60,1542,16,642,60,702,37,42,205,1,
openfhe,16,32768,42,40,16,20,3,3,14,512,37,1482,1,60,1542,17,682,60,742,37,42,205,1,
openfhe,16,32768,42,40,18,18,2,2,14,512,37,1482,1,60,1542,19,762,60,822,37,42,205,1,
openfhe,16,32768,42,40,20,16,1,1,14,512,37,1482,1,60,1542,21,842,60,902,37,42,205,1,
openfhe,16,32768,42,40,15,22,4,4,14,512,,,,,,,,,,1,,,0,예측 탈락(§8.5 규칙4): logQ 1522 + 예측 logP 1560 > 1747+60 → 컨텍스트 미생성
openfhe,16,32768,42,40,16,21,3,4,14,512,,,,,,,,,,1,,,0,예측 탈락(§8.5 규칙4): logQ 1522 + 예측 logP 1560 > 1747+60 → 컨텍스트 미생성
openfhe,16,32768,42,40,16,21,4,3,14,512,,,,,,,,,,1,,,0,예측 탈락(§8.5 규칙4): logQ 1522 + 예측 logP 1560 > 1747+60 → 컨텍스트 미생성
openfhe,16,32768,42,40,17,20,3,3,14,512,,,,,,,,,,1,,,0,예측 탈락(§8.5 규칙4): logQ 1522 + 예측 logP 1560 > 1747+60 → 컨텍스트 미생성
openfhe,16,32768,42,40,19,18,2,2,14,512,,,,,,,,,,1,,,0,예측 탈락(§8.5 규칙4): logQ 1522 + 예측 logP 1560 > 1747+60 → 컨텍스트 미생성
openfhe,16,32768,42,40,15,22,4,4,14,512,,,,,,,,,,2,,,0,예측 탈락(§8.5 규칙4): logQ 1522 + 예측 logP 780 > 1747+60 → 컨텍스트 미생성
openfhe,16,32768,42,40,16,21,3,4,14,512,,,,,,,,,,2,,,0,예측 탈락(§8.5 규칙4): logQ 1522 + 예측 logP 780 > 1747+60 → 컨텍스트 미생성
openfhe,16,32768,42,40,16,21,4,3,14,512,,,,,,,,,,2,,,0,예측 탈락(§8.5 규칙4): logQ 1522 + 예측 logP 780 > 1747+60 → 컨텍스트 미생성
openfhe,16,32768,42,40,17,20,3,3,14,512,,,,,,,,,,2,,,0,예측 탈락(§8.5 규칙4): logQ 1522 + 예측 logP 780 > 1747+60 → 컨텍스트 미생성
openfhe,16,32768,42,40,19,18,2,2,14,512,,,,,,,,,,2,,,0,예측 탈락(§8.5 규칙4): logQ 1522 + 예측 logP 780 > 1747+60 → 컨텍스트 미생성
openfhe,16,32768,42,40,15,22,4,4,14,512,,,,,,,,,,3,,,0,예측 탈락(§8.5 규칙4): logQ 1522 + 예측 logP 540 > 1747+60 → 컨텍스트 미생성
openfhe,16,32768,42,40,16,21,3,4,14,512,,,,,,,,,,3,,,0,예측 탈락(§8.5 규칙4): logQ 1522 + 예측 logP 540 > 1747+60 → 컨텍스트 미생성
openfhe,16,32768,42,40,16,21,4,3,14,512,,,,,,,,,,3,,,0,예측 탈락(§8.5 규칙4): logQ 1522 + 예측 logP 540 > 1747+60 → 컨텍스트 미생성
openfhe,16,32768,42,40,17,20,3,3,14,512,,,,,,,,,,3,,,0,예측 탈락(§8.5 규칙4): logQ 1522 + 예측 logP 540 > 1747+60 → 컨텍스트 미생성
openfhe,16,32768,42,40,19,18,2,2,14,512,,,,,,,,,,3,,,0,예측 탈락(§8.5 규칙4): logQ 1522 + 예측 logP 540 > 1747+60 → 컨텍스트 미생성
openfhe,16,32768,42,40,15,22,4,4,14,512,,,,,,,,,,4,,,0,예측 탈락(§8.5 규칙4): logQ 1522 + 예측 logP 420 > 1747+60 → 컨텍스트 미생성
openfhe,16,32768,42,40,16,21,3,4,14,512,,,,,,,,,,4,,,0,예측 탈락(§8.5 규칙4): logQ 1522 + 예측 logP 420 > 1747+60 → 컨텍스트 미생성
openfhe,16,32768,42,40,16,21,4,3,14,512,,,,,,,,,,4,,,0,예측 탈락(§8.5 규칙4): logQ 1522 + 예측 logP 420 > 1747+60 → 컨텍스트 미생성
openfhe,16,32768,42,40,17,20,3,3,14,512,,,,,,,,,,4,,,0,예측 탈락(§8.5 규칙4): logQ 1522 + 예측 logP 420 > 1747+60 → 컨텍스트 미생성
openfhe,16,32768,42,40,19,18,2,2,14,512,,,,,,,,,,4,,,0,예측 탈락(§8.5 규칙4): logQ 1522 + 예측 logP 420 > 1747+60 → 컨텍스트 미생성
openfhe,16,32768,42,40,15,22,4,4,14,512,,,,,,,,,,5,,,0,예측 탈락(§8.5 규칙4): logQ 1522 + 예측 logP 360 > 1747+60 → 컨텍스트 미생성
openfhe,16,32768,42,40,16,21,3,4,14,512,,,,,,,,,,5,,,0,예측 탈락(§8.5 규칙4): logQ 1522 + 예측 logP 360 > 1747+60 → 컨텍스트 미생성
openfhe,16,32768,42,40,16,21,4,3,14,512,,,,,,,,,,5,,,0,예측 탈락(§8.5 규칙4): logQ 1522 + 예측 logP 360 > 1747+60 → 컨텍스트 미생성
openfhe,16,32768,42,40,17,20,3,3,14,512,,,,,,,,,,5,,,0,예측 탈락(§8.5 규칙4): logQ 1522 + 예측 logP 360 > 1747+60 → 컨텍스트 미생성
openfhe,16,32768,42,40,19,18,2,2,14,512,,,,,,,,,,5,,,0,예측 탈락(§8.5 규칙4): logQ 1522 + 예측 logP 360 > 1747+60 → 컨텍스트 미생성
openfhe,16,32768,42,40,15,22,4,4,14,512,,,,,,,,,,6,,,0,예측 탈락(§8.5 규칙4): logQ 1522 + 예측 logP 300 > 1747+60 → 컨텍스트 미생성
openfhe,16,32768,42,40,16,21,3,4,14,512,,,,,,,,,,6,,,0,예측 탈락(§8.5 규칙4): logQ 1522 + 예측 logP 300 > 1747+60 → 컨텍스트 미생성
openfhe,16,32768,42,40,16,21,4,3,14,512,,,,,,,,,,6,,,0,예측 탈락(§8.5 규칙4): logQ 1522 + 예측 logP 300 > 1747+60 → 컨텍스트 미생성
openfhe,16,32768,42,40,17,20,3,3,14,512,,,,,,,,,,6,,,0,예측 탈락(§8.5 규칙4): logQ 1522 + 예측 logP 300 > 1747+60 → 컨텍스트 미생성
openfhe,16,32768,42,40,19,18,2,2,14,512,,,,,,,,,,6,,,0,예측 탈락(§8.5 규칙4): logQ 1522 + 예측 logP 300 > 1747+60 → 컨텍스트 미생성
openfhe,16,32768,42,40,15,22,4,4,14,512,,,,,,,,,,7,,,0,예측 탈락(§8.5 규칙4): logQ 1522 + 예측 logP 300 > 1747+60 → 컨텍스트 미생성
openfhe,16,32768,42,40,16,21,3,4,14,512,,,,,,,,,,7,,,0,예측 탈락(§8.5 규칙4): logQ 1522 + 예측 logP 300 > 1747+60 → 컨텍스트 미생성
openfhe,16,32768,42,40,16,21,4,3,14,512,,,,,,,,,,7,,,0,예측 탈락(§8.5 규칙4): logQ 1522 + 예측 logP 300 > 1747+60 → 컨텍스트 미생성
openfhe,16,32768,42,40,17,20,3,3,14,512,,,,,,,,,,7,,,0,예측 탈락(§8.5 규칙4): logQ 1522 + 예측 logP 300 > 1747+60 → 컨텍스트 미생성
openfhe,16,32768,42,40,19,18,2,2,14,512,,,,,,,,,,7,,,0,예측 탈락(§8.5 규칙4): logQ 1522 + 예측 logP 300 > 1747+60 → 컨텍스트 미생성
openfhe,16,32768,42,40,15,22,4,4,14,512,38,1522,4,240,1762,16,642,240,882,8,203,-15,0,logQP_boot 1762 > 1747
openfhe,16,32768,42,40,16,21,3,4,14,512,38,1522,4,240,1762,17,682,240,922,8,203,-15,0,logQP_boot 1762 > 1747
openfhe,16,32768,42,40,16,21,4,3,14,512,38,1522,4,240,1762,17,682,240,922,8,203,-15,0,logQP_boot 1762 > 1747
openfhe,16,32768,42,40,17,20,3,3,14,512,38,1522,4,240,1762,18,722,240,962,8,203,-15,0,logQP_boot 1762 > 1747
openfhe,16,32768,42,40,19,18,2,2,14,512,38,1522,4,240,1762,20,802,240,1042,8,203,-15,0,logQP_boot 1762 > 1747
openfhe,16,32768,42,40,15,22,4,4,14,512,38,1522,3,180,1702,16,642,180,822,10,163,45,1,
openfhe,16,32768,42,40,16,21,3,4,14,512,38,1522,3,180,1702,17,682,180,862,10,163,45,1,
openfhe,16,32768,42,40,16,21,4,3,14,512,38,1522,3,180,1702,17,682,180,862,10,163,45,1,
openfhe,16,32768,42,40,17,20,3,3,14,512,38,1522,3,180,1702,18,722,180,902,10,163,45,1,
openfhe,16,32768,42,40,19,18,2,2,14,512,38,1522,3,180,1702,20,802,180,982,10,163,45,1,
openfhe,16,32768,42,40,15,22,4,4,14,512,38,1522,3,180,1702,16,642,180,822,13,123,45,1,
openfhe,16,32768,42,40,16,21,3,4,14,512,38,1522,3,180,1702,17,682,180,862,13,123,45,1,
openfhe,16,32768,42,40,16,21,4,3,14,512,38,1522,3,180,1702,17,682,180,862,13,123,45,1,
openfhe,16,32768,42,40,17,20,3,3,14,512,38,1522,3,180,1702,18,722,180,902,13,123,45,1,
openfhe,16,32768,42,40,19,18,2,2,14,512,38,1522,3,180,1702,20,802,180,982,13,123,45,1,
openfhe,16,32768,42,40,15,22,4,4,14,512,38,1522,2,120,1642,16,642,120,762,19,83,105,1,
openfhe,16,32768,42,40,16,21,3,4,14,512,38,1522,2,120,1642,17,682,120,802,19,83,105,1,
openfhe,16,32768,42,40,16,21,4,3,14,512,38,1522,2,120,1642,17,682,120,802,19,83,105,1,
openfhe,16,32768,42,40,17,20,3,3,14,512,38,1522,2,120,1642,18,722,120,842,19,83,105,1,
openfhe,16,32768,42,40,19,18,2,2,14,512,38,1522,2,120,1642,20,802,120,922,19,83,105,1,
openfhe,16,32768,42,40,15,22,4,4,14,512,38,1522,1,60,1582,16,642,60,702,38,42,165,1,
openfhe,16,32768,42,40,16,21,3,4,14,512,38,1522,1,60,1582,17,682,60,742,38,42,165,1,
openfhe,16,32768,42,40,16,21,4,3,14,512,38,1522,1,60,1582,17,682,60,742,38,42,165,1,
openfhe,16,32768,42,40,17,20,3,3,14,512,38,1522,1,60,1582,18,722,60,782,38,42,165,1,
openfhe,16,32768,42,40,19,18,2,2,14,512,38,1522,1,60,1582,20,802,60,862,38,42,165,1,
openfhe,16,32768,42,40,16,22,4,4,14,512,,,,,,,,,,1,,,0,예측 탈락(§8.5 규칙4): logQ 1562 + 예측 logP 1620 > 1747+60 → 컨텍스트 미생성
openfhe,16,32768,42,40,17,21,3,4,14,512,,,,,,,,,,1,,,0,예측 탈락(§8.5 규칙4): logQ 1562 + 예측 logP 1620 > 1747+60 → 컨텍스트 미생성
openfhe,16,32768,42,40,17,21,4,3,14,512,,,,,,,,,,1,,,0,예측 탈락(§8.5 규칙4): logQ 1562 + 예측 logP 1620 > 1747+60 → 컨텍스트 미생성
openfhe,16,32768,42,40,18,20,3,3,14,512,,,,,,,,,,1,,,0,예측 탈락(§8.5 규칙4): logQ 1562 + 예측 logP 1620 > 1747+60 → 컨텍스트 미생성
openfhe,16,32768,42,40,20,18,2,2,14,512,,,,,,,,,,1,,,0,예측 탈락(§8.5 규칙4): logQ 1562 + 예측 logP 1620 > 1747+60 → 컨텍스트 미생성
openfhe,16,32768,42,40,16,22,4,4,14,512,,,,,,,,,,2,,,0,예측 탈락(§8.5 규칙4): logQ 1562 + 예측 logP 840 > 1747+60 → 컨텍스트 미생성
openfhe,16,32768,42,40,17,21,3,4,14,512,,,,,,,,,,2,,,0,예측 탈락(§8.5 규칙4): logQ 1562 + 예측 logP 840 > 1747+60 → 컨텍스트 미생성
openfhe,16,32768,42,40,17,21,4,3,14,512,,,,,,,,,,2,,,0,예측 탈락(§8.5 규칙4): logQ 1562 + 예측 logP 840 > 1747+60 → 컨텍스트 미생성
openfhe,16,32768,42,40,18,20,3,3,14,512,,,,,,,,,,2,,,0,예측 탈락(§8.5 규칙4): logQ 1562 + 예측 logP 840 > 1747+60 → 컨텍스트 미생성
openfhe,16,32768,42,40,20,18,2,2,14,512,,,,,,,,,,2,,,0,예측 탈락(§8.5 규칙4): logQ 1562 + 예측 logP 840 > 1747+60 → 컨텍스트 미생성
openfhe,16,32768,42,40,16,22,4,4,14,512,,,,,,,,,,3,,,0,예측 탈락(§8.5 규칙4): logQ 1562 + 예측 logP 540 > 1747+60 → 컨텍스트 미생성
openfhe,16,32768,42,40,17,21,3,4,14,512,,,,,,,,,,3,,,0,예측 탈락(§8.5 규칙4): logQ 1562 + 예측 logP 540 > 1747+60 → 컨텍스트 미생성
openfhe,16,32768,42,40,17,21,4,3,14,512,,,,,,,,,,3,,,0,예측 탈락(§8.5 규칙4): logQ 1562 + 예측 logP 540 > 1747+60 → 컨텍스트 미생성
openfhe,16,32768,42,40,18,20,3,3,14,512,,,,,,,,,,3,,,0,예측 탈락(§8.5 규칙4): logQ 1562 + 예측 logP 540 > 1747+60 → 컨텍스트 미생성
openfhe,16,32768,42,40,20,18,2,2,14,512,,,,,,,,,,3,,,0,예측 탈락(§8.5 규칙4): logQ 1562 + 예측 logP 540 > 1747+60 → 컨텍스트 미생성
openfhe,16,32768,42,40,16,22,4,4,14,512,,,,,,,,,,4,,,0,예측 탈락(§8.5 규칙4): logQ 1562 + 예측 logP 420 > 1747+60 → 컨텍스트 미생성
openfhe,16,32768,42,40,17,21,3,4,14,512,,,,,,,,,,4,,,0,예측 탈락(§8.5 규칙4): logQ 1562 + 예측 logP 420 > 1747+60 → 컨텍스트 미생성
openfhe,16,32768,42,40,17,21,4,3,14,512,,,,,,,,,,4,,,0,예측 탈락(§8.5 규칙4): logQ 1562 + 예측 logP 420 > 1747+60 → 컨텍스트 미생성
openfhe,16,32768,42,40,18,20,3,3,14,512,,,,,,,,,,4,,,0,예측 탈락(§8.5 규칙4): logQ 1562 + 예측 logP 420 > 1747+60 → 컨텍스트 미생성
openfhe,16,32768,42,40,20,18,2,2,14,512,,,,,,,,,,4,,,0,예측 탈락(§8.5 규칙4): logQ 1562 + 예측 logP 420 > 1747+60 → 컨텍스트 미생성
openfhe,16,32768,42,40,16,22,4,4,14,512,,,,,,,,,,5,,,0,예측 탈락(§8.5 규칙4): logQ 1562 + 예측 logP 360 > 1747+60 → 컨텍스트 미생성
openfhe,16,32768,42,40,17,21,3,4,14,512,,,,,,,,,,5,,,0,예측 탈락(§8.5 규칙4): logQ 1562 + 예측 logP 360 > 1747+60 → 컨텍스트 미생성
openfhe,16,32768,42,40,17,21,4,3,14,512,,,,,,,,,,5,,,0,예측 탈락(§8.5 규칙4): logQ 1562 + 예측 logP 360 > 1747+60 → 컨텍스트 미생성
openfhe,16,32768,42,40,18,20,3,3,14,512,,,,,,,,,,5,,,0,예측 탈락(§8.5 규칙4): logQ 1562 + 예측 logP 360 > 1747+60 → 컨텍스트 미생성
openfhe,16,32768,42,40,20,18,2,2,14,512,,,,,,,,,,5,,,0,예측 탈락(§8.5 규칙4): logQ 1562 + 예측 logP 360 > 1747+60 → 컨텍스트 미생성
openfhe,16,32768,42,40,16,22,4,4,14,512,,,,,,,,,,6,,,0,예측 탈락(§8.5 규칙4): logQ 1562 + 예측 logP 300 > 1747+60 → 컨텍스트 미생성
openfhe,16,32768,42,40,17,21,3,4,14,512,,,,,,,,,,6,,,0,예측 탈락(§8.5 규칙4): logQ 1562 + 예측 logP 300 > 1747+60 → 컨텍스트 미생성
openfhe,16,32768,42,40,17,21,4,3,14,512,,,,,,,,,,6,,,0,예측 탈락(§8.5 규칙4): logQ 1562 + 예측 logP 300 > 1747+60 → 컨텍스트 미생성
openfhe,16,32768,42,40,18,20,3,3,14,512,,,,,,,,,,6,,,0,예측 탈락(§8.5 규칙4): logQ 1562 + 예측 logP 300 > 1747+60 → 컨텍스트 미생성
openfhe,16,32768,42,40,20,18,2,2,14,512,,,,,,,,,,6,,,0,예측 탈락(§8.5 규칙4): logQ 1562 + 예측 logP 300 > 1747+60 → 컨텍스트 미생성
openfhe,16,32768,42,40,16,22,4,4,14,512,,,,,,,,,,7,,,0,예측 탈락(§8.5 규칙4): logQ 1562 + 예측 logP 300 > 1747+60 → 컨텍스트 미생성
openfhe,16,32768,42,40,17,21,3,4,14,512,,,,,,,,,,7,,,0,예측 탈락(§8.5 규칙4): logQ 1562 + 예측 logP 300 > 1747+60 → 컨텍스트 미생성
openfhe,16,32768,42,40,17,21,4,3,14,512,,,,,,,,,,7,,,0,예측 탈락(§8.5 규칙4): logQ 1562 + 예측 logP 300 > 1747+60 → 컨텍스트 미생성
openfhe,16,32768,42,40,18,20,3,3,14,512,,,,,,,,,,7,,,0,예측 탈락(§8.5 규칙4): logQ 1562 + 예측 logP 300 > 1747+60 → 컨텍스트 미생성
openfhe,16,32768,42,40,20,18,2,2,14,512,,,,,,,,,,7,,,0,예측 탈락(§8.5 규칙4): logQ 1562 + 예측 logP 300 > 1747+60 → 컨텍스트 미생성
openfhe,16,32768,42,40,16,22,4,4,14,512,39,1562,4,240,1802,17,682,240,922,8,203,-55,0,logQP_boot 1802 > 1747
openfhe,16,32768,42,40,17,21,3,4,14,512,39,1562,4,240,1802,18,722,240,962,8,203,-55,0,logQP_boot 1802 > 1747
openfhe,16,32768,42,40,17,21,4,3,14,512,39,1562,4,240,1802,18,722,240,962,8,203,-55,0,logQP_boot 1802 > 1747
openfhe,16,32768,42,40,18,20,3,3,14,512,39,1562,4,240,1802,19,762,240,1002,8,203,-55,0,logQP_boot 1802 > 1747
openfhe,16,32768,42,40,20,18,2,2,14,512,39,1562,4,240,1802,21,842,240,1082,8,203,-55,0,logQP_boot 1802 > 1747
openfhe,16,32768,42,40,16,22,4,4,14,512,39,1562,3,180,1742,17,682,180,862,10,162,5,1,
openfhe,16,32768,42,40,17,21,3,4,14,512,39,1562,3,180,1742,18,722,180,902,10,162,5,1,
openfhe,16,32768,42,40,17,21,4,3,14,512,39,1562,3,180,1742,18,722,180,902,10,162,5,1,
openfhe,16,32768,42,40,18,20,3,3,14,512,39,1562,3,180,1742,19,762,180,942,10,162,5,1,
openfhe,16,32768,42,40,20,18,2,2,14,512,39,1562,3,180,1742,21,842,180,1022,10,162,5,1,
openfhe,16,32768,42,40,16,22,4,4,14,512,39,1562,3,180,1742,17,682,180,862,13,123,5,1,
openfhe,16,32768,42,40,17,21,3,4,14,512,39,1562,3,180,1742,18,722,180,902,13,123,5,1,
openfhe,16,32768,42,40,17,21,4,3,14,512,39,1562,3,180,1742,18,722,180,902,13,123,5,1,
openfhe,16,32768,42,40,18,20,3,3,14,512,39,1562,3,180,1742,19,762,180,942,13,123,5,1,
openfhe,16,32768,42,40,20,18,2,2,14,512,39,1562,3,180,1742,21,842,180,1022,13,123,5,1,
openfhe,16,32768,42,40,16,22,4,4,14,512,39,1562,2,120,1682,17,682,120,802,20,82,65,1,
openfhe,16,32768,42,40,17,21,3,4,14,512,39,1562,2,120,1682,18,722,120,842,20,82,65,1,
openfhe,16,32768,42,40,17,21,4,3,14,512,39,1562,2,120,1682,18,722,120,842,20,82,65,1,
openfhe,16,32768,42,40,18,20,3,3,14,512,39,1562,2,120,1682,19,762,120,882,20,82,65,1,
openfhe,16,32768,42,40,20,18,2,2,14,512,39,1562,2,120,1682,21,842,120,962,20,82,65,1,
openfhe,16,32768,42,40,16,22,4,4,14,512,39,1562,1,60,1622,17,682,60,742,39,42,125,1,
openfhe,16,32768,42,40,17,21,3,4,14,512,39,1562,1,60,1622,18,722,60,782,39,42,125,1,
openfhe,16,32768,42,40,17,21,4,3,14,512,39,1562,1,60,1622,18,722,60,782,39,42,125,1,
openfhe,16,32768,42,40,18,20,3,3,14,512,39,1562,1,60,1622,19,762,60,822,39,42,125,1,
openfhe,16,32768,42,40,20,18,2,2,14,512,39,1562,1,60,1622,21,842,60,902,39,42,125,1,
openfhe,16,32768,42,40,17,22,4,4,14,512,,,,,,,,,,1,,,0,예측 탈락(§8.5 규칙4): logQ 1602 + 예측 logP 1620 > 1747+60 → 컨텍스트 미생성
openfhe,16,32768,42,40,18,21,3,4,14,512,,,,,,,,,,1,,,0,예측 탈락(§8.5 규칙4): logQ 1602 + 예측 logP 1620 > 1747+60 → 컨텍스트 미생성
openfhe,16,32768,42,40,18,21,4,3,14,512,,,,,,,,,,1,,,0,예측 탈락(§8.5 규칙4): logQ 1602 + 예측 logP 1620 > 1747+60 → 컨텍스트 미생성
openfhe,16,32768,42,40,19,20,3,3,14,512,,,,,,,,,,1,,,0,예측 탈락(§8.5 규칙4): logQ 1602 + 예측 logP 1620 > 1747+60 → 컨텍스트 미생성
openfhe,16,32768,42,40,17,22,4,4,14,512,,,,,,,,,,2,,,0,예측 탈락(§8.5 규칙4): logQ 1602 + 예측 logP 840 > 1747+60 → 컨텍스트 미생성
openfhe,16,32768,42,40,18,21,3,4,14,512,,,,,,,,,,2,,,0,예측 탈락(§8.5 규칙4): logQ 1602 + 예측 logP 840 > 1747+60 → 컨텍스트 미생성
openfhe,16,32768,42,40,18,21,4,3,14,512,,,,,,,,,,2,,,0,예측 탈락(§8.5 규칙4): logQ 1602 + 예측 logP 840 > 1747+60 → 컨텍스트 미생성
openfhe,16,32768,42,40,19,20,3,3,14,512,,,,,,,,,,2,,,0,예측 탈락(§8.5 규칙4): logQ 1602 + 예측 logP 840 > 1747+60 → 컨텍스트 미생성
openfhe,16,32768,42,40,17,22,4,4,14,512,,,,,,,,,,3,,,0,예측 탈락(§8.5 규칙4): logQ 1602 + 예측 logP 600 > 1747+60 → 컨텍스트 미생성
openfhe,16,32768,42,40,18,21,3,4,14,512,,,,,,,,,,3,,,0,예측 탈락(§8.5 규칙4): logQ 1602 + 예측 logP 600 > 1747+60 → 컨텍스트 미생성
openfhe,16,32768,42,40,18,21,4,3,14,512,,,,,,,,,,3,,,0,예측 탈락(§8.5 규칙4): logQ 1602 + 예측 logP 600 > 1747+60 → 컨텍스트 미생성
openfhe,16,32768,42,40,19,20,3,3,14,512,,,,,,,,,,3,,,0,예측 탈락(§8.5 규칙4): logQ 1602 + 예측 logP 600 > 1747+60 → 컨텍스트 미생성
openfhe,16,32768,42,40,17,22,4,4,14,512,,,,,,,,,,4,,,0,예측 탈락(§8.5 규칙4): logQ 1602 + 예측 logP 420 > 1747+60 → 컨텍스트 미생성
openfhe,16,32768,42,40,18,21,3,4,14,512,,,,,,,,,,4,,,0,예측 탈락(§8.5 규칙4): logQ 1602 + 예측 logP 420 > 1747+60 → 컨텍스트 미생성
openfhe,16,32768,42,40,18,21,4,3,14,512,,,,,,,,,,4,,,0,예측 탈락(§8.5 규칙4): logQ 1602 + 예측 logP 420 > 1747+60 → 컨텍스트 미생성
openfhe,16,32768,42,40,19,20,3,3,14,512,,,,,,,,,,4,,,0,예측 탈락(§8.5 규칙4): logQ 1602 + 예측 logP 420 > 1747+60 → 컨텍스트 미생성
openfhe,16,32768,42,40,17,22,4,4,14,512,,,,,,,,,,5,,,0,예측 탈락(§8.5 규칙4): logQ 1602 + 예측 logP 360 > 1747+60 → 컨텍스트 미생성
openfhe,16,32768,42,40,18,21,3,4,14,512,,,,,,,,,,5,,,0,예측 탈락(§8.5 규칙4): logQ 1602 + 예측 logP 360 > 1747+60 → 컨텍스트 미생성
openfhe,16,32768,42,40,18,21,4,3,14,512,,,,,,,,,,5,,,0,예측 탈락(§8.5 규칙4): logQ 1602 + 예측 logP 360 > 1747+60 → 컨텍스트 미생성
openfhe,16,32768,42,40,19,20,3,3,14,512,,,,,,,,,,5,,,0,예측 탈락(§8.5 규칙4): logQ 1602 + 예측 logP 360 > 1747+60 → 컨텍스트 미생성
openfhe,16,32768,42,40,17,22,4,4,14,512,,,,,,,,,,6,,,0,예측 탈락(§8.5 규칙4): logQ 1602 + 예측 logP 300 > 1747+60 → 컨텍스트 미생성
openfhe,16,32768,42,40,18,21,3,4,14,512,,,,,,,,,,6,,,0,예측 탈락(§8.5 규칙4): logQ 1602 + 예측 logP 300 > 1747+60 → 컨텍스트 미생성
openfhe,16,32768,42,40,18,21,4,3,14,512,,,,,,,,,,6,,,0,예측 탈락(§8.5 규칙4): logQ 1602 + 예측 logP 300 > 1747+60 → 컨텍스트 미생성
openfhe,16,32768,42,40,19,20,3,3,14,512,,,,,,,,,,6,,,0,예측 탈락(§8.5 규칙4): logQ 1602 + 예측 logP 300 > 1747+60 → 컨텍스트 미생성
openfhe,16,32768,42,40,17,22,4,4,14,512,,,,,,,,,,7,,,0,예측 탈락(§8.5 규칙4): logQ 1602 + 예측 logP 300 > 1747+60 → 컨텍스트 미생성
openfhe,16,32768,42,40,18,21,3,4,14,512,,,,,,,,,,7,,,0,예측 탈락(§8.5 규칙4): logQ 1602 + 예측 logP 300 > 1747+60 → 컨텍스트 미생성
openfhe,16,32768,42,40,18,21,4,3,14,512,,,,,,,,,,7,,,0,예측 탈락(§8.5 규칙4): logQ 1602 + 예측 logP 300 > 1747+60 → 컨텍스트 미생성
openfhe,16,32768,42,40,19,20,3,3,14,512,,,,,,,,,,7,,,0,예측 탈락(§8.5 규칙4): logQ 1602 + 예측 logP 300 > 1747+60 → 컨텍스트 미생성
openfhe,16,32768,42,40,17,22,4,4,14,512,,,,,,,,,,8,,,0,예측 탈락(§8.5 규칙4): logQ 1602 + 예측 logP 240 > 1747+60 → 컨텍스트 미생성
openfhe,16,32768,42,40,18,21,3,4,14,512,,,,,,,,,,8,,,0,예측 탈락(§8.5 규칙4): logQ 1602 + 예측 logP 240 > 1747+60 → 컨텍스트 미생성
openfhe,16,32768,42,40,18,21,4,3,14,512,,,,,,,,,,8,,,0,예측 탈락(§8.5 규칙4): logQ 1602 + 예측 logP 240 > 1747+60 → 컨텍스트 미생성
openfhe,16,32768,42,40,19,20,3,3,14,512,,,,,,,,,,8,,,0,예측 탈락(§8.5 규칙4): logQ 1602 + 예측 logP 240 > 1747+60 → 컨텍스트 미생성
openfhe,16,32768,42,40,17,22,4,4,14,512,40,1602,3,180,1782,18,722,180,902,10,163,-35,0,logQP_boot 1782 > 1747
openfhe,16,32768,42,40,18,21,3,4,14,512,40,1602,3,180,1782,19,762,180,942,10,163,-35,0,logQP_boot 1782 > 1747
openfhe,16,32768,42,40,18,21,4,3,14,512,40,1602,3,180,1782,19,762,180,942,10,163,-35,0,logQP_boot 1782 > 1747
openfhe,16,32768,42,40,19,20,3,3,14,512,40,1602,3,180,1782,20,802,180,982,10,163,-35,0,logQP_boot 1782 > 1747
openfhe,16,32768,42,40,17,22,4,4,14,512,40,1602,3,180,1782,18,722,180,902,14,123,-35,0,logQP_boot 1782 > 1747
openfhe,16,32768,42,40,18,21,3,4,14,512,40,1602,3,180,1782,19,762,180,942,14,123,-35,0,logQP_boot 1782 > 1747
openfhe,16,32768,42,40,18,21,4,3,14,512,40,1602,3,180,1782,19,762,180,942,14,123,-35,0,logQP_boot 1782 > 1747
openfhe,16,32768,42,40,19,20,3,3,14,512,40,1602,3,180,1782,20,802,180,982,14,123,-35,0,logQP_boot 1782 > 1747
openfhe,16,32768,42,40,17,22,4,4,14,512,40,1602,2,120,1722,18,722,120,842,20,83,25,1,
openfhe,16,32768,42,40,18,21,3,4,14,512,40,1602,2,120,1722,19,762,120,882,20,83,25,1,
openfhe,16,32768,42,40,18,21,4,3,14,512,40,1602,2,120,1722,19,762,120,882,20,83,25,1,
openfhe,16,32768,42,40,19,20,3,3,14,512,40,1602,2,120,1722,20,802,120,922,20,83,25,1,
openfhe,16,32768,42,40,17,22,4,4,14,512,40,1602,1,60,1662,18,722,60,782,40,42,85,1,
openfhe,16,32768,42,40,18,21,3,4,14,512,40,1602,1,60,1662,19,762,60,822,40,42,85,1,
openfhe,16,32768,42,40,18,21,4,3,14,512,40,1602,1,60,1662,19,762,60,822,40,42,85,1,
openfhe,16,32768,42,40,19,20,3,3,14,512,40,1602,1,60,1662,20,802,60,862,40,42,85,1,
openfhe,16,32768,42,40,18,22,4,4,14,512,,,,,,,,,,1,,,0,예측 탈락(§8.5 규칙4): logQ 1642 + 예측 logP 1680 > 1747+60 → 컨텍스트 미생성
openfhe,16,32768,42,40,19,21,3,4,14,512,,,,,,,,,,1,,,0,예측 탈락(§8.5 규칙4): logQ 1642 + 예측 logP 1680 > 1747+60 → 컨텍스트 미생성
openfhe,16,32768,42,40,19,21,4,3,14,512,,,,,,,,,,1,,,0,예측 탈락(§8.5 규칙4): logQ 1642 + 예측 logP 1680 > 1747+60 → 컨텍스트 미생성
openfhe,16,32768,42,40,20,20,3,3,14,512,,,,,,,,,,1,,,0,예측 탈락(§8.5 규칙4): logQ 1642 + 예측 logP 1680 > 1747+60 → 컨텍스트 미생성
openfhe,16,32768,42,40,18,22,4,4,14,512,,,,,,,,,,2,,,0,예측 탈락(§8.5 규칙4): logQ 1642 + 예측 logP 900 > 1747+60 → 컨텍스트 미생성
openfhe,16,32768,42,40,19,21,3,4,14,512,,,,,,,,,,2,,,0,예측 탈락(§8.5 규칙4): logQ 1642 + 예측 logP 900 > 1747+60 → 컨텍스트 미생성
openfhe,16,32768,42,40,19,21,4,3,14,512,,,,,,,,,,2,,,0,예측 탈락(§8.5 규칙4): logQ 1642 + 예측 logP 900 > 1747+60 → 컨텍스트 미생성
openfhe,16,32768,42,40,20,20,3,3,14,512,,,,,,,,,,2,,,0,예측 탈락(§8.5 규칙4): logQ 1642 + 예측 logP 900 > 1747+60 → 컨텍스트 미생성
openfhe,16,32768,42,40,18,22,4,4,14,512,,,,,,,,,,3,,,0,예측 탈락(§8.5 규칙4): logQ 1642 + 예측 logP 600 > 1747+60 → 컨텍스트 미생성
openfhe,16,32768,42,40,19,21,3,4,14,512,,,,,,,,,,3,,,0,예측 탈락(§8.5 규칙4): logQ 1642 + 예측 logP 600 > 1747+60 → 컨텍스트 미생성
openfhe,16,32768,42,40,19,21,4,3,14,512,,,,,,,,,,3,,,0,예측 탈락(§8.5 규칙4): logQ 1642 + 예측 logP 600 > 1747+60 → 컨텍스트 미생성
openfhe,16,32768,42,40,20,20,3,3,14,512,,,,,,,,,,3,,,0,예측 탈락(§8.5 규칙4): logQ 1642 + 예측 logP 600 > 1747+60 → 컨텍스트 미생성
openfhe,16,32768,42,40,18,22,4,4,14,512,,,,,,,,,,4,,,0,예측 탈락(§8.5 규칙4): logQ 1642 + 예측 logP 480 > 1747+60 → 컨텍스트 미생성
openfhe,16,32768,42,40,19,21,3,4,14,512,,,,,,,,,,4,,,0,예측 탈락(§8.5 규칙4): logQ 1642 + 예측 logP 480 > 1747+60 → 컨텍스트 미생성
openfhe,16,32768,42,40,19,21,4,3,14,512,,,,,,,,,,4,,,0,예측 탈락(§8.5 규칙4): logQ 1642 + 예측 logP 480 > 1747+60 → 컨텍스트 미생성
openfhe,16,32768,42,40,20,20,3,3,14,512,,,,,,,,,,4,,,0,예측 탈락(§8.5 규칙4): logQ 1642 + 예측 logP 480 > 1747+60 → 컨텍스트 미생성
openfhe,16,32768,42,40,18,22,4,4,14,512,,,,,,,,,,5,,,0,예측 탈락(§8.5 규칙4): logQ 1642 + 예측 logP 420 > 1747+60 → 컨텍스트 미생성
openfhe,16,32768,42,40,19,21,3,4,14,512,,,,,,,,,,5,,,0,예측 탈락(§8.5 규칙4): logQ 1642 + 예측 logP 420 > 1747+60 → 컨텍스트 미생성
openfhe,16,32768,42,40,19,21,4,3,14,512,,,,,,,,,,5,,,0,예측 탈락(§8.5 규칙4): logQ 1642 + 예측 logP 420 > 1747+60 → 컨텍스트 미생성
openfhe,16,32768,42,40,20,20,3,3,14,512,,,,,,,,,,5,,,0,예측 탈락(§8.5 규칙4): logQ 1642 + 예측 logP 420 > 1747+60 → 컨텍스트 미생성
openfhe,16,32768,42,40,18,22,4,4,14,512,,,,,,,,,,6,,,0,예측 탈락(§8.5 규칙4): logQ 1642 + 예측 logP 300 > 1747+60 → 컨텍스트 미생성
openfhe,16,32768,42,40,19,21,3,4,14,512,,,,,,,,,,6,,,0,예측 탈락(§8.5 규칙4): logQ 1642 + 예측 logP 300 > 1747+60 → 컨텍스트 미생성
openfhe,16,32768,42,40,19,21,4,3,14,512,,,,,,,,,,6,,,0,예측 탈락(§8.5 규칙4): logQ 1642 + 예측 logP 300 > 1747+60 → 컨텍스트 미생성
openfhe,16,32768,42,40,20,20,3,3,14,512,,,,,,,,,,6,,,0,예측 탈락(§8.5 규칙4): logQ 1642 + 예측 logP 300 > 1747+60 → 컨텍스트 미생성
openfhe,16,32768,42,40,18,22,4,4,14,512,,,,,,,,,,7,,,0,예측 탈락(§8.5 규칙4): logQ 1642 + 예측 logP 300 > 1747+60 → 컨텍스트 미생성
openfhe,16,32768,42,40,19,21,3,4,14,512,,,,,,,,,,7,,,0,예측 탈락(§8.5 규칙4): logQ 1642 + 예측 logP 300 > 1747+60 → 컨텍스트 미생성
openfhe,16,32768,42,40,19,21,4,3,14,512,,,,,,,,,,7,,,0,예측 탈락(§8.5 규칙4): logQ 1642 + 예측 logP 300 > 1747+60 → 컨텍스트 미생성
openfhe,16,32768,42,40,20,20,3,3,14,512,,,,,,,,,,7,,,0,예측 탈락(§8.5 규칙4): logQ 1642 + 예측 logP 300 > 1747+60 → 컨텍스트 미생성
openfhe,16,32768,42,40,18,22,4,4,14,512,,,,,,,,,,9,,,0,예측 탈락(§8.5 규칙4): logQ 1642 + 예측 logP 240 > 1747+60 → 컨텍스트 미생성
openfhe,16,32768,42,40,19,21,3,4,14,512,,,,,,,,,,9,,,0,예측 탈락(§8.5 규칙4): logQ 1642 + 예측 logP 240 > 1747+60 → 컨텍스트 미생성
openfhe,16,32768,42,40,19,21,4,3,14,512,,,,,,,,,,9,,,0,예측 탈락(§8.5 규칙4): logQ 1642 + 예측 logP 240 > 1747+60 → 컨텍스트 미생성
openfhe,16,32768,42,40,20,20,3,3,14,512,,,,,,,,,,9,,,0,예측 탈락(§8.5 규칙4): logQ 1642 + 예측 logP 240 > 1747+60 → 컨텍스트 미생성
openfhe,16,32768,42,40,18,22,4,4,14,512,,,,,,,,,,11,,,0,예측 탈락(§8.5 규칙4): logQ 1642 + 예측 logP 180 > 1747+60 → 컨텍스트 미생성
openfhe,16,32768,42,40,19,21,3,4,14,512,,,,,,,,,,11,,,0,예측 탈락(§8.5 규칙4): logQ 1642 + 예측 logP 180 > 1747+60 → 컨텍스트 미생성
openfhe,16,32768,42,40,19,21,4,3,14,512,,,,,,,,,,11,,,0,예측 탈락(§8.5 규칙4): logQ 1642 + 예측 logP 180 > 1747+60 → 컨텍스트 미생성
openfhe,16,32768,42,40,20,20,3,3,14,512,,,,,,,,,,11,,,0,예측 탈락(§8.5 규칙4): logQ 1642 + 예측 logP 180 > 1747+60 → 컨텍스트 미생성
openfhe,16,32768,42,40,18,22,4,4,14,512,,,,,,,,,,14,,,0,예측 탈락(§8.5 규칙4): logQ 1642 + 예측 logP 180 > 1747+60 → 컨텍스트 미생성
openfhe,16,32768,42,40,19,21,3,4,14,512,,,,,,,,,,14,,,0,예측 탈락(§8.5 규칙4): logQ 1642 + 예측 logP 180 > 1747+60 → 컨텍스트 미생성
openfhe,16,32768,42,40,19,21,4,3,14,512,,,,,,,,,,14,,,0,예측 탈락(§8.5 규칙4): logQ 1642 + 예측 logP 180 > 1747+60 → 컨텍스트 미생성
openfhe,16,32768,42,40,20,20,3,3,14,512,,,,,,,,,,14,,,0,예측 탈락(§8.5 규칙4): logQ 1642 + 예측 logP 180 > 1747+60 → 컨텍스트 미생성
openfhe,16,32768,42,40,18,22,4,4,14,512,41,1642,2,120,1762,19,762,120,882,21,82,-15,0,logQP_boot 1762 > 1747
openfhe,16,32768,42,40,19,21,3,4,14,512,41,1642,2,120,1762,20,802,120,922,21,82,-15,0,logQP_boot 1762 > 1747
openfhe,16,32768,42,40,19,21,4,3,14,512,41,1642,2,120,1762,20,802,120,922,21,82,-15,0,logQP_boot 1762 > 1747
openfhe,16,32768,42,40,20,20,3,3,14,512,41,1642,2,120,1762,21,842,120,962,21,82,-15,0,logQP_boot 1762 > 1747
openfhe,16,32768,42,40,18,22,4,4,14,512,41,1642,1,60,1702,19,762,60,822,41,42,45,1,
openfhe,16,32768,42,40,19,21,3,4,14,512,41,1642,1,60,1702,20,802,60,862,41,42,45,1,
openfhe,16,32768,42,40,19,21,4,3,14,512,41,1642,1,60,1702,20,802,60,862,41,42,45,1,
openfhe,16,32768,42,40,20,20,3,3,14,512,41,1642,1,60,1702,21,842,60,902,41,42,45,1,
openfhe,16,32768,42,40,19,22,4,4,14,512,,,,,,,,,,1,,,0,예측 탈락(§8.5 규칙4): logQ 1682 + 예측 logP 1740 > 1747+60 → 컨텍스트 미생성
openfhe,16,32768,42,40,20,21,3,4,14,512,,,,,,,,,,1,,,0,예측 탈락(§8.5 규칙4): logQ 1682 + 예측 logP 1740 > 1747+60 → 컨텍스트 미생성
openfhe,16,32768,42,40,20,21,4,3,14,512,,,,,,,,,,1,,,0,예측 탈락(§8.5 규칙4): logQ 1682 + 예측 logP 1740 > 1747+60 → 컨텍스트 미생성
openfhe,16,32768,42,40,19,22,4,4,14,512,,,,,,,,,,2,,,0,예측 탈락(§8.5 규칙4): logQ 1682 + 예측 logP 900 > 1747+60 → 컨텍스트 미생성
openfhe,16,32768,42,40,20,21,3,4,14,512,,,,,,,,,,2,,,0,예측 탈락(§8.5 규칙4): logQ 1682 + 예측 logP 900 > 1747+60 → 컨텍스트 미생성
openfhe,16,32768,42,40,20,21,4,3,14,512,,,,,,,,,,2,,,0,예측 탈락(§8.5 규칙4): logQ 1682 + 예측 logP 900 > 1747+60 → 컨텍스트 미생성
openfhe,16,32768,42,40,19,22,4,4,14,512,,,,,,,,,,3,,,0,예측 탈락(§8.5 규칙4): logQ 1682 + 예측 logP 600 > 1747+60 → 컨텍스트 미생성
openfhe,16,32768,42,40,20,21,3,4,14,512,,,,,,,,,,3,,,0,예측 탈락(§8.5 규칙4): logQ 1682 + 예측 logP 600 > 1747+60 → 컨텍스트 미생성
openfhe,16,32768,42,40,20,21,4,3,14,512,,,,,,,,,,3,,,0,예측 탈락(§8.5 규칙4): logQ 1682 + 예측 logP 600 > 1747+60 → 컨텍스트 미생성
openfhe,16,32768,42,40,19,22,4,4,14,512,,,,,,,,,,4,,,0,예측 탈락(§8.5 규칙4): logQ 1682 + 예측 logP 480 > 1747+60 → 컨텍스트 미생성
openfhe,16,32768,42,40,20,21,3,4,14,512,,,,,,,,,,4,,,0,예측 탈락(§8.5 규칙4): logQ 1682 + 예측 logP 480 > 1747+60 → 컨텍스트 미생성
openfhe,16,32768,42,40,20,21,4,3,14,512,,,,,,,,,,4,,,0,예측 탈락(§8.5 규칙4): logQ 1682 + 예측 logP 480 > 1747+60 → 컨텍스트 미생성
openfhe,16,32768,42,40,19,22,4,4,14,512,,,,,,,,,,5,,,0,예측 탈락(§8.5 규칙4): logQ 1682 + 예측 logP 420 > 1747+60 → 컨텍스트 미생성
openfhe,16,32768,42,40,20,21,3,4,14,512,,,,,,,,,,5,,,0,예측 탈락(§8.5 규칙4): logQ 1682 + 예측 logP 420 > 1747+60 → 컨텍스트 미생성
openfhe,16,32768,42,40,20,21,4,3,14,512,,,,,,,,,,5,,,0,예측 탈락(§8.5 규칙4): logQ 1682 + 예측 logP 420 > 1747+60 → 컨텍스트 미생성
openfhe,16,32768,42,40,19,22,4,4,14,512,,,,,,,,,,6,,,0,예측 탈락(§8.5 규칙4): logQ 1682 + 예측 logP 300 > 1747+60 → 컨텍스트 미생성
openfhe,16,32768,42,40,20,21,3,4,14,512,,,,,,,,,,6,,,0,예측 탈락(§8.5 규칙4): logQ 1682 + 예측 logP 300 > 1747+60 → 컨텍스트 미생성
openfhe,16,32768,42,40,20,21,4,3,14,512,,,,,,,,,,6,,,0,예측 탈락(§8.5 규칙4): logQ 1682 + 예측 logP 300 > 1747+60 → 컨텍스트 미생성
openfhe,16,32768,42,40,19,22,4,4,14,512,,,,,,,,,,7,,,0,예측 탈락(§8.5 규칙4): logQ 1682 + 예측 logP 300 > 1747+60 → 컨텍스트 미생성
openfhe,16,32768,42,40,20,21,3,4,14,512,,,,,,,,,,7,,,0,예측 탈락(§8.5 규칙4): logQ 1682 + 예측 logP 300 > 1747+60 → 컨텍스트 미생성
openfhe,16,32768,42,40,20,21,4,3,14,512,,,,,,,,,,7,,,0,예측 탈락(§8.5 규칙4): logQ 1682 + 예측 logP 300 > 1747+60 → 컨텍스트 미생성
openfhe,16,32768,42,40,19,22,4,4,14,512,,,,,,,,,,9,,,0,예측 탈락(§8.5 규칙4): logQ 1682 + 예측 logP 240 > 1747+60 → 컨텍스트 미생성
openfhe,16,32768,42,40,20,21,3,4,14,512,,,,,,,,,,9,,,0,예측 탈락(§8.5 규칙4): logQ 1682 + 예측 logP 240 > 1747+60 → 컨텍스트 미생성
openfhe,16,32768,42,40,20,21,4,3,14,512,,,,,,,,,,9,,,0,예측 탈락(§8.5 규칙4): logQ 1682 + 예측 logP 240 > 1747+60 → 컨텍스트 미생성
openfhe,16,32768,42,40,19,22,4,4,14,512,,,,,,,,,,11,,,0,예측 탈락(§8.5 규칙4): logQ 1682 + 예측 logP 180 > 1747+60 → 컨텍스트 미생성
openfhe,16,32768,42,40,20,21,3,4,14,512,,,,,,,,,,11,,,0,예측 탈락(§8.5 규칙4): logQ 1682 + 예측 logP 180 > 1747+60 → 컨텍스트 미생성
openfhe,16,32768,42,40,20,21,4,3,14,512,,,,,,,,,,11,,,0,예측 탈락(§8.5 규칙4): logQ 1682 + 예측 logP 180 > 1747+60 → 컨텍스트 미생성
openfhe,16,32768,42,40,19,22,4,4,14,512,,,,,,,,,,14,,,0,예측 탈락(§8.5 규칙4): logQ 1682 + 예측 logP 180 > 1747+60 → 컨텍스트 미생성
openfhe,16,32768,42,40,20,21,3,4,14,512,,,,,,,,,,14,,,0,예측 탈락(§8.5 규칙4): logQ 1682 + 예측 logP 180 > 1747+60 → 컨텍스트 미생성
openfhe,16,32768,42,40,20,21,4,3,14,512,,,,,,,,,,14,,,0,예측 탈락(§8.5 규칙4): logQ 1682 + 예측 logP 180 > 1747+60 → 컨텍스트 미생성
openfhe,16,32768,42,40,19,22,4,4,14,512,42,1682,2,120,1802,20,802,120,922,21,83,-55,0,logQP_boot 1802 > 1747
openfhe,16,32768,42,40,20,21,3,4,14,512,42,1682,2,120,1802,21,842,120,962,21,83,-55,0,logQP_boot 1802 > 1747
openfhe,16,32768,42,40,20,21,4,3,14,512,42,1682,2,120,1802,21,842,120,962,21,83,-55,0,logQP_boot 1802 > 1747
openfhe,16,32768,42,40,19,22,4,4,14,512,42,1682,1,60,1742,20,802,60,862,42,42,5,1,
openfhe,16,32768,42,40,20,21,3,4,14,512,42,1682,1,60,1742,21,842,60,902,42,42,5,1,
openfhe,16,32768,42,40,20,21,4,3,14,512,42,1682,1,60,1742,21,842,60,902,42,42,5,1,
openfhe,16,32768,42,40,20,22,4,4,14,512,,,,,,,,,,0,,,0,상한 초과 확정: logQ_boot(명목) 1722 + 최소 logP 60 > 1747
openfhe,16,32768,42,42,15,16,1,1,14,512,,,,,,,,,,1,,,0,예측 탈락(§8.5 규칙4): logQ 1344 + 예측 logP 1380 > 1747+60 → 컨텍스트 미생성
openfhe,16,32768,42,42,15,16,1,1,14,512,,,,,,,,,,2,,,0,예측 탈락(§8.5 규칙4): logQ 1344 + 예측 logP 720 > 1747+60 → 컨텍스트 미생성
openfhe,16,32768,42,42,15,16,1,1,14,512,,,,,,,,,,3,,,0,예측 탈락(§8.5 규칙4): logQ 1344 + 예측 logP 480 > 1747+60 → 컨텍스트 미생성
openfhe,16,32768,42,42,15,16,1,1,14,512,32,1344,6,360,1704,16,672,360,1032,4,337,43,1,
openfhe,16,32768,42,42,15,16,1,1,14,512,32,1344,5,300,1644,16,672,300,972,5,295,103,1,
openfhe,16,32768,42,42,15,16,1,1,14,512,32,1344,5,300,1644,16,672,300,972,6,253,103,1,
openfhe,16,32768,42,42,15,16,1,1,14,512,32,1344,4,240,1584,16,672,240,912,7,211,163,1,
openfhe,16,32768,42,42,15,16,1,1,14,512,32,1344,3,180,1524,16,672,180,852,8,169,223,1,
openfhe,16,32768,42,42,15,16,1,1,14,512,32,1344,3,180,1524,16,672,180,852,11,127,223,1,
openfhe,16,32768,42,42,15,16,1,1,14,512,32,1344,2,120,1464,16,672,120,792,16,85,283,1,
openfhe,16,32768,42,42,15,16,1,1,14,512,32,1344,1,60,1404,16,672,60,732,32,43,343,1,
openfhe,16,32768,42,42,16,16,1,1,14,512,,,,,,,,,,1,,,0,예측 탈락(§8.5 규칙4): logQ 1386 + 예측 logP 1440 > 1747+60 → 컨텍스트 미생성
openfhe,16,32768,42,42,16,16,1,1,14,512,,,,,,,,,,2,,,0,예측 탈락(§8.5 규칙4): logQ 1386 + 예측 logP 720 > 1747+60 → 컨텍스트 미생성
openfhe,16,32768,42,42,16,16,1,1,14,512,,,,,,,,,,3,,,0,예측 탈락(§8.5 규칙4): logQ 1386 + 예측 logP 480 > 1747+60 → 컨텍스트 미생성
openfhe,16,32768,42,42,16,16,1,1,14,512,33,1386,7,420,1806,17,714,420,1134,4,379,-59,0,logQP_boot 1806 > 1747
openfhe,16,32768,42,42,16,16,1,1,14,512,33,1386,5,300,1686,17,714,300,1014,5,295,61,1,
openfhe,16,32768,42,42,16,16,1,1,14,512,33,1386,5,300,1686,17,714,300,1014,6,253,61,1,
openfhe,16,32768,42,42,16,16,1,1,14,512,33,1386,4,240,1626,17,714,240,954,7,211,121,1,
openfhe,16,32768,42,42,16,16,1,1,14,512,33,1386,3,180,1566,17,714,180,894,9,169,181,1,
openfhe,16,32768,42,42,16,16,1,1,14,512,33,1386,3,180,1566,17,714,180,894,11,127,181,1,
openfhe,16,32768,42,42,16,16,1,1,14,512,33,1386,2,120,1506,17,714,120,834,17,85,241,1,
openfhe,16,32768,42,42,16,16,1,1,14,512,33,1386,1,60,1446,17,714,60,774,33,43,301,1,
openfhe,16,32768,42,42,15,18,2,2,14,512,,,,,,,,,,1,,,0,예측 탈락(§8.5 규칙4): logQ 1428 + 예측 logP 1440 > 1747+60 → 컨텍스트 미생성
openfhe,16,32768,42,42,17,16,1,1,14,512,,,,,,,,,,1,,,0,예측 탈락(§8.5 규칙4): logQ 1428 + 예측 logP 1440 > 1747+60 → 컨텍스트 미생성
openfhe,16,32768,42,42,15,18,2,2,14,512,,,,,,,,,,2,,,0,예측 탈락(§8.5 규칙4): logQ 1428 + 예측 logP 720 > 1747+60 → 컨텍스트 미생성
openfhe,16,32768,42,42,17,16,1,1,14,512,,,,,,,,,,2,,,0,예측 탈락(§8.5 규칙4): logQ 1428 + 예측 logP 720 > 1747+60 → 컨텍스트 미생성
openfhe,16,32768,42,42,15,18,2,2,14,512,,,,,,,,,,3,,,0,예측 탈락(§8.5 규칙4): logQ 1428 + 예측 logP 540 > 1747+60 → 컨텍스트 미생성
openfhe,16,32768,42,42,17,16,1,1,14,512,,,,,,,,,,3,,,0,예측 탈락(§8.5 규칙4): logQ 1428 + 예측 logP 540 > 1747+60 → 컨텍스트 미생성
openfhe,16,32768,42,42,15,18,2,2,14,512,,,,,,,,,,4,,,0,예측 탈락(§8.5 규칙4): logQ 1428 + 예측 logP 420 > 1747+60 → 컨텍스트 미생성
openfhe,16,32768,42,42,17,16,1,1,14,512,,,,,,,,,,4,,,0,예측 탈락(§8.5 규칙4): logQ 1428 + 예측 logP 420 > 1747+60 → 컨텍스트 미생성
openfhe,16,32768,42,42,15,18,2,2,14,512,34,1428,5,300,1728,16,672,300,972,5,295,19,1,
openfhe,16,32768,42,42,17,16,1,1,14,512,34,1428,5,300,1728,18,756,300,1056,5,295,19,1,
openfhe,16,32768,42,42,15,18,2,2,14,512,34,1428,5,300,1728,16,672,300,972,6,253,19,1,
openfhe,16,32768,42,42,17,16,1,1,14,512,34,1428,5,300,1728,18,756,300,1056,6,253,19,1,
openfhe,16,32768,42,42,15,18,2,2,14,512,34,1428,4,240,1668,16,672,240,912,7,211,79,1,
openfhe,16,32768,42,42,17,16,1,1,14,512,34,1428,4,240,1668,18,756,240,996,7,211,79,1,
openfhe,16,32768,42,42,15,18,2,2,14,512,34,1428,3,180,1608,16,672,180,852,9,169,139,1,
openfhe,16,32768,42,42,17,16,1,1,14,512,34,1428,3,180,1608,18,756,180,936,9,169,139,1,
openfhe,16,32768,42,42,15,18,2,2,14,512,34,1428,3,180,1608,16,672,180,852,12,127,139,1,
openfhe,16,32768,42,42,17,16,1,1,14,512,34,1428,3,180,1608,18,756,180,936,12,127,139,1,
openfhe,16,32768,42,42,15,18,2,2,14,512,34,1428,2,120,1548,16,672,120,792,17,85,199,1,
openfhe,16,32768,42,42,17,16,1,1,14,512,34,1428,2,120,1548,18,756,120,876,17,85,199,1,
openfhe,16,32768,42,42,15,18,2,2,14,512,34,1428,1,60,1488,16,672,60,732,34,43,259,1,
openfhe,16,32768,42,42,17,16,1,1,14,512,34,1428,1,60,1488,18,756,60,816,34,43,259,1,
openfhe,16,32768,42,42,16,18,2,2,14,512,,,,,,,,,,1,,,0,예측 탈락(§8.5 규칙4): logQ 1470 + 예측 logP 1500 > 1747+60 → 컨텍스트 미생성
openfhe,16,32768,42,42,18,16,1,1,14,512,,,,,,,,,,1,,,0,예측 탈락(§8.5 규칙4): logQ 1470 + 예측 logP 1500 > 1747+60 → 컨텍스트 미생성
openfhe,16,32768,42,42,16,18,2,2,14,512,,,,,,,,,,2,,,0,예측 탈락(§8.5 규칙4): logQ 1470 + 예측 logP 780 > 1747+60 → 컨텍스트 미생성
openfhe,16,32768,42,42,18,16,1,1,14,512,,,,,,,,,,2,,,0,예측 탈락(§8.5 규칙4): logQ 1470 + 예측 logP 780 > 1747+60 → 컨텍스트 미생성
openfhe,16,32768,42,42,16,18,2,2,14,512,,,,,,,,,,3,,,0,예측 탈락(§8.5 규칙4): logQ 1470 + 예측 logP 540 > 1747+60 → 컨텍스트 미생성
openfhe,16,32768,42,42,18,16,1,1,14,512,,,,,,,,,,3,,,0,예측 탈락(§8.5 규칙4): logQ 1470 + 예측 logP 540 > 1747+60 → 컨텍스트 미생성
openfhe,16,32768,42,42,16,18,2,2,14,512,,,,,,,,,,4,,,0,예측 탈락(§8.5 규칙4): logQ 1470 + 예측 logP 420 > 1747+60 → 컨텍스트 미생성
openfhe,16,32768,42,42,18,16,1,1,14,512,,,,,,,,,,4,,,0,예측 탈락(§8.5 규칙4): logQ 1470 + 예측 logP 420 > 1747+60 → 컨텍스트 미생성
openfhe,16,32768,42,42,16,18,2,2,14,512,35,1470,5,300,1770,17,714,300,1014,5,295,-23,0,logQP_boot 1770 > 1747
openfhe,16,32768,42,42,18,16,1,1,14,512,35,1470,5,300,1770,19,798,300,1098,5,295,-23,0,logQP_boot 1770 > 1747
openfhe,16,32768,42,42,16,18,2,2,14,512,35,1470,5,300,1770,17,714,300,1014,6,253,-23,0,logQP_boot 1770 > 1747
openfhe,16,32768,42,42,18,16,1,1,14,512,35,1470,5,300,1770,19,798,300,1098,6,253,-23,0,logQP_boot 1770 > 1747
openfhe,16,32768,42,42,16,18,2,2,14,512,35,1470,4,240,1710,17,714,240,954,7,211,37,1,
openfhe,16,32768,42,42,18,16,1,1,14,512,35,1470,4,240,1710,19,798,240,1038,7,211,37,1,
openfhe,16,32768,42,42,16,18,2,2,14,512,35,1470,3,180,1650,17,714,180,894,9,169,97,1,
openfhe,16,32768,42,42,18,16,1,1,14,512,35,1470,3,180,1650,19,798,180,978,9,169,97,1,
openfhe,16,32768,42,42,16,18,2,2,14,512,35,1470,3,180,1650,17,714,180,894,12,127,97,1,
openfhe,16,32768,42,42,18,16,1,1,14,512,35,1470,3,180,1650,19,798,180,978,12,127,97,1,
openfhe,16,32768,42,42,16,18,2,2,14,512,35,1470,2,120,1590,17,714,120,834,18,85,157,1,
openfhe,16,32768,42,42,18,16,1,1,14,512,35,1470,2,120,1590,19,798,120,918,18,85,157,1,
openfhe,16,32768,42,42,16,18,2,2,14,512,35,1470,1,60,1530,17,714,60,774,35,43,217,1,
openfhe,16,32768,42,42,18,16,1,1,14,512,35,1470,1,60,1530,19,798,60,858,35,43,217,1,
openfhe,16,32768,42,42,15,20,3,3,14,512,,,,,,,,,,1,,,0,예측 탈락(§8.5 규칙4): logQ 1512 + 예측 logP 1560 > 1747+60 → 컨텍스트 미생성
openfhe,16,32768,42,42,17,18,2,2,14,512,,,,,,,,,,1,,,0,예측 탈락(§8.5 규칙4): logQ 1512 + 예측 logP 1560 > 1747+60 → 컨텍스트 미생성
openfhe,16,32768,42,42,19,16,1,1,14,512,,,,,,,,,,1,,,0,예측 탈락(§8.5 규칙4): logQ 1512 + 예측 logP 1560 > 1747+60 → 컨텍스트 미생성
openfhe,16,32768,42,42,15,20,3,3,14,512,,,,,,,,,,2,,,0,예측 탈락(§8.5 규칙4): logQ 1512 + 예측 logP 780 > 1747+60 → 컨텍스트 미생성
openfhe,16,32768,42,42,17,18,2,2,14,512,,,,,,,,,,2,,,0,예측 탈락(§8.5 규칙4): logQ 1512 + 예측 logP 780 > 1747+60 → 컨텍스트 미생성
openfhe,16,32768,42,42,19,16,1,1,14,512,,,,,,,,,,2,,,0,예측 탈락(§8.5 규칙4): logQ 1512 + 예측 logP 780 > 1747+60 → 컨텍스트 미생성
openfhe,16,32768,42,42,15,20,3,3,14,512,,,,,,,,,,3,,,0,예측 탈락(§8.5 규칙4): logQ 1512 + 예측 logP 540 > 1747+60 → 컨텍스트 미생성
openfhe,16,32768,42,42,17,18,2,2,14,512,,,,,,,,,,3,,,0,예측 탈락(§8.5 규칙4): logQ 1512 + 예측 logP 540 > 1747+60 → 컨텍스트 미생성
openfhe,16,32768,42,42,19,16,1,1,14,512,,,,,,,,,,3,,,0,예측 탈락(§8.5 규칙4): logQ 1512 + 예측 logP 540 > 1747+60 → 컨텍스트 미생성
openfhe,16,32768,42,42,15,20,3,3,14,512,,,,,,,,,,4,,,0,예측 탈락(§8.5 규칙4): logQ 1512 + 예측 logP 420 > 1747+60 → 컨텍스트 미생성
openfhe,16,32768,42,42,17,18,2,2,14,512,,,,,,,,,,4,,,0,예측 탈락(§8.5 규칙4): logQ 1512 + 예측 logP 420 > 1747+60 → 컨텍스트 미생성
openfhe,16,32768,42,42,19,16,1,1,14,512,,,,,,,,,,4,,,0,예측 탈락(§8.5 규칙4): logQ 1512 + 예측 logP 420 > 1747+60 → 컨텍스트 미생성
openfhe,16,32768,42,42,15,20,3,3,14,512,,,,,,,,,,5,,,0,예측 탈락(§8.5 규칙4): logQ 1512 + 예측 logP 360 > 1747+60 → 컨텍스트 미생성
openfhe,16,32768,42,42,17,18,2,2,14,512,,,,,,,,,,5,,,0,예측 탈락(§8.5 규칙4): logQ 1512 + 예측 logP 360 > 1747+60 → 컨텍스트 미생성
openfhe,16,32768,42,42,19,16,1,1,14,512,,,,,,,,,,5,,,0,예측 탈락(§8.5 규칙4): logQ 1512 + 예측 logP 360 > 1747+60 → 컨텍스트 미생성
openfhe,16,32768,42,42,15,20,3,3,14,512,,,,,,,,,,6,,,0,예측 탈락(§8.5 규칙4): logQ 1512 + 예측 logP 300 > 1747+60 → 컨텍스트 미생성
openfhe,16,32768,42,42,17,18,2,2,14,512,,,,,,,,,,6,,,0,예측 탈락(§8.5 규칙4): logQ 1512 + 예측 logP 300 > 1747+60 → 컨텍스트 미생성
openfhe,16,32768,42,42,19,16,1,1,14,512,,,,,,,,,,6,,,0,예측 탈락(§8.5 규칙4): logQ 1512 + 예측 logP 300 > 1747+60 → 컨텍스트 미생성
openfhe,16,32768,42,42,15,20,3,3,14,512,36,1512,4,240,1752,16,672,240,912,8,211,-5,0,logQP_boot 1752 > 1747
openfhe,16,32768,42,42,17,18,2,2,14,512,36,1512,4,240,1752,18,756,240,996,8,211,-5,0,logQP_boot 1752 > 1747
openfhe,16,32768,42,42,19,16,1,1,14,512,36,1512,4,240,1752,20,840,240,1080,8,211,-5,0,logQP_boot 1752 > 1747
openfhe,16,32768,42,42,15,20,3,3,14,512,36,1512,3,180,1692,16,672,180,852,9,169,55,1,
openfhe,16,32768,42,42,17,18,2,2,14,512,36,1512,3,180,1692,18,756,180,936,9,169,55,1,
openfhe,16,32768,42,42,19,16,1,1,14,512,36,1512,3,180,1692,20,840,180,1020,9,169,55,1,
openfhe,16,32768,42,42,15,20,3,3,14,512,36,1512,3,180,1692,16,672,180,852,12,127,55,1,
openfhe,16,32768,42,42,17,18,2,2,14,512,36,1512,3,180,1692,18,756,180,936,12,127,55,1,
openfhe,16,32768,42,42,19,16,1,1,14,512,36,1512,3,180,1692,20,840,180,1020,12,127,55,1,
openfhe,16,32768,42,42,15,20,3,3,14,512,36,1512,2,120,1632,16,672,120,792,18,85,115,1,
openfhe,16,32768,42,42,17,18,2,2,14,512,36,1512,2,120,1632,18,756,120,876,18,85,115,1,
openfhe,16,32768,42,42,19,16,1,1,14,512,36,1512,2,120,1632,20,840,120,960,18,85,115,1,
openfhe,16,32768,42,42,15,20,3,3,14,512,36,1512,1,60,1572,16,672,60,732,36,43,175,1,
openfhe,16,32768,42,42,17,18,2,2,14,512,36,1512,1,60,1572,18,756,60,816,36,43,175,1,
openfhe,16,32768,42,42,19,16,1,1,14,512,36,1512,1,60,1572,20,840,60,900,36,43,175,1,
openfhe,16,32768,42,42,15,21,3,4,14,512,,,,,,,,,,1,,,0,예측 탈락(§8.5 규칙4): logQ 1554 + 예측 logP 1560 > 1747+60 → 컨텍스트 미생성
openfhe,16,32768,42,42,15,21,4,3,14,512,,,,,,,,,,1,,,0,예측 탈락(§8.5 규칙4): logQ 1554 + 예측 logP 1560 > 1747+60 → 컨텍스트 미생성
openfhe,16,32768,42,42,16,20,3,3,14,512,,,,,,,,,,1,,,0,예측 탈락(§8.5 규칙4): logQ 1554 + 예측 logP 1560 > 1747+60 → 컨텍스트 미생성
openfhe,16,32768,42,42,18,18,2,2,14,512,,,,,,,,,,1,,,0,예측 탈락(§8.5 규칙4): logQ 1554 + 예측 logP 1560 > 1747+60 → 컨텍스트 미생성
openfhe,16,32768,42,42,20,16,1,1,14,512,,,,,,,,,,1,,,0,예측 탈락(§8.5 규칙4): logQ 1554 + 예측 logP 1560 > 1747+60 → 컨텍스트 미생성
openfhe,16,32768,42,42,15,21,3,4,14,512,,,,,,,,,,2,,,0,예측 탈락(§8.5 규칙4): logQ 1554 + 예측 logP 840 > 1747+60 → 컨텍스트 미생성
openfhe,16,32768,42,42,15,21,4,3,14,512,,,,,,,,,,2,,,0,예측 탈락(§8.5 규칙4): logQ 1554 + 예측 logP 840 > 1747+60 → 컨텍스트 미생성
openfhe,16,32768,42,42,16,20,3,3,14,512,,,,,,,,,,2,,,0,예측 탈락(§8.5 규칙4): logQ 1554 + 예측 logP 840 > 1747+60 → 컨텍스트 미생성
openfhe,16,32768,42,42,18,18,2,2,14,512,,,,,,,,,,2,,,0,예측 탈락(§8.5 규칙4): logQ 1554 + 예측 logP 840 > 1747+60 → 컨텍스트 미생성
openfhe,16,32768,42,42,20,16,1,1,14,512,,,,,,,,,,2,,,0,예측 탈락(§8.5 규칙4): logQ 1554 + 예측 logP 840 > 1747+60 → 컨텍스트 미생성
openfhe,16,32768,42,42,15,21,3,4,14,512,,,,,,,,,,3,,,0,예측 탈락(§8.5 규칙4): logQ 1554 + 예측 logP 600 > 1747+60 → 컨텍스트 미생성
openfhe,16,32768,42,42,15,21,4,3,14,512,,,,,,,,,,3,,,0,예측 탈락(§8.5 규칙4): logQ 1554 + 예측 logP 600 > 1747+60 → 컨텍스트 미생성
openfhe,16,32768,42,42,16,20,3,3,14,512,,,,,,,,,,3,,,0,예측 탈락(§8.5 규칙4): logQ 1554 + 예측 logP 600 > 1747+60 → 컨텍스트 미생성
openfhe,16,32768,42,42,18,18,2,2,14,512,,,,,,,,,,3,,,0,예측 탈락(§8.5 규칙4): logQ 1554 + 예측 logP 600 > 1747+60 → 컨텍스트 미생성
openfhe,16,32768,42,42,20,16,1,1,14,512,,,,,,,,,,3,,,0,예측 탈락(§8.5 규칙4): logQ 1554 + 예측 logP 600 > 1747+60 → 컨텍스트 미생성
openfhe,16,32768,42,42,15,21,3,4,14,512,,,,,,,,,,4,,,0,예측 탈락(§8.5 규칙4): logQ 1554 + 예측 logP 420 > 1747+60 → 컨텍스트 미생성
openfhe,16,32768,42,42,15,21,4,3,14,512,,,,,,,,,,4,,,0,예측 탈락(§8.5 규칙4): logQ 1554 + 예측 logP 420 > 1747+60 → 컨텍스트 미생성
openfhe,16,32768,42,42,16,20,3,3,14,512,,,,,,,,,,4,,,0,예측 탈락(§8.5 규칙4): logQ 1554 + 예측 logP 420 > 1747+60 → 컨텍스트 미생성
openfhe,16,32768,42,42,18,18,2,2,14,512,,,,,,,,,,4,,,0,예측 탈락(§8.5 규칙4): logQ 1554 + 예측 logP 420 > 1747+60 → 컨텍스트 미생성
openfhe,16,32768,42,42,20,16,1,1,14,512,,,,,,,,,,4,,,0,예측 탈락(§8.5 규칙4): logQ 1554 + 예측 logP 420 > 1747+60 → 컨텍스트 미생성
openfhe,16,32768,42,42,15,21,3,4,14,512,,,,,,,,,,5,,,0,예측 탈락(§8.5 규칙4): logQ 1554 + 예측 logP 360 > 1747+60 → 컨텍스트 미생성
openfhe,16,32768,42,42,15,21,4,3,14,512,,,,,,,,,,5,,,0,예측 탈락(§8.5 규칙4): logQ 1554 + 예측 logP 360 > 1747+60 → 컨텍스트 미생성
openfhe,16,32768,42,42,16,20,3,3,14,512,,,,,,,,,,5,,,0,예측 탈락(§8.5 규칙4): logQ 1554 + 예측 logP 360 > 1747+60 → 컨텍스트 미생성
openfhe,16,32768,42,42,18,18,2,2,14,512,,,,,,,,,,5,,,0,예측 탈락(§8.5 규칙4): logQ 1554 + 예측 logP 360 > 1747+60 → 컨텍스트 미생성
openfhe,16,32768,42,42,20,16,1,1,14,512,,,,,,,,,,5,,,0,예측 탈락(§8.5 규칙4): logQ 1554 + 예측 logP 360 > 1747+60 → 컨텍스트 미생성
openfhe,16,32768,42,42,15,21,3,4,14,512,,,,,,,,,,6,,,0,예측 탈락(§8.5 규칙4): logQ 1554 + 예측 logP 300 > 1747+60 → 컨텍스트 미생성
openfhe,16,32768,42,42,15,21,4,3,14,512,,,,,,,,,,6,,,0,예측 탈락(§8.5 규칙4): logQ 1554 + 예측 logP 300 > 1747+60 → 컨텍스트 미생성
openfhe,16,32768,42,42,16,20,3,3,14,512,,,,,,,,,,6,,,0,예측 탈락(§8.5 규칙4): logQ 1554 + 예측 logP 300 > 1747+60 → 컨텍스트 미생성
openfhe,16,32768,42,42,18,18,2,2,14,512,,,,,,,,,,6,,,0,예측 탈락(§8.5 규칙4): logQ 1554 + 예측 logP 300 > 1747+60 → 컨텍스트 미생성
openfhe,16,32768,42,42,20,16,1,1,14,512,,,,,,,,,,6,,,0,예측 탈락(§8.5 규칙4): logQ 1554 + 예측 logP 300 > 1747+60 → 컨텍스트 미생성
openfhe,16,32768,42,42,15,21,3,4,14,512,,,,,,,,,,7,,,0,예측 탈락(§8.5 규칙4): logQ 1554 + 예측 logP 300 > 1747+60 → 컨텍스트 미생성
openfhe,16,32768,42,42,15,21,4,3,14,512,,,,,,,,,,7,,,0,예측 탈락(§8.5 규칙4): logQ 1554 + 예측 logP 300 > 1747+60 → 컨텍스트 미생성
openfhe,16,32768,42,42,16,20,3,3,14,512,,,,,,,,,,7,,,0,예측 탈락(§8.5 규칙4): logQ 1554 + 예측 logP 300 > 1747+60 → 컨텍스트 미생성
openfhe,16,32768,42,42,18,18,2,2,14,512,,,,,,,,,,7,,,0,예측 탈락(§8.5 규칙4): logQ 1554 + 예측 logP 300 > 1747+60 → 컨텍스트 미생성
openfhe,16,32768,42,42,20,16,1,1,14,512,,,,,,,,,,7,,,0,예측 탈락(§8.5 규칙4): logQ 1554 + 예측 logP 300 > 1747+60 → 컨텍스트 미생성
openfhe,16,32768,42,42,15,21,3,4,14,512,37,1554,4,240,1794,16,672,240,912,8,211,-47,0,logQP_boot 1794 > 1747
openfhe,16,32768,42,42,15,21,4,3,14,512,37,1554,4,240,1794,16,672,240,912,8,211,-47,0,logQP_boot 1794 > 1747
openfhe,16,32768,42,42,16,20,3,3,14,512,37,1554,4,240,1794,17,714,240,954,8,211,-47,0,logQP_boot 1794 > 1747
openfhe,16,32768,42,42,18,18,2,2,14,512,37,1554,4,240,1794,19,798,240,1038,8,211,-47,0,logQP_boot 1794 > 1747
openfhe,16,32768,42,42,20,16,1,1,14,512,37,1554,4,240,1794,21,882,240,1122,8,211,-47,0,logQP_boot 1794 > 1747
openfhe,16,32768,42,42,15,21,3,4,14,512,37,1554,3,180,1734,16,672,180,852,10,169,13,1,
openfhe,16,32768,42,42,15,21,4,3,14,512,37,1554,3,180,1734,16,672,180,852,10,169,13,1,
openfhe,16,32768,42,42,16,20,3,3,14,512,37,1554,3,180,1734,17,714,180,894,10,169,13,1,
openfhe,16,32768,42,42,18,18,2,2,14,512,37,1554,3,180,1734,19,798,180,978,10,169,13,1,
openfhe,16,32768,42,42,20,16,1,1,14,512,37,1554,3,180,1734,21,882,180,1062,10,169,13,1,
openfhe,16,32768,42,42,15,21,3,4,14,512,37,1554,3,180,1734,16,672,180,852,13,127,13,1,
openfhe,16,32768,42,42,15,21,4,3,14,512,37,1554,3,180,1734,16,672,180,852,13,127,13,1,
openfhe,16,32768,42,42,16,20,3,3,14,512,37,1554,3,180,1734,17,714,180,894,13,127,13,1,
openfhe,16,32768,42,42,18,18,2,2,14,512,37,1554,3,180,1734,19,798,180,978,13,127,13,1,
openfhe,16,32768,42,42,20,16,1,1,14,512,37,1554,3,180,1734,21,882,180,1062,13,127,13,1,
openfhe,16,32768,42,42,15,21,3,4,14,512,37,1554,2,120,1674,16,672,120,792,19,85,73,1,
openfhe,16,32768,42,42,15,21,4,3,14,512,37,1554,2,120,1674,16,672,120,792,19,85,73,1,
openfhe,16,32768,42,42,16,20,3,3,14,512,37,1554,2,120,1674,17,714,120,834,19,85,73,1,
openfhe,16,32768,42,42,18,18,2,2,14,512,37,1554,2,120,1674,19,798,120,918,19,85,73,1,
openfhe,16,32768,42,42,20,16,1,1,14,512,37,1554,2,120,1674,21,882,120,1002,19,85,73,1,
openfhe,16,32768,42,42,15,21,3,4,14,512,37,1554,1,60,1614,16,672,60,732,37,43,133,1,
openfhe,16,32768,42,42,15,21,4,3,14,512,37,1554,1,60,1614,16,672,60,732,37,43,133,1,
openfhe,16,32768,42,42,16,20,3,3,14,512,37,1554,1,60,1614,17,714,60,774,37,43,133,1,
openfhe,16,32768,42,42,18,18,2,2,14,512,37,1554,1,60,1614,19,798,60,858,37,43,133,1,
openfhe,16,32768,42,42,20,16,1,1,14,512,37,1554,1,60,1614,21,882,60,942,37,43,133,1,
openfhe,16,32768,42,42,15,22,4,4,14,512,,,,,,,,,,1,,,0,예측 탈락(§8.5 규칙4): logQ 1596 + 예측 logP 1620 > 1747+60 → 컨텍스트 미생성
openfhe,16,32768,42,42,16,21,3,4,14,512,,,,,,,,,,1,,,0,예측 탈락(§8.5 규칙4): logQ 1596 + 예측 logP 1620 > 1747+60 → 컨텍스트 미생성
openfhe,16,32768,42,42,16,21,4,3,14,512,,,,,,,,,,1,,,0,예측 탈락(§8.5 규칙4): logQ 1596 + 예측 logP 1620 > 1747+60 → 컨텍스트 미생성
openfhe,16,32768,42,42,17,20,3,3,14,512,,,,,,,,,,1,,,0,예측 탈락(§8.5 규칙4): logQ 1596 + 예측 logP 1620 > 1747+60 → 컨텍스트 미생성
openfhe,16,32768,42,42,19,18,2,2,14,512,,,,,,,,,,1,,,0,예측 탈락(§8.5 규칙4): logQ 1596 + 예측 logP 1620 > 1747+60 → 컨텍스트 미생성
openfhe,16,32768,42,42,15,22,4,4,14,512,,,,,,,,,,2,,,0,예측 탈락(§8.5 규칙4): logQ 1596 + 예측 logP 840 > 1747+60 → 컨텍스트 미생성
openfhe,16,32768,42,42,16,21,3,4,14,512,,,,,,,,,,2,,,0,예측 탈락(§8.5 규칙4): logQ 1596 + 예측 logP 840 > 1747+60 → 컨텍스트 미생성
openfhe,16,32768,42,42,16,21,4,3,14,512,,,,,,,,,,2,,,0,예측 탈락(§8.5 규칙4): logQ 1596 + 예측 logP 840 > 1747+60 → 컨텍스트 미생성
openfhe,16,32768,42,42,17,20,3,3,14,512,,,,,,,,,,2,,,0,예측 탈락(§8.5 규칙4): logQ 1596 + 예측 logP 840 > 1747+60 → 컨텍스트 미생성
openfhe,16,32768,42,42,19,18,2,2,14,512,,,,,,,,,,2,,,0,예측 탈락(§8.5 규칙4): logQ 1596 + 예측 logP 840 > 1747+60 → 컨텍스트 미생성
openfhe,16,32768,42,42,15,22,4,4,14,512,,,,,,,,,,3,,,0,예측 탈락(§8.5 규칙4): logQ 1596 + 예측 logP 600 > 1747+60 → 컨텍스트 미생성
openfhe,16,32768,42,42,16,21,3,4,14,512,,,,,,,,,,3,,,0,예측 탈락(§8.5 규칙4): logQ 1596 + 예측 logP 600 > 1747+60 → 컨텍스트 미생성
openfhe,16,32768,42,42,16,21,4,3,14,512,,,,,,,,,,3,,,0,예측 탈락(§8.5 규칙4): logQ 1596 + 예측 logP 600 > 1747+60 → 컨텍스트 미생성
openfhe,16,32768,42,42,17,20,3,3,14,512,,,,,,,,,,3,,,0,예측 탈락(§8.5 규칙4): logQ 1596 + 예측 logP 600 > 1747+60 → 컨텍스트 미생성
openfhe,16,32768,42,42,19,18,2,2,14,512,,,,,,,,,,3,,,0,예측 탈락(§8.5 규칙4): logQ 1596 + 예측 logP 600 > 1747+60 → 컨텍스트 미생성
openfhe,16,32768,42,42,15,22,4,4,14,512,,,,,,,,,,4,,,0,예측 탈락(§8.5 규칙4): logQ 1596 + 예측 logP 420 > 1747+60 → 컨텍스트 미생성
openfhe,16,32768,42,42,16,21,3,4,14,512,,,,,,,,,,4,,,0,예측 탈락(§8.5 규칙4): logQ 1596 + 예측 logP 420 > 1747+60 → 컨텍스트 미생성
openfhe,16,32768,42,42,16,21,4,3,14,512,,,,,,,,,,4,,,0,예측 탈락(§8.5 규칙4): logQ 1596 + 예측 logP 420 > 1747+60 → 컨텍스트 미생성
openfhe,16,32768,42,42,17,20,3,3,14,512,,,,,,,,,,4,,,0,예측 탈락(§8.5 규칙4): logQ 1596 + 예측 logP 420 > 1747+60 → 컨텍스트 미생성
openfhe,16,32768,42,42,19,18,2,2,14,512,,,,,,,,,,4,,,0,예측 탈락(§8.5 규칙4): logQ 1596 + 예측 logP 420 > 1747+60 → 컨텍스트 미생성
openfhe,16,32768,42,42,15,22,4,4,14,512,,,,,,,,,,5,,,0,예측 탈락(§8.5 규칙4): logQ 1596 + 예측 logP 360 > 1747+60 → 컨텍스트 미생성
openfhe,16,32768,42,42,16,21,3,4,14,512,,,,,,,,,,5,,,0,예측 탈락(§8.5 규칙4): logQ 1596 + 예측 logP 360 > 1747+60 → 컨텍스트 미생성
openfhe,16,32768,42,42,16,21,4,3,14,512,,,,,,,,,,5,,,0,예측 탈락(§8.5 규칙4): logQ 1596 + 예측 logP 360 > 1747+60 → 컨텍스트 미생성
openfhe,16,32768,42,42,17,20,3,3,14,512,,,,,,,,,,5,,,0,예측 탈락(§8.5 규칙4): logQ 1596 + 예측 logP 360 > 1747+60 → 컨텍스트 미생성
openfhe,16,32768,42,42,19,18,2,2,14,512,,,,,,,,,,5,,,0,예측 탈락(§8.5 규칙4): logQ 1596 + 예측 logP 360 > 1747+60 → 컨텍스트 미생성
openfhe,16,32768,42,42,15,22,4,4,14,512,,,,,,,,,,6,,,0,예측 탈락(§8.5 규칙4): logQ 1596 + 예측 logP 300 > 1747+60 → 컨텍스트 미생성
openfhe,16,32768,42,42,16,21,3,4,14,512,,,,,,,,,,6,,,0,예측 탈락(§8.5 규칙4): logQ 1596 + 예측 logP 300 > 1747+60 → 컨텍스트 미생성
openfhe,16,32768,42,42,16,21,4,3,14,512,,,,,,,,,,6,,,0,예측 탈락(§8.5 규칙4): logQ 1596 + 예측 logP 300 > 1747+60 → 컨텍스트 미생성
openfhe,16,32768,42,42,17,20,3,3,14,512,,,,,,,,,,6,,,0,예측 탈락(§8.5 규칙4): logQ 1596 + 예측 logP 300 > 1747+60 → 컨텍스트 미생성
openfhe,16,32768,42,42,19,18,2,2,14,512,,,,,,,,,,6,,,0,예측 탈락(§8.5 규칙4): logQ 1596 + 예측 logP 300 > 1747+60 → 컨텍스트 미생성
openfhe,16,32768,42,42,15,22,4,4,14,512,,,,,,,,,,7,,,0,예측 탈락(§8.5 규칙4): logQ 1596 + 예측 logP 300 > 1747+60 → 컨텍스트 미생성
openfhe,16,32768,42,42,16,21,3,4,14,512,,,,,,,,,,7,,,0,예측 탈락(§8.5 규칙4): logQ 1596 + 예측 logP 300 > 1747+60 → 컨텍스트 미생성
openfhe,16,32768,42,42,16,21,4,3,14,512,,,,,,,,,,7,,,0,예측 탈락(§8.5 규칙4): logQ 1596 + 예측 logP 300 > 1747+60 → 컨텍스트 미생성
openfhe,16,32768,42,42,17,20,3,3,14,512,,,,,,,,,,7,,,0,예측 탈락(§8.5 규칙4): logQ 1596 + 예측 logP 300 > 1747+60 → 컨텍스트 미생성
openfhe,16,32768,42,42,19,18,2,2,14,512,,,,,,,,,,7,,,0,예측 탈락(§8.5 규칙4): logQ 1596 + 예측 logP 300 > 1747+60 → 컨텍스트 미생성
openfhe,16,32768,42,42,15,22,4,4,14,512,,,,,,,,,,8,,,0,예측 탈락(§8.5 규칙4): logQ 1596 + 예측 logP 240 > 1747+60 → 컨텍스트 미생성
openfhe,16,32768,42,42,16,21,3,4,14,512,,,,,,,,,,8,,,0,예측 탈락(§8.5 규칙4): logQ 1596 + 예측 logP 240 > 1747+60 → 컨텍스트 미생성
openfhe,16,32768,42,42,16,21,4,3,14,512,,,,,,,,,,8,,,0,예측 탈락(§8.5 규칙4): logQ 1596 + 예측 logP 240 > 1747+60 → 컨텍스트 미생성
openfhe,16,32768,42,42,17,20,3,3,14,512,,,,,,,,,,8,,,0,예측 탈락(§8.5 규칙4): logQ 1596 + 예측 logP 240 > 1747+60 → 컨텍스트 미생성
openfhe,16,32768,42,42,19,18,2,2,14,512,,,,,,,,,,8,,,0,예측 탈락(§8.5 규칙4): logQ 1596 + 예측 logP 240 > 1747+60 → 컨텍스트 미생성
openfhe,16,32768,42,42,15,22,4,4,14,512,38,1596,3,180,1776,16,672,180,852,10,169,-29,0,logQP_boot 1776 > 1747
openfhe,16,32768,42,42,16,21,3,4,14,512,38,1596,3,180,1776,17,714,180,894,10,169,-29,0,logQP_boot 1776 > 1747
openfhe,16,32768,42,42,16,21,4,3,14,512,38,1596,3,180,1776,17,714,180,894,10,169,-29,0,logQP_boot 1776 > 1747
openfhe,16,32768,42,42,17,20,3,3,14,512,38,1596,3,180,1776,18,756,180,936,10,169,-29,0,logQP_boot 1776 > 1747
openfhe,16,32768,42,42,19,18,2,2,14,512,38,1596,3,180,1776,20,840,180,1020,10,169,-29,0,logQP_boot 1776 > 1747
openfhe,16,32768,42,42,15,22,4,4,14,512,38,1596,3,180,1776,16,672,180,852,13,127,-29,0,logQP_boot 1776 > 1747
openfhe,16,32768,42,42,16,21,3,4,14,512,38,1596,3,180,1776,17,714,180,894,13,127,-29,0,logQP_boot 1776 > 1747
openfhe,16,32768,42,42,16,21,4,3,14,512,38,1596,3,180,1776,17,714,180,894,13,127,-29,0,logQP_boot 1776 > 1747
openfhe,16,32768,42,42,17,20,3,3,14,512,38,1596,3,180,1776,18,756,180,936,13,127,-29,0,logQP_boot 1776 > 1747
openfhe,16,32768,42,42,19,18,2,2,14,512,38,1596,3,180,1776,20,840,180,1020,13,127,-29,0,logQP_boot 1776 > 1747
openfhe,16,32768,42,42,15,22,4,4,14,512,38,1596,2,120,1716,16,672,120,792,19,85,31,1,
openfhe,16,32768,42,42,16,21,3,4,14,512,38,1596,2,120,1716,17,714,120,834,19,85,31,1,
openfhe,16,32768,42,42,16,21,4,3,14,512,38,1596,2,120,1716,17,714,120,834,19,85,31,1,
openfhe,16,32768,42,42,17,20,3,3,14,512,38,1596,2,120,1716,18,756,120,876,19,85,31,1,
openfhe,16,32768,42,42,19,18,2,2,14,512,38,1596,2,120,1716,20,840,120,960,19,85,31,1,
openfhe,16,32768,42,42,15,22,4,4,14,512,38,1596,1,60,1656,16,672,60,732,38,43,91,1,
openfhe,16,32768,42,42,16,21,3,4,14,512,38,1596,1,60,1656,17,714,60,774,38,43,91,1,
openfhe,16,32768,42,42,16,21,4,3,14,512,38,1596,1,60,1656,17,714,60,774,38,43,91,1,
openfhe,16,32768,42,42,17,20,3,3,14,512,38,1596,1,60,1656,18,756,60,816,38,43,91,1,
openfhe,16,32768,42,42,19,18,2,2,14,512,38,1596,1,60,1656,20,840,60,900,38,43,91,1,
openfhe,16,32768,42,42,16,22,4,4,14,512,,,,,,,,,,1,,,0,예측 탈락(§8.5 규칙4): logQ 1638 + 예측 logP 1680 > 1747+60 → 컨텍스트 미생성
openfhe,16,32768,42,42,17,21,3,4,14,512,,,,,,,,,,1,,,0,예측 탈락(§8.5 규칙4): logQ 1638 + 예측 logP 1680 > 1747+60 → 컨텍스트 미생성
openfhe,16,32768,42,42,17,21,4,3,14,512,,,,,,,,,,1,,,0,예측 탈락(§8.5 규칙4): logQ 1638 + 예측 logP 1680 > 1747+60 → 컨텍스트 미생성
openfhe,16,32768,42,42,18,20,3,3,14,512,,,,,,,,,,1,,,0,예측 탈락(§8.5 규칙4): logQ 1638 + 예측 logP 1680 > 1747+60 → 컨텍스트 미생성
openfhe,16,32768,42,42,20,18,2,2,14,512,,,,,,,,,,1,,,0,예측 탈락(§8.5 규칙4): logQ 1638 + 예측 logP 1680 > 1747+60 → 컨텍스트 미생성
openfhe,16,32768,42,42,16,22,4,4,14,512,,,,,,,,,,2,,,0,예측 탈락(§8.5 규칙4): logQ 1638 + 예측 logP 840 > 1747+60 → 컨텍스트 미생성
openfhe,16,32768,42,42,17,21,3,4,14,512,,,,,,,,,,2,,,0,예측 탈락(§8.5 규칙4): logQ 1638 + 예측 logP 840 > 1747+60 → 컨텍스트 미생성
openfhe,16,32768,42,42,17,21,4,3,14,512,,,,,,,,,,2,,,0,예측 탈락(§8.5 규칙4): logQ 1638 + 예측 logP 840 > 1747+60 → 컨텍스트 미생성
openfhe,16,32768,42,42,18,20,3,3,14,512,,,,,,,,,,2,,,0,예측 탈락(§8.5 규칙4): logQ 1638 + 예측 logP 840 > 1747+60 → 컨텍스트 미생성
openfhe,16,32768,42,42,20,18,2,2,14,512,,,,,,,,,,2,,,0,예측 탈락(§8.5 규칙4): logQ 1638 + 예측 logP 840 > 1747+60 → 컨텍스트 미생성
openfhe,16,32768,42,42,16,22,4,4,14,512,,,,,,,,,,3,,,0,예측 탈락(§8.5 규칙4): logQ 1638 + 예측 logP 600 > 1747+60 → 컨텍스트 미생성
openfhe,16,32768,42,42,17,21,3,4,14,512,,,,,,,,,,3,,,0,예측 탈락(§8.5 규칙4): logQ 1638 + 예측 logP 600 > 1747+60 → 컨텍스트 미생성
openfhe,16,32768,42,42,17,21,4,3,14,512,,,,,,,,,,3,,,0,예측 탈락(§8.5 규칙4): logQ 1638 + 예측 logP 600 > 1747+60 → 컨텍스트 미생성
openfhe,16,32768,42,42,18,20,3,3,14,512,,,,,,,,,,3,,,0,예측 탈락(§8.5 규칙4): logQ 1638 + 예측 logP 600 > 1747+60 → 컨텍스트 미생성
openfhe,16,32768,42,42,20,18,2,2,14,512,,,,,,,,,,3,,,0,예측 탈락(§8.5 규칙4): logQ 1638 + 예측 logP 600 > 1747+60 → 컨텍스트 미생성
openfhe,16,32768,42,42,16,22,4,4,14,512,,,,,,,,,,4,,,0,예측 탈락(§8.5 규칙4): logQ 1638 + 예측 logP 420 > 1747+60 → 컨텍스트 미생성
openfhe,16,32768,42,42,17,21,3,4,14,512,,,,,,,,,,4,,,0,예측 탈락(§8.5 규칙4): logQ 1638 + 예측 logP 420 > 1747+60 → 컨텍스트 미생성
openfhe,16,32768,42,42,17,21,4,3,14,512,,,,,,,,,,4,,,0,예측 탈락(§8.5 규칙4): logQ 1638 + 예측 logP 420 > 1747+60 → 컨텍스트 미생성
openfhe,16,32768,42,42,18,20,3,3,14,512,,,,,,,,,,4,,,0,예측 탈락(§8.5 규칙4): logQ 1638 + 예측 logP 420 > 1747+60 → 컨텍스트 미생성
openfhe,16,32768,42,42,20,18,2,2,14,512,,,,,,,,,,4,,,0,예측 탈락(§8.5 규칙4): logQ 1638 + 예측 logP 420 > 1747+60 → 컨텍스트 미생성
openfhe,16,32768,42,42,16,22,4,4,14,512,,,,,,,,,,5,,,0,예측 탈락(§8.5 규칙4): logQ 1638 + 예측 logP 360 > 1747+60 → 컨텍스트 미생성
openfhe,16,32768,42,42,17,21,3,4,14,512,,,,,,,,,,5,,,0,예측 탈락(§8.5 규칙4): logQ 1638 + 예측 logP 360 > 1747+60 → 컨텍스트 미생성
openfhe,16,32768,42,42,17,21,4,3,14,512,,,,,,,,,,5,,,0,예측 탈락(§8.5 규칙4): logQ 1638 + 예측 logP 360 > 1747+60 → 컨텍스트 미생성
openfhe,16,32768,42,42,18,20,3,3,14,512,,,,,,,,,,5,,,0,예측 탈락(§8.5 규칙4): logQ 1638 + 예측 logP 360 > 1747+60 → 컨텍스트 미생성
openfhe,16,32768,42,42,20,18,2,2,14,512,,,,,,,,,,5,,,0,예측 탈락(§8.5 규칙4): logQ 1638 + 예측 logP 360 > 1747+60 → 컨텍스트 미생성
openfhe,16,32768,42,42,16,22,4,4,14,512,,,,,,,,,,6,,,0,예측 탈락(§8.5 규칙4): logQ 1638 + 예측 logP 300 > 1747+60 → 컨텍스트 미생성
openfhe,16,32768,42,42,17,21,3,4,14,512,,,,,,,,,,6,,,0,예측 탈락(§8.5 규칙4): logQ 1638 + 예측 logP 300 > 1747+60 → 컨텍스트 미생성
openfhe,16,32768,42,42,17,21,4,3,14,512,,,,,,,,,,6,,,0,예측 탈락(§8.5 규칙4): logQ 1638 + 예측 logP 300 > 1747+60 → 컨텍스트 미생성
openfhe,16,32768,42,42,18,20,3,3,14,512,,,,,,,,,,6,,,0,예측 탈락(§8.5 규칙4): logQ 1638 + 예측 logP 300 > 1747+60 → 컨텍스트 미생성
openfhe,16,32768,42,42,20,18,2,2,14,512,,,,,,,,,,6,,,0,예측 탈락(§8.5 규칙4): logQ 1638 + 예측 logP 300 > 1747+60 → 컨텍스트 미생성
openfhe,16,32768,42,42,16,22,4,4,14,512,,,,,,,,,,7,,,0,예측 탈락(§8.5 규칙4): logQ 1638 + 예측 logP 300 > 1747+60 → 컨텍스트 미생성
openfhe,16,32768,42,42,17,21,3,4,14,512,,,,,,,,,,7,,,0,예측 탈락(§8.5 규칙4): logQ 1638 + 예측 logP 300 > 1747+60 → 컨텍스트 미생성
openfhe,16,32768,42,42,17,21,4,3,14,512,,,,,,,,,,7,,,0,예측 탈락(§8.5 규칙4): logQ 1638 + 예측 logP 300 > 1747+60 → 컨텍스트 미생성
openfhe,16,32768,42,42,18,20,3,3,14,512,,,,,,,,,,7,,,0,예측 탈락(§8.5 규칙4): logQ 1638 + 예측 logP 300 > 1747+60 → 컨텍스트 미생성
openfhe,16,32768,42,42,20,18,2,2,14,512,,,,,,,,,,7,,,0,예측 탈락(§8.5 규칙4): logQ 1638 + 예측 logP 300 > 1747+60 → 컨텍스트 미생성
openfhe,16,32768,42,42,16,22,4,4,14,512,,,,,,,,,,8,,,0,예측 탈락(§8.5 규칙4): logQ 1638 + 예측 logP 240 > 1747+60 → 컨텍스트 미생성
openfhe,16,32768,42,42,17,21,3,4,14,512,,,,,,,,,,8,,,0,예측 탈락(§8.5 규칙4): logQ 1638 + 예측 logP 240 > 1747+60 → 컨텍스트 미생성
openfhe,16,32768,42,42,17,21,4,3,14,512,,,,,,,,,,8,,,0,예측 탈락(§8.5 규칙4): logQ 1638 + 예측 logP 240 > 1747+60 → 컨텍스트 미생성
openfhe,16,32768,42,42,18,20,3,3,14,512,,,,,,,,,,8,,,0,예측 탈락(§8.5 규칙4): logQ 1638 + 예측 logP 240 > 1747+60 → 컨텍스트 미생성
openfhe,16,32768,42,42,20,18,2,2,14,512,,,,,,,,,,8,,,0,예측 탈락(§8.5 규칙4): logQ 1638 + 예측 logP 240 > 1747+60 → 컨텍스트 미생성
openfhe,16,32768,42,42,16,22,4,4,14,512,,,,,,,,,,10,,,0,예측 탈락(§8.5 규칙4): logQ 1638 + 예측 logP 180 > 1747+60 → 컨텍스트 미생성
openfhe,16,32768,42,42,17,21,3,4,14,512,,,,,,,,,,10,,,0,예측 탈락(§8.5 규칙4): logQ 1638 + 예측 logP 180 > 1747+60 → 컨텍스트 미생성
openfhe,16,32768,42,42,17,21,4,3,14,512,,,,,,,,,,10,,,0,예측 탈락(§8.5 규칙4): logQ 1638 + 예측 logP 180 > 1747+60 → 컨텍스트 미생성
openfhe,16,32768,42,42,18,20,3,3,14,512,,,,,,,,,,10,,,0,예측 탈락(§8.5 규칙4): logQ 1638 + 예측 logP 180 > 1747+60 → 컨텍스트 미생성
openfhe,16,32768,42,42,20,18,2,2,14,512,,,,,,,,,,10,,,0,예측 탈락(§8.5 규칙4): logQ 1638 + 예측 logP 180 > 1747+60 → 컨텍스트 미생성
openfhe,16,32768,42,42,16,22,4,4,14,512,,,,,,,,,,13,,,0,예측 탈락(§8.5 규칙4): logQ 1638 + 예측 logP 180 > 1747+60 → 컨텍스트 미생성
openfhe,16,32768,42,42,17,21,3,4,14,512,,,,,,,,,,13,,,0,예측 탈락(§8.5 규칙4): logQ 1638 + 예측 logP 180 > 1747+60 → 컨텍스트 미생성
openfhe,16,32768,42,42,17,21,4,3,14,512,,,,,,,,,,13,,,0,예측 탈락(§8.5 규칙4): logQ 1638 + 예측 logP 180 > 1747+60 → 컨텍스트 미생성
openfhe,16,32768,42,42,18,20,3,3,14,512,,,,,,,,,,13,,,0,예측 탈락(§8.5 규칙4): logQ 1638 + 예측 logP 180 > 1747+60 → 컨텍스트 미생성
openfhe,16,32768,42,42,20,18,2,2,14,512,,,,,,,,,,13,,,0,예측 탈락(§8.5 규칙4): logQ 1638 + 예측 logP 180 > 1747+60 → 컨텍스트 미생성
openfhe,16,32768,42,42,16,22,4,4,14,512,39,1638,2,120,1758,17,714,120,834,20,85,-11,0,logQP_boot 1758 > 1747
openfhe,16,32768,42,42,17,21,3,4,14,512,39,1638,2,120,1758,18,756,120,876,20,85,-11,0,logQP_boot 1758 > 1747
openfhe,16,32768,42,42,17,21,4,3,14,512,39,1638,2,120,1758,18,756,120,876,20,85,-11,0,logQP_boot 1758 > 1747
openfhe,16,32768,42,42,18,20,3,3,14,512,39,1638,2,120,1758,19,798,120,918,20,85,-11,0,logQP_boot 1758 > 1747
openfhe,16,32768,42,42,20,18,2,2,14,512,39,1638,2,120,1758,21,882,120,1002,20,85,-11,0,logQP_boot 1758 > 1747
openfhe,16,32768,42,42,16,22,4,4,14,512,39,1638,1,60,1698,17,714,60,774,39,43,49,1,
openfhe,16,32768,42,42,17,21,3,4,14,512,39,1638,1,60,1698,18,756,60,816,39,43,49,1,
openfhe,16,32768,42,42,17,21,4,3,14,512,39,1638,1,60,1698,18,756,60,816,39,43,49,1,
openfhe,16,32768,42,42,18,20,3,3,14,512,39,1638,1,60,1698,19,798,60,858,39,43,49,1,
openfhe,16,32768,42,42,20,18,2,2,14,512,39,1638,1,60,1698,21,882,60,942,39,43,49,1,
openfhe,16,32768,42,42,17,22,4,4,14,512,,,,,,,,,,1,,,0,예측 탈락(§8.5 규칙4): logQ 1680 + 예측 logP 1680 > 1747+60 → 컨텍스트 미생성
openfhe,16,32768,42,42,18,21,3,4,14,512,,,,,,,,,,1,,,0,예측 탈락(§8.5 규칙4): logQ 1680 + 예측 logP 1680 > 1747+60 → 컨텍스트 미생성
openfhe,16,32768,42,42,18,21,4,3,14,512,,,,,,,,,,1,,,0,예측 탈락(§8.5 규칙4): logQ 1680 + 예측 logP 1680 > 1747+60 → 컨텍스트 미생성
openfhe,16,32768,42,42,19,20,3,3,14,512,,,,,,,,,,1,,,0,예측 탈락(§8.5 규칙4): logQ 1680 + 예측 logP 1680 > 1747+60 → 컨텍스트 미생성
openfhe,16,32768,42,42,17,22,4,4,14,512,,,,,,,,,,2,,,0,예측 탈락(§8.5 규칙4): logQ 1680 + 예측 logP 840 > 1747+60 → 컨텍스트 미생성
openfhe,16,32768,42,42,18,21,3,4,14,512,,,,,,,,,,2,,,0,예측 탈락(§8.5 규칙4): logQ 1680 + 예측 logP 840 > 1747+60 → 컨텍스트 미생성
openfhe,16,32768,42,42,18,21,4,3,14,512,,,,,,,,,,2,,,0,예측 탈락(§8.5 규칙4): logQ 1680 + 예측 logP 840 > 1747+60 → 컨텍스트 미생성
openfhe,16,32768,42,42,19,20,3,3,14,512,,,,,,,,,,2,,,0,예측 탈락(§8.5 규칙4): logQ 1680 + 예측 logP 840 > 1747+60 → 컨텍스트 미생성
openfhe,16,32768,42,42,17,22,4,4,14,512,,,,,,,,,,3,,,0,예측 탈락(§8.5 규칙4): logQ 1680 + 예측 logP 600 > 1747+60 → 컨텍스트 미생성
openfhe,16,32768,42,42,18,21,3,4,14,512,,,,,,,,,,3,,,0,예측 탈락(§8.5 규칙4): logQ 1680 + 예측 logP 600 > 1747+60 → 컨텍스트 미생성
openfhe,16,32768,42,42,18,21,4,3,14,512,,,,,,,,,,3,,,0,예측 탈락(§8.5 규칙4): logQ 1680 + 예측 logP 600 > 1747+60 → 컨텍스트 미생성
openfhe,16,32768,42,42,19,20,3,3,14,512,,,,,,,,,,3,,,0,예측 탈락(§8.5 규칙4): logQ 1680 + 예측 logP 600 > 1747+60 → 컨텍스트 미생성
openfhe,16,32768,42,42,17,22,4,4,14,512,,,,,,,,,,4,,,0,예측 탈락(§8.5 규칙4): logQ 1680 + 예측 logP 420 > 1747+60 → 컨텍스트 미생성
openfhe,16,32768,42,42,18,21,3,4,14,512,,,,,,,,,,4,,,0,예측 탈락(§8.5 규칙4): logQ 1680 + 예측 logP 420 > 1747+60 → 컨텍스트 미생성
openfhe,16,32768,42,42,18,21,4,3,14,512,,,,,,,,,,4,,,0,예측 탈락(§8.5 규칙4): logQ 1680 + 예측 logP 420 > 1747+60 → 컨텍스트 미생성
openfhe,16,32768,42,42,19,20,3,3,14,512,,,,,,,,,,4,,,0,예측 탈락(§8.5 규칙4): logQ 1680 + 예측 logP 420 > 1747+60 → 컨텍스트 미생성
openfhe,16,32768,42,42,17,22,4,4,14,512,,,,,,,,,,5,,,0,예측 탈락(§8.5 규칙4): logQ 1680 + 예측 logP 360 > 1747+60 → 컨텍스트 미생성
openfhe,16,32768,42,42,18,21,3,4,14,512,,,,,,,,,,5,,,0,예측 탈락(§8.5 규칙4): logQ 1680 + 예측 logP 360 > 1747+60 → 컨텍스트 미생성
openfhe,16,32768,42,42,18,21,4,3,14,512,,,,,,,,,,5,,,0,예측 탈락(§8.5 규칙4): logQ 1680 + 예측 logP 360 > 1747+60 → 컨텍스트 미생성
openfhe,16,32768,42,42,19,20,3,3,14,512,,,,,,,,,,5,,,0,예측 탈락(§8.5 규칙4): logQ 1680 + 예측 logP 360 > 1747+60 → 컨텍스트 미생성
openfhe,16,32768,42,42,17,22,4,4,14,512,,,,,,,,,,6,,,0,예측 탈락(§8.5 규칙4): logQ 1680 + 예측 logP 300 > 1747+60 → 컨텍스트 미생성
openfhe,16,32768,42,42,18,21,3,4,14,512,,,,,,,,,,6,,,0,예측 탈락(§8.5 규칙4): logQ 1680 + 예측 logP 300 > 1747+60 → 컨텍스트 미생성
openfhe,16,32768,42,42,18,21,4,3,14,512,,,,,,,,,,6,,,0,예측 탈락(§8.5 규칙4): logQ 1680 + 예측 logP 300 > 1747+60 → 컨텍스트 미생성
openfhe,16,32768,42,42,19,20,3,3,14,512,,,,,,,,,,6,,,0,예측 탈락(§8.5 규칙4): logQ 1680 + 예측 logP 300 > 1747+60 → 컨텍스트 미생성
openfhe,16,32768,42,42,17,22,4,4,14,512,,,,,,,,,,7,,,0,예측 탈락(§8.5 규칙4): logQ 1680 + 예측 logP 300 > 1747+60 → 컨텍스트 미생성
openfhe,16,32768,42,42,18,21,3,4,14,512,,,,,,,,,,7,,,0,예측 탈락(§8.5 규칙4): logQ 1680 + 예측 logP 300 > 1747+60 → 컨텍스트 미생성
openfhe,16,32768,42,42,18,21,4,3,14,512,,,,,,,,,,7,,,0,예측 탈락(§8.5 규칙4): logQ 1680 + 예측 logP 300 > 1747+60 → 컨텍스트 미생성
openfhe,16,32768,42,42,19,20,3,3,14,512,,,,,,,,,,7,,,0,예측 탈락(§8.5 규칙4): logQ 1680 + 예측 logP 300 > 1747+60 → 컨텍스트 미생성
openfhe,16,32768,42,42,17,22,4,4,14,512,,,,,,,,,,8,,,0,예측 탈락(§8.5 규칙4): logQ 1680 + 예측 logP 240 > 1747+60 → 컨텍스트 미생성
openfhe,16,32768,42,42,18,21,3,4,14,512,,,,,,,,,,8,,,0,예측 탈락(§8.5 규칙4): logQ 1680 + 예측 logP 240 > 1747+60 → 컨텍스트 미생성
openfhe,16,32768,42,42,18,21,4,3,14,512,,,,,,,,,,8,,,0,예측 탈락(§8.5 규칙4): logQ 1680 + 예측 logP 240 > 1747+60 → 컨텍스트 미생성
openfhe,16,32768,42,42,19,20,3,3,14,512,,,,,,,,,,8,,,0,예측 탈락(§8.5 규칙4): logQ 1680 + 예측 logP 240 > 1747+60 → 컨텍스트 미생성
openfhe,16,32768,42,42,17,22,4,4,14,512,,,,,,,,,,10,,,0,예측 탈락(§8.5 규칙4): logQ 1680 + 예측 logP 180 > 1747+60 → 컨텍스트 미생성
openfhe,16,32768,42,42,18,21,3,4,14,512,,,,,,,,,,10,,,0,예측 탈락(§8.5 규칙4): logQ 1680 + 예측 logP 180 > 1747+60 → 컨텍스트 미생성
openfhe,16,32768,42,42,18,21,4,3,14,512,,,,,,,,,,10,,,0,예측 탈락(§8.5 규칙4): logQ 1680 + 예측 logP 180 > 1747+60 → 컨텍스트 미생성
openfhe,16,32768,42,42,19,20,3,3,14,512,,,,,,,,,,10,,,0,예측 탈락(§8.5 규칙4): logQ 1680 + 예측 logP 180 > 1747+60 → 컨텍스트 미생성
openfhe,16,32768,42,42,17,22,4,4,14,512,,,,,,,,,,14,,,0,예측 탈락(§8.5 규칙4): logQ 1680 + 예측 logP 180 > 1747+60 → 컨텍스트 미생성
openfhe,16,32768,42,42,18,21,3,4,14,512,,,,,,,,,,14,,,0,예측 탈락(§8.5 규칙4): logQ 1680 + 예측 logP 180 > 1747+60 → 컨텍스트 미생성
openfhe,16,32768,42,42,18,21,4,3,14,512,,,,,,,,,,14,,,0,예측 탈락(§8.5 규칙4): logQ 1680 + 예측 logP 180 > 1747+60 → 컨텍스트 미생성
openfhe,16,32768,42,42,19,20,3,3,14,512,,,,,,,,,,14,,,0,예측 탈락(§8.5 규칙4): logQ 1680 + 예측 logP 180 > 1747+60 → 컨텍스트 미생성
openfhe,16,32768,42,42,17,22,4,4,14,512,40,1680,2,120,1800,18,756,120,876,20,85,-53,0,logQP_boot 1800 > 1747
openfhe,16,32768,42,42,18,21,3,4,14,512,40,1680,2,120,1800,19,798,120,918,20,85,-53,0,logQP_boot 1800 > 1747
openfhe,16,32768,42,42,18,21,4,3,14,512,40,1680,2,120,1800,19,798,120,918,20,85,-53,0,logQP_boot 1800 > 1747
openfhe,16,32768,42,42,19,20,3,3,14,512,40,1680,2,120,1800,20,840,120,960,20,85,-53,0,logQP_boot 1800 > 1747
openfhe,16,32768,42,42,17,22,4,4,14,512,40,1680,1,60,1740,18,756,60,816,40,43,7,1,
openfhe,16,32768,42,42,18,21,3,4,14,512,40,1680,1,60,1740,19,798,60,858,40,43,7,1,
openfhe,16,32768,42,42,18,21,4,3,14,512,40,1680,1,60,1740,19,798,60,858,40,43,7,1,
openfhe,16,32768,42,42,19,20,3,3,14,512,40,1680,1,60,1740,20,840,60,900,40,43,7,1,
openfhe,16,32768,42,42,18,22,4,4,14,512,,,,,,,,,,0,,,0,상한 초과 확정: logQ_boot(명목) 1722 + 최소 logP 60 > 1747
openfhe,16,32768,42,42,19,21,3,4,14,512,,,,,,,,,,0,,,0,상한 초과 확정: logQ_boot(명목) 1722 + 최소 logP 60 > 1747
openfhe,16,32768,42,42,19,21,4,3,14,512,,,,,,,,,,0,,,0,상한 초과 확정: logQ_boot(명목) 1722 + 최소 logP 60 > 1747
openfhe,16,32768,42,42,20,20,3,3,14,512,,,,,,,,,,0,,,0,상한 초과 확정: logQ_boot(명목) 1722 + 최소 logP 60 > 1747
openfhe,16,32768,42,42,19,22,4,4,14,512,,,,,,,,,,0,,,0,상한 초과 확정: logQ_boot(명목) 1764 + 최소 logP 60 > 1747
openfhe,16,32768,42,42,20,21,3,4,14,512,,,,,,,,,,0,,,0,상한 초과 확정: logQ_boot(명목) 1764 + 최소 logP 60 > 1747
openfhe,16,32768,42,42,20,21,4,3,14,512,,,,,,,,,,0,,,0,상한 초과 확정: logQ_boot(명목) 1764 + 최소 logP 60 > 1747
openfhe,16,32768,42,42,20,22,4,4,14,512,,,,,,,,,,0,,,0,상한 초과 확정: logQ_boot(명목) 1806 + 최소 logP 60 > 1747
openfhe,16,32768,42,45,15,16,1,1,14,512,,,,,,,,,,1,,,0,예측 탈락(§8.5 규칙4): logQ 1437 + 예측 logP 1440 > 1747+60 → 컨텍스트 미생성
openfhe,16,32768,42,45,15,16,1,1,14,512,,,,,,,,,,2,,,0,예측 탈락(§8.5 규칙4): logQ 1437 + 예측 logP 720 > 1747+60 → 컨텍스트 미생성
openfhe,16,32768,42,45,15,16,1,1,14,512,,,,,,,,,,3,,,0,예측 탈락(§8.5 규칙4): logQ 1437 + 예측 logP 540 > 1747+60 → 컨텍스트 미생성
openfhe,16,32768,42,45,15,16,1,1,14,512,,,,,,,,,,4,,,0,/data/yja/openfhe-src/src/pke/lib/scheme/gen-cryptocontext-params-validation.cpp:l.92:validateParametersForCryptocontext(): firstModSize cannot be less than scalingModSize
openfhe,16,32768,42,45,15,16,1,1,14,512,,,,,,,,,,5,,,0,/data/yja/openfhe-src/src/pke/lib/scheme/gen-cryptocontext-params-validation.cpp:l.92:validateParametersForCryptocontext(): firstModSize cannot be less than scalingModSize
openfhe,16,32768,42,45,15,16,1,1,14,512,,,,,,,,,,6,,,0,/data/yja/openfhe-src/src/pke/lib/scheme/gen-cryptocontext-params-validation.cpp:l.92:validateParametersForCryptocontext(): firstModSize cannot be less than scalingModSize
openfhe,16,32768,42,45,15,16,1,1,14,512,,,,,,,,,,7,,,0,/data/yja/openfhe-src/src/pke/lib/scheme/gen-cryptocontext-params-validation.cpp:l.92:validateParametersForCryptocontext(): firstModSize cannot be less than scalingModSize
openfhe,16,32768,42,45,15,16,1,1,14,512,,,,,,,,,,8,,,0,/data/yja/openfhe-src/src/pke/lib/scheme/gen-cryptocontext-params-validation.cpp:l.92:validateParametersForCryptocontext(): firstModSize cannot be less than scalingModSize
openfhe,16,32768,42,45,15,16,1,1,14,512,,,,,,,,,,11,,,0,/data/yja/openfhe-src/src/pke/lib/scheme/gen-cryptocontext-params-validation.cpp:l.92:validateParametersForCryptocontext(): firstModSize cannot be less than scalingModSize
openfhe,16,32768,42,45,15,16,1,1,14,512,,,,,,,,,,16,,,0,/data/yja/openfhe-src/src/pke/lib/scheme/gen-cryptocontext-params-validation.cpp:l.92:validateParametersForCryptocontext(): firstModSize cannot be less than scalingModSize
openfhe,16,32768,42,45,15,16,1,1,14,512,,,,,,,,,,32,,,0,/data/yja/openfhe-src/src/pke/lib/scheme/gen-cryptocontext-params-validation.cpp:l.92:validateParametersForCryptocontext(): firstModSize cannot be less than scalingModSize
openfhe,16,32768,42,45,16,16,1,1,14,512,,,,,,,,,,1,,,0,예측 탈락(§8.5 규칙4): logQ 1482 + 예측 logP 1500 > 1747+60 → 컨텍스트 미생성
openfhe,16,32768,42,45,16,16,1,1,14,512,,,,,,,,,,2,,,0,예측 탈락(§8.5 규칙4): logQ 1482 + 예측 logP 780 > 1747+60 → 컨텍스트 미생성
openfhe,16,32768,42,45,16,16,1,1,14,512,,,,,,,,,,3,,,0,예측 탈락(§8.5 규칙4): logQ 1482 + 예측 logP 540 > 1747+60 → 컨텍스트 미생성
openfhe,16,32768,42,45,16,16,1,1,14,512,,,,,,,,,,4,,,0,예측 탈락(§8.5 규칙4): logQ 1482 + 예측 logP 420 > 1747+60 → 컨텍스트 미생성
openfhe,16,32768,42,45,16,16,1,1,14,512,,,,,,,,,,5,,,0,예측 탈락(§8.5 규칙4): logQ 1482 + 예측 logP 360 > 1747+60 → 컨텍스트 미생성
openfhe,16,32768,42,45,16,16,1,1,14,512,,,,,,,,,,6,,,0,/data/yja/openfhe-src/src/pke/lib/scheme/gen-cryptocontext-params-validation.cpp:l.92:validateParametersForCryptocontext(): firstModSize cannot be less than scalingModSize
openfhe,16,32768,42,45,16,16,1,1,14,512,,,,,,,,,,7,,,0,/data/yja/openfhe-src/src/pke/lib/scheme/gen-cryptocontext-params-validation.cpp:l.92:validateParametersForCryptocontext(): firstModSize cannot be less than scalingModSize
openfhe,16,32768,42,45,16,16,1,1,14,512,,,,,,,,,,9,,,0,/data/yja/openfhe-src/src/pke/lib/scheme/gen-cryptocontext-params-validation.cpp:l.92:validateParametersForCryptocontext(): firstModSize cannot be less than scalingModSize
openfhe,16,32768,42,45,16,16,1,1,14,512,,,,,,,,,,11,,,0,/data/yja/openfhe-src/src/pke/lib/scheme/gen-cryptocontext-params-validation.cpp:l.92:validateParametersForCryptocontext(): firstModSize cannot be less than scalingModSize
openfhe,16,32768,42,45,16,16,1,1,14,512,,,,,,,,,,17,,,0,/data/yja/openfhe-src/src/pke/lib/scheme/gen-cryptocontext-params-validation.cpp:l.92:validateParametersForCryptocontext(): firstModSize cannot be less than scalingModSize
openfhe,16,32768,42,45,16,16,1,1,14,512,,,,,,,,,,33,,,0,/data/yja/openfhe-src/src/pke/lib/scheme/gen-cryptocontext-params-validation.cpp:l.92:validateParametersForCryptocontext(): firstModSize cannot be less than scalingModSize
openfhe,16,32768,42,45,15,18,2,2,14,512,,,,,,,,,,1,,,0,예측 탈락(§8.5 규칙4): logQ 1527 + 예측 logP 1560 > 1747+60 → 컨텍스트 미생성
openfhe,16,32768,42,45,17,16,1,1,14,512,,,,,,,,,,1,,,0,예측 탈락(§8.5 규칙4): logQ 1527 + 예측 logP 1560 > 1747+60 → 컨텍스트 미생성
openfhe,16,32768,42,45,15,18,2,2,14,512,,,,,,,,,,2,,,0,예측 탈락(§8.5 규칙4): logQ 1527 + 예측 logP 780 > 1747+60 → 컨텍스트 미생성
openfhe,16,32768,42,45,17,16,1,1,14,512,,,,,,,,,,2,,,0,예측 탈락(§8.5 규칙4): logQ 1527 + 예측 logP 780 > 1747+60 → 컨텍스트 미생성
openfhe,16,32768,42,45,15,18,2,2,14,512,,,,,,,,,,3,,,0,예측 탈락(§8.5 규칙4): logQ 1527 + 예측 logP 540 > 1747+60 → 컨텍스트 미생성
openfhe,16,32768,42,45,17,16,1,1,14,512,,,,,,,,,,3,,,0,예측 탈락(§8.5 규칙4): logQ 1527 + 예측 logP 540 > 1747+60 → 컨텍스트 미생성
openfhe,16,32768,42,45,15,18,2,2,14,512,,,,,,,,,,4,,,0,예측 탈락(§8.5 규칙4): logQ 1527 + 예측 logP 420 > 1747+60 → 컨텍스트 미생성
openfhe,16,32768,42,45,17,16,1,1,14,512,,,,,,,,,,4,,,0,예측 탈락(§8.5 규칙4): logQ 1527 + 예측 logP 420 > 1747+60 → 컨텍스트 미생성
openfhe,16,32768,42,45,15,18,2,2,14,512,,,,,,,,,,5,,,0,예측 탈락(§8.5 규칙4): logQ 1527 + 예측 logP 360 > 1747+60 → 컨텍스트 미생성
openfhe,16,32768,42,45,17,16,1,1,14,512,,,,,,,,,,5,,,0,예측 탈락(§8.5 규칙4): logQ 1527 + 예측 logP 360 > 1747+60 → 컨텍스트 미생성
openfhe,16,32768,42,45,15,18,2,2,14,512,,,,,,,,,,6,,,0,예측 탈락(§8.5 규칙4): logQ 1527 + 예측 logP 300 > 1747+60 → 컨텍스트 미생성
openfhe,16,32768,42,45,17,16,1,1,14,512,,,,,,,,,,6,,,0,예측 탈락(§8.5 규칙4): logQ 1527 + 예측 logP 300 > 1747+60 → 컨텍스트 미생성
openfhe,16,32768,42,45,15,18,2,2,14,512,,,,,,,,,,7,,,0,/data/yja/openfhe-src/src/pke/lib/scheme/gen-cryptocontext-params-validation.cpp:l.92:validateParametersForCryptocontext(): firstModSize cannot be less than scalingModSize
openfhe,16,32768,42,45,17,16,1,1,14,512,,,,,,,,,,7,,,0,/data/yja/openfhe-src/src/pke/lib/scheme/gen-cryptocontext-params-validation.cpp:l.92:validateParametersForCryptocontext(): firstModSize cannot be less than scalingModSize
openfhe,16,32768,42,45,15,18,2,2,14,512,,,,,,,,,,9,,,0,/data/yja/openfhe-src/src/pke/lib/scheme/gen-cryptocontext-params-validation.cpp:l.92:validateParametersForCryptocontext(): firstModSize cannot be less than scalingModSize
openfhe,16,32768,42,45,17,16,1,1,14,512,,,,,,,,,,9,,,0,/data/yja/openfhe-src/src/pke/lib/scheme/gen-cryptocontext-params-validation.cpp:l.92:validateParametersForCryptocontext(): firstModSize cannot be less than scalingModSize
openfhe,16,32768,42,45,15,18,2,2,14,512,,,,,,,,,,12,,,0,/data/yja/openfhe-src/src/pke/lib/scheme/gen-cryptocontext-params-validation.cpp:l.92:validateParametersForCryptocontext(): firstModSize cannot be less than scalingModSize
openfhe,16,32768,42,45,17,16,1,1,14,512,,,,,,,,,,12,,,0,/data/yja/openfhe-src/src/pke/lib/scheme/gen-cryptocontext-params-validation.cpp:l.92:validateParametersForCryptocontext(): firstModSize cannot be less than scalingModSize
openfhe,16,32768,42,45,15,18,2,2,14,512,,,,,,,,,,17,,,0,/data/yja/openfhe-src/src/pke/lib/scheme/gen-cryptocontext-params-validation.cpp:l.92:validateParametersForCryptocontext(): firstModSize cannot be less than scalingModSize
openfhe,16,32768,42,45,17,16,1,1,14,512,,,,,,,,,,17,,,0,/data/yja/openfhe-src/src/pke/lib/scheme/gen-cryptocontext-params-validation.cpp:l.92:validateParametersForCryptocontext(): firstModSize cannot be less than scalingModSize
openfhe,16,32768,42,45,15,18,2,2,14,512,,,,,,,,,,34,,,0,/data/yja/openfhe-src/src/pke/lib/scheme/gen-cryptocontext-params-validation.cpp:l.92:validateParametersForCryptocontext(): firstModSize cannot be less than scalingModSize
openfhe,16,32768,42,45,17,16,1,1,14,512,,,,,,,,,,34,,,0,/data/yja/openfhe-src/src/pke/lib/scheme/gen-cryptocontext-params-validation.cpp:l.92:validateParametersForCryptocontext(): firstModSize cannot be less than scalingModSize
openfhe,16,32768,42,45,16,18,2,2,14,512,,,,,,,,,,1,,,0,예측 탈락(§8.5 규칙4): logQ 1572 + 예측 logP 1620 > 1747+60 → 컨텍스트 미생성
openfhe,16,32768,42,45,18,16,1,1,14,512,,,,,,,,,,1,,,0,예측 탈락(§8.5 규칙4): logQ 1572 + 예측 logP 1620 > 1747+60 → 컨텍스트 미생성
openfhe,16,32768,42,45,16,18,2,2,14,512,,,,,,,,,,2,,,0,예측 탈락(§8.5 규칙4): logQ 1572 + 예측 logP 840 > 1747+60 → 컨텍스트 미생성
openfhe,16,32768,42,45,18,16,1,1,14,512,,,,,,,,,,2,,,0,예측 탈락(§8.5 규칙4): logQ 1572 + 예측 logP 840 > 1747+60 → 컨텍스트 미생성
openfhe,16,32768,42,45,16,18,2,2,14,512,,,,,,,,,,3,,,0,예측 탈락(§8.5 규칙4): logQ 1572 + 예측 logP 540 > 1747+60 → 컨텍스트 미생성
openfhe,16,32768,42,45,18,16,1,1,14,512,,,,,,,,,,3,,,0,예측 탈락(§8.5 규칙4): logQ 1572 + 예측 logP 540 > 1747+60 → 컨텍스트 미생성
openfhe,16,32768,42,45,16,18,2,2,14,512,,,,,,,,,,4,,,0,예측 탈락(§8.5 규칙4): logQ 1572 + 예측 logP 420 > 1747+60 → 컨텍스트 미생성
openfhe,16,32768,42,45,18,16,1,1,14,512,,,,,,,,,,4,,,0,예측 탈락(§8.5 규칙4): logQ 1572 + 예측 logP 420 > 1747+60 → 컨텍스트 미생성
openfhe,16,32768,42,45,16,18,2,2,14,512,,,,,,,,,,5,,,0,예측 탈락(§8.5 규칙4): logQ 1572 + 예측 logP 360 > 1747+60 → 컨텍스트 미생성
openfhe,16,32768,42,45,18,16,1,1,14,512,,,,,,,,,,5,,,0,예측 탈락(§8.5 규칙4): logQ 1572 + 예측 logP 360 > 1747+60 → 컨텍스트 미생성
openfhe,16,32768,42,45,16,18,2,2,14,512,,,,,,,,,,6,,,0,예측 탈락(§8.5 규칙4): logQ 1572 + 예측 logP 300 > 1747+60 → 컨텍스트 미생성
openfhe,16,32768,42,45,18,16,1,1,14,512,,,,,,,,,,6,,,0,예측 탈락(§8.5 규칙4): logQ 1572 + 예측 logP 300 > 1747+60 → 컨텍스트 미생성
openfhe,16,32768,42,45,16,18,2,2,14,512,,,,,,,,,,7,,,0,예측 탈락(§8.5 규칙4): logQ 1572 + 예측 logP 240 > 1747+60 → 컨텍스트 미생성
openfhe,16,32768,42,45,18,16,1,1,14,512,,,,,,,,,,7,,,0,예측 탈락(§8.5 규칙4): logQ 1572 + 예측 logP 240 > 1747+60 → 컨텍스트 미생성
openfhe,16,32768,42,45,16,18,2,2,14,512,,,,,,,,,,9,,,0,/data/yja/openfhe-src/src/pke/lib/scheme/gen-cryptocontext-params-validation.cpp:l.92:validateParametersForCryptocontext(): firstModSize cannot be less than scalingModSize
openfhe,16,32768,42,45,18,16,1,1,14,512,,,,,,,,,,9,,,0,/data/yja/openfhe-src/src/pke/lib/scheme/gen-cryptocontext-params-validation.cpp:l.92:validateParametersForCryptocontext(): firstModSize cannot be less than scalingModSize
openfhe,16,32768,42,45,16,18,2,2,14,512,,,,,,,,,,12,,,0,/data/yja/openfhe-src/src/pke/lib/scheme/gen-cryptocontext-params-validation.cpp:l.92:validateParametersForCryptocontext(): firstModSize cannot be less than scalingModSize
openfhe,16,32768,42,45,18,16,1,1,14,512,,,,,,,,,,12,,,0,/data/yja/openfhe-src/src/pke/lib/scheme/gen-cryptocontext-params-validation.cpp:l.92:validateParametersForCryptocontext(): firstModSize cannot be less than scalingModSize
openfhe,16,32768,42,45,16,18,2,2,14,512,,,,,,,,,,18,,,0,/data/yja/openfhe-src/src/pke/lib/scheme/gen-cryptocontext-params-validation.cpp:l.92:validateParametersForCryptocontext(): firstModSize cannot be less than scalingModSize
openfhe,16,32768,42,45,18,16,1,1,14,512,,,,,,,,,,18,,,0,/data/yja/openfhe-src/src/pke/lib/scheme/gen-cryptocontext-params-validation.cpp:l.92:validateParametersForCryptocontext(): firstModSize cannot be less than scalingModSize
openfhe,16,32768,42,45,16,18,2,2,14,512,,,,,,,,,,35,,,0,/data/yja/openfhe-src/src/pke/lib/scheme/gen-cryptocontext-params-validation.cpp:l.92:validateParametersForCryptocontext(): firstModSize cannot be less than scalingModSize
openfhe,16,32768,42,45,18,16,1,1,14,512,,,,,,,,,,35,,,0,/data/yja/openfhe-src/src/pke/lib/scheme/gen-cryptocontext-params-validation.cpp:l.92:validateParametersForCryptocontext(): firstModSize cannot be less than scalingModSize
openfhe,16,32768,42,45,15,20,3,3,14,512,,,,,,,,,,1,,,0,예측 탈락(§8.5 규칙4): logQ 1617 + 예측 logP 1620 > 1747+60 → 컨텍스트 미생성
openfhe,16,32768,42,45,17,18,2,2,14,512,,,,,,,,,,1,,,0,예측 탈락(§8.5 규칙4): logQ 1617 + 예측 logP 1620 > 1747+60 → 컨텍스트 미생성
openfhe,16,32768,42,45,19,16,1,1,14,512,,,,,,,,,,1,,,0,예측 탈락(§8.5 규칙4): logQ 1617 + 예측 logP 1620 > 1747+60 → 컨텍스트 미생성
openfhe,16,32768,42,45,15,20,3,3,14,512,,,,,,,,,,2,,,0,예측 탈락(§8.5 규칙4): logQ 1617 + 예측 logP 840 > 1747+60 → 컨텍스트 미생성
openfhe,16,32768,42,45,17,18,2,2,14,512,,,,,,,,,,2,,,0,예측 탈락(§8.5 규칙4): logQ 1617 + 예측 logP 840 > 1747+60 → 컨텍스트 미생성
openfhe,16,32768,42,45,19,16,1,1,14,512,,,,,,,,,,2,,,0,예측 탈락(§8.5 규칙4): logQ 1617 + 예측 logP 840 > 1747+60 → 컨텍스트 미생성
openfhe,16,32768,42,45,15,20,3,3,14,512,,,,,,,,,,3,,,0,예측 탈락(§8.5 규칙4): logQ 1617 + 예측 logP 540 > 1747+60 → 컨텍스트 미생성
openfhe,16,32768,42,45,17,18,2,2,14,512,,,,,,,,,,3,,,0,예측 탈락(§8.5 규칙4): logQ 1617 + 예측 logP 540 > 1747+60 → 컨텍스트 미생성
openfhe,16,32768,42,45,19,16,1,1,14,512,,,,,,,,,,3,,,0,예측 탈락(§8.5 규칙4): logQ 1617 + 예측 logP 540 > 1747+60 → 컨텍스트 미생성
openfhe,16,32768,42,45,15,20,3,3,14,512,,,,,,,,,,4,,,0,예측 탈락(§8.5 규칙4): logQ 1617 + 예측 logP 420 > 1747+60 → 컨텍스트 미생성
openfhe,16,32768,42,45,17,18,2,2,14,512,,,,,,,,,,4,,,0,예측 탈락(§8.5 규칙4): logQ 1617 + 예측 logP 420 > 1747+60 → 컨텍스트 미생성
openfhe,16,32768,42,45,19,16,1,1,14,512,,,,,,,,,,4,,,0,예측 탈락(§8.5 규칙4): logQ 1617 + 예측 logP 420 > 1747+60 → 컨텍스트 미생성
openfhe,16,32768,42,45,15,20,3,3,14,512,,,,,,,,,,5,,,0,예측 탈락(§8.5 규칙4): logQ 1617 + 예측 logP 360 > 1747+60 → 컨텍스트 미생성
openfhe,16,32768,42,45,17,18,2,2,14,512,,,,,,,,,,5,,,0,예측 탈락(§8.5 규칙4): logQ 1617 + 예측 logP 360 > 1747+60 → 컨텍스트 미생성
openfhe,16,32768,42,45,19,16,1,1,14,512,,,,,,,,,,5,,,0,예측 탈락(§8.5 규칙4): logQ 1617 + 예측 logP 360 > 1747+60 → 컨텍스트 미생성
openfhe,16,32768,42,45,15,20,3,3,14,512,,,,,,,,,,6,,,0,예측 탈락(§8.5 규칙4): logQ 1617 + 예측 logP 300 > 1747+60 → 컨텍스트 미생성
openfhe,16,32768,42,45,17,18,2,2,14,512,,,,,,,,,,6,,,0,예측 탈락(§8.5 규칙4): logQ 1617 + 예측 logP 300 > 1747+60 → 컨텍스트 미생성
openfhe,16,32768,42,45,19,16,1,1,14,512,,,,,,,,,,6,,,0,예측 탈락(§8.5 규칙4): logQ 1617 + 예측 logP 300 > 1747+60 → 컨텍스트 미생성
openfhe,16,32768,42,45,15,20,3,3,14,512,,,,,,,,,,8,,,0,예측 탈락(§8.5 규칙4): logQ 1617 + 예측 logP 240 > 1747+60 → 컨텍스트 미생성
openfhe,16,32768,42,45,17,18,2,2,14,512,,,,,,,,,,8,,,0,예측 탈락(§8.5 규칙4): logQ 1617 + 예측 logP 240 > 1747+60 → 컨텍스트 미생성
openfhe,16,32768,42,45,19,16,1,1,14,512,,,,,,,,,,8,,,0,예측 탈락(§8.5 규칙4): logQ 1617 + 예측 logP 240 > 1747+60 → 컨텍스트 미생성
openfhe,16,32768,42,45,15,20,3,3,14,512,,,,,,,,,,9,,,0,/data/yja/openfhe-src/src/pke/lib/scheme/gen-cryptocontext-params-validation.cpp:l.92:validateParametersForCryptocontext(): firstModSize cannot be less than scalingModSize
openfhe,16,32768,42,45,17,18,2,2,14,512,,,,,,,,,,9,,,0,/data/yja/openfhe-src/src/pke/lib/scheme/gen-cryptocontext-params-validation.cpp:l.92:validateParametersForCryptocontext(): firstModSize cannot be less than scalingModSize
openfhe,16,32768,42,45,19,16,1,1,14,512,,,,,,,,,,9,,,0,/data/yja/openfhe-src/src/pke/lib/scheme/gen-cryptocontext-params-validation.cpp:l.92:validateParametersForCryptocontext(): firstModSize cannot be less than scalingModSize
openfhe,16,32768,42,45,15,20,3,3,14,512,,,,,,,,,,12,,,0,/data/yja/openfhe-src/src/pke/lib/scheme/gen-cryptocontext-params-validation.cpp:l.92:validateParametersForCryptocontext(): firstModSize cannot be less than scalingModSize
openfhe,16,32768,42,45,17,18,2,2,14,512,,,,,,,,,,12,,,0,/data/yja/openfhe-src/src/pke/lib/scheme/gen-cryptocontext-params-validation.cpp:l.92:validateParametersForCryptocontext(): firstModSize cannot be less than scalingModSize
openfhe,16,32768,42,45,19,16,1,1,14,512,,,,,,,,,,12,,,0,/data/yja/openfhe-src/src/pke/lib/scheme/gen-cryptocontext-params-validation.cpp:l.92:validateParametersForCryptocontext(): firstModSize cannot be less than scalingModSize
openfhe,16,32768,42,45,15,20,3,3,14,512,,,,,,,,,,18,,,0,/data/yja/openfhe-src/src/pke/lib/scheme/gen-cryptocontext-params-validation.cpp:l.92:validateParametersForCryptocontext(): firstModSize cannot be less than scalingModSize
openfhe,16,32768,42,45,17,18,2,2,14,512,,,,,,,,,,18,,,0,/data/yja/openfhe-src/src/pke/lib/scheme/gen-cryptocontext-params-validation.cpp:l.92:validateParametersForCryptocontext(): firstModSize cannot be less than scalingModSize
openfhe,16,32768,42,45,19,16,1,1,14,512,,,,,,,,,,18,,,0,/data/yja/openfhe-src/src/pke/lib/scheme/gen-cryptocontext-params-validation.cpp:l.92:validateParametersForCryptocontext(): firstModSize cannot be less than scalingModSize
openfhe,16,32768,42,45,15,20,3,3,14,512,,,,,,,,,,36,,,0,/data/yja/openfhe-src/src/pke/lib/scheme/gen-cryptocontext-params-validation.cpp:l.92:validateParametersForCryptocontext(): firstModSize cannot be less than scalingModSize
openfhe,16,32768,42,45,17,18,2,2,14,512,,,,,,,,,,36,,,0,/data/yja/openfhe-src/src/pke/lib/scheme/gen-cryptocontext-params-validation.cpp:l.92:validateParametersForCryptocontext(): firstModSize cannot be less than scalingModSize
openfhe,16,32768,42,45,19,16,1,1,14,512,,,,,,,,,,36,,,0,/data/yja/openfhe-src/src/pke/lib/scheme/gen-cryptocontext-params-validation.cpp:l.92:validateParametersForCryptocontext(): firstModSize cannot be less than scalingModSize
openfhe,16,32768,42,45,15,21,3,4,14,512,,,,,,,,,,1,,,0,예측 탈락(§8.5 규칙4): logQ 1662 + 예측 logP 1680 > 1747+60 → 컨텍스트 미생성
openfhe,16,32768,42,45,15,21,4,3,14,512,,,,,,,,,,1,,,0,예측 탈락(§8.5 규칙4): logQ 1662 + 예측 logP 1680 > 1747+60 → 컨텍스트 미생성
openfhe,16,32768,42,45,16,20,3,3,14,512,,,,,,,,,,1,,,0,예측 탈락(§8.5 규칙4): logQ 1662 + 예측 logP 1680 > 1747+60 → 컨텍스트 미생성
openfhe,16,32768,42,45,18,18,2,2,14,512,,,,,,,,,,1,,,0,예측 탈락(§8.5 규칙4): logQ 1662 + 예측 logP 1680 > 1747+60 → 컨텍스트 미생성
openfhe,16,32768,42,45,20,16,1,1,14,512,,,,,,,,,,1,,,0,예측 탈락(§8.5 규칙4): logQ 1662 + 예측 logP 1680 > 1747+60 → 컨텍스트 미생성
openfhe,16,32768,42,45,15,21,3,4,14,512,,,,,,,,,,2,,,0,예측 탈락(§8.5 규칙4): logQ 1662 + 예측 logP 900 > 1747+60 → 컨텍스트 미생성
openfhe,16,32768,42,45,15,21,4,3,14,512,,,,,,,,,,2,,,0,예측 탈락(§8.5 규칙4): logQ 1662 + 예측 logP 900 > 1747+60 → 컨텍스트 미생성
openfhe,16,32768,42,45,16,20,3,3,14,512,,,,,,,,,,2,,,0,예측 탈락(§8.5 규칙4): logQ 1662 + 예측 logP 900 > 1747+60 → 컨텍스트 미생성
openfhe,16,32768,42,45,18,18,2,2,14,512,,,,,,,,,,2,,,0,예측 탈락(§8.5 규칙4): logQ 1662 + 예측 logP 900 > 1747+60 → 컨텍스트 미생성
openfhe,16,32768,42,45,20,16,1,1,14,512,,,,,,,,,,2,,,0,예측 탈락(§8.5 규칙4): logQ 1662 + 예측 logP 900 > 1747+60 → 컨텍스트 미생성
openfhe,16,32768,42,45,15,21,3,4,14,512,,,,,,,,,,3,,,0,예측 탈락(§8.5 규칙4): logQ 1662 + 예측 logP 600 > 1747+60 → 컨텍스트 미생성
openfhe,16,32768,42,45,15,21,4,3,14,512,,,,,,,,,,3,,,0,예측 탈락(§8.5 규칙4): logQ 1662 + 예측 logP 600 > 1747+60 → 컨텍스트 미생성
openfhe,16,32768,42,45,16,20,3,3,14,512,,,,,,,,,,3,,,0,예측 탈락(§8.5 규칙4): logQ 1662 + 예측 logP 600 > 1747+60 → 컨텍스트 미생성
openfhe,16,32768,42,45,18,18,2,2,14,512,,,,,,,,,,3,,,0,예측 탈락(§8.5 규칙4): logQ 1662 + 예측 logP 600 > 1747+60 → 컨텍스트 미생성
openfhe,16,32768,42,45,20,16,1,1,14,512,,,,,,,,,,3,,,0,예측 탈락(§8.5 규칙4): logQ 1662 + 예측 logP 600 > 1747+60 → 컨텍스트 미생성
openfhe,16,32768,42,45,15,21,3,4,14,512,,,,,,,,,,4,,,0,예측 탈락(§8.5 규칙4): logQ 1662 + 예측 logP 480 > 1747+60 → 컨텍스트 미생성
openfhe,16,32768,42,45,15,21,4,3,14,512,,,,,,,,,,4,,,0,예측 탈락(§8.5 규칙4): logQ 1662 + 예측 logP 480 > 1747+60 → 컨텍스트 미생성
openfhe,16,32768,42,45,16,20,3,3,14,512,,,,,,,,,,4,,,0,예측 탈락(§8.5 규칙4): logQ 1662 + 예측 logP 480 > 1747+60 → 컨텍스트 미생성
openfhe,16,32768,42,45,18,18,2,2,14,512,,,,,,,,,,4,,,0,예측 탈락(§8.5 규칙4): logQ 1662 + 예측 logP 480 > 1747+60 → 컨텍스트 미생성
openfhe,16,32768,42,45,20,16,1,1,14,512,,,,,,,,,,4,,,0,예측 탈락(§8.5 규칙4): logQ 1662 + 예측 logP 480 > 1747+60 → 컨텍스트 미생성
openfhe,16,32768,42,45,15,21,3,4,14,512,,,,,,,,,,5,,,0,예측 탈락(§8.5 규칙4): logQ 1662 + 예측 logP 360 > 1747+60 → 컨텍스트 미생성
openfhe,16,32768,42,45,15,21,4,3,14,512,,,,,,,,,,5,,,0,예측 탈락(§8.5 규칙4): logQ 1662 + 예측 logP 360 > 1747+60 → 컨텍스트 미생성
openfhe,16,32768,42,45,16,20,3,3,14,512,,,,,,,,,,5,,,0,예측 탈락(§8.5 규칙4): logQ 1662 + 예측 logP 360 > 1747+60 → 컨텍스트 미생성
openfhe,16,32768,42,45,18,18,2,2,14,512,,,,,,,,,,5,,,0,예측 탈락(§8.5 규칙4): logQ 1662 + 예측 logP 360 > 1747+60 → 컨텍스트 미생성
openfhe,16,32768,42,45,20,16,1,1,14,512,,,,,,,,,,5,,,0,예측 탈락(§8.5 규칙4): logQ 1662 + 예측 logP 360 > 1747+60 → 컨텍스트 미생성
openfhe,16,32768,42,45,15,21,3,4,14,512,,,,,,,,,,6,,,0,예측 탈락(§8.5 규칙4): logQ 1662 + 예측 logP 360 > 1747+60 → 컨텍스트 미생성
openfhe,16,32768,42,45,15,21,4,3,14,512,,,,,,,,,,6,,,0,예측 탈락(§8.5 규칙4): logQ 1662 + 예측 logP 360 > 1747+60 → 컨텍스트 미생성
openfhe,16,32768,42,45,16,20,3,3,14,512,,,,,,,,,,6,,,0,예측 탈락(§8.5 규칙4): logQ 1662 + 예측 logP 360 > 1747+60 → 컨텍스트 미생성
openfhe,16,32768,42,45,18,18,2,2,14,512,,,,,,,,,,6,,,0,예측 탈락(§8.5 규칙4): logQ 1662 + 예측 logP 360 > 1747+60 → 컨텍스트 미생성
openfhe,16,32768,42,45,20,16,1,1,14,512,,,,,,,,,,6,,,0,예측 탈락(§8.5 규칙4): logQ 1662 + 예측 logP 360 > 1747+60 → 컨텍스트 미생성
openfhe,16,32768,42,45,15,21,3,4,14,512,,,,,,,,,,7,,,0,예측 탈락(§8.5 규칙4): logQ 1662 + 예측 logP 300 > 1747+60 → 컨텍스트 미생성
openfhe,16,32768,42,45,15,21,4,3,14,512,,,,,,,,,,7,,,0,예측 탈락(§8.5 규칙4): logQ 1662 + 예측 logP 300 > 1747+60 → 컨텍스트 미생성
openfhe,16,32768,42,45,16,20,3,3,14,512,,,,,,,,,,7,,,0,예측 탈락(§8.5 규칙4): logQ 1662 + 예측 logP 300 > 1747+60 → 컨텍스트 미생성
openfhe,16,32768,42,45,18,18,2,2,14,512,,,,,,,,,,7,,,0,예측 탈락(§8.5 규칙4): logQ 1662 + 예측 logP 300 > 1747+60 → 컨텍스트 미생성
openfhe,16,32768,42,45,20,16,1,1,14,512,,,,,,,,,,7,,,0,예측 탈락(§8.5 규칙4): logQ 1662 + 예측 logP 300 > 1747+60 → 컨텍스트 미생성
openfhe,16,32768,42,45,15,21,3,4,14,512,,,,,,,,,,8,,,0,예측 탈락(§8.5 규칙4): logQ 1662 + 예측 logP 240 > 1747+60 → 컨텍스트 미생성
openfhe,16,32768,42,45,15,21,4,3,14,512,,,,,,,,,,8,,,0,예측 탈락(§8.5 규칙4): logQ 1662 + 예측 logP 240 > 1747+60 → 컨텍스트 미생성
openfhe,16,32768,42,45,16,20,3,3,14,512,,,,,,,,,,8,,,0,예측 탈락(§8.5 규칙4): logQ 1662 + 예측 logP 240 > 1747+60 → 컨텍스트 미생성
openfhe,16,32768,42,45,18,18,2,2,14,512,,,,,,,,,,8,,,0,예측 탈락(§8.5 규칙4): logQ 1662 + 예측 logP 240 > 1747+60 → 컨텍스트 미생성
openfhe,16,32768,42,45,20,16,1,1,14,512,,,,,,,,,,8,,,0,예측 탈락(§8.5 규칙4): logQ 1662 + 예측 logP 240 > 1747+60 → 컨텍스트 미생성
openfhe,16,32768,42,45,15,21,3,4,14,512,,,,,,,,,,10,,,0,예측 탈락(§8.5 규칙4): logQ 1662 + 예측 logP 180 > 1747+60 → 컨텍스트 미생성
openfhe,16,32768,42,45,15,21,4,3,14,512,,,,,,,,,,10,,,0,예측 탈락(§8.5 규칙4): logQ 1662 + 예측 logP 180 > 1747+60 → 컨텍스트 미생성
openfhe,16,32768,42,45,16,20,3,3,14,512,,,,,,,,,,10,,,0,예측 탈락(§8.5 규칙4): logQ 1662 + 예측 logP 180 > 1747+60 → 컨텍스트 미생성
openfhe,16,32768,42,45,18,18,2,2,14,512,,,,,,,,,,10,,,0,예측 탈락(§8.5 규칙4): logQ 1662 + 예측 logP 180 > 1747+60 → 컨텍스트 미생성
openfhe,16,32768,42,45,20,16,1,1,14,512,,,,,,,,,,10,,,0,예측 탈락(§8.5 규칙4): logQ 1662 + 예측 logP 180 > 1747+60 → 컨텍스트 미생성
openfhe,16,32768,42,45,15,21,3,4,14,512,,,,,,,,,,13,,,0,예측 탈락(§8.5 규칙4): logQ 1662 + 예측 logP 180 > 1747+60 → 컨텍스트 미생성
openfhe,16,32768,42,45,15,21,4,3,14,512,,,,,,,,,,13,,,0,예측 탈락(§8.5 규칙4): logQ 1662 + 예측 logP 180 > 1747+60 → 컨텍스트 미생성
openfhe,16,32768,42,45,16,20,3,3,14,512,,,,,,,,,,13,,,0,예측 탈락(§8.5 규칙4): logQ 1662 + 예측 logP 180 > 1747+60 → 컨텍스트 미생성
openfhe,16,32768,42,45,18,18,2,2,14,512,,,,,,,,,,13,,,0,예측 탈락(§8.5 규칙4): logQ 1662 + 예측 logP 180 > 1747+60 → 컨텍스트 미생성
openfhe,16,32768,42,45,20,16,1,1,14,512,,,,,,,,,,13,,,0,예측 탈락(§8.5 규칙4): logQ 1662 + 예측 logP 180 > 1747+60 → 컨텍스트 미생성
openfhe,16,32768,42,45,15,21,3,4,14,512,,,,,,,,,,19,,,0,/data/yja/openfhe-src/src/pke/lib/scheme/gen-cryptocontext-params-validation.cpp:l.92:validateParametersForCryptocontext(): firstModSize cannot be less than scalingModSize
openfhe,16,32768,42,45,15,21,4,3,14,512,,,,,,,,,,19,,,0,/data/yja/openfhe-src/src/pke/lib/scheme/gen-cryptocontext-params-validation.cpp:l.92:validateParametersForCryptocontext(): firstModSize cannot be less than scalingModSize
openfhe,16,32768,42,45,16,20,3,3,14,512,,,,,,,,,,19,,,0,/data/yja/openfhe-src/src/pke/lib/scheme/gen-cryptocontext-params-validation.cpp:l.92:validateParametersForCryptocontext(): firstModSize cannot be less than scalingModSize
openfhe,16,32768,42,45,18,18,2,2,14,512,,,,,,,,,,19,,,0,/data/yja/openfhe-src/src/pke/lib/scheme/gen-cryptocontext-params-validation.cpp:l.92:validateParametersForCryptocontext(): firstModSize cannot be less than scalingModSize
openfhe,16,32768,42,45,20,16,1,1,14,512,,,,,,,,,,19,,,0,/data/yja/openfhe-src/src/pke/lib/scheme/gen-cryptocontext-params-validation.cpp:l.92:validateParametersForCryptocontext(): firstModSize cannot be less than scalingModSize
openfhe,16,32768,42,45,15,21,3,4,14,512,,,,,,,,,,37,,,0,/data/yja/openfhe-src/src/pke/lib/scheme/gen-cryptocontext-params-validation.cpp:l.92:validateParametersForCryptocontext(): firstModSize cannot be less than scalingModSize
openfhe,16,32768,42,45,15,21,4,3,14,512,,,,,,,,,,37,,,0,/data/yja/openfhe-src/src/pke/lib/scheme/gen-cryptocontext-params-validation.cpp:l.92:validateParametersForCryptocontext(): firstModSize cannot be less than scalingModSize
openfhe,16,32768,42,45,16,20,3,3,14,512,,,,,,,,,,37,,,0,/data/yja/openfhe-src/src/pke/lib/scheme/gen-cryptocontext-params-validation.cpp:l.92:validateParametersForCryptocontext(): firstModSize cannot be less than scalingModSize
openfhe,16,32768,42,45,18,18,2,2,14,512,,,,,,,,,,37,,,0,/data/yja/openfhe-src/src/pke/lib/scheme/gen-cryptocontext-params-validation.cpp:l.92:validateParametersForCryptocontext(): firstModSize cannot be less than scalingModSize
openfhe,16,32768,42,45,20,16,1,1,14,512,,,,,,,,,,37,,,0,/data/yja/openfhe-src/src/pke/lib/scheme/gen-cryptocontext-params-validation.cpp:l.92:validateParametersForCryptocontext(): firstModSize cannot be less than scalingModSize
openfhe,16,32768,42,45,15,22,4,4,14,512,,,,,,,,,,0,,,0,상한 초과 확정: logQ_boot(명목) 1707 + 최소 logP 60 > 1747
openfhe,16,32768,42,45,16,21,3,4,14,512,,,,,,,,,,0,,,0,상한 초과 확정: logQ_boot(명목) 1707 + 최소 logP 60 > 1747
openfhe,16,32768,42,45,16,21,4,3,14,512,,,,,,,,,,0,,,0,상한 초과 확정: logQ_boot(명목) 1707 + 최소 logP 60 > 1747
openfhe,16,32768,42,45,17,20,3,3,14,512,,,,,,,,,,0,,,0,상한 초과 확정: logQ_boot(명목) 1707 + 최소 logP 60 > 1747
openfhe,16,32768,42,45,19,18,2,2,14,512,,,,,,,,,,0,,,0,상한 초과 확정: logQ_boot(명목) 1707 + 최소 logP 60 > 1747
openfhe,16,32768,42,45,16,22,4,4,14,512,,,,,,,,,,0,,,0,상한 초과 확정: logQ_boot(명목) 1752 + 최소 logP 60 > 1747
openfhe,16,32768,42,45,17,21,3,4,14,512,,,,,,,,,,0,,,0,상한 초과 확정: logQ_boot(명목) 1752 + 최소 logP 60 > 1747
openfhe,16,32768,42,45,17,21,4,3,14,512,,,,,,,,,,0,,,0,상한 초과 확정: logQ_boot(명목) 1752 + 최소 logP 60 > 1747
openfhe,16,32768,42,45,18,20,3,3,14,512,,,,,,,,,,0,,,0,상한 초과 확정: logQ_boot(명목) 1752 + 최소 logP 60 > 1747
openfhe,16,32768,42,45,20,18,2,2,14,512,,,,,,,,,,0,,,0,상한 초과 확정: logQ_boot(명목) 1752 + 최소 logP 60 > 1747
openfhe,16,32768,42,45,17,22,4,4,14,512,,,,,,,,,,0,,,0,상한 초과 확정: logQ_boot(명목) 1797 + 최소 logP 60 > 1747
openfhe,16,32768,42,45,18,21,3,4,14,512,,,,,,,,,,0,,,0,상한 초과 확정: logQ_boot(명목) 1797 + 최소 logP 60 > 1747
openfhe,16,32768,42,45,18,21,4,3,14,512,,,,,,,,,,0,,,0,상한 초과 확정: logQ_boot(명목) 1797 + 최소 logP 60 > 1747
openfhe,16,32768,42,45,19,20,3,3,14,512,,,,,,,,,,0,,,0,상한 초과 확정: logQ_boot(명목) 1797 + 최소 logP 60 > 1747
openfhe,16,32768,42,45,18,22,4,4,14,512,,,,,,,,,,0,,,0,상한 초과 확정: logQ_boot(명목) 1842 + 최소 logP 60 > 1747
openfhe,16,32768,42,45,19,21,3,4,14,512,,,,,,,,,,0,,,0,상한 초과 확정: logQ_boot(명목) 1842 + 최소 logP 60 > 1747
openfhe,16,32768,42,45,19,21,4,3,14,512,,,,,,,,,,0,,,0,상한 초과 확정: logQ_boot(명목) 1842 + 최소 logP 60 > 1747
openfhe,16,32768,42,45,20,20,3,3,14,512,,,,,,,,,,0,,,0,상한 초과 확정: logQ_boot(명목) 1842 + 최소 logP 60 > 1747
openfhe,16,32768,42,45,19,22,4,4,14,512,,,,,,,,,,0,,,0,상한 초과 확정: logQ_boot(명목) 1887 + 최소 logP 60 > 1747
openfhe,16,32768,42,45,20,21,3,4,14,512,,,,,,,,,,0,,,0,상한 초과 확정: logQ_boot(명목) 1887 + 최소 logP 60 > 1747
openfhe,16,32768,42,45,20,21,4,3,14,512,,,,,,,,,,0,,,0,상한 초과 확정: logQ_boot(명목) 1887 + 최소 logP 60 > 1747
openfhe,16,32768,42,45,20,22,4,4,14,512,,,,,,,,,,0,,,0,상한 초과 확정: logQ_boot(명목) 1932 + 최소 logP 60 > 1747
openfhe,16,32768,42,48,15,16,1,1,14,512,,,,,,,,,,1,,,0,예측 탈락(§8.5 규칙4): logQ 1530 + 예측 logP 1560 > 1747+60 → 컨텍스트 미생성
openfhe,16,32768,42,48,15,16,1,1,14,512,,,,,,,,,,2,,,0,예측 탈락(§8.5 규칙4): logQ 1530 + 예측 logP 780 > 1747+60 → 컨텍스트 미생성
openfhe,16,32768,42,48,15,16,1,1,14,512,,,,,,,,,,3,,,0,예측 탈락(§8.5 규칙4): logQ 1530 + 예측 logP 540 > 1747+60 → 컨텍스트 미생성
openfhe,16,32768,42,48,15,16,1,1,14,512,,,,,,,,,,4,,,0,예측 탈락(§8.5 규칙4): logQ 1530 + 예측 logP 420 > 1747+60 → 컨텍스트 미생성
openfhe,16,32768,42,48,15,16,1,1,14,512,,,,,,,,,,5,,,0,예측 탈락(§8.5 규칙4): logQ 1530 + 예측 logP 360 > 1747+60 → 컨텍스트 미생성
openfhe,16,32768,42,48,15,16,1,1,14,512,,,,,,,,,,6,,,0,예측 탈락(§8.5 규칙4): logQ 1530 + 예측 logP 300 > 1747+60 → 컨텍스트 미생성
openfhe,16,32768,42,48,15,16,1,1,14,512,,,,,,,,,,7,,,0,/data/yja/openfhe-src/src/pke/lib/scheme/gen-cryptocontext-params-validation.cpp:l.92:validateParametersForCryptocontext(): firstModSize cannot be less than scalingModSize
openfhe,16,32768,42,48,15,16,1,1,14,512,,,,,,,,,,8,,,0,/data/yja/openfhe-src/src/pke/lib/scheme/gen-cryptocontext-params-validation.cpp:l.92:validateParametersForCryptocontext(): firstModSize cannot be less than scalingModSize
openfhe,16,32768,42,48,15,16,1,1,14,512,,,,,,,,,,11,,,0,/data/yja/openfhe-src/src/pke/lib/scheme/gen-cryptocontext-params-validation.cpp:l.92:validateParametersForCryptocontext(): firstModSize cannot be less than scalingModSize
openfhe,16,32768,42,48,15,16,1,1,14,512,,,,,,,,,,16,,,0,/data/yja/openfhe-src/src/pke/lib/scheme/gen-cryptocontext-params-validation.cpp:l.92:validateParametersForCryptocontext(): firstModSize cannot be less than scalingModSize
openfhe,16,32768,42,48,15,16,1,1,14,512,,,,,,,,,,32,,,0,/data/yja/openfhe-src/src/pke/lib/scheme/gen-cryptocontext-params-validation.cpp:l.92:validateParametersForCryptocontext(): firstModSize cannot be less than scalingModSize
openfhe,16,32768,42,48,16,16,1,1,14,512,,,,,,,,,,1,,,0,예측 탈락(§8.5 규칙4): logQ 1578 + 예측 logP 1620 > 1747+60 → 컨텍스트 미생성
openfhe,16,32768,42,48,16,16,1,1,14,512,,,,,,,,,,2,,,0,예측 탈락(§8.5 규칙4): logQ 1578 + 예측 logP 840 > 1747+60 → 컨텍스트 미생성
openfhe,16,32768,42,48,16,16,1,1,14,512,,,,,,,,,,3,,,0,예측 탈락(§8.5 규칙4): logQ 1578 + 예측 logP 540 > 1747+60 → 컨텍스트 미생성
openfhe,16,32768,42,48,16,16,1,1,14,512,,,,,,,,,,4,,,0,예측 탈락(§8.5 규칙4): logQ 1578 + 예측 logP 480 > 1747+60 → 컨텍스트 미생성
openfhe,16,32768,42,48,16,16,1,1,14,512,,,,,,,,,,5,,,0,예측 탈락(§8.5 규칙4): logQ 1578 + 예측 logP 360 > 1747+60 → 컨텍스트 미생성
openfhe,16,32768,42,48,16,16,1,1,14,512,,,,,,,,,,6,,,0,예측 탈락(§8.5 규칙4): logQ 1578 + 예측 logP 300 > 1747+60 → 컨텍스트 미생성
openfhe,16,32768,42,48,16,16,1,1,14,512,,,,,,,,,,7,,,0,예측 탈락(§8.5 규칙4): logQ 1578 + 예측 logP 240 > 1747+60 → 컨텍스트 미생성
openfhe,16,32768,42,48,16,16,1,1,14,512,,,,,,,,,,9,,,0,예측 탈락(§8.5 규칙4): logQ 1578 + 예측 logP 240 > 1747+60 → 컨텍스트 미생성
openfhe,16,32768,42,48,16,16,1,1,14,512,,,,,,,,,,11,,,0,/data/yja/openfhe-src/src/pke/lib/scheme/gen-cryptocontext-params-validation.cpp:l.92:validateParametersForCryptocontext(): firstModSize cannot be less than scalingModSize
openfhe,16,32768,42,48,16,16,1,1,14,512,,,,,,,,,,17,,,0,/data/yja/openfhe-src/src/pke/lib/scheme/gen-cryptocontext-params-validation.cpp:l.92:validateParametersForCryptocontext(): firstModSize cannot be less than scalingModSize
openfhe,16,32768,42,48,16,16,1,1,14,512,,,,,,,,,,33,,,0,/data/yja/openfhe-src/src/pke/lib/scheme/gen-cryptocontext-params-validation.cpp:l.92:validateParametersForCryptocontext(): firstModSize cannot be less than scalingModSize
openfhe,16,32768,42,48,15,18,2,2,14,512,,,,,,,,,,1,,,0,예측 탈락(§8.5 규칙4): logQ 1626 + 예측 logP 1680 > 1747+60 → 컨텍스트 미생성
openfhe,16,32768,42,48,17,16,1,1,14,512,,,,,,,,,,1,,,0,예측 탈락(§8.5 규칙4): logQ 1626 + 예측 logP 1680 > 1747+60 → 컨텍스트 미생성
openfhe,16,32768,42,48,15,18,2,2,14,512,,,,,,,,,,2,,,0,예측 탈락(§8.5 규칙4): logQ 1626 + 예측 logP 840 > 1747+60 → 컨텍스트 미생성
openfhe,16,32768,42,48,17,16,1,1,14,512,,,,,,,,,,2,,,0,예측 탈락(§8.5 규칙4): logQ 1626 + 예측 logP 840 > 1747+60 → 컨텍스트 미생성
openfhe,16,32768,42,48,15,18,2,2,14,512,,,,,,,,,,3,,,0,예측 탈락(§8.5 규칙4): logQ 1626 + 예측 logP 600 > 1747+60 → 컨텍스트 미생성
openfhe,16,32768,42,48,17,16,1,1,14,512,,,,,,,,,,3,,,0,예측 탈락(§8.5 규칙4): logQ 1626 + 예측 logP 600 > 1747+60 → 컨텍스트 미생성
openfhe,16,32768,42,48,15,18,2,2,14,512,,,,,,,,,,4,,,0,예측 탈락(§8.5 규칙4): logQ 1626 + 예측 logP 480 > 1747+60 → 컨텍스트 미생성
openfhe,16,32768,42,48,17,16,1,1,14,512,,,,,,,,,,4,,,0,예측 탈락(§8.5 규칙4): logQ 1626 + 예측 logP 480 > 1747+60 → 컨텍스트 미생성
openfhe,16,32768,42,48,15,18,2,2,14,512,,,,,,,,,,5,,,0,예측 탈락(§8.5 규칙4): logQ 1626 + 예측 logP 360 > 1747+60 → 컨텍스트 미생성
openfhe,16,32768,42,48,17,16,1,1,14,512,,,,,,,,,,5,,,0,예측 탈락(§8.5 규칙4): logQ 1626 + 예측 logP 360 > 1747+60 → 컨텍스트 미생성
openfhe,16,32768,42,48,15,18,2,2,14,512,,,,,,,,,,6,,,0,예측 탈락(§8.5 규칙4): logQ 1626 + 예측 logP 300 > 1747+60 → 컨텍스트 미생성
openfhe,16,32768,42,48,17,16,1,1,14,512,,,,,,,,,,6,,,0,예측 탈락(§8.5 규칙4): logQ 1626 + 예측 logP 300 > 1747+60 → 컨텍스트 미생성
openfhe,16,32768,42,48,15,18,2,2,14,512,,,,,,,,,,7,,,0,예측 탈락(§8.5 규칙4): logQ 1626 + 예측 logP 240 > 1747+60 → 컨텍스트 미생성
openfhe,16,32768,42,48,17,16,1,1,14,512,,,,,,,,,,7,,,0,예측 탈락(§8.5 규칙4): logQ 1626 + 예측 logP 240 > 1747+60 → 컨텍스트 미생성
openfhe,16,32768,42,48,15,18,2,2,14,512,,,,,,,,,,9,,,0,예측 탈락(§8.5 규칙4): logQ 1626 + 예측 logP 240 > 1747+60 → 컨텍스트 미생성
openfhe,16,32768,42,48,17,16,1,1,14,512,,,,,,,,,,9,,,0,예측 탈락(§8.5 규칙4): logQ 1626 + 예측 logP 240 > 1747+60 → 컨텍스트 미생성
openfhe,16,32768,42,48,15,18,2,2,14,512,,,,,,,,,,12,,,0,/data/yja/openfhe-src/src/pke/lib/scheme/gen-cryptocontext-params-validation.cpp:l.92:validateParametersForCryptocontext(): firstModSize cannot be less than scalingModSize
openfhe,16,32768,42,48,17,16,1,1,14,512,,,,,,,,,,12,,,0,/data/yja/openfhe-src/src/pke/lib/scheme/gen-cryptocontext-params-validation.cpp:l.92:validateParametersForCryptocontext(): firstModSize cannot be less than scalingModSize
openfhe,16,32768,42,48,15,18,2,2,14,512,,,,,,,,,,17,,,0,/data/yja/openfhe-src/src/pke/lib/scheme/gen-cryptocontext-params-validation.cpp:l.92:validateParametersForCryptocontext(): firstModSize cannot be less than scalingModSize
openfhe,16,32768,42,48,17,16,1,1,14,512,,,,,,,,,,17,,,0,/data/yja/openfhe-src/src/pke/lib/scheme/gen-cryptocontext-params-validation.cpp:l.92:validateParametersForCryptocontext(): firstModSize cannot be less than scalingModSize
openfhe,16,32768,42,48,15,18,2,2,14,512,,,,,,,,,,34,,,0,/data/yja/openfhe-src/src/pke/lib/scheme/gen-cryptocontext-params-validation.cpp:l.92:validateParametersForCryptocontext(): firstModSize cannot be less than scalingModSize
openfhe,16,32768,42,48,17,16,1,1,14,512,,,,,,,,,,34,,,0,/data/yja/openfhe-src/src/pke/lib/scheme/gen-cryptocontext-params-validation.cpp:l.92:validateParametersForCryptocontext(): firstModSize cannot be less than scalingModSize
openfhe,16,32768,42,48,16,18,2,2,14,512,,,,,,,,,,1,,,0,예측 탈락(§8.5 규칙4): logQ 1674 + 예측 logP 1680 > 1747+60 → 컨텍스트 미생성
openfhe,16,32768,42,48,18,16,1,1,14,512,,,,,,,,,,1,,,0,예측 탈락(§8.5 규칙4): logQ 1674 + 예측 logP 1680 > 1747+60 → 컨텍스트 미생성
openfhe,16,32768,42,48,16,18,2,2,14,512,,,,,,,,,,2,,,0,예측 탈락(§8.5 규칙4): logQ 1674 + 예측 logP 900 > 1747+60 → 컨텍스트 미생성
openfhe,16,32768,42,48,18,16,1,1,14,512,,,,,,,,,,2,,,0,예측 탈락(§8.5 규칙4): logQ 1674 + 예측 logP 900 > 1747+60 → 컨텍스트 미생성
openfhe,16,32768,42,48,16,18,2,2,14,512,,,,,,,,,,3,,,0,예측 탈락(§8.5 규칙4): logQ 1674 + 예측 logP 600 > 1747+60 → 컨텍스트 미생성
openfhe,16,32768,42,48,18,16,1,1,14,512,,,,,,,,,,3,,,0,예측 탈락(§8.5 규칙4): logQ 1674 + 예측 logP 600 > 1747+60 → 컨텍스트 미생성
openfhe,16,32768,42,48,16,18,2,2,14,512,,,,,,,,,,4,,,0,예측 탈락(§8.5 규칙4): logQ 1674 + 예측 logP 480 > 1747+60 → 컨텍스트 미생성
openfhe,16,32768,42,48,18,16,1,1,14,512,,,,,,,,,,4,,,0,예측 탈락(§8.5 규칙4): logQ 1674 + 예측 logP 480 > 1747+60 → 컨텍스트 미생성
openfhe,16,32768,42,48,16,18,2,2,14,512,,,,,,,,,,5,,,0,예측 탈락(§8.5 규칙4): logQ 1674 + 예측 logP 360 > 1747+60 → 컨텍스트 미생성
openfhe,16,32768,42,48,18,16,1,1,14,512,,,,,,,,,,5,,,0,예측 탈락(§8.5 규칙4): logQ 1674 + 예측 logP 360 > 1747+60 → 컨텍스트 미생성
openfhe,16,32768,42,48,16,18,2,2,14,512,,,,,,,,,,6,,,0,예측 탈락(§8.5 규칙4): logQ 1674 + 예측 logP 300 > 1747+60 → 컨텍스트 미생성
openfhe,16,32768,42,48,18,16,1,1,14,512,,,,,,,,,,6,,,0,예측 탈락(§8.5 규칙4): logQ 1674 + 예측 logP 300 > 1747+60 → 컨텍스트 미생성
openfhe,16,32768,42,48,16,18,2,2,14,512,,,,,,,,,,7,,,0,예측 탈락(§8.5 규칙4): logQ 1674 + 예측 logP 240 > 1747+60 → 컨텍스트 미생성
openfhe,16,32768,42,48,18,16,1,1,14,512,,,,,,,,,,7,,,0,예측 탈락(§8.5 규칙4): logQ 1674 + 예측 logP 240 > 1747+60 → 컨텍스트 미생성
openfhe,16,32768,42,48,16,18,2,2,14,512,,,,,,,,,,9,,,0,예측 탈락(§8.5 규칙4): logQ 1674 + 예측 logP 240 > 1747+60 → 컨텍스트 미생성
openfhe,16,32768,42,48,18,16,1,1,14,512,,,,,,,,,,9,,,0,예측 탈락(§8.5 규칙4): logQ 1674 + 예측 logP 240 > 1747+60 → 컨텍스트 미생성
openfhe,16,32768,42,48,16,18,2,2,14,512,,,,,,,,,,12,,,0,예측 탈락(§8.5 규칙4): logQ 1674 + 예측 logP 180 > 1747+60 → 컨텍스트 미생성
openfhe,16,32768,42,48,18,16,1,1,14,512,,,,,,,,,,12,,,0,예측 탈락(§8.5 규칙4): logQ 1674 + 예측 logP 180 > 1747+60 → 컨텍스트 미생성
openfhe,16,32768,42,48,16,18,2,2,14,512,,,,,,,,,,18,,,0,/data/yja/openfhe-src/src/pke/lib/scheme/gen-cryptocontext-params-validation.cpp:l.92:validateParametersForCryptocontext(): firstModSize cannot be less than scalingModSize
openfhe,16,32768,42,48,18,16,1,1,14,512,,,,,,,,,,18,,,0,/data/yja/openfhe-src/src/pke/lib/scheme/gen-cryptocontext-params-validation.cpp:l.92:validateParametersForCryptocontext(): firstModSize cannot be less than scalingModSize
openfhe,16,32768,42,48,16,18,2,2,14,512,,,,,,,,,,35,,,0,/data/yja/openfhe-src/src/pke/lib/scheme/gen-cryptocontext-params-validation.cpp:l.92:validateParametersForCryptocontext(): firstModSize cannot be less than scalingModSize
openfhe,16,32768,42,48,18,16,1,1,14,512,,,,,,,,,,35,,,0,/data/yja/openfhe-src/src/pke/lib/scheme/gen-cryptocontext-params-validation.cpp:l.92:validateParametersForCryptocontext(): firstModSize cannot be less than scalingModSize
openfhe,16,32768,42,48,15,20,3,3,14,512,,,,,,,,,,0,,,0,상한 초과 확정: logQ_boot(명목) 1722 + 최소 logP 60 > 1747
openfhe,16,32768,42,48,17,18,2,2,14,512,,,,,,,,,,0,,,0,상한 초과 확정: logQ_boot(명목) 1722 + 최소 logP 60 > 1747
openfhe,16,32768,42,48,19,16,1,1,14,512,,,,,,,,,,0,,,0,상한 초과 확정: logQ_boot(명목) 1722 + 최소 logP 60 > 1747
openfhe,16,32768,42,48,15,21,3,4,14,512,,,,,,,,,,0,,,0,상한 초과 확정: logQ_boot(명목) 1770 + 최소 logP 60 > 1747
openfhe,16,32768,42,48,15,21,4,3,14,512,,,,,,,,,,0,,,0,상한 초과 확정: logQ_boot(명목) 1770 + 최소 logP 60 > 1747
openfhe,16,32768,42,48,16,20,3,3,14,512,,,,,,,,,,0,,,0,상한 초과 확정: logQ_boot(명목) 1770 + 최소 logP 60 > 1747
openfhe,16,32768,42,48,18,18,2,2,14,512,,,,,,,,,,0,,,0,상한 초과 확정: logQ_boot(명목) 1770 + 최소 logP 60 > 1747
openfhe,16,32768,42,48,20,16,1,1,14,512,,,,,,,,,,0,,,0,상한 초과 확정: logQ_boot(명목) 1770 + 최소 logP 60 > 1747
openfhe,16,32768,42,48,15,22,4,4,14,512,,,,,,,,,,0,,,0,상한 초과 확정: logQ_boot(명목) 1818 + 최소 logP 60 > 1747
openfhe,16,32768,42,48,16,21,3,4,14,512,,,,,,,,,,0,,,0,상한 초과 확정: logQ_boot(명목) 1818 + 최소 logP 60 > 1747
openfhe,16,32768,42,48,16,21,4,3,14,512,,,,,,,,,,0,,,0,상한 초과 확정: logQ_boot(명목) 1818 + 최소 logP 60 > 1747
openfhe,16,32768,42,48,17,20,3,3,14,512,,,,,,,,,,0,,,0,상한 초과 확정: logQ_boot(명목) 1818 + 최소 logP 60 > 1747
openfhe,16,32768,42,48,19,18,2,2,14,512,,,,,,,,,,0,,,0,상한 초과 확정: logQ_boot(명목) 1818 + 최소 logP 60 > 1747
openfhe,16,32768,42,48,16,22,4,4,14,512,,,,,,,,,,0,,,0,상한 초과 확정: logQ_boot(명목) 1866 + 최소 logP 60 > 1747
openfhe,16,32768,42,48,17,21,3,4,14,512,,,,,,,,,,0,,,0,상한 초과 확정: logQ_boot(명목) 1866 + 최소 logP 60 > 1747
openfhe,16,32768,42,48,17,21,4,3,14,512,,,,,,,,,,0,,,0,상한 초과 확정: logQ_boot(명목) 1866 + 최소 logP 60 > 1747
openfhe,16,32768,42,48,18,20,3,3,14,512,,,,,,,,,,0,,,0,상한 초과 확정: logQ_boot(명목) 1866 + 최소 logP 60 > 1747
openfhe,16,32768,42,48,20,18,2,2,14,512,,,,,,,,,,0,,,0,상한 초과 확정: logQ_boot(명목) 1866 + 최소 logP 60 > 1747
openfhe,16,32768,42,48,17,22,4,4,14,512,,,,,,,,,,0,,,0,상한 초과 확정: logQ_boot(명목) 1914 + 최소 logP 60 > 1747
openfhe,16,32768,42,48,18,21,3,4,14,512,,,,,,,,,,0,,,0,상한 초과 확정: logQ_boot(명목) 1914 + 최소 logP 60 > 1747
openfhe,16,32768,42,48,18,21,4,3,14,512,,,,,,,,,,0,,,0,상한 초과 확정: logQ_boot(명목) 1914 + 최소 logP 60 > 1747
openfhe,16,32768,42,48,19,20,3,3,14,512,,,,,,,,,,0,,,0,상한 초과 확정: logQ_boot(명목) 1914 + 최소 logP 60 > 1747
openfhe,16,32768,42,48,18,22,4,4,14,512,,,,,,,,,,0,,,0,상한 초과 확정: logQ_boot(명목) 1962 + 최소 logP 60 > 1747
openfhe,16,32768,42,48,19,21,3,4,14,512,,,,,,,,,,0,,,0,상한 초과 확정: logQ_boot(명목) 1962 + 최소 logP 60 > 1747
openfhe,16,32768,42,48,19,21,4,3,14,512,,,,,,,,,,0,,,0,상한 초과 확정: logQ_boot(명목) 1962 + 최소 logP 60 > 1747
openfhe,16,32768,42,48,20,20,3,3,14,512,,,,,,,,,,0,,,0,상한 초과 확정: logQ_boot(명목) 1962 + 최소 logP 60 > 1747
openfhe,16,32768,42,48,19,22,4,4,14,512,,,,,,,,,,0,,,0,상한 초과 확정: logQ_boot(명목) 2010 + 최소 logP 60 > 1747
openfhe,16,32768,42,48,20,21,3,4,14,512,,,,,,,,,,0,,,0,상한 초과 확정: logQ_boot(명목) 2010 + 최소 logP 60 > 1747
openfhe,16,32768,42,48,20,21,4,3,14,512,,,,,,,,,,0,,,0,상한 초과 확정: logQ_boot(명목) 2010 + 최소 logP 60 > 1747
openfhe,16,32768,42,48,20,22,4,4,14,512,,,,,,,,,,0,,,0,상한 초과 확정: logQ_boot(명목) 2058 + 최소 logP 60 > 1747
openfhe,16,32768,42,50,15,16,1,1,14,512,,,,,,,,,,1,,,0,예측 탈락(§8.5 규칙4): logQ 1592 + 예측 logP 1620 > 1747+60 → 컨텍스트 미생성
openfhe,16,32768,42,50,15,16,1,1,14,512,,,,,,,,,,2,,,0,예측 탈락(§8.5 규칙4): logQ 1592 + 예측 logP 840 > 1747+60 → 컨텍스트 미생성
openfhe,16,32768,42,50,15,16,1,1,14,512,,,,,,,,,,3,,,0,예측 탈락(§8.5 규칙4): logQ 1592 + 예측 logP 600 > 1747+60 → 컨텍스트 미생성
openfhe,16,32768,42,50,15,16,1,1,14,512,,,,,,,,,,4,,,0,예측 탈락(§8.5 규칙4): logQ 1592 + 예측 logP 420 > 1747+60 → 컨텍스트 미생성
openfhe,16,32768,42,50,15,16,1,1,14,512,,,,,,,,,,5,,,0,예측 탈락(§8.5 규칙4): logQ 1592 + 예측 logP 360 > 1747+60 → 컨텍스트 미생성
openfhe,16,32768,42,50,15,16,1,1,14,512,,,,,,,,,,6,,,0,예측 탈락(§8.5 규칙4): logQ 1592 + 예측 logP 300 > 1747+60 → 컨텍스트 미생성
openfhe,16,32768,42,50,15,16,1,1,14,512,,,,,,,,,,7,,,0,예측 탈락(§8.5 규칙4): logQ 1592 + 예측 logP 300 > 1747+60 → 컨텍스트 미생성
openfhe,16,32768,42,50,15,16,1,1,14,512,,,,,,,,,,8,,,0,예측 탈락(§8.5 규칙4): logQ 1592 + 예측 logP 240 > 1747+60 → 컨텍스트 미생성
openfhe,16,32768,42,50,15,16,1,1,14,512,,,,,,,,,,11,,,0,/data/yja/openfhe-src/src/pke/lib/scheme/gen-cryptocontext-params-validation.cpp:l.92:validateParametersForCryptocontext(): firstModSize cannot be less than scalingModSize
openfhe,16,32768,42,50,15,16,1,1,14,512,,,,,,,,,,16,,,0,/data/yja/openfhe-src/src/pke/lib/scheme/gen-cryptocontext-params-validation.cpp:l.92:validateParametersForCryptocontext(): firstModSize cannot be less than scalingModSize
openfhe,16,32768,42,50,15,16,1,1,14,512,,,,,,,,,,32,,,0,/data/yja/openfhe-src/src/pke/lib/scheme/gen-cryptocontext-params-validation.cpp:l.92:validateParametersForCryptocontext(): firstModSize cannot be less than scalingModSize
openfhe,16,32768,42,50,16,16,1,1,14,512,,,,,,,,,,1,,,0,예측 탈락(§8.5 규칙4): logQ 1642 + 예측 logP 1680 > 1747+60 → 컨텍스트 미생성
openfhe,16,32768,42,50,16,16,1,1,14,512,,,,,,,,,,2,,,0,예측 탈락(§8.5 규칙4): logQ 1642 + 예측 logP 900 > 1747+60 → 컨텍스트 미생성
openfhe,16,32768,42,50,16,16,1,1,14,512,,,,,,,,,,3,,,0,예측 탈락(§8.5 규칙4): logQ 1642 + 예측 logP 600 > 1747+60 → 컨텍스트 미생성
openfhe,16,32768,42,50,16,16,1,1,14,512,,,,,,,,,,4,,,0,예측 탈락(§8.5 규칙4): logQ 1642 + 예측 logP 480 > 1747+60 → 컨텍스트 미생성
openfhe,16,32768,42,50,16,16,1,1,14,512,,,,,,,,,,5,,,0,예측 탈락(§8.5 규칙4): logQ 1642 + 예측 logP 360 > 1747+60 → 컨텍스트 미생성
openfhe,16,32768,42,50,16,16,1,1,14,512,,,,,,,,,,6,,,0,예측 탈락(§8.5 규칙4): logQ 1642 + 예측 logP 300 > 1747+60 → 컨텍스트 미생성
openfhe,16,32768,42,50,16,16,1,1,14,512,,,,,,,,,,7,,,0,예측 탈락(§8.5 규칙4): logQ 1642 + 예측 logP 300 > 1747+60 → 컨텍스트 미생성
openfhe,16,32768,42,50,16,16,1,1,14,512,,,,,,,,,,9,,,0,예측 탈락(§8.5 규칙4): logQ 1642 + 예측 logP 240 > 1747+60 → 컨텍스트 미생성
openfhe,16,32768,42,50,16,16,1,1,14,512,,,,,,,,,,11,,,0,예측 탈락(§8.5 규칙4): logQ 1642 + 예측 logP 180 > 1747+60 → 컨텍스트 미생성
openfhe,16,32768,42,50,16,16,1,1,14,512,,,,,,,,,,17,,,0,/data/yja/openfhe-src/src/pke/lib/scheme/gen-cryptocontext-params-validation.cpp:l.92:validateParametersForCryptocontext(): firstModSize cannot be less than scalingModSize
openfhe,16,32768,42,50,16,16,1,1,14,512,,,,,,,,,,33,,,0,/data/yja/openfhe-src/src/pke/lib/scheme/gen-cryptocontext-params-validation.cpp:l.92:validateParametersForCryptocontext(): firstModSize cannot be less than scalingModSize
openfhe,16,32768,42,50,15,18,2,2,14,512,,,,,,,,,,0,,,0,상한 초과 확정: logQ_boot(명목) 1692 + 최소 logP 60 > 1747
openfhe,16,32768,42,50,17,16,1,1,14,512,,,,,,,,,,0,,,0,상한 초과 확정: logQ_boot(명목) 1692 + 최소 logP 60 > 1747
openfhe,16,32768,42,50,16,18,2,2,14,512,,,,,,,,,,0,,,0,상한 초과 확정: logQ_boot(명목) 1742 + 최소 logP 60 > 1747
openfhe,16,32768,42,50,18,16,1,1,14,512,,,,,,,,,,0,,,0,상한 초과 확정: logQ_boot(명목) 1742 + 최소 logP 60 > 1747
openfhe,16,32768,42,50,15,20,3,3,14,512,,,,,,,,,,0,,,0,상한 초과 확정: logQ_boot(명목) 1792 + 최소 logP 60 > 1747
openfhe,16,32768,42,50,17,18,2,2,14,512,,,,,,,,,,0,,,0,상한 초과 확정: logQ_boot(명목) 1792 + 최소 logP 60 > 1747
openfhe,16,32768,42,50,19,16,1,1,14,512,,,,,,,,,,0,,,0,상한 초과 확정: logQ_boot(명목) 1792 + 최소 logP 60 > 1747
openfhe,16,32768,42,50,15,21,3,4,14,512,,,,,,,,,,0,,,0,상한 초과 확정: logQ_boot(명목) 1842 + 최소 logP 60 > 1747
openfhe,16,32768,42,50,15,21,4,3,14,512,,,,,,,,,,0,,,0,상한 초과 확정: logQ_boot(명목) 1842 + 최소 logP 60 > 1747
openfhe,16,32768,42,50,16,20,3,3,14,512,,,,,,,,,,0,,,0,상한 초과 확정: logQ_boot(명목) 1842 + 최소 logP 60 > 1747
openfhe,16,32768,42,50,18,18,2,2,14,512,,,,,,,,,,0,,,0,상한 초과 확정: logQ_boot(명목) 1842 + 최소 logP 60 > 1747
openfhe,16,32768,42,50,20,16,1,1,14,512,,,,,,,,,,0,,,0,상한 초과 확정: logQ_boot(명목) 1842 + 최소 logP 60 > 1747
openfhe,16,32768,42,50,15,22,4,4,14,512,,,,,,,,,,0,,,0,상한 초과 확정: logQ_boot(명목) 1892 + 최소 logP 60 > 1747
openfhe,16,32768,42,50,16,21,3,4,14,512,,,,,,,,,,0,,,0,상한 초과 확정: logQ_boot(명목) 1892 + 최소 logP 60 > 1747
openfhe,16,32768,42,50,16,21,4,3,14,512,,,,,,,,,,0,,,0,상한 초과 확정: logQ_boot(명목) 1892 + 최소 logP 60 > 1747
openfhe,16,32768,42,50,17,20,3,3,14,512,,,,,,,,,,0,,,0,상한 초과 확정: logQ_boot(명목) 1892 + 최소 logP 60 > 1747
openfhe,16,32768,42,50,19,18,2,2,14,512,,,,,,,,,,0,,,0,상한 초과 확정: logQ_boot(명목) 1892 + 최소 logP 60 > 1747
openfhe,16,32768,42,50,16,22,4,4,14,512,,,,,,,,,,0,,,0,상한 초과 확정: logQ_boot(명목) 1942 + 최소 logP 60 > 1747
openfhe,16,32768,42,50,17,21,3,4,14,512,,,,,,,,,,0,,,0,상한 초과 확정: logQ_boot(명목) 1942 + 최소 logP 60 > 1747
openfhe,16,32768,42,50,17,21,4,3,14,512,,,,,,,,,,0,,,0,상한 초과 확정: logQ_boot(명목) 1942 + 최소 logP 60 > 1747
openfhe,16,32768,42,50,18,20,3,3,14,512,,,,,,,,,,0,,,0,상한 초과 확정: logQ_boot(명목) 1942 + 최소 logP 60 > 1747
openfhe,16,32768,42,50,20,18,2,2,14,512,,,,,,,,,,0,,,0,상한 초과 확정: logQ_boot(명목) 1942 + 최소 logP 60 > 1747
openfhe,16,32768,42,50,17,22,4,4,14,512,,,,,,,,,,0,,,0,상한 초과 확정: logQ_boot(명목) 1992 + 최소 logP 60 > 1747
openfhe,16,32768,42,50,18,21,3,4,14,512,,,,,,,,,,0,,,0,상한 초과 확정: logQ_boot(명목) 1992 + 최소 logP 60 > 1747
openfhe,16,32768,42,50,18,21,4,3,14,512,,,,,,,,,,0,,,0,상한 초과 확정: logQ_boot(명목) 1992 + 최소 logP 60 > 1747
openfhe,16,32768,42,50,19,20,3,3,14,512,,,,,,,,,,0,,,0,상한 초과 확정: logQ_boot(명목) 1992 + 최소 logP 60 > 1747
openfhe,16,32768,42,50,18,22,4,4,14,512,,,,,,,,,,0,,,0,상한 초과 확정: logQ_boot(명목) 2042 + 최소 logP 60 > 1747
openfhe,16,32768,42,50,19,21,3,4,14,512,,,,,,,,,,0,,,0,상한 초과 확정: logQ_boot(명목) 2042 + 최소 logP 60 > 1747
openfhe,16,32768,42,50,19,21,4,3,14,512,,,,,,,,,,0,,,0,상한 초과 확정: logQ_boot(명목) 2042 + 최소 logP 60 > 1747
openfhe,16,32768,42,50,20,20,3,3,14,512,,,,,,,,,,0,,,0,상한 초과 확정: logQ_boot(명목) 2042 + 최소 logP 60 > 1747
openfhe,16,32768,42,50,19,22,4,4,14,512,,,,,,,,,,0,,,0,상한 초과 확정: logQ_boot(명목) 2092 + 최소 logP 60 > 1747
openfhe,16,32768,42,50,20,21,3,4,14,512,,,,,,,,,,0,,,0,상한 초과 확정: logQ_boot(명목) 2092 + 최소 logP 60 > 1747
openfhe,16,32768,42,50,20,21,4,3,14,512,,,,,,,,,,0,,,0,상한 초과 확정: logQ_boot(명목) 2092 + 최소 logP 60 > 1747
openfhe,16,32768,42,50,20,22,4,4,14,512,,,,,,,,,,0,,,0,상한 초과 확정: logQ_boot(명목) 2142 + 최소 logP 60 > 1747
openfhe,16,32768,42,55,15,16,1,1,14,512,,,,,,,,,,0,,,0,상한 초과 확정: logQ_boot(명목) 1747 + 최소 logP 60 > 1747
openfhe,16,32768,42,55,16,16,1,1,14,512,,,,,,,,,,0,,,0,상한 초과 확정: logQ_boot(명목) 1802 + 최소 logP 60 > 1747
openfhe,16,32768,42,55,15,18,2,2,14,512,,,,,,,,,,0,,,0,상한 초과 확정: logQ_boot(명목) 1857 + 최소 logP 60 > 1747
openfhe,16,32768,42,55,17,16,1,1,14,512,,,,,,,,,,0,,,0,상한 초과 확정: logQ_boot(명목) 1857 + 최소 logP 60 > 1747
openfhe,16,32768,42,55,16,18,2,2,14,512,,,,,,,,,,0,,,0,상한 초과 확정: logQ_boot(명목) 1912 + 최소 logP 60 > 1747
openfhe,16,32768,42,55,18,16,1,1,14,512,,,,,,,,,,0,,,0,상한 초과 확정: logQ_boot(명목) 1912 + 최소 logP 60 > 1747
openfhe,16,32768,42,55,15,20,3,3,14,512,,,,,,,,,,0,,,0,상한 초과 확정: logQ_boot(명목) 1967 + 최소 logP 60 > 1747
openfhe,16,32768,42,55,17,18,2,2,14,512,,,,,,,,,,0,,,0,상한 초과 확정: logQ_boot(명목) 1967 + 최소 logP 60 > 1747
openfhe,16,32768,42,55,19,16,1,1,14,512,,,,,,,,,,0,,,0,상한 초과 확정: logQ_boot(명목) 1967 + 최소 logP 60 > 1747
openfhe,16,32768,42,55,15,21,3,4,14,512,,,,,,,,,,0,,,0,상한 초과 확정: logQ_boot(명목) 2022 + 최소 logP 60 > 1747
openfhe,16,32768,42,55,15,21,4,3,14,512,,,,,,,,,,0,,,0,상한 초과 확정: logQ_boot(명목) 2022 + 최소 logP 60 > 1747
openfhe,16,32768,42,55,16,20,3,3,14,512,,,,,,,,,,0,,,0,상한 초과 확정: logQ_boot(명목) 2022 + 최소 logP 60 > 1747
openfhe,16,32768,42,55,18,18,2,2,14,512,,,,,,,,,,0,,,0,상한 초과 확정: logQ_boot(명목) 2022 + 최소 logP 60 > 1747
openfhe,16,32768,42,55,20,16,1,1,14,512,,,,,,,,,,0,,,0,상한 초과 확정: logQ_boot(명목) 2022 + 최소 logP 60 > 1747
openfhe,16,32768,42,55,15,22,4,4,14,512,,,,,,,,,,0,,,0,상한 초과 확정: logQ_boot(명목) 2077 + 최소 logP 60 > 1747
openfhe,16,32768,42,55,16,21,3,4,14,512,,,,,,,,,,0,,,0,상한 초과 확정: logQ_boot(명목) 2077 + 최소 logP 60 > 1747
openfhe,16,32768,42,55,16,21,4,3,14,512,,,,,,,,,,0,,,0,상한 초과 확정: logQ_boot(명목) 2077 + 최소 logP 60 > 1747
openfhe,16,32768,42,55,17,20,3,3,14,512,,,,,,,,,,0,,,0,상한 초과 확정: logQ_boot(명목) 2077 + 최소 logP 60 > 1747
openfhe,16,32768,42,55,19,18,2,2,14,512,,,,,,,,,,0,,,0,상한 초과 확정: logQ_boot(명목) 2077 + 최소 logP 60 > 1747
openfhe,16,32768,42,55,16,22,4,4,14,512,,,,,,,,,,0,,,0,상한 초과 확정: logQ_boot(명목) 2132 + 최소 logP 60 > 1747
openfhe,16,32768,42,55,17,21,3,4,14,512,,,,,,,,,,0,,,0,상한 초과 확정: logQ_boot(명목) 2132 + 최소 logP 60 > 1747
openfhe,16,32768,42,55,17,21,4,3,14,512,,,,,,,,,,0,,,0,상한 초과 확정: logQ_boot(명목) 2132 + 최소 logP 60 > 1747
openfhe,16,32768,42,55,18,20,3,3,14,512,,,,,,,,,,0,,,0,상한 초과 확정: logQ_boot(명목) 2132 + 최소 logP 60 > 1747
openfhe,16,32768,42,55,20,18,2,2,14,512,,,,,,,,,,0,,,0,상한 초과 확정: logQ_boot(명목) 2132 + 최소 logP 60 > 1747
openfhe,16,32768,42,55,17,22,4,4,14,512,,,,,,,,,,0,,,0,상한 초과 확정: logQ_boot(명목) 2187 + 최소 logP 60 > 1747
openfhe,16,32768,42,55,18,21,3,4,14,512,,,,,,,,,,0,,,0,상한 초과 확정: logQ_boot(명목) 2187 + 최소 logP 60 > 1747
openfhe,16,32768,42,55,18,21,4,3,14,512,,,,,,,,,,0,,,0,상한 초과 확정: logQ_boot(명목) 2187 + 최소 logP 60 > 1747
openfhe,16,32768,42,55,19,20,3,3,14,512,,,,,,,,,,0,,,0,상한 초과 확정: logQ_boot(명목) 2187 + 최소 logP 60 > 1747
openfhe,16,32768,42,55,18,22,4,4,14,512,,,,,,,,,,0,,,0,상한 초과 확정: logQ_boot(명목) 2242 + 최소 logP 60 > 1747
openfhe,16,32768,42,55,19,21,3,4,14,512,,,,,,,,,,0,,,0,상한 초과 확정: logQ_boot(명목) 2242 + 최소 logP 60 > 1747
openfhe,16,32768,42,55,19,21,4,3,14,512,,,,,,,,,,0,,,0,상한 초과 확정: logQ_boot(명목) 2242 + 최소 logP 60 > 1747
openfhe,16,32768,42,55,20,20,3,3,14,512,,,,,,,,,,0,,,0,상한 초과 확정: logQ_boot(명목) 2242 + 최소 logP 60 > 1747
openfhe,16,32768,42,55,19,22,4,4,14,512,,,,,,,,,,0,,,0,상한 초과 확정: logQ_boot(명목) 2297 + 최소 logP 60 > 1747
openfhe,16,32768,42,55,20,21,3,4,14,512,,,,,,,,,,0,,,0,상한 초과 확정: logQ_boot(명목) 2297 + 최소 logP 60 > 1747
openfhe,16,32768,42,55,20,21,4,3,14,512,,,,,,,,,,0,,,0,상한 초과 확정: logQ_boot(명목) 2297 + 최소 logP 60 > 1747
openfhe,16,32768,42,55,20,22,4,4,14,512,,,,,,,,,,0,,,0,상한 초과 확정: logQ_boot(명목) 2352 + 최소 logP 60 > 1747
openfhe,16,32768,42,58,15,16,1,1,14,512,,,,,,,,,,0,,,0,상한 초과 확정: logQ_boot(명목) 1840 + 최소 logP 60 > 1747
openfhe,16,32768,42,58,16,16,1,1,14,512,,,,,,,,,,0,,,0,상한 초과 확정: logQ_boot(명목) 1898 + 최소 logP 60 > 1747
openfhe,16,32768,42,58,15,18,2,2,14,512,,,,,,,,,,0,,,0,상한 초과 확정: logQ_boot(명목) 1956 + 최소 logP 60 > 1747
openfhe,16,32768,42,58,17,16,1,1,14,512,,,,,,,,,,0,,,0,상한 초과 확정: logQ_boot(명목) 1956 + 최소 logP 60 > 1747
openfhe,16,32768,42,58,16,18,2,2,14,512,,,,,,,,,,0,,,0,상한 초과 확정: logQ_boot(명목) 2014 + 최소 logP 60 > 1747
openfhe,16,32768,42,58,18,16,1,1,14,512,,,,,,,,,,0,,,0,상한 초과 확정: logQ_boot(명목) 2014 + 최소 logP 60 > 1747
openfhe,16,32768,42,58,15,20,3,3,14,512,,,,,,,,,,0,,,0,상한 초과 확정: logQ_boot(명목) 2072 + 최소 logP 60 > 1747
openfhe,16,32768,42,58,17,18,2,2,14,512,,,,,,,,,,0,,,0,상한 초과 확정: logQ_boot(명목) 2072 + 최소 logP 60 > 1747
openfhe,16,32768,42,58,19,16,1,1,14,512,,,,,,,,,,0,,,0,상한 초과 확정: logQ_boot(명목) 2072 + 최소 logP 60 > 1747
openfhe,16,32768,42,58,15,21,3,4,14,512,,,,,,,,,,0,,,0,상한 초과 확정: logQ_boot(명목) 2130 + 최소 logP 60 > 1747
openfhe,16,32768,42,58,15,21,4,3,14,512,,,,,,,,,,0,,,0,상한 초과 확정: logQ_boot(명목) 2130 + 최소 logP 60 > 1747
openfhe,16,32768,42,58,16,20,3,3,14,512,,,,,,,,,,0,,,0,상한 초과 확정: logQ_boot(명목) 2130 + 최소 logP 60 > 1747
openfhe,16,32768,42,58,18,18,2,2,14,512,,,,,,,,,,0,,,0,상한 초과 확정: logQ_boot(명목) 2130 + 최소 logP 60 > 1747
openfhe,16,32768,42,58,20,16,1,1,14,512,,,,,,,,,,0,,,0,상한 초과 확정: logQ_boot(명목) 2130 + 최소 logP 60 > 1747
openfhe,16,32768,42,58,15,22,4,4,14,512,,,,,,,,,,0,,,0,상한 초과 확정: logQ_boot(명목) 2188 + 최소 logP 60 > 1747
openfhe,16,32768,42,58,16,21,3,4,14,512,,,,,,,,,,0,,,0,상한 초과 확정: logQ_boot(명목) 2188 + 최소 logP 60 > 1747
openfhe,16,32768,42,58,16,21,4,3,14,512,,,,,,,,,,0,,,0,상한 초과 확정: logQ_boot(명목) 2188 + 최소 logP 60 > 1747
openfhe,16,32768,42,58,17,20,3,3,14,512,,,,,,,,,,0,,,0,상한 초과 확정: logQ_boot(명목) 2188 + 최소 logP 60 > 1747
openfhe,16,32768,42,58,19,18,2,2,14,512,,,,,,,,,,0,,,0,상한 초과 확정: logQ_boot(명목) 2188 + 최소 logP 60 > 1747
openfhe,16,32768,42,58,16,22,4,4,14,512,,,,,,,,,,0,,,0,상한 초과 확정: logQ_boot(명목) 2246 + 최소 logP 60 > 1747
openfhe,16,32768,42,58,17,21,3,4,14,512,,,,,,,,,,0,,,0,상한 초과 확정: logQ_boot(명목) 2246 + 최소 logP 60 > 1747
openfhe,16,32768,42,58,17,21,4,3,14,512,,,,,,,,,,0,,,0,상한 초과 확정: logQ_boot(명목) 2246 + 최소 logP 60 > 1747
openfhe,16,32768,42,58,18,20,3,3,14,512,,,,,,,,,,0,,,0,상한 초과 확정: logQ_boot(명목) 2246 + 최소 logP 60 > 1747
openfhe,16,32768,42,58,20,18,2,2,14,512,,,,,,,,,,0,,,0,상한 초과 확정: logQ_boot(명목) 2246 + 최소 logP 60 > 1747
openfhe,16,32768,42,58,17,22,4,4,14,512,,,,,,,,,,0,,,0,상한 초과 확정: logQ_boot(명목) 2304 + 최소 logP 60 > 1747
openfhe,16,32768,42,58,18,21,3,4,14,512,,,,,,,,,,0,,,0,상한 초과 확정: logQ_boot(명목) 2304 + 최소 logP 60 > 1747
openfhe,16,32768,42,58,18,21,4,3,14,512,,,,,,,,,,0,,,0,상한 초과 확정: logQ_boot(명목) 2304 + 최소 logP 60 > 1747
openfhe,16,32768,42,58,19,20,3,3,14,512,,,,,,,,,,0,,,0,상한 초과 확정: logQ_boot(명목) 2304 + 최소 logP 60 > 1747
openfhe,16,32768,42,58,18,22,4,4,14,512,,,,,,,,,,0,,,0,상한 초과 확정: logQ_boot(명목) 2362 + 최소 logP 60 > 1747
openfhe,16,32768,42,58,19,21,3,4,14,512,,,,,,,,,,0,,,0,상한 초과 확정: logQ_boot(명목) 2362 + 최소 logP 60 > 1747
openfhe,16,32768,42,58,19,21,4,3,14,512,,,,,,,,,,0,,,0,상한 초과 확정: logQ_boot(명목) 2362 + 최소 logP 60 > 1747
openfhe,16,32768,42,58,20,20,3,3,14,512,,,,,,,,,,0,,,0,상한 초과 확정: logQ_boot(명목) 2362 + 최소 logP 60 > 1747
openfhe,16,32768,42,58,19,22,4,4,14,512,,,,,,,,,,0,,,0,상한 초과 확정: logQ_boot(명목) 2420 + 최소 logP 60 > 1747
openfhe,16,32768,42,58,20,21,3,4,14,512,,,,,,,,,,0,,,0,상한 초과 확정: logQ_boot(명목) 2420 + 최소 logP 60 > 1747
openfhe,16,32768,42,58,20,21,4,3,14,512,,,,,,,,,,0,,,0,상한 초과 확정: logQ_boot(명목) 2420 + 최소 logP 60 > 1747
openfhe,16,32768,42,58,20,22,4,4,14,512,,,,,,,,,,0,,,0,상한 초과 확정: logQ_boot(명목) 2478 + 최소 logP 60 > 1747
openfhe,16,32768,45,38,15,16,1,1,14,512,,,,,,,,,,1,,,0,예측 탈락(§8.5 규칙4): logQ 1223 + 예측 logP 1260 > 1747+60 → 컨텍스트 미생성
openfhe,16,32768,45,38,15,16,1,1,14,512,,,,,,,,,,2,,,0,예측 탈락(§8.5 규칙4): logQ 1223 + 예측 logP 660 > 1747+60 → 컨텍스트 미생성
openfhe,16,32768,45,38,15,16,1,1,14,512,32,1223,8,480,1703,16,615,480,1095,3,425,44,1,
openfhe,16,32768,45,38,15,16,1,1,14,512,32,1223,6,360,1583,16,615,360,975,4,312,164,1,
openfhe,16,32768,45,38,15,16,1,1,14,512,32,1223,5,300,1523,16,615,300,915,5,274,224,1,
openfhe,16,32768,45,38,15,16,1,1,14,512,32,1223,4,240,1463,16,615,240,855,6,236,284,1,
openfhe,16,32768,45,38,15,16,1,1,14,512,32,1223,4,240,1463,16,615,240,855,7,198,284,1,
openfhe,16,32768,45,38,15,16,1,1,14,512,32,1223,3,180,1403,16,615,180,795,8,160,344,1,
openfhe,16,32768,45,38,15,16,1,1,14,512,32,1223,3,180,1403,16,615,180,795,11,121,344,1,
openfhe,16,32768,45,38,15,16,1,1,14,512,32,1223,2,120,1343,16,615,120,735,16,84,404,1,
openfhe,16,32768,45,38,15,16,1,1,14,512,32,1223,1,60,1283,16,615,60,675,32,45,464,1,
openfhe,16,32768,45,38,16,16,1,1,14,512,,,,,,,,,,1,,,0,예측 탈락(§8.5 규칙4): logQ 1261 + 예측 logP 1320 > 1747+60 → 컨텍스트 미생성
openfhe,16,32768,45,38,16,16,1,1,14,512,,,,,,,,,,2,,,0,예측 탈락(§8.5 규칙4): logQ 1261 + 예측 logP 660 > 1747+60 → 컨텍스트 미생성
openfhe,16,32768,45,38,16,16,1,1,14,512,33,1261,8,480,1741,17,653,480,1133,3,425,6,1,
openfhe,16,32768,45,38,16,16,1,1,14,512,33,1261,6,360,1621,17,653,360,1013,4,349,126,1,
openfhe,16,32768,45,38,16,16,1,1,14,512,33,1261,5,300,1561,17,653,300,953,5,273,186,1,
openfhe,16,32768,45,38,16,16,1,1,14,512,33,1261,4,240,1501,17,653,240,893,6,235,246,1,
openfhe,16,32768,45,38,16,16,1,1,14,512,33,1261,4,240,1501,17,653,240,893,7,197,246,1,
openfhe,16,32768,45,38,16,16,1,1,14,512,33,1261,3,180,1441,17,653,180,833,9,159,306,1,
openfhe,16,32768,45,38,16,16,1,1,14,512,33,1261,3,180,1441,17,653,180,833,11,121,306,1,
openfhe,16,32768,45,38,16,16,1,1,14,512,33,1261,2,120,1381,17,653,120,773,17,83,366,1,
openfhe,16,32768,45,38,16,16,1,1,14,512,33,1261,1,60,1321,17,653,60,713,33,45,426,1,
openfhe,16,32768,45,38,15,18,2,2,14,512,,,,,,,,,,1,,,0,예측 탈락(§8.5 규칙4): logQ 1299 + 예측 logP 1320 > 1747+60 → 컨텍스트 미생성
openfhe,16,32768,45,38,17,16,1,1,14,512,,,,,,,,,,1,,,0,예측 탈락(§8.5 규칙4): logQ 1299 + 예측 logP 1320 > 1747+60 → 컨텍스트 미생성
openfhe,16,32768,45,38,15,18,2,2,14,512,,,,,,,,,,2,,,0,예측 탈락(§8.5 규칙4): logQ 1299 + 예측 logP 660 > 1747+60 → 컨텍스트 미생성
openfhe,16,32768,45,38,17,16,1,1,14,512,,,,,,,,,,2,,,0,예측 탈락(§8.5 규칙4): logQ 1299 + 예측 logP 660 > 1747+60 → 컨텍스트 미생성
openfhe,16,32768,45,38,15,18,2,2,14,512,34,1299,8,480,1779,16,615,480,1095,3,464,-32,0,logQP_boot 1779 > 1747
openfhe,16,32768,45,38,17,16,1,1,14,512,34,1299,8,480,1779,18,691,480,1171,3,464,-32,0,logQP_boot 1779 > 1747
openfhe,16,32768,45,38,15,18,2,2,14,512,34,1299,6,360,1659,16,615,360,975,4,349,88,1,
openfhe,16,32768,45,38,17,16,1,1,14,512,34,1299,6,360,1659,18,691,360,1051,4,349,88,1,
openfhe,16,32768,45,38,15,18,2,2,14,512,34,1299,5,300,1599,16,615,300,915,5,273,148,1,
openfhe,16,32768,45,38,17,16,1,1,14,512,34,1299,5,300,1599,18,691,300,991,5,273,148,1,
openfhe,16,32768,45,38,15,18,2,2,14,512,34,1299,4,240,1539,16,615,240,855,6,236,208,1,
openfhe,16,32768,45,38,17,16,1,1,14,512,34,1299,4,240,1539,18,691,240,931,6,236,208,1,
openfhe,16,32768,45,38,15,18,2,2,14,512,34,1299,4,240,1539,16,615,240,855,7,197,208,1,
openfhe,16,32768,45,38,17,16,1,1,14,512,34,1299,4,240,1539,18,691,240,931,7,197,208,1,
openfhe,16,32768,45,38,15,18,2,2,14,512,34,1299,3,180,1479,16,615,180,795,9,160,268,1,
openfhe,16,32768,45,38,17,16,1,1,14,512,34,1299,3,180,1479,18,691,180,871,9,160,268,1,
openfhe,16,32768,45,38,15,18,2,2,14,512,34,1299,3,180,1479,16,615,180,795,12,121,268,1,
openfhe,16,32768,45,38,17,16,1,1,14,512,34,1299,3,180,1479,18,691,180,871,12,121,268,1,
openfhe,16,32768,45,38,15,18,2,2,14,512,34,1299,2,120,1419,16,615,120,735,17,84,328,1,
openfhe,16,32768,45,38,17,16,1,1,14,512,34,1299,2,120,1419,18,691,120,811,17,84,328,1,
openfhe,16,32768,45,38,15,18,2,2,14,512,34,1299,1,60,1359,16,615,60,675,34,45,388,1,
openfhe,16,32768,45,38,17,16,1,1,14,512,34,1299,1,60,1359,18,691,60,751,34,45,388,1,
openfhe,16,32768,45,38,16,18,2,2,14,512,,,,,,,,,,1,,,0,예측 탈락(§8.5 규칙4): logQ 1337 + 예측 logP 1380 > 1747+60 → 컨텍스트 미생성
openfhe,16,32768,45,38,18,16,1,1,14,512,,,,,,,,,,1,,,0,예측 탈락(§8.5 규칙4): logQ 1337 + 예측 logP 1380 > 1747+60 → 컨텍스트 미생성
openfhe,16,32768,45,38,16,18,2,2,14,512,,,,,,,,,,2,,,0,예측 탈락(§8.5 규칙4): logQ 1337 + 예측 logP 720 > 1747+60 → 컨텍스트 미생성
openfhe,16,32768,45,38,18,16,1,1,14,512,,,,,,,,,,2,,,0,예측 탈락(§8.5 규칙4): logQ 1337 + 예측 logP 720 > 1747+60 → 컨텍스트 미생성
openfhe,16,32768,45,38,16,18,2,2,14,512,,,,,,,,,,3,,,0,예측 탈락(§8.5 규칙4): logQ 1337 + 예측 logP 480 > 1747+60 → 컨텍스트 미생성
openfhe,16,32768,45,38,18,16,1,1,14,512,,,,,,,,,,3,,,0,예측 탈락(§8.5 규칙4): logQ 1337 + 예측 logP 480 > 1747+60 → 컨텍스트 미생성
openfhe,16,32768,45,38,16,18,2,2,14,512,35,1337,6,360,1697,17,653,360,1013,4,349,50,1,
openfhe,16,32768,45,38,18,16,1,1,14,512,35,1337,6,360,1697,19,729,360,1089,4,349,50,1,
openfhe,16,32768,45,38,16,18,2,2,14,512,35,1337,5,300,1637,17,653,300,953,5,273,110,1,
openfhe,16,32768,45,38,18,16,1,1,14,512,35,1337,5,300,1637,19,729,300,1029,5,273,110,1,
openfhe,16,32768,45,38,16,18,2,2,14,512,35,1337,4,240,1577,17,653,240,893,6,235,170,1,
openfhe,16,32768,45,38,18,16,1,1,14,512,35,1337,4,240,1577,19,729,240,969,6,235,170,1,
openfhe,16,32768,45,38,16,18,2,2,14,512,35,1337,4,240,1577,17,653,240,893,7,197,170,1,
openfhe,16,32768,45,38,18,16,1,1,14,512,35,1337,4,240,1577,19,729,240,969,7,197,170,1,
openfhe,16,32768,45,38,16,18,2,2,14,512,35,1337,3,180,1517,17,653,180,833,9,159,230,1,
openfhe,16,32768,45,38,18,16,1,1,14,512,35,1337,3,180,1517,19,729,180,909,9,159,230,1,
openfhe,16,32768,45,38,16,18,2,2,14,512,35,1337,3,180,1517,17,653,180,833,12,121,230,1,
openfhe,16,32768,45,38,18,16,1,1,14,512,35,1337,3,180,1517,19,729,180,909,12,121,230,1,
openfhe,16,32768,45,38,16,18,2,2,14,512,35,1337,2,120,1457,17,653,120,773,18,83,290,1,
openfhe,16,32768,45,38,18,16,1,1,14,512,35,1337,2,120,1457,19,729,120,849,18,83,290,1,
openfhe,16,32768,45,38,16,18,2,2,14,512,35,1337,1,60,1397,17,653,60,713,35,45,350,1,
openfhe,16,32768,45,38,18,16,1,1,14,512,35,1337,1,60,1397,19,729,60,789,35,45,350,1,
openfhe,16,32768,45,38,15,20,3,3,14,512,,,,,,,,,,1,,,0,예측 탈락(§8.5 규칙4): logQ 1375 + 예측 logP 1380 > 1747+60 → 컨텍스트 미생성
openfhe,16,32768,45,38,17,18,2,2,14,512,,,,,,,,,,1,,,0,예측 탈락(§8.5 규칙4): logQ 1375 + 예측 logP 1380 > 1747+60 → 컨텍스트 미생성
openfhe,16,32768,45,38,19,16,1,1,14,512,,,,,,,,,,1,,,0,예측 탈락(§8.5 규칙4): logQ 1375 + 예측 logP 1380 > 1747+60 → 컨텍스트 미생성
openfhe,16,32768,45,38,15,20,3,3,14,512,,,,,,,,,,2,,,0,예측 탈락(§8.5 규칙4): logQ 1375 + 예측 logP 720 > 1747+60 → 컨텍스트 미생성
openfhe,16,32768,45,38,17,18,2,2,14,512,,,,,,,,,,2,,,0,예측 탈락(§8.5 규칙4): logQ 1375 + 예측 logP 720 > 1747+60 → 컨텍스트 미생성
openfhe,16,32768,45,38,19,16,1,1,14,512,,,,,,,,,,2,,,0,예측 탈락(§8.5 규칙4): logQ 1375 + 예측 logP 720 > 1747+60 → 컨텍스트 미생성
openfhe,16,32768,45,38,15,20,3,3,14,512,,,,,,,,,,3,,,0,예측 탈락(§8.5 규칙4): logQ 1375 + 예측 logP 480 > 1747+60 → 컨텍스트 미생성
openfhe,16,32768,45,38,17,18,2,2,14,512,,,,,,,,,,3,,,0,예측 탈락(§8.5 규칙4): logQ 1375 + 예측 logP 480 > 1747+60 → 컨텍스트 미생성
openfhe,16,32768,45,38,19,16,1,1,14,512,,,,,,,,,,3,,,0,예측 탈락(§8.5 규칙4): logQ 1375 + 예측 logP 480 > 1747+60 → 컨텍스트 미생성
openfhe,16,32768,45,38,15,20,3,3,14,512,36,1375,6,360,1735,16,615,360,975,4,349,12,1,
openfhe,16,32768,45,38,17,18,2,2,14,512,36,1375,6,360,1735,18,691,360,1051,4,349,12,1,
openfhe,16,32768,45,38,19,16,1,1,14,512,36,1375,6,360,1735,20,767,360,1127,4,349,12,1,
openfhe,16,32768,45,38,15,20,3,3,14,512,36,1375,6,360,1735,16,615,360,975,5,312,12,1,
openfhe,16,32768,45,38,17,18,2,2,14,512,36,1375,6,360,1735,18,691,360,1051,5,312,12,1,
openfhe,16,32768,45,38,19,16,1,1,14,512,36,1375,6,360,1735,20,767,360,1127,5,312,12,1,
openfhe,16,32768,45,38,15,20,3,3,14,512,36,1375,4,240,1615,16,615,240,855,6,236,132,1,
openfhe,16,32768,45,38,17,18,2,2,14,512,36,1375,4,240,1615,18,691,240,931,6,236,132,1,
openfhe,16,32768,45,38,19,16,1,1,14,512,36,1375,4,240,1615,20,767,240,1007,6,236,132,1,
openfhe,16,32768,45,38,15,20,3,3,14,512,36,1375,4,240,1615,16,615,240,855,8,197,132,1,
openfhe,16,32768,45,38,17,18,2,2,14,512,36,1375,4,240,1615,18,691,240,931,8,197,132,1,
openfhe,16,32768,45,38,19,16,1,1,14,512,36,1375,4,240,1615,20,767,240,1007,8,197,132,1,
openfhe,16,32768,45,38,15,20,3,3,14,512,36,1375,3,180,1555,16,615,180,795,9,160,192,1,
openfhe,16,32768,45,38,17,18,2,2,14,512,36,1375,3,180,1555,18,691,180,871,9,160,192,1,
openfhe,16,32768,45,38,19,16,1,1,14,512,36,1375,3,180,1555,20,767,180,947,9,160,192,1,
openfhe,16,32768,45,38,15,20,3,3,14,512,36,1375,3,180,1555,16,615,180,795,12,121,192,1,
openfhe,16,32768,45,38,17,18,2,2,14,512,36,1375,3,180,1555,18,691,180,871,12,121,192,1,
openfhe,16,32768,45,38,19,16,1,1,14,512,36,1375,3,180,1555,20,767,180,947,12,121,192,1,
openfhe,16,32768,45,38,15,20,3,3,14,512,36,1375,2,120,1495,16,615,120,735,18,84,252,1,
openfhe,16,32768,45,38,17,18,2,2,14,512,36,1375,2,120,1495,18,691,120,811,18,84,252,1,
openfhe,16,32768,45,38,19,16,1,1,14,512,36,1375,2,120,1495,20,767,120,887,18,84,252,1,
openfhe,16,32768,45,38,15,20,3,3,14,512,36,1375,1,60,1435,16,615,60,675,36,45,312,1,
openfhe,16,32768,45,38,17,18,2,2,14,512,36,1375,1,60,1435,18,691,60,751,36,45,312,1,
openfhe,16,32768,45,38,19,16,1,1,14,512,36,1375,1,60,1435,20,767,60,827,36,45,312,1,
openfhe,16,32768,45,38,15,21,3,4,14,512,,,,,,,,,,1,,,0,예측 탈락(§8.5 규칙4): logQ 1413 + 예측 logP 1440 > 1747+60 → 컨텍스트 미생성
openfhe,16,32768,45,38,15,21,4,3,14,512,,,,,,,,,,1,,,0,예측 탈락(§8.5 규칙4): logQ 1413 + 예측 logP 1440 > 1747+60 → 컨텍스트 미생성
openfhe,16,32768,45,38,16,20,3,3,14,512,,,,,,,,,,1,,,0,예측 탈락(§8.5 규칙4): logQ 1413 + 예측 logP 1440 > 1747+60 → 컨텍스트 미생성
openfhe,16,32768,45,38,18,18,2,2,14,512,,,,,,,,,,1,,,0,예측 탈락(§8.5 규칙4): logQ 1413 + 예측 logP 1440 > 1747+60 → 컨텍스트 미생성
openfhe,16,32768,45,38,20,16,1,1,14,512,,,,,,,,,,1,,,0,예측 탈락(§8.5 규칙4): logQ 1413 + 예측 logP 1440 > 1747+60 → 컨텍스트 미생성
openfhe,16,32768,45,38,15,21,3,4,14,512,,,,,,,,,,2,,,0,예측 탈락(§8.5 규칙4): logQ 1413 + 예측 logP 780 > 1747+60 → 컨텍스트 미생성
openfhe,16,32768,45,38,15,21,4,3,14,512,,,,,,,,,,2,,,0,예측 탈락(§8.5 규칙4): logQ 1413 + 예측 logP 780 > 1747+60 → 컨텍스트 미생성
openfhe,16,32768,45,38,16,20,3,3,14,512,,,,,,,,,,2,,,0,예측 탈락(§8.5 규칙4): logQ 1413 + 예측 logP 780 > 1747+60 → 컨텍스트 미생성
openfhe,16,32768,45,38,18,18,2,2,14,512,,,,,,,,,,2,,,0,예측 탈락(§8.5 규칙4): logQ 1413 + 예측 logP 780 > 1747+60 → 컨텍스트 미생성
openfhe,16,32768,45,38,20,16,1,1,14,512,,,,,,,,,,2,,,0,예측 탈락(§8.5 규칙4): logQ 1413 + 예측 logP 780 > 1747+60 → 컨텍스트 미생성
openfhe,16,32768,45,38,15,21,3,4,14,512,,,,,,,,,,3,,,0,예측 탈락(§8.5 규칙4): logQ 1413 + 예측 logP 540 > 1747+60 → 컨텍스트 미생성
openfhe,16,32768,45,38,15,21,4,3,14,512,,,,,,,,,,3,,,0,예측 탈락(§8.5 규칙4): logQ 1413 + 예측 logP 540 > 1747+60 → 컨텍스트 미생성
openfhe,16,32768,45,38,16,20,3,3,14,512,,,,,,,,,,3,,,0,예측 탈락(§8.5 규칙4): logQ 1413 + 예측 logP 540 > 1747+60 → 컨텍스트 미생성
openfhe,16,32768,45,38,18,18,2,2,14,512,,,,,,,,,,3,,,0,예측 탈락(§8.5 규칙4): logQ 1413 + 예측 logP 540 > 1747+60 → 컨텍스트 미생성
openfhe,16,32768,45,38,20,16,1,1,14,512,,,,,,,,,,3,,,0,예측 탈락(§8.5 규칙4): logQ 1413 + 예측 logP 540 > 1747+60 → 컨텍스트 미생성
openfhe,16,32768,45,38,15,21,3,4,14,512,,,,,,,,,,4,,,0,예측 탈락(§8.5 규칙4): logQ 1413 + 예측 logP 420 > 1747+60 → 컨텍스트 미생성
openfhe,16,32768,45,38,15,21,4,3,14,512,,,,,,,,,,4,,,0,예측 탈락(§8.5 규칙4): logQ 1413 + 예측 logP 420 > 1747+60 → 컨텍스트 미생성
openfhe,16,32768,45,38,16,20,3,3,14,512,,,,,,,,,,4,,,0,예측 탈락(§8.5 규칙4): logQ 1413 + 예측 logP 420 > 1747+60 → 컨텍스트 미생성
openfhe,16,32768,45,38,18,18,2,2,14,512,,,,,,,,,,4,,,0,예측 탈락(§8.5 규칙4): logQ 1413 + 예측 logP 420 > 1747+60 → 컨텍스트 미생성
openfhe,16,32768,45,38,20,16,1,1,14,512,,,,,,,,,,4,,,0,예측 탈락(§8.5 규칙4): logQ 1413 + 예측 logP 420 > 1747+60 → 컨텍스트 미생성
openfhe,16,32768,45,38,15,21,3,4,14,512,37,1413,6,360,1773,16,615,360,975,5,311,-26,0,logQP_boot 1773 > 1747
openfhe,16,32768,45,38,15,21,4,3,14,512,37,1413,6,360,1773,16,615,360,975,5,311,-26,0,logQP_boot 1773 > 1747
openfhe,16,32768,45,38,16,20,3,3,14,512,37,1413,6,360,1773,17,653,360,1013,5,311,-26,0,logQP_boot 1773 > 1747
openfhe,16,32768,45,38,18,18,2,2,14,512,37,1413,6,360,1773,19,729,360,1089,5,311,-26,0,logQP_boot 1773 > 1747
openfhe,16,32768,45,38,20,16,1,1,14,512,37,1413,6,360,1773,21,805,360,1165,5,311,-26,0,logQP_boot 1773 > 1747
openfhe,16,32768,45,38,15,21,3,4,14,512,37,1413,5,300,1713,16,615,300,915,6,273,34,1,
openfhe,16,32768,45,38,15,21,4,3,14,512,37,1413,5,300,1713,16,615,300,915,6,273,34,1,
openfhe,16,32768,45,38,16,20,3,3,14,512,37,1413,5,300,1713,17,653,300,953,6,273,34,1,
openfhe,16,32768,45,38,18,18,2,2,14,512,37,1413,5,300,1713,19,729,300,1029,6,273,34,1,
openfhe,16,32768,45,38,20,16,1,1,14,512,37,1413,5,300,1713,21,805,300,1105,6,273,34,1,
openfhe,16,32768,45,38,15,21,3,4,14,512,37,1413,4,240,1653,16,615,240,855,7,235,94,1,
openfhe,16,32768,45,38,15,21,4,3,14,512,37,1413,4,240,1653,16,615,240,855,7,235,94,1,
openfhe,16,32768,45,38,16,20,3,3,14,512,37,1413,4,240,1653,17,653,240,893,7,235,94,1,
openfhe,16,32768,45,38,18,18,2,2,14,512,37,1413,4,240,1653,19,729,240,969,7,235,94,1,
openfhe,16,32768,45,38,20,16,1,1,14,512,37,1413,4,240,1653,21,805,240,1045,7,235,94,1,
openfhe,16,32768,45,38,15,21,3,4,14,512,37,1413,4,240,1653,16,615,240,855,8,197,94,1,
openfhe,16,32768,45,38,15,21,4,3,14,512,37,1413,4,240,1653,16,615,240,855,8,197,94,1,
openfhe,16,32768,45,38,16,20,3,3,14,512,37,1413,4,240,1653,17,653,240,893,8,197,94,1,
openfhe,16,32768,45,38,18,18,2,2,14,512,37,1413,4,240,1653,19,729,240,969,8,197,94,1,
openfhe,16,32768,45,38,20,16,1,1,14,512,37,1413,4,240,1653,21,805,240,1045,8,197,94,1,
openfhe,16,32768,45,38,15,21,3,4,14,512,37,1413,3,180,1593,16,615,180,795,10,159,154,1,
openfhe,16,32768,45,38,15,21,4,3,14,512,37,1413,3,180,1593,16,615,180,795,10,159,154,1,
openfhe,16,32768,45,38,16,20,3,3,14,512,37,1413,3,180,1593,17,653,180,833,10,159,154,1,
openfhe,16,32768,45,38,18,18,2,2,14,512,37,1413,3,180,1593,19,729,180,909,10,159,154,1,
openfhe,16,32768,45,38,20,16,1,1,14,512,37,1413,3,180,1593,21,805,180,985,10,159,154,1,
openfhe,16,32768,45,38,15,21,3,4,14,512,37,1413,3,180,1593,16,615,180,795,13,121,154,1,
openfhe,16,32768,45,38,15,21,4,3,14,512,37,1413,3,180,1593,16,615,180,795,13,121,154,1,
openfhe,16,32768,45,38,16,20,3,3,14,512,37,1413,3,180,1593,17,653,180,833,13,121,154,1,
openfhe,16,32768,45,38,18,18,2,2,14,512,37,1413,3,180,1593,19,729,180,909,13,121,154,1,
openfhe,16,32768,45,38,20,16,1,1,14,512,37,1413,3,180,1593,21,805,180,985,13,121,154,1,
openfhe,16,32768,45,38,15,21,3,4,14,512,37,1413,2,120,1533,16,615,120,735,19,83,214,1,
openfhe,16,32768,45,38,15,21,4,3,14,512,37,1413,2,120,1533,16,615,120,735,19,83,214,1,
openfhe,16,32768,45,38,16,20,3,3,14,512,37,1413,2,120,1533,17,653,120,773,19,83,214,1,
openfhe,16,32768,45,38,18,18,2,2,14,512,37,1413,2,120,1533,19,729,120,849,19,83,214,1,
openfhe,16,32768,45,38,20,16,1,1,14,512,37,1413,2,120,1533,21,805,120,925,19,83,214,1,
openfhe,16,32768,45,38,15,21,3,4,14,512,37,1413,1,60,1473,16,615,60,675,37,45,274,1,
openfhe,16,32768,45,38,15,21,4,3,14,512,37,1413,1,60,1473,16,615,60,675,37,45,274,1,
openfhe,16,32768,45,38,16,20,3,3,14,512,37,1413,1,60,1473,17,653,60,713,37,45,274,1,
openfhe,16,32768,45,38,18,18,2,2,14,512,37,1413,1,60,1473,19,729,60,789,37,45,274,1,
openfhe,16,32768,45,38,20,16,1,1,14,512,37,1413,1,60,1473,21,805,60,865,37,45,274,1,
openfhe,16,32768,45,38,15,22,4,4,14,512,,,,,,,,,,1,,,0,예측 탈락(§8.5 규칙4): logQ 1451 + 예측 logP 1500 > 1747+60 → 컨텍스트 미생성
openfhe,16,32768,45,38,16,21,3,4,14,512,,,,,,,,,,1,,,0,예측 탈락(§8.5 규칙4): logQ 1451 + 예측 logP 1500 > 1747+60 → 컨텍스트 미생성
openfhe,16,32768,45,38,16,21,4,3,14,512,,,,,,,,,,1,,,0,예측 탈락(§8.5 규칙4): logQ 1451 + 예측 logP 1500 > 1747+60 → 컨텍스트 미생성
openfhe,16,32768,45,38,17,20,3,3,14,512,,,,,,,,,,1,,,0,예측 탈락(§8.5 규칙4): logQ 1451 + 예측 logP 1500 > 1747+60 → 컨텍스트 미생성
openfhe,16,32768,45,38,19,18,2,2,14,512,,,,,,,,,,1,,,0,예측 탈락(§8.5 규칙4): logQ 1451 + 예측 logP 1500 > 1747+60 → 컨텍스트 미생성
openfhe,16,32768,45,38,15,22,4,4,14,512,,,,,,,,,,2,,,0,예측 탈락(§8.5 규칙4): logQ 1451 + 예측 logP 780 > 1747+60 → 컨텍스트 미생성
openfhe,16,32768,45,38,16,21,3,4,14,512,,,,,,,,,,2,,,0,예측 탈락(§8.5 규칙4): logQ 1451 + 예측 logP 780 > 1747+60 → 컨텍스트 미생성
openfhe,16,32768,45,38,16,21,4,3,14,512,,,,,,,,,,2,,,0,예측 탈락(§8.5 규칙4): logQ 1451 + 예측 logP 780 > 1747+60 → 컨텍스트 미생성
openfhe,16,32768,45,38,17,20,3,3,14,512,,,,,,,,,,2,,,0,예측 탈락(§8.5 규칙4): logQ 1451 + 예측 logP 780 > 1747+60 → 컨텍스트 미생성
openfhe,16,32768,45,38,19,18,2,2,14,512,,,,,,,,,,2,,,0,예측 탈락(§8.5 규칙4): logQ 1451 + 예측 logP 780 > 1747+60 → 컨텍스트 미생성
openfhe,16,32768,45,38,15,22,4,4,14,512,,,,,,,,,,3,,,0,예측 탈락(§8.5 규칙4): logQ 1451 + 예측 logP 540 > 1747+60 → 컨텍스트 미생성
openfhe,16,32768,45,38,16,21,3,4,14,512,,,,,,,,,,3,,,0,예측 탈락(§8.5 규칙4): logQ 1451 + 예측 logP 540 > 1747+60 → 컨텍스트 미생성
openfhe,16,32768,45,38,16,21,4,3,14,512,,,,,,,,,,3,,,0,예측 탈락(§8.5 규칙4): logQ 1451 + 예측 logP 540 > 1747+60 → 컨텍스트 미생성
openfhe,16,32768,45,38,17,20,3,3,14,512,,,,,,,,,,3,,,0,예측 탈락(§8.5 규칙4): logQ 1451 + 예측 logP 540 > 1747+60 → 컨텍스트 미생성
openfhe,16,32768,45,38,19,18,2,2,14,512,,,,,,,,,,3,,,0,예측 탈락(§8.5 규칙4): logQ 1451 + 예측 logP 540 > 1747+60 → 컨텍스트 미생성
openfhe,16,32768,45,38,15,22,4,4,14,512,,,,,,,,,,4,,,0,예측 탈락(§8.5 규칙4): logQ 1451 + 예측 logP 420 > 1747+60 → 컨텍스트 미생성
openfhe,16,32768,45,38,16,21,3,4,14,512,,,,,,,,,,4,,,0,예측 탈락(§8.5 규칙4): logQ 1451 + 예측 logP 420 > 1747+60 → 컨텍스트 미생성
openfhe,16,32768,45,38,16,21,4,3,14,512,,,,,,,,,,4,,,0,예측 탈락(§8.5 규칙4): logQ 1451 + 예측 logP 420 > 1747+60 → 컨텍스트 미생성
openfhe,16,32768,45,38,17,20,3,3,14,512,,,,,,,,,,4,,,0,예측 탈락(§8.5 규칙4): logQ 1451 + 예측 logP 420 > 1747+60 → 컨텍스트 미생성
openfhe,16,32768,45,38,19,18,2,2,14,512,,,,,,,,,,4,,,0,예측 탈락(§8.5 규칙4): logQ 1451 + 예측 logP 420 > 1747+60 → 컨텍스트 미생성
openfhe,16,32768,45,38,15,22,4,4,14,512,,,,,,,,,,5,,,0,예측 탈락(§8.5 규칙4): logQ 1451 + 예측 logP 360 > 1747+60 → 컨텍스트 미생성
openfhe,16,32768,45,38,16,21,3,4,14,512,,,,,,,,,,5,,,0,예측 탈락(§8.5 규칙4): logQ 1451 + 예측 logP 360 > 1747+60 → 컨텍스트 미생성
openfhe,16,32768,45,38,16,21,4,3,14,512,,,,,,,,,,5,,,0,예측 탈락(§8.5 규칙4): logQ 1451 + 예측 logP 360 > 1747+60 → 컨텍스트 미생성
openfhe,16,32768,45,38,17,20,3,3,14,512,,,,,,,,,,5,,,0,예측 탈락(§8.5 규칙4): logQ 1451 + 예측 logP 360 > 1747+60 → 컨텍스트 미생성
openfhe,16,32768,45,38,19,18,2,2,14,512,,,,,,,,,,5,,,0,예측 탈락(§8.5 규칙4): logQ 1451 + 예측 logP 360 > 1747+60 → 컨텍스트 미생성
openfhe,16,32768,45,38,15,22,4,4,14,512,38,1451,5,300,1751,16,615,300,915,6,273,-4,0,logQP_boot 1751 > 1747
openfhe,16,32768,45,38,16,21,3,4,14,512,38,1451,5,300,1751,17,653,300,953,6,273,-4,0,logQP_boot 1751 > 1747
openfhe,16,32768,45,38,16,21,4,3,14,512,38,1451,5,300,1751,17,653,300,953,6,273,-4,0,logQP_boot 1751 > 1747
openfhe,16,32768,45,38,17,20,3,3,14,512,38,1451,5,300,1751,18,691,300,991,6,273,-4,0,logQP_boot 1751 > 1747
openfhe,16,32768,45,38,19,18,2,2,14,512,38,1451,5,300,1751,20,767,300,1067,6,273,-4,0,logQP_boot 1751 > 1747
openfhe,16,32768,45,38,15,22,4,4,14,512,38,1451,4,240,1691,16,615,240,855,7,236,56,1,
openfhe,16,32768,45,38,16,21,3,4,14,512,38,1451,4,240,1691,17,653,240,893,7,236,56,1,
openfhe,16,32768,45,38,16,21,4,3,14,512,38,1451,4,240,1691,17,653,240,893,7,236,56,1,
openfhe,16,32768,45,38,17,20,3,3,14,512,38,1451,4,240,1691,18,691,240,931,7,236,56,1,
openfhe,16,32768,45,38,19,18,2,2,14,512,38,1451,4,240,1691,20,767,240,1007,7,236,56,1,
openfhe,16,32768,45,38,15,22,4,4,14,512,38,1451,4,240,1691,16,615,240,855,8,197,56,1,
openfhe,16,32768,45,38,16,21,3,4,14,512,38,1451,4,240,1691,17,653,240,893,8,197,56,1,
openfhe,16,32768,45,38,16,21,4,3,14,512,38,1451,4,240,1691,17,653,240,893,8,197,56,1,
openfhe,16,32768,45,38,17,20,3,3,14,512,38,1451,4,240,1691,18,691,240,931,8,197,56,1,
openfhe,16,32768,45,38,19,18,2,2,14,512,38,1451,4,240,1691,20,767,240,1007,8,197,56,1,
openfhe,16,32768,45,38,15,22,4,4,14,512,38,1451,3,180,1631,16,615,180,795,10,160,116,1,
openfhe,16,32768,45,38,16,21,3,4,14,512,38,1451,3,180,1631,17,653,180,833,10,160,116,1,
openfhe,16,32768,45,38,16,21,4,3,14,512,38,1451,3,180,1631,17,653,180,833,10,160,116,1,
openfhe,16,32768,45,38,17,20,3,3,14,512,38,1451,3,180,1631,18,691,180,871,10,160,116,1,
openfhe,16,32768,45,38,19,18,2,2,14,512,38,1451,3,180,1631,20,767,180,947,10,160,116,1,
openfhe,16,32768,45,38,15,22,4,4,14,512,38,1451,3,180,1631,16,615,180,795,13,121,116,1,
openfhe,16,32768,45,38,16,21,3,4,14,512,38,1451,3,180,1631,17,653,180,833,13,121,116,1,
openfhe,16,32768,45,38,16,21,4,3,14,512,38,1451,3,180,1631,17,653,180,833,13,121,116,1,
openfhe,16,32768,45,38,17,20,3,3,14,512,38,1451,3,180,1631,18,691,180,871,13,121,116,1,
openfhe,16,32768,45,38,19,18,2,2,14,512,38,1451,3,180,1631,20,767,180,947,13,121,116,1,
openfhe,16,32768,45,38,15,22,4,4,14,512,38,1451,2,120,1571,16,615,120,735,19,84,176,1,
openfhe,16,32768,45,38,16,21,3,4,14,512,38,1451,2,120,1571,17,653,120,773,19,84,176,1,
openfhe,16,32768,45,38,16,21,4,3,14,512,38,1451,2,120,1571,17,653,120,773,19,84,176,1,
openfhe,16,32768,45,38,17,20,3,3,14,512,38,1451,2,120,1571,18,691,120,811,19,84,176,1,
openfhe,16,32768,45,38,19,18,2,2,14,512,38,1451,2,120,1571,20,767,120,887,19,84,176,1,
openfhe,16,32768,45,38,15,22,4,4,14,512,38,1451,1,60,1511,16,615,60,675,38,45,236,1,
openfhe,16,32768,45,38,16,21,3,4,14,512,38,1451,1,60,1511,17,653,60,713,38,45,236,1,
openfhe,16,32768,45,38,16,21,4,3,14,512,38,1451,1,60,1511,17,653,60,713,38,45,236,1,
openfhe,16,32768,45,38,17,20,3,3,14,512,38,1451,1,60,1511,18,691,60,751,38,45,236,1,
openfhe,16,32768,45,38,19,18,2,2,14,512,38,1451,1,60,1511,20,767,60,827,38,45,236,1,
openfhe,16,32768,45,38,16,22,4,4,14,512,,,,,,,,,,1,,,0,예측 탈락(§8.5 규칙4): logQ 1489 + 예측 logP 1500 > 1747+60 → 컨텍스트 미생성
openfhe,16,32768,45,38,17,21,3,4,14,512,,,,,,,,,,1,,,0,예측 탈락(§8.5 규칙4): logQ 1489 + 예측 logP 1500 > 1747+60 → 컨텍스트 미생성
openfhe,16,32768,45,38,17,21,4,3,14,512,,,,,,,,,,1,,,0,예측 탈락(§8.5 규칙4): logQ 1489 + 예측 logP 1500 > 1747+60 → 컨텍스트 미생성
openfhe,16,32768,45,38,18,20,3,3,14,512,,,,,,,,,,1,,,0,예측 탈락(§8.5 규칙4): logQ 1489 + 예측 logP 1500 > 1747+60 → 컨텍스트 미생성
openfhe,16,32768,45,38,20,18,2,2,14,512,,,,,,,,,,1,,,0,예측 탈락(§8.5 규칙4): logQ 1489 + 예측 logP 1500 > 1747+60 → 컨텍스트 미생성
openfhe,16,32768,45,38,16,22,4,4,14,512,,,,,,,,,,2,,,0,예측 탈락(§8.5 규칙4): logQ 1489 + 예측 logP 780 > 1747+60 → 컨텍스트 미생성
openfhe,16,32768,45,38,17,21,3,4,14,512,,,,,,,,,,2,,,0,예측 탈락(§8.5 규칙4): logQ 1489 + 예측 logP 780 > 1747+60 → 컨텍스트 미생성
openfhe,16,32768,45,38,17,21,4,3,14,512,,,,,,,,,,2,,,0,예측 탈락(§8.5 규칙4): logQ 1489 + 예측 logP 780 > 1747+60 → 컨텍스트 미생성
openfhe,16,32768,45,38,18,20,3,3,14,512,,,,,,,,,,2,,,0,예측 탈락(§8.5 규칙4): logQ 1489 + 예측 logP 780 > 1747+60 → 컨텍스트 미생성
openfhe,16,32768,45,38,20,18,2,2,14,512,,,,,,,,,,2,,,0,예측 탈락(§8.5 규칙4): logQ 1489 + 예측 logP 780 > 1747+60 → 컨텍스트 미생성
openfhe,16,32768,45,38,16,22,4,4,14,512,,,,,,,,,,3,,,0,예측 탈락(§8.5 규칙4): logQ 1489 + 예측 logP 540 > 1747+60 → 컨텍스트 미생성
openfhe,16,32768,45,38,17,21,3,4,14,512,,,,,,,,,,3,,,0,예측 탈락(§8.5 규칙4): logQ 1489 + 예측 logP 540 > 1747+60 → 컨텍스트 미생성
openfhe,16,32768,45,38,17,21,4,3,14,512,,,,,,,,,,3,,,0,예측 탈락(§8.5 규칙4): logQ 1489 + 예측 logP 540 > 1747+60 → 컨텍스트 미생성
openfhe,16,32768,45,38,18,20,3,3,14,512,,,,,,,,,,3,,,0,예측 탈락(§8.5 규칙4): logQ 1489 + 예측 logP 540 > 1747+60 → 컨텍스트 미생성
openfhe,16,32768,45,38,20,18,2,2,14,512,,,,,,,,,,3,,,0,예측 탈락(§8.5 규칙4): logQ 1489 + 예측 logP 540 > 1747+60 → 컨텍스트 미생성
openfhe,16,32768,45,38,16,22,4,4,14,512,,,,,,,,,,4,,,0,예측 탈락(§8.5 규칙4): logQ 1489 + 예측 logP 420 > 1747+60 → 컨텍스트 미생성
openfhe,16,32768,45,38,17,21,3,4,14,512,,,,,,,,,,4,,,0,예측 탈락(§8.5 규칙4): logQ 1489 + 예측 logP 420 > 1747+60 → 컨텍스트 미생성
openfhe,16,32768,45,38,17,21,4,3,14,512,,,,,,,,,,4,,,0,예측 탈락(§8.5 규칙4): logQ 1489 + 예측 logP 420 > 1747+60 → 컨텍스트 미생성
openfhe,16,32768,45,38,18,20,3,3,14,512,,,,,,,,,,4,,,0,예측 탈락(§8.5 규칙4): logQ 1489 + 예측 logP 420 > 1747+60 → 컨텍스트 미생성
openfhe,16,32768,45,38,20,18,2,2,14,512,,,,,,,,,,4,,,0,예측 탈락(§8.5 규칙4): logQ 1489 + 예측 logP 420 > 1747+60 → 컨텍스트 미생성
openfhe,16,32768,45,38,16,22,4,4,14,512,,,,,,,,,,5,,,0,예측 탈락(§8.5 규칙4): logQ 1489 + 예측 logP 360 > 1747+60 → 컨텍스트 미생성
openfhe,16,32768,45,38,17,21,3,4,14,512,,,,,,,,,,5,,,0,예측 탈락(§8.5 규칙4): logQ 1489 + 예측 logP 360 > 1747+60 → 컨텍스트 미생성
openfhe,16,32768,45,38,17,21,4,3,14,512,,,,,,,,,,5,,,0,예측 탈락(§8.5 규칙4): logQ 1489 + 예측 logP 360 > 1747+60 → 컨텍스트 미생성
openfhe,16,32768,45,38,18,20,3,3,14,512,,,,,,,,,,5,,,0,예측 탈락(§8.5 규칙4): logQ 1489 + 예측 logP 360 > 1747+60 → 컨텍스트 미생성
openfhe,16,32768,45,38,20,18,2,2,14,512,,,,,,,,,,5,,,0,예측 탈락(§8.5 규칙4): logQ 1489 + 예측 logP 360 > 1747+60 → 컨텍스트 미생성
openfhe,16,32768,45,38,16,22,4,4,14,512,39,1489,5,300,1789,17,653,300,953,6,273,-42,0,logQP_boot 1789 > 1747
openfhe,16,32768,45,38,17,21,3,4,14,512,39,1489,5,300,1789,18,691,300,991,6,273,-42,0,logQP_boot 1789 > 1747
openfhe,16,32768,45,38,17,21,4,3,14,512,39,1489,5,300,1789,18,691,300,991,6,273,-42,0,logQP_boot 1789 > 1747
openfhe,16,32768,45,38,18,20,3,3,14,512,39,1489,5,300,1789,19,729,300,1029,6,273,-42,0,logQP_boot 1789 > 1747
openfhe,16,32768,45,38,20,18,2,2,14,512,39,1489,5,300,1789,21,805,300,1105,6,273,-42,0,logQP_boot 1789 > 1747
openfhe,16,32768,45,38,16,22,4,4,14,512,39,1489,4,240,1729,17,653,240,893,7,235,18,1,
openfhe,16,32768,45,38,17,21,3,4,14,512,39,1489,4,240,1729,18,691,240,931,7,235,18,1,
openfhe,16,32768,45,38,17,21,4,3,14,512,39,1489,4,240,1729,18,691,240,931,7,235,18,1,
openfhe,16,32768,45,38,18,20,3,3,14,512,39,1489,4,240,1729,19,729,240,969,7,235,18,1,
openfhe,16,32768,45,38,20,18,2,2,14,512,39,1489,4,240,1729,21,805,240,1045,7,235,18,1,
openfhe,16,32768,45,38,16,22,4,4,14,512,39,1489,4,240,1729,17,653,240,893,8,197,18,1,
openfhe,16,32768,45,38,17,21,3,4,14,512,39,1489,4,240,1729,18,691,240,931,8,197,18,1,
openfhe,16,32768,45,38,17,21,4,3,14,512,39,1489,4,240,1729,18,691,240,931,8,197,18,1,
openfhe,16,32768,45,38,18,20,3,3,14,512,39,1489,4,240,1729,19,729,240,969,8,197,18,1,
openfhe,16,32768,45,38,20,18,2,2,14,512,39,1489,4,240,1729,21,805,240,1045,8,197,18,1,
openfhe,16,32768,45,38,16,22,4,4,14,512,39,1489,3,180,1669,17,653,180,833,10,159,78,1,
openfhe,16,32768,45,38,17,21,3,4,14,512,39,1489,3,180,1669,18,691,180,871,10,159,78,1,
openfhe,16,32768,45,38,17,21,4,3,14,512,39,1489,3,180,1669,18,691,180,871,10,159,78,1,
openfhe,16,32768,45,38,18,20,3,3,14,512,39,1489,3,180,1669,19,729,180,909,10,159,78,1,
openfhe,16,32768,45,38,20,18,2,2,14,512,39,1489,3,180,1669,21,805,180,985,10,159,78,1,
openfhe,16,32768,45,38,16,22,4,4,14,512,39,1489,3,180,1669,17,653,180,833,13,121,78,1,
openfhe,16,32768,45,38,17,21,3,4,14,512,39,1489,3,180,1669,18,691,180,871,13,121,78,1,
openfhe,16,32768,45,38,17,21,4,3,14,512,39,1489,3,180,1669,18,691,180,871,13,121,78,1,
openfhe,16,32768,45,38,18,20,3,3,14,512,39,1489,3,180,1669,19,729,180,909,13,121,78,1,
openfhe,16,32768,45,38,20,18,2,2,14,512,39,1489,3,180,1669,21,805,180,985,13,121,78,1,
openfhe,16,32768,45,38,16,22,4,4,14,512,39,1489,2,120,1609,17,653,120,773,20,83,138,1,
openfhe,16,32768,45,38,17,21,3,4,14,512,39,1489,2,120,1609,18,691,120,811,20,83,138,1,
openfhe,16,32768,45,38,17,21,4,3,14,512,39,1489,2,120,1609,18,691,120,811,20,83,138,1,
openfhe,16,32768,45,38,18,20,3,3,14,512,39,1489,2,120,1609,19,729,120,849,20,83,138,1,
openfhe,16,32768,45,38,20,18,2,2,14,512,39,1489,2,120,1609,21,805,120,925,20,83,138,1,
openfhe,16,32768,45,38,16,22,4,4,14,512,39,1489,1,60,1549,17,653,60,713,39,45,198,1,
openfhe,16,32768,45,38,17,21,3,4,14,512,39,1489,1,60,1549,18,691,60,751,39,45,198,1,
openfhe,16,32768,45,38,17,21,4,3,14,512,39,1489,1,60,1549,18,691,60,751,39,45,198,1,
openfhe,16,32768,45,38,18,20,3,3,14,512,39,1489,1,60,1549,19,729,60,789,39,45,198,1,
openfhe,16,32768,45,38,20,18,2,2,14,512,39,1489,1,60,1549,21,805,60,865,39,45,198,1,
openfhe,16,32768,45,38,17,22,4,4,14,512,,,,,,,,,,1,,,0,예측 탈락(§8.5 규칙4): logQ 1527 + 예측 logP 1560 > 1747+60 → 컨텍스트 미생성
openfhe,16,32768,45,38,18,21,3,4,14,512,,,,,,,,,,1,,,0,예측 탈락(§8.5 규칙4): logQ 1527 + 예측 logP 1560 > 1747+60 → 컨텍스트 미생성
openfhe,16,32768,45,38,18,21,4,3,14,512,,,,,,,,,,1,,,0,예측 탈락(§8.5 규칙4): logQ 1527 + 예측 logP 1560 > 1747+60 → 컨텍스트 미생성
openfhe,16,32768,45,38,19,20,3,3,14,512,,,,,,,,,,1,,,0,예측 탈락(§8.5 규칙4): logQ 1527 + 예측 logP 1560 > 1747+60 → 컨텍스트 미생성
openfhe,16,32768,45,38,17,22,4,4,14,512,,,,,,,,,,2,,,0,예측 탈락(§8.5 규칙4): logQ 1527 + 예측 logP 780 > 1747+60 → 컨텍스트 미생성
openfhe,16,32768,45,38,18,21,3,4,14,512,,,,,,,,,,2,,,0,예측 탈락(§8.5 규칙4): logQ 1527 + 예측 logP 780 > 1747+60 → 컨텍스트 미생성
openfhe,16,32768,45,38,18,21,4,3,14,512,,,,,,,,,,2,,,0,예측 탈락(§8.5 규칙4): logQ 1527 + 예측 logP 780 > 1747+60 → 컨텍스트 미생성
openfhe,16,32768,45,38,19,20,3,3,14,512,,,,,,,,,,2,,,0,예측 탈락(§8.5 규칙4): logQ 1527 + 예측 logP 780 > 1747+60 → 컨텍스트 미생성
openfhe,16,32768,45,38,17,22,4,4,14,512,,,,,,,,,,3,,,0,예측 탈락(§8.5 규칙4): logQ 1527 + 예측 logP 540 > 1747+60 → 컨텍스트 미생성
openfhe,16,32768,45,38,18,21,3,4,14,512,,,,,,,,,,3,,,0,예측 탈락(§8.5 규칙4): logQ 1527 + 예측 logP 540 > 1747+60 → 컨텍스트 미생성
openfhe,16,32768,45,38,18,21,4,3,14,512,,,,,,,,,,3,,,0,예측 탈락(§8.5 규칙4): logQ 1527 + 예측 logP 540 > 1747+60 → 컨텍스트 미생성
openfhe,16,32768,45,38,19,20,3,3,14,512,,,,,,,,,,3,,,0,예측 탈락(§8.5 규칙4): logQ 1527 + 예측 logP 540 > 1747+60 → 컨텍스트 미생성
openfhe,16,32768,45,38,17,22,4,4,14,512,,,,,,,,,,4,,,0,예측 탈락(§8.5 규칙4): logQ 1527 + 예측 logP 420 > 1747+60 → 컨텍스트 미생성
openfhe,16,32768,45,38,18,21,3,4,14,512,,,,,,,,,,4,,,0,예측 탈락(§8.5 규칙4): logQ 1527 + 예측 logP 420 > 1747+60 → 컨텍스트 미생성
openfhe,16,32768,45,38,18,21,4,3,14,512,,,,,,,,,,4,,,0,예측 탈락(§8.5 규칙4): logQ 1527 + 예측 logP 420 > 1747+60 → 컨텍스트 미생성
openfhe,16,32768,45,38,19,20,3,3,14,512,,,,,,,,,,4,,,0,예측 탈락(§8.5 규칙4): logQ 1527 + 예측 logP 420 > 1747+60 → 컨텍스트 미생성
openfhe,16,32768,45,38,17,22,4,4,14,512,,,,,,,,,,5,,,0,예측 탈락(§8.5 규칙4): logQ 1527 + 예측 logP 360 > 1747+60 → 컨텍스트 미생성
openfhe,16,32768,45,38,18,21,3,4,14,512,,,,,,,,,,5,,,0,예측 탈락(§8.5 규칙4): logQ 1527 + 예측 logP 360 > 1747+60 → 컨텍스트 미생성
openfhe,16,32768,45,38,18,21,4,3,14,512,,,,,,,,,,5,,,0,예측 탈락(§8.5 규칙4): logQ 1527 + 예측 logP 360 > 1747+60 → 컨텍스트 미생성
openfhe,16,32768,45,38,19,20,3,3,14,512,,,,,,,,,,5,,,0,예측 탈락(§8.5 규칙4): logQ 1527 + 예측 logP 360 > 1747+60 → 컨텍스트 미생성
openfhe,16,32768,45,38,17,22,4,4,14,512,,,,,,,,,,6,,,0,예측 탈락(§8.5 규칙4): logQ 1527 + 예측 logP 300 > 1747+60 → 컨텍스트 미생성
openfhe,16,32768,45,38,18,21,3,4,14,512,,,,,,,,,,6,,,0,예측 탈락(§8.5 규칙4): logQ 1527 + 예측 logP 300 > 1747+60 → 컨텍스트 미생성
openfhe,16,32768,45,38,18,21,4,3,14,512,,,,,,,,,,6,,,0,예측 탈락(§8.5 규칙4): logQ 1527 + 예측 logP 300 > 1747+60 → 컨텍스트 미생성
openfhe,16,32768,45,38,19,20,3,3,14,512,,,,,,,,,,6,,,0,예측 탈락(§8.5 규칙4): logQ 1527 + 예측 logP 300 > 1747+60 → 컨텍스트 미생성
openfhe,16,32768,45,38,17,22,4,4,14,512,40,1527,4,240,1767,18,691,240,931,7,236,-20,0,logQP_boot 1767 > 1747
openfhe,16,32768,45,38,18,21,3,4,14,512,40,1527,4,240,1767,19,729,240,969,7,236,-20,0,logQP_boot 1767 > 1747
openfhe,16,32768,45,38,18,21,4,3,14,512,40,1527,4,240,1767,19,729,240,969,7,236,-20,0,logQP_boot 1767 > 1747
openfhe,16,32768,45,38,19,20,3,3,14,512,40,1527,4,240,1767,20,767,240,1007,7,236,-20,0,logQP_boot 1767 > 1747
openfhe,16,32768,45,38,17,22,4,4,14,512,40,1527,4,240,1767,18,691,240,931,8,197,-20,0,logQP_boot 1767 > 1747
openfhe,16,32768,45,38,18,21,3,4,14,512,40,1527,4,240,1767,19,729,240,969,8,197,-20,0,logQP_boot 1767 > 1747
openfhe,16,32768,45,38,18,21,4,3,14,512,40,1527,4,240,1767,19,729,240,969,8,197,-20,0,logQP_boot 1767 > 1747
openfhe,16,32768,45,38,19,20,3,3,14,512,40,1527,4,240,1767,20,767,240,1007,8,197,-20,0,logQP_boot 1767 > 1747
openfhe,16,32768,45,38,17,22,4,4,14,512,40,1527,3,180,1707,18,691,180,871,10,160,40,1,
openfhe,16,32768,45,38,18,21,3,4,14,512,40,1527,3,180,1707,19,729,180,909,10,160,40,1,
openfhe,16,32768,45,38,18,21,4,3,14,512,40,1527,3,180,1707,19,729,180,909,10,160,40,1,
openfhe,16,32768,45,38,19,20,3,3,14,512,40,1527,3,180,1707,20,767,180,947,10,160,40,1,
openfhe,16,32768,45,38,17,22,4,4,14,512,40,1527,3,180,1707,18,691,180,871,14,121,40,1,
openfhe,16,32768,45,38,18,21,3,4,14,512,40,1527,3,180,1707,19,729,180,909,14,121,40,1,
openfhe,16,32768,45,38,18,21,4,3,14,512,40,1527,3,180,1707,19,729,180,909,14,121,40,1,
openfhe,16,32768,45,38,19,20,3,3,14,512,40,1527,3,180,1707,20,767,180,947,14,121,40,1,
openfhe,16,32768,45,38,17,22,4,4,14,512,40,1527,2,120,1647,18,691,120,811,20,84,100,1,
openfhe,16,32768,45,38,18,21,3,4,14,512,40,1527,2,120,1647,19,729,120,849,20,84,100,1,
openfhe,16,32768,45,38,18,21,4,3,14,512,40,1527,2,120,1647,19,729,120,849,20,84,100,1,
openfhe,16,32768,45,38,19,20,3,3,14,512,40,1527,2,120,1647,20,767,120,887,20,84,100,1,
openfhe,16,32768,45,38,17,22,4,4,14,512,40,1527,1,60,1587,18,691,60,751,40,45,160,1,
openfhe,16,32768,45,38,18,21,3,4,14,512,40,1527,1,60,1587,19,729,60,789,40,45,160,1,
openfhe,16,32768,45,38,18,21,4,3,14,512,40,1527,1,60,1587,19,729,60,789,40,45,160,1,
openfhe,16,32768,45,38,19,20,3,3,14,512,40,1527,1,60,1587,20,767,60,827,40,45,160,1,
openfhe,16,32768,45,38,18,22,4,4,14,512,,,,,,,,,,1,,,0,예측 탈락(§8.5 규칙4): logQ 1565 + 예측 logP 1620 > 1747+60 → 컨텍스트 미생성
openfhe,16,32768,45,38,19,21,3,4,14,512,,,,,,,,,,1,,,0,예측 탈락(§8.5 규칙4): logQ 1565 + 예측 logP 1620 > 1747+60 → 컨텍스트 미생성
openfhe,16,32768,45,38,19,21,4,3,14,512,,,,,,,,,,1,,,0,예측 탈락(§8.5 규칙4): logQ 1565 + 예측 logP 1620 > 1747+60 → 컨텍스트 미생성
openfhe,16,32768,45,38,20,20,3,3,14,512,,,,,,,,,,1,,,0,예측 탈락(§8.5 규칙4): logQ 1565 + 예측 logP 1620 > 1747+60 → 컨텍스트 미생성
openfhe,16,32768,45,38,18,22,4,4,14,512,,,,,,,,,,2,,,0,예측 탈락(§8.5 규칙4): logQ 1565 + 예측 logP 840 > 1747+60 → 컨텍스트 미생성
openfhe,16,32768,45,38,19,21,3,4,14,512,,,,,,,,,,2,,,0,예측 탈락(§8.5 규칙4): logQ 1565 + 예측 logP 840 > 1747+60 → 컨텍스트 미생성
openfhe,16,32768,45,38,19,21,4,3,14,512,,,,,,,,,,2,,,0,예측 탈락(§8.5 규칙4): logQ 1565 + 예측 logP 840 > 1747+60 → 컨텍스트 미생성
openfhe,16,32768,45,38,20,20,3,3,14,512,,,,,,,,,,2,,,0,예측 탈락(§8.5 규칙4): logQ 1565 + 예측 logP 840 > 1747+60 → 컨텍스트 미생성
openfhe,16,32768,45,38,18,22,4,4,14,512,,,,,,,,,,3,,,0,예측 탈락(§8.5 규칙4): logQ 1565 + 예측 logP 540 > 1747+60 → 컨텍스트 미생성
openfhe,16,32768,45,38,19,21,3,4,14,512,,,,,,,,,,3,,,0,예측 탈락(§8.5 규칙4): logQ 1565 + 예측 logP 540 > 1747+60 → 컨텍스트 미생성
openfhe,16,32768,45,38,19,21,4,3,14,512,,,,,,,,,,3,,,0,예측 탈락(§8.5 규칙4): logQ 1565 + 예측 logP 540 > 1747+60 → 컨텍스트 미생성
openfhe,16,32768,45,38,20,20,3,3,14,512,,,,,,,,,,3,,,0,예측 탈락(§8.5 규칙4): logQ 1565 + 예측 logP 540 > 1747+60 → 컨텍스트 미생성
openfhe,16,32768,45,38,18,22,4,4,14,512,,,,,,,,,,4,,,0,예측 탈락(§8.5 규칙4): logQ 1565 + 예측 logP 480 > 1747+60 → 컨텍스트 미생성
openfhe,16,32768,45,38,19,21,3,4,14,512,,,,,,,,,,4,,,0,예측 탈락(§8.5 규칙4): logQ 1565 + 예측 logP 480 > 1747+60 → 컨텍스트 미생성
openfhe,16,32768,45,38,19,21,4,3,14,512,,,,,,,,,,4,,,0,예측 탈락(§8.5 규칙4): logQ 1565 + 예측 logP 480 > 1747+60 → 컨텍스트 미생성
openfhe,16,32768,45,38,20,20,3,3,14,512,,,,,,,,,,4,,,0,예측 탈락(§8.5 규칙4): logQ 1565 + 예측 logP 480 > 1747+60 → 컨텍스트 미생성
openfhe,16,32768,45,38,18,22,4,4,14,512,,,,,,,,,,5,,,0,예측 탈락(§8.5 규칙4): logQ 1565 + 예측 logP 360 > 1747+60 → 컨텍스트 미생성
openfhe,16,32768,45,38,19,21,3,4,14,512,,,,,,,,,,5,,,0,예측 탈락(§8.5 규칙4): logQ 1565 + 예측 logP 360 > 1747+60 → 컨텍스트 미생성
openfhe,16,32768,45,38,19,21,4,3,14,512,,,,,,,,,,5,,,0,예측 탈락(§8.5 규칙4): logQ 1565 + 예측 logP 360 > 1747+60 → 컨텍스트 미생성
openfhe,16,32768,45,38,20,20,3,3,14,512,,,,,,,,,,5,,,0,예측 탈락(§8.5 규칙4): logQ 1565 + 예측 logP 360 > 1747+60 → 컨텍스트 미생성
openfhe,16,32768,45,38,18,22,4,4,14,512,,,,,,,,,,6,,,0,예측 탈락(§8.5 규칙4): logQ 1565 + 예측 logP 300 > 1747+60 → 컨텍스트 미생성
openfhe,16,32768,45,38,19,21,3,4,14,512,,,,,,,,,,6,,,0,예측 탈락(§8.5 규칙4): logQ 1565 + 예측 logP 300 > 1747+60 → 컨텍스트 미생성
openfhe,16,32768,45,38,19,21,4,3,14,512,,,,,,,,,,6,,,0,예측 탈락(§8.5 규칙4): logQ 1565 + 예측 logP 300 > 1747+60 → 컨텍스트 미생성
openfhe,16,32768,45,38,20,20,3,3,14,512,,,,,,,,,,6,,,0,예측 탈락(§8.5 규칙4): logQ 1565 + 예측 logP 300 > 1747+60 → 컨텍스트 미생성
openfhe,16,32768,45,38,18,22,4,4,14,512,41,1565,4,240,1805,19,729,240,969,7,235,-58,0,logQP_boot 1805 > 1747
openfhe,16,32768,45,38,19,21,3,4,14,512,41,1565,4,240,1805,20,767,240,1007,7,235,-58,0,logQP_boot 1805 > 1747
openfhe,16,32768,45,38,19,21,4,3,14,512,41,1565,4,240,1805,20,767,240,1007,7,235,-58,0,logQP_boot 1805 > 1747
openfhe,16,32768,45,38,20,20,3,3,14,512,41,1565,4,240,1805,21,805,240,1045,7,235,-58,0,logQP_boot 1805 > 1747
openfhe,16,32768,45,38,18,22,4,4,14,512,41,1565,4,240,1805,19,729,240,969,9,197,-58,0,logQP_boot 1805 > 1747
openfhe,16,32768,45,38,19,21,3,4,14,512,41,1565,4,240,1805,20,767,240,1007,9,197,-58,0,logQP_boot 1805 > 1747
openfhe,16,32768,45,38,19,21,4,3,14,512,41,1565,4,240,1805,20,767,240,1007,9,197,-58,0,logQP_boot 1805 > 1747
openfhe,16,32768,45,38,20,20,3,3,14,512,41,1565,4,240,1805,21,805,240,1045,9,197,-58,0,logQP_boot 1805 > 1747
openfhe,16,32768,45,38,18,22,4,4,14,512,41,1565,3,180,1745,19,729,180,909,11,159,2,1,
openfhe,16,32768,45,38,19,21,3,4,14,512,41,1565,3,180,1745,20,767,180,947,11,159,2,1,
openfhe,16,32768,45,38,19,21,4,3,14,512,41,1565,3,180,1745,20,767,180,947,11,159,2,1,
openfhe,16,32768,45,38,20,20,3,3,14,512,41,1565,3,180,1745,21,805,180,985,11,159,2,1,
openfhe,16,32768,45,38,18,22,4,4,14,512,41,1565,3,180,1745,19,729,180,909,14,121,2,1,
openfhe,16,32768,45,38,19,21,3,4,14,512,41,1565,3,180,1745,20,767,180,947,14,121,2,1,
openfhe,16,32768,45,38,19,21,4,3,14,512,41,1565,3,180,1745,20,767,180,947,14,121,2,1,
openfhe,16,32768,45,38,20,20,3,3,14,512,41,1565,3,180,1745,21,805,180,985,14,121,2,1,
openfhe,16,32768,45,38,18,22,4,4,14,512,41,1565,2,120,1685,19,729,120,849,21,83,62,1,
openfhe,16,32768,45,38,19,21,3,4,14,512,41,1565,2,120,1685,20,767,120,887,21,83,62,1,
openfhe,16,32768,45,38,19,21,4,3,14,512,41,1565,2,120,1685,20,767,120,887,21,83,62,1,
openfhe,16,32768,45,38,20,20,3,3,14,512,41,1565,2,120,1685,21,805,120,925,21,83,62,1,
openfhe,16,32768,45,38,18,22,4,4,14,512,41,1565,1,60,1625,19,729,60,789,41,45,122,1,
openfhe,16,32768,45,38,19,21,3,4,14,512,41,1565,1,60,1625,20,767,60,827,41,45,122,1,
openfhe,16,32768,45,38,19,21,4,3,14,512,41,1565,1,60,1625,20,767,60,827,41,45,122,1,
openfhe,16,32768,45,38,20,20,3,3,14,512,41,1565,1,60,1625,21,805,60,865,41,45,122,1,
openfhe,16,32768,45,38,19,22,4,4,14,512,,,,,,,,,,1,,,0,예측 탈락(§8.5 규칙4): logQ 1603 + 예측 logP 1620 > 1747+60 → 컨텍스트 미생성
openfhe,16,32768,45,38,20,21,3,4,14,512,,,,,,,,,,1,,,0,예측 탈락(§8.5 규칙4): logQ 1603 + 예측 logP 1620 > 1747+60 → 컨텍스트 미생성
openfhe,16,32768,45,38,20,21,4,3,14,512,,,,,,,,,,1,,,0,예측 탈락(§8.5 규칙4): logQ 1603 + 예측 logP 1620 > 1747+60 → 컨텍스트 미생성
openfhe,16,32768,45,38,19,22,4,4,14,512,,,,,,,,,,2,,,0,예측 탈락(§8.5 규칙4): logQ 1603 + 예측 logP 840 > 1747+60 → 컨텍스트 미생성
openfhe,16,32768,45,38,20,21,3,4,14,512,,,,,,,,,,2,,,0,예측 탈락(§8.5 규칙4): logQ 1603 + 예측 logP 840 > 1747+60 → 컨텍스트 미생성
openfhe,16,32768,45,38,20,21,4,3,14,512,,,,,,,,,,2,,,0,예측 탈락(§8.5 규칙4): logQ 1603 + 예측 logP 840 > 1747+60 → 컨텍스트 미생성
openfhe,16,32768,45,38,19,22,4,4,14,512,,,,,,,,,,3,,,0,예측 탈락(§8.5 규칙4): logQ 1603 + 예측 logP 540 > 1747+60 → 컨텍스트 미생성
openfhe,16,32768,45,38,20,21,3,4,14,512,,,,,,,,,,3,,,0,예측 탈락(§8.5 규칙4): logQ 1603 + 예측 logP 540 > 1747+60 → 컨텍스트 미생성
openfhe,16,32768,45,38,20,21,4,3,14,512,,,,,,,,,,3,,,0,예측 탈락(§8.5 규칙4): logQ 1603 + 예측 logP 540 > 1747+60 → 컨텍스트 미생성
openfhe,16,32768,45,38,19,22,4,4,14,512,,,,,,,,,,4,,,0,예측 탈락(§8.5 규칙4): logQ 1603 + 예측 logP 480 > 1747+60 → 컨텍스트 미생성
openfhe,16,32768,45,38,20,21,3,4,14,512,,,,,,,,,,4,,,0,예측 탈락(§8.5 규칙4): logQ 1603 + 예측 logP 480 > 1747+60 → 컨텍스트 미생성
openfhe,16,32768,45,38,20,21,4,3,14,512,,,,,,,,,,4,,,0,예측 탈락(§8.5 규칙4): logQ 1603 + 예측 logP 480 > 1747+60 → 컨텍스트 미생성
openfhe,16,32768,45,38,19,22,4,4,14,512,,,,,,,,,,5,,,0,예측 탈락(§8.5 규칙4): logQ 1603 + 예측 logP 360 > 1747+60 → 컨텍스트 미생성
openfhe,16,32768,45,38,20,21,3,4,14,512,,,,,,,,,,5,,,0,예측 탈락(§8.5 규칙4): logQ 1603 + 예측 logP 360 > 1747+60 → 컨텍스트 미생성
openfhe,16,32768,45,38,20,21,4,3,14,512,,,,,,,,,,5,,,0,예측 탈락(§8.5 규칙4): logQ 1603 + 예측 logP 360 > 1747+60 → 컨텍스트 미생성
openfhe,16,32768,45,38,19,22,4,4,14,512,,,,,,,,,,6,,,0,예측 탈락(§8.5 규칙4): logQ 1603 + 예측 logP 300 > 1747+60 → 컨텍스트 미생성
openfhe,16,32768,45,38,20,21,3,4,14,512,,,,,,,,,,6,,,0,예측 탈락(§8.5 규칙4): logQ 1603 + 예측 logP 300 > 1747+60 → 컨텍스트 미생성
openfhe,16,32768,45,38,20,21,4,3,14,512,,,,,,,,,,6,,,0,예측 탈락(§8.5 규칙4): logQ 1603 + 예측 logP 300 > 1747+60 → 컨텍스트 미생성
openfhe,16,32768,45,38,19,22,4,4,14,512,,,,,,,,,,7,,,0,예측 탈락(§8.5 규칙4): logQ 1603 + 예측 logP 240 > 1747+60 → 컨텍스트 미생성
openfhe,16,32768,45,38,20,21,3,4,14,512,,,,,,,,,,7,,,0,예측 탈락(§8.5 규칙4): logQ 1603 + 예측 logP 240 > 1747+60 → 컨텍스트 미생성
openfhe,16,32768,45,38,20,21,4,3,14,512,,,,,,,,,,7,,,0,예측 탈락(§8.5 규칙4): logQ 1603 + 예측 logP 240 > 1747+60 → 컨텍스트 미생성
openfhe,16,32768,45,38,19,22,4,4,14,512,,,,,,,,,,9,,,0,예측 탈락(§8.5 규칙4): logQ 1603 + 예측 logP 240 > 1747+60 → 컨텍스트 미생성
openfhe,16,32768,45,38,20,21,3,4,14,512,,,,,,,,,,9,,,0,예측 탈락(§8.5 규칙4): logQ 1603 + 예측 logP 240 > 1747+60 → 컨텍스트 미생성
openfhe,16,32768,45,38,20,21,4,3,14,512,,,,,,,,,,9,,,0,예측 탈락(§8.5 규칙4): logQ 1603 + 예측 logP 240 > 1747+60 → 컨텍스트 미생성
openfhe,16,32768,45,38,19,22,4,4,14,512,42,1603,3,180,1783,20,767,180,947,11,160,-36,0,logQP_boot 1783 > 1747
openfhe,16,32768,45,38,20,21,3,4,14,512,42,1603,3,180,1783,21,805,180,985,11,160,-36,0,logQP_boot 1783 > 1747
openfhe,16,32768,45,38,20,21,4,3,14,512,42,1603,3,180,1783,21,805,180,985,11,160,-36,0,logQP_boot 1783 > 1747
openfhe,16,32768,45,38,19,22,4,4,14,512,42,1603,3,180,1783,20,767,180,947,14,121,-36,0,logQP_boot 1783 > 1747
openfhe,16,32768,45,38,20,21,3,4,14,512,42,1603,3,180,1783,21,805,180,985,14,121,-36,0,logQP_boot 1783 > 1747
openfhe,16,32768,45,38,20,21,4,3,14,512,42,1603,3,180,1783,21,805,180,985,14,121,-36,0,logQP_boot 1783 > 1747
openfhe,16,32768,45,38,19,22,4,4,14,512,42,1603,2,120,1723,20,767,120,887,21,84,24,1,
openfhe,16,32768,45,38,20,21,3,4,14,512,42,1603,2,120,1723,21,805,120,925,21,84,24,1,
openfhe,16,32768,45,38,20,21,4,3,14,512,42,1603,2,120,1723,21,805,120,925,21,84,24,1,
openfhe,16,32768,45,38,19,22,4,4,14,512,42,1603,1,60,1663,20,767,60,827,42,45,84,1,
openfhe,16,32768,45,38,20,21,3,4,14,512,42,1603,1,60,1663,21,805,60,865,42,45,84,1,
openfhe,16,32768,45,38,20,21,4,3,14,512,42,1603,1,60,1663,21,805,60,865,42,45,84,1,
openfhe,16,32768,45,38,20,22,4,4,14,512,,,,,,,,,,1,,,0,예측 탈락(§8.5 규칙4): logQ 1641 + 예측 logP 1680 > 1747+60 → 컨텍스트 미생성
openfhe,16,32768,45,38,20,22,4,4,14,512,,,,,,,,,,2,,,0,예측 탈락(§8.5 규칙4): logQ 1641 + 예측 logP 900 > 1747+60 → 컨텍스트 미생성
openfhe,16,32768,45,38,20,22,4,4,14,512,,,,,,,,,,3,,,0,예측 탈락(§8.5 규칙4): logQ 1641 + 예측 logP 600 > 1747+60 → 컨텍스트 미생성
openfhe,16,32768,45,38,20,22,4,4,14,512,,,,,,,,,,4,,,0,예측 탈락(§8.5 규칙4): logQ 1641 + 예측 logP 480 > 1747+60 → 컨텍스트 미생성
openfhe,16,32768,45,38,20,22,4,4,14,512,,,,,,,,,,5,,,0,예측 탈락(§8.5 규칙4): logQ 1641 + 예측 logP 360 > 1747+60 → 컨텍스트 미생성
openfhe,16,32768,45,38,20,22,4,4,14,512,,,,,,,,,,6,,,0,예측 탈락(§8.5 규칙4): logQ 1641 + 예측 logP 360 > 1747+60 → 컨텍스트 미생성
openfhe,16,32768,45,38,20,22,4,4,14,512,,,,,,,,,,7,,,0,예측 탈락(§8.5 규칙4): logQ 1641 + 예측 logP 300 > 1747+60 → 컨텍스트 미생성
openfhe,16,32768,45,38,20,22,4,4,14,512,,,,,,,,,,8,,,0,예측 탈락(§8.5 규칙4): logQ 1641 + 예측 logP 240 > 1747+60 → 컨텍스트 미생성
openfhe,16,32768,45,38,20,22,4,4,14,512,,,,,,,,,,9,,,0,예측 탈락(§8.5 규칙4): logQ 1641 + 예측 logP 240 > 1747+60 → 컨텍스트 미생성
openfhe,16,32768,45,38,20,22,4,4,14,512,,,,,,,,,,11,,,0,예측 탈락(§8.5 규칙4): logQ 1641 + 예측 logP 180 > 1747+60 → 컨텍스트 미생성
openfhe,16,32768,45,38,20,22,4,4,14,512,,,,,,,,,,15,,,0,예측 탈락(§8.5 규칙4): logQ 1641 + 예측 logP 180 > 1747+60 → 컨텍스트 미생성
openfhe,16,32768,45,38,20,22,4,4,14,512,43,1641,2,120,1761,21,805,120,925,22,83,-14,0,logQP_boot 1761 > 1747
openfhe,16,32768,45,38,20,22,4,4,14,512,43,1641,1,60,1701,21,805,60,865,43,45,46,1,
openfhe,16,32768,45,40,15,16,1,1,14,512,,,,,,,,,,1,,,0,예측 탈락(§8.5 규칙4): logQ 1285 + 예측 logP 1320 > 1747+60 → 컨텍스트 미생성
openfhe,16,32768,45,40,15,16,1,1,14,512,,,,,,,,,,2,,,0,예측 탈락(§8.5 규칙4): logQ 1285 + 예측 logP 660 > 1747+60 → 컨텍스트 미생성
openfhe,16,32768,45,40,15,16,1,1,14,512,32,1285,8,480,1765,16,645,480,1125,3,446,-18,0,logQP_boot 1765 > 1747
openfhe,16,32768,45,40,15,16,1,1,14,512,32,1285,6,360,1645,16,645,360,1005,4,326,102,1,
openfhe,16,32768,45,40,15,16,1,1,14,512,32,1285,5,300,1585,16,645,300,945,5,286,162,1,
openfhe,16,32768,45,40,15,16,1,1,14,512,32,1285,5,300,1585,16,645,300,945,6,246,162,1,
openfhe,16,32768,45,40,15,16,1,1,14,512,32,1285,4,240,1525,16,645,240,885,7,206,222,1,
openfhe,16,32768,45,40,15,16,1,1,14,512,32,1285,3,180,1465,16,645,180,825,8,166,282,1,
openfhe,16,32768,45,40,15,16,1,1,14,512,32,1285,3,180,1465,16,645,180,825,11,126,282,1,
openfhe,16,32768,45,40,15,16,1,1,14,512,32,1285,2,120,1405,16,645,120,765,16,86,342,1,
openfhe,16,32768,45,40,15,16,1,1,14,512,32,1285,1,60,1345,16,645,60,705,32,45,402,1,
openfhe,16,32768,45,40,16,16,1,1,14,512,,,,,,,,,,1,,,0,예측 탈락(§8.5 규칙4): logQ 1325 + 예측 logP 1380 > 1747+60 → 컨텍스트 미생성
openfhe,16,32768,45,40,16,16,1,1,14,512,,,,,,,,,,2,,,0,예측 탈락(§8.5 규칙4): logQ 1325 + 예측 logP 720 > 1747+60 → 컨텍스트 미생성
openfhe,16,32768,45,40,16,16,1,1,14,512,33,1325,8,480,1805,17,685,480,1165,3,446,-58,0,logQP_boot 1805 > 1747
openfhe,16,32768,45,40,16,16,1,1,14,512,33,1325,7,420,1745,17,685,420,1105,4,366,2,1,
openfhe,16,32768,45,40,16,16,1,1,14,512,33,1325,5,300,1625,17,685,300,985,5,286,122,1,
openfhe,16,32768,45,40,16,16,1,1,14,512,33,1325,5,300,1625,17,685,300,985,6,245,122,1,
openfhe,16,32768,45,40,16,16,1,1,14,512,33,1325,4,240,1565,17,685,240,925,7,206,182,1,
openfhe,16,32768,45,40,16,16,1,1,14,512,33,1325,3,180,1505,17,685,180,865,9,165,242,1,
openfhe,16,32768,45,40,16,16,1,1,14,512,33,1325,3,180,1505,17,685,180,865,11,126,242,1,
openfhe,16,32768,45,40,16,16,1,1,14,512,33,1325,2,120,1445,17,685,120,805,17,85,302,1,
openfhe,16,32768,45,40,16,16,1,1,14,512,33,1325,1,60,1385,17,685,60,745,33,45,362,1,
openfhe,16,32768,45,40,15,18,2,2,14,512,,,,,,,,,,1,,,0,예측 탈락(§8.5 규칙4): logQ 1365 + 예측 logP 1380 > 1747+60 → 컨텍스트 미생성
openfhe,16,32768,45,40,17,16,1,1,14,512,,,,,,,,,,1,,,0,예측 탈락(§8.5 규칙4): logQ 1365 + 예측 logP 1380 > 1747+60 → 컨텍스트 미생성
openfhe,16,32768,45,40,15,18,2,2,14,512,,,,,,,,,,2,,,0,예측 탈락(§8.5 규칙4): logQ 1365 + 예측 logP 720 > 1747+60 → 컨텍스트 미생성
openfhe,16,32768,45,40,17,16,1,1,14,512,,,,,,,,,,2,,,0,예측 탈락(§8.5 규칙4): logQ 1365 + 예측 logP 720 > 1747+60 → 컨텍스트 미생성
openfhe,16,32768,45,40,15,18,2,2,14,512,,,,,,,,,,3,,,0,예측 탈락(§8.5 규칙4): logQ 1365 + 예측 logP 540 > 1747+60 → 컨텍스트 미생성
openfhe,16,32768,45,40,17,16,1,1,14,512,,,,,,,,,,3,,,0,예측 탈락(§8.5 규칙4): logQ 1365 + 예측 logP 540 > 1747+60 → 컨텍스트 미생성
openfhe,16,32768,45,40,15,18,2,2,14,512,34,1365,7,420,1785,16,645,420,1065,4,366,-38,0,logQP_boot 1785 > 1747
openfhe,16,32768,45,40,17,16,1,1,14,512,34,1365,7,420,1785,18,725,420,1145,4,366,-38,0,logQP_boot 1785 > 1747
openfhe,16,32768,45,40,15,18,2,2,14,512,34,1365,5,300,1665,16,645,300,945,5,286,82,1,
openfhe,16,32768,45,40,17,16,1,1,14,512,34,1365,5,300,1665,18,725,300,1025,5,286,82,1,
openfhe,16,32768,45,40,15,18,2,2,14,512,34,1365,5,300,1665,16,645,300,945,6,246,82,1,
openfhe,16,32768,45,40,17,16,1,1,14,512,34,1365,5,300,1665,18,725,300,1025,6,246,82,1,
openfhe,16,32768,45,40,15,18,2,2,14,512,34,1365,4,240,1605,16,645,240,885,7,206,142,1,
openfhe,16,32768,45,40,17,16,1,1,14,512,34,1365,4,240,1605,18,725,240,965,7,206,142,1,
openfhe,16,32768,45,40,15,18,2,2,14,512,34,1365,3,180,1545,16,645,180,825,9,166,202,1,
openfhe,16,32768,45,40,17,16,1,1,14,512,34,1365,3,180,1545,18,725,180,905,9,166,202,1,
openfhe,16,32768,45,40,15,18,2,2,14,512,34,1365,3,180,1545,16,645,180,825,12,126,202,1,
openfhe,16,32768,45,40,17,16,1,1,14,512,34,1365,3,180,1545,18,725,180,905,12,126,202,1,
openfhe,16,32768,45,40,15,18,2,2,14,512,34,1365,2,120,1485,16,645,120,765,17,86,262,1,
openfhe,16,32768,45,40,17,16,1,1,14,512,34,1365,2,120,1485,18,725,120,845,17,86,262,1,
openfhe,16,32768,45,40,15,18,2,2,14,512,34,1365,1,60,1425,16,645,60,705,34,45,322,1,
openfhe,16,32768,45,40,17,16,1,1,14,512,34,1365,1,60,1425,18,725,60,785,34,45,322,1,
openfhe,16,32768,45,40,16,18,2,2,14,512,,,,,,,,,,1,,,0,예측 탈락(§8.5 규칙4): logQ 1405 + 예측 logP 1440 > 1747+60 → 컨텍스트 미생성
openfhe,16,32768,45,40,18,16,1,1,14,512,,,,,,,,,,1,,,0,예측 탈락(§8.5 규칙4): logQ 1405 + 예측 logP 1440 > 1747+60 → 컨텍스트 미생성
openfhe,16,32768,45,40,16,18,2,2,14,512,,,,,,,,,,2,,,0,예측 탈락(§8.5 규칙4): logQ 1405 + 예측 logP 780 > 1747+60 → 컨텍스트 미생성
openfhe,16,32768,45,40,18,16,1,1,14,512,,,,,,,,,,2,,,0,예측 탈락(§8.5 규칙4): logQ 1405 + 예측 logP 780 > 1747+60 → 컨텍스트 미생성
openfhe,16,32768,45,40,16,18,2,2,14,512,,,,,,,,,,3,,,0,예측 탈락(§8.5 규칙4): logQ 1405 + 예측 logP 540 > 1747+60 → 컨텍스트 미생성
openfhe,16,32768,45,40,18,16,1,1,14,512,,,,,,,,,,3,,,0,예측 탈락(§8.5 규칙4): logQ 1405 + 예측 logP 540 > 1747+60 → 컨텍스트 미생성
openfhe,16,32768,45,40,16,18,2,2,14,512,,,,,,,,,,4,,,0,예측 탈락(§8.5 규칙4): logQ 1405 + 예측 logP 420 > 1747+60 → 컨텍스트 미생성
openfhe,16,32768,45,40,18,16,1,1,14,512,,,,,,,,,,4,,,0,예측 탈락(§8.5 규칙4): logQ 1405 + 예측 logP 420 > 1747+60 → 컨텍스트 미생성
openfhe,16,32768,45,40,16,18,2,2,14,512,35,1405,5,300,1705,17,685,300,985,5,286,42,1,
openfhe,16,32768,45,40,18,16,1,1,14,512,35,1405,5,300,1705,19,765,300,1065,5,286,42,1,
openfhe,16,32768,45,40,16,18,2,2,14,512,35,1405,5,300,1705,17,685,300,985,6,245,42,1,
openfhe,16,32768,45,40,18,16,1,1,14,512,35,1405,5,300,1705,19,765,300,1065,6,245,42,1,
openfhe,16,32768,45,40,16,18,2,2,14,512,35,1405,4,240,1645,17,685,240,925,7,206,102,1,
openfhe,16,32768,45,40,18,16,1,1,14,512,35,1405,4,240,1645,19,765,240,1005,7,206,102,1,
openfhe,16,32768,45,40,16,18,2,2,14,512,35,1405,3,180,1585,17,685,180,865,9,165,162,1,
openfhe,16,32768,45,40,18,16,1,1,14,512,35,1405,3,180,1585,19,765,180,945,9,165,162,1,
openfhe,16,32768,45,40,16,18,2,2,14,512,35,1405,3,180,1585,17,685,180,865,12,126,162,1,
openfhe,16,32768,45,40,18,16,1,1,14,512,35,1405,3,180,1585,19,765,180,945,12,126,162,1,
openfhe,16,32768,45,40,16,18,2,2,14,512,35,1405,2,120,1525,17,685,120,805,18,85,222,1,
openfhe,16,32768,45,40,18,16,1,1,14,512,35,1405,2,120,1525,19,765,120,885,18,85,222,1,
openfhe,16,32768,45,40,16,18,2,2,14,512,35,1405,1,60,1465,17,685,60,745,35,45,282,1,
openfhe,16,32768,45,40,18,16,1,1,14,512,35,1405,1,60,1465,19,765,60,825,35,45,282,1,
openfhe,16,32768,45,40,15,20,3,3,14,512,,,,,,,,,,1,,,0,예측 탈락(§8.5 규칙4): logQ 1445 + 예측 logP 1500 > 1747+60 → 컨텍스트 미생성
openfhe,16,32768,45,40,17,18,2,2,14,512,,,,,,,,,,1,,,0,예측 탈락(§8.5 규칙4): logQ 1445 + 예측 logP 1500 > 1747+60 → 컨텍스트 미생성
openfhe,16,32768,45,40,19,16,1,1,14,512,,,,,,,,,,1,,,0,예측 탈락(§8.5 규칙4): logQ 1445 + 예측 logP 1500 > 1747+60 → 컨텍스트 미생성
openfhe,16,32768,45,40,15,20,3,3,14,512,,,,,,,,,,2,,,0,예측 탈락(§8.5 규칙4): logQ 1445 + 예측 logP 780 > 1747+60 → 컨텍스트 미생성
openfhe,16,32768,45,40,17,18,2,2,14,512,,,,,,,,,,2,,,0,예측 탈락(§8.5 규칙4): logQ 1445 + 예측 logP 780 > 1747+60 → 컨텍스트 미생성
openfhe,16,32768,45,40,19,16,1,1,14,512,,,,,,,,,,2,,,0,예측 탈락(§8.5 규칙4): logQ 1445 + 예측 logP 780 > 1747+60 → 컨텍스트 미생성
openfhe,16,32768,45,40,15,20,3,3,14,512,,,,,,,,,,3,,,0,예측 탈락(§8.5 규칙4): logQ 1445 + 예측 logP 540 > 1747+60 → 컨텍스트 미생성
openfhe,16,32768,45,40,17,18,2,2,14,512,,,,,,,,,,3,,,0,예측 탈락(§8.5 규칙4): logQ 1445 + 예측 logP 540 > 1747+60 → 컨텍스트 미생성
openfhe,16,32768,45,40,19,16,1,1,14,512,,,,,,,,,,3,,,0,예측 탈락(§8.5 규칙4): logQ 1445 + 예측 logP 540 > 1747+60 → 컨텍스트 미생성
openfhe,16,32768,45,40,15,20,3,3,14,512,,,,,,,,,,4,,,0,예측 탈락(§8.5 규칙4): logQ 1445 + 예측 logP 420 > 1747+60 → 컨텍스트 미생성
openfhe,16,32768,45,40,17,18,2,2,14,512,,,,,,,,,,4,,,0,예측 탈락(§8.5 규칙4): logQ 1445 + 예측 logP 420 > 1747+60 → 컨텍스트 미생성
openfhe,16,32768,45,40,19,16,1,1,14,512,,,,,,,,,,4,,,0,예측 탈락(§8.5 규칙4): logQ 1445 + 예측 logP 420 > 1747+60 → 컨텍스트 미생성
openfhe,16,32768,45,40,15,20,3,3,14,512,36,1445,6,360,1805,16,645,360,1005,5,326,-58,0,logQP_boot 1805 > 1747
openfhe,16,32768,45,40,17,18,2,2,14,512,36,1445,6,360,1805,18,725,360,1085,5,326,-58,0,logQP_boot 1805 > 1747
openfhe,16,32768,45,40,19,16,1,1,14,512,36,1445,6,360,1805,20,805,360,1165,5,326,-58,0,logQP_boot 1805 > 1747
openfhe,16,32768,45,40,15,20,3,3,14,512,36,1445,5,300,1745,16,645,300,945,6,246,2,1,
openfhe,16,32768,45,40,17,18,2,2,14,512,36,1445,5,300,1745,18,725,300,1025,6,246,2,1,
openfhe,16,32768,45,40,19,16,1,1,14,512,36,1445,5,300,1745,20,805,300,1105,6,246,2,1,
openfhe,16,32768,45,40,15,20,3,3,14,512,36,1445,4,240,1685,16,645,240,885,8,206,62,1,
openfhe,16,32768,45,40,17,18,2,2,14,512,36,1445,4,240,1685,18,725,240,965,8,206,62,1,
openfhe,16,32768,45,40,19,16,1,1,14,512,36,1445,4,240,1685,20,805,240,1045,8,206,62,1,
openfhe,16,32768,45,40,15,20,3,3,14,512,36,1445,3,180,1625,16,645,180,825,9,166,122,1,
openfhe,16,32768,45,40,17,18,2,2,14,512,36,1445,3,180,1625,18,725,180,905,9,166,122,1,
openfhe,16,32768,45,40,19,16,1,1,14,512,36,1445,3,180,1625,20,805,180,985,9,166,122,1,
openfhe,16,32768,45,40,15,20,3,3,14,512,36,1445,3,180,1625,16,645,180,825,12,126,122,1,
openfhe,16,32768,45,40,17,18,2,2,14,512,36,1445,3,180,1625,18,725,180,905,12,126,122,1,
openfhe,16,32768,45,40,19,16,1,1,14,512,36,1445,3,180,1625,20,805,180,985,12,126,122,1,
openfhe,16,32768,45,40,15,20,3,3,14,512,36,1445,2,120,1565,16,645,120,765,18,86,182,1,
openfhe,16,32768,45,40,17,18,2,2,14,512,36,1445,2,120,1565,18,725,120,845,18,86,182,1,
openfhe,16,32768,45,40,19,16,1,1,14,512,36,1445,2,120,1565,20,805,120,925,18,86,182,1,
openfhe,16,32768,45,40,15,20,3,3,14,512,36,1445,1,60,1505,16,645,60,705,36,45,242,1,
openfhe,16,32768,45,40,17,18,2,2,14,512,36,1445,1,60,1505,18,725,60,785,36,45,242,1,
openfhe,16,32768,45,40,19,16,1,1,14,512,36,1445,1,60,1505,20,805,60,865,36,45,242,1,
openfhe,16,32768,45,40,15,21,3,4,14,512,,,,,,,,,,1,,,0,예측 탈락(§8.5 규칙4): logQ 1485 + 예측 logP 1500 > 1747+60 → 컨텍스트 미생성
openfhe,16,32768,45,40,15,21,4,3,14,512,,,,,,,,,,1,,,0,예측 탈락(§8.5 규칙4): logQ 1485 + 예측 logP 1500 > 1747+60 → 컨텍스트 미생성
openfhe,16,32768,45,40,16,20,3,3,14,512,,,,,,,,,,1,,,0,예측 탈락(§8.5 규칙4): logQ 1485 + 예측 logP 1500 > 1747+60 → 컨텍스트 미생성
openfhe,16,32768,45,40,18,18,2,2,14,512,,,,,,,,,,1,,,0,예측 탈락(§8.5 규칙4): logQ 1485 + 예측 logP 1500 > 1747+60 → 컨텍스트 미생성
openfhe,16,32768,45,40,20,16,1,1,14,512,,,,,,,,,,1,,,0,예측 탈락(§8.5 규칙4): logQ 1485 + 예측 logP 1500 > 1747+60 → 컨텍스트 미생성
openfhe,16,32768,45,40,15,21,3,4,14,512,,,,,,,,,,2,,,0,예측 탈락(§8.5 규칙4): logQ 1485 + 예측 logP 780 > 1747+60 → 컨텍스트 미생성
openfhe,16,32768,45,40,15,21,4,3,14,512,,,,,,,,,,2,,,0,예측 탈락(§8.5 규칙4): logQ 1485 + 예측 logP 780 > 1747+60 → 컨텍스트 미생성
openfhe,16,32768,45,40,16,20,3,3,14,512,,,,,,,,,,2,,,0,예측 탈락(§8.5 규칙4): logQ 1485 + 예측 logP 780 > 1747+60 → 컨텍스트 미생성
openfhe,16,32768,45,40,18,18,2,2,14,512,,,,,,,,,,2,,,0,예측 탈락(§8.5 규칙4): logQ 1485 + 예측 logP 780 > 1747+60 → 컨텍스트 미생성
openfhe,16,32768,45,40,20,16,1,1,14,512,,,,,,,,,,2,,,0,예측 탈락(§8.5 규칙4): logQ 1485 + 예측 logP 780 > 1747+60 → 컨텍스트 미생성
openfhe,16,32768,45,40,15,21,3,4,14,512,,,,,,,,,,3,,,0,예측 탈락(§8.5 규칙4): logQ 1485 + 예측 logP 540 > 1747+60 → 컨텍스트 미생성
openfhe,16,32768,45,40,15,21,4,3,14,512,,,,,,,,,,3,,,0,예측 탈락(§8.5 규칙4): logQ 1485 + 예측 logP 540 > 1747+60 → 컨텍스트 미생성
openfhe,16,32768,45,40,16,20,3,3,14,512,,,,,,,,,,3,,,0,예측 탈락(§8.5 규칙4): logQ 1485 + 예측 logP 540 > 1747+60 → 컨텍스트 미생성
openfhe,16,32768,45,40,18,18,2,2,14,512,,,,,,,,,,3,,,0,예측 탈락(§8.5 규칙4): logQ 1485 + 예측 logP 540 > 1747+60 → 컨텍스트 미생성
openfhe,16,32768,45,40,20,16,1,1,14,512,,,,,,,,,,3,,,0,예측 탈락(§8.5 규칙4): logQ 1485 + 예측 logP 540 > 1747+60 → 컨텍스트 미생성
openfhe,16,32768,45,40,15,21,3,4,14,512,,,,,,,,,,4,,,0,예측 탈락(§8.5 규칙4): logQ 1485 + 예측 logP 420 > 1747+60 → 컨텍스트 미생성
openfhe,16,32768,45,40,15,21,4,3,14,512,,,,,,,,,,4,,,0,예측 탈락(§8.5 규칙4): logQ 1485 + 예측 logP 420 > 1747+60 → 컨텍스트 미생성
openfhe,16,32768,45,40,16,20,3,3,14,512,,,,,,,,,,4,,,0,예측 탈락(§8.5 규칙4): logQ 1485 + 예측 logP 420 > 1747+60 → 컨텍스트 미생성
openfhe,16,32768,45,40,18,18,2,2,14,512,,,,,,,,,,4,,,0,예측 탈락(§8.5 규칙4): logQ 1485 + 예측 logP 420 > 1747+60 → 컨텍스트 미생성
openfhe,16,32768,45,40,20,16,1,1,14,512,,,,,,,,,,4,,,0,예측 탈락(§8.5 규칙4): logQ 1485 + 예측 logP 420 > 1747+60 → 컨텍스트 미생성
openfhe,16,32768,45,40,15,21,3,4,14,512,,,,,,,,,,5,,,0,예측 탈락(§8.5 규칙4): logQ 1485 + 예측 logP 360 > 1747+60 → 컨텍스트 미생성
openfhe,16,32768,45,40,15,21,4,3,14,512,,,,,,,,,,5,,,0,예측 탈락(§8.5 규칙4): logQ 1485 + 예측 logP 360 > 1747+60 → 컨텍스트 미생성
openfhe,16,32768,45,40,16,20,3,3,14,512,,,,,,,,,,5,,,0,예측 탈락(§8.5 규칙4): logQ 1485 + 예측 logP 360 > 1747+60 → 컨텍스트 미생성
openfhe,16,32768,45,40,18,18,2,2,14,512,,,,,,,,,,5,,,0,예측 탈락(§8.5 규칙4): logQ 1485 + 예측 logP 360 > 1747+60 → 컨텍스트 미생성
openfhe,16,32768,45,40,20,16,1,1,14,512,,,,,,,,,,5,,,0,예측 탈락(§8.5 규칙4): logQ 1485 + 예측 logP 360 > 1747+60 → 컨텍스트 미생성
openfhe,16,32768,45,40,15,21,3,4,14,512,37,1485,5,300,1785,16,645,300,945,6,286,-38,0,logQP_boot 1785 > 1747
openfhe,16,32768,45,40,15,21,4,3,14,512,37,1485,5,300,1785,16,645,300,945,6,286,-38,0,logQP_boot 1785 > 1747
openfhe,16,32768,45,40,16,20,3,3,14,512,37,1485,5,300,1785,17,685,300,985,6,286,-38,0,logQP_boot 1785 > 1747
openfhe,16,32768,45,40,18,18,2,2,14,512,37,1485,5,300,1785,19,765,300,1065,6,286,-38,0,logQP_boot 1785 > 1747
openfhe,16,32768,45,40,20,16,1,1,14,512,37,1485,5,300,1785,21,845,300,1145,6,286,-38,0,logQP_boot 1785 > 1747
openfhe,16,32768,45,40,15,21,3,4,14,512,37,1485,5,300,1785,16,645,300,945,7,245,-38,0,logQP_boot 1785 > 1747
openfhe,16,32768,45,40,15,21,4,3,14,512,37,1485,5,300,1785,16,645,300,945,7,245,-38,0,logQP_boot 1785 > 1747
openfhe,16,32768,45,40,16,20,3,3,14,512,37,1485,5,300,1785,17,685,300,985,7,245,-38,0,logQP_boot 1785 > 1747
openfhe,16,32768,45,40,18,18,2,2,14,512,37,1485,5,300,1785,19,765,300,1065,7,245,-38,0,logQP_boot 1785 > 1747
openfhe,16,32768,45,40,20,16,1,1,14,512,37,1485,5,300,1785,21,845,300,1145,7,245,-38,0,logQP_boot 1785 > 1747
openfhe,16,32768,45,40,15,21,3,4,14,512,37,1485,4,240,1725,16,645,240,885,8,206,22,1,
openfhe,16,32768,45,40,15,21,4,3,14,512,37,1485,4,240,1725,16,645,240,885,8,206,22,1,
openfhe,16,32768,45,40,16,20,3,3,14,512,37,1485,4,240,1725,17,685,240,925,8,206,22,1,
openfhe,16,32768,45,40,18,18,2,2,14,512,37,1485,4,240,1725,19,765,240,1005,8,206,22,1,
openfhe,16,32768,45,40,20,16,1,1,14,512,37,1485,4,240,1725,21,845,240,1085,8,206,22,1,
openfhe,16,32768,45,40,15,21,3,4,14,512,37,1485,3,180,1665,16,645,180,825,10,165,82,1,
openfhe,16,32768,45,40,15,21,4,3,14,512,37,1485,3,180,1665,16,645,180,825,10,165,82,1,
openfhe,16,32768,45,40,16,20,3,3,14,512,37,1485,3,180,1665,17,685,180,865,10,165,82,1,
openfhe,16,32768,45,40,18,18,2,2,14,512,37,1485,3,180,1665,19,765,180,945,10,165,82,1,
openfhe,16,32768,45,40,20,16,1,1,14,512,37,1485,3,180,1665,21,845,180,1025,10,165,82,1,
openfhe,16,32768,45,40,15,21,3,4,14,512,37,1485,3,180,1665,16,645,180,825,13,126,82,1,
openfhe,16,32768,45,40,15,21,4,3,14,512,37,1485,3,180,1665,16,645,180,825,13,126,82,1,
openfhe,16,32768,45,40,16,20,3,3,14,512,37,1485,3,180,1665,17,685,180,865,13,126,82,1,
openfhe,16,32768,45,40,18,18,2,2,14,512,37,1485,3,180,1665,19,765,180,945,13,126,82,1,
openfhe,16,32768,45,40,20,16,1,1,14,512,37,1485,3,180,1665,21,845,180,1025,13,126,82,1,
openfhe,16,32768,45,40,15,21,3,4,14,512,37,1485,2,120,1605,16,645,120,765,19,85,142,1,
openfhe,16,32768,45,40,15,21,4,3,14,512,37,1485,2,120,1605,16,645,120,765,19,85,142,1,
openfhe,16,32768,45,40,16,20,3,3,14,512,37,1485,2,120,1605,17,685,120,805,19,85,142,1,
openfhe,16,32768,45,40,18,18,2,2,14,512,37,1485,2,120,1605,19,765,120,885,19,85,142,1,
openfhe,16,32768,45,40,20,16,1,1,14,512,37,1485,2,120,1605,21,845,120,965,19,85,142,1,
openfhe,16,32768,45,40,15,21,3,4,14,512,37,1485,1,60,1545,16,645,60,705,37,45,202,1,
openfhe,16,32768,45,40,15,21,4,3,14,512,37,1485,1,60,1545,16,645,60,705,37,45,202,1,
openfhe,16,32768,45,40,16,20,3,3,14,512,37,1485,1,60,1545,17,685,60,745,37,45,202,1,
openfhe,16,32768,45,40,18,18,2,2,14,512,37,1485,1,60,1545,19,765,60,825,37,45,202,1,
openfhe,16,32768,45,40,20,16,1,1,14,512,37,1485,1,60,1545,21,845,60,905,37,45,202,1,
openfhe,16,32768,45,40,15,22,4,4,14,512,,,,,,,,,,1,,,0,예측 탈락(§8.5 규칙4): logQ 1525 + 예측 logP 1560 > 1747+60 → 컨텍스트 미생성
openfhe,16,32768,45,40,16,21,3,4,14,512,,,,,,,,,,1,,,0,예측 탈락(§8.5 규칙4): logQ 1525 + 예측 logP 1560 > 1747+60 → 컨텍스트 미생성
openfhe,16,32768,45,40,16,21,4,3,14,512,,,,,,,,,,1,,,0,예측 탈락(§8.5 규칙4): logQ 1525 + 예측 logP 1560 > 1747+60 → 컨텍스트 미생성
openfhe,16,32768,45,40,17,20,3,3,14,512,,,,,,,,,,1,,,0,예측 탈락(§8.5 규칙4): logQ 1525 + 예측 logP 1560 > 1747+60 → 컨텍스트 미생성
openfhe,16,32768,45,40,19,18,2,2,14,512,,,,,,,,,,1,,,0,예측 탈락(§8.5 규칙4): logQ 1525 + 예측 logP 1560 > 1747+60 → 컨텍스트 미생성
openfhe,16,32768,45,40,15,22,4,4,14,512,,,,,,,,,,2,,,0,예측 탈락(§8.5 규칙4): logQ 1525 + 예측 logP 780 > 1747+60 → 컨텍스트 미생성
openfhe,16,32768,45,40,16,21,3,4,14,512,,,,,,,,,,2,,,0,예측 탈락(§8.5 규칙4): logQ 1525 + 예측 logP 780 > 1747+60 → 컨텍스트 미생성
openfhe,16,32768,45,40,16,21,4,3,14,512,,,,,,,,,,2,,,0,예측 탈락(§8.5 규칙4): logQ 1525 + 예측 logP 780 > 1747+60 → 컨텍스트 미생성
openfhe,16,32768,45,40,17,20,3,3,14,512,,,,,,,,,,2,,,0,예측 탈락(§8.5 규칙4): logQ 1525 + 예측 logP 780 > 1747+60 → 컨텍스트 미생성
openfhe,16,32768,45,40,19,18,2,2,14,512,,,,,,,,,,2,,,0,예측 탈락(§8.5 규칙4): logQ 1525 + 예측 logP 780 > 1747+60 → 컨텍스트 미생성
openfhe,16,32768,45,40,15,22,4,4,14,512,,,,,,,,,,3,,,0,예측 탈락(§8.5 규칙4): logQ 1525 + 예측 logP 540 > 1747+60 → 컨텍스트 미생성
openfhe,16,32768,45,40,16,21,3,4,14,512,,,,,,,,,,3,,,0,예측 탈락(§8.5 규칙4): logQ 1525 + 예측 logP 540 > 1747+60 → 컨텍스트 미생성
openfhe,16,32768,45,40,16,21,4,3,14,512,,,,,,,,,,3,,,0,예측 탈락(§8.5 규칙4): logQ 1525 + 예측 logP 540 > 1747+60 → 컨텍스트 미생성
openfhe,16,32768,45,40,17,20,3,3,14,512,,,,,,,,,,3,,,0,예측 탈락(§8.5 규칙4): logQ 1525 + 예측 logP 540 > 1747+60 → 컨텍스트 미생성
openfhe,16,32768,45,40,19,18,2,2,14,512,,,,,,,,,,3,,,0,예측 탈락(§8.5 규칙4): logQ 1525 + 예측 logP 540 > 1747+60 → 컨텍스트 미생성
openfhe,16,32768,45,40,15,22,4,4,14,512,,,,,,,,,,4,,,0,예측 탈락(§8.5 규칙4): logQ 1525 + 예측 logP 420 > 1747+60 → 컨텍스트 미생성
openfhe,16,32768,45,40,16,21,3,4,14,512,,,,,,,,,,4,,,0,예측 탈락(§8.5 규칙4): logQ 1525 + 예측 logP 420 > 1747+60 → 컨텍스트 미생성
openfhe,16,32768,45,40,16,21,4,3,14,512,,,,,,,,,,4,,,0,예측 탈락(§8.5 규칙4): logQ 1525 + 예측 logP 420 > 1747+60 → 컨텍스트 미생성
openfhe,16,32768,45,40,17,20,3,3,14,512,,,,,,,,,,4,,,0,예측 탈락(§8.5 규칙4): logQ 1525 + 예측 logP 420 > 1747+60 → 컨텍스트 미생성
openfhe,16,32768,45,40,19,18,2,2,14,512,,,,,,,,,,4,,,0,예측 탈락(§8.5 규칙4): logQ 1525 + 예측 logP 420 > 1747+60 → 컨텍스트 미생성
openfhe,16,32768,45,40,15,22,4,4,14,512,,,,,,,,,,5,,,0,예측 탈락(§8.5 규칙4): logQ 1525 + 예측 logP 360 > 1747+60 → 컨텍스트 미생성
openfhe,16,32768,45,40,16,21,3,4,14,512,,,,,,,,,,5,,,0,예측 탈락(§8.5 규칙4): logQ 1525 + 예측 logP 360 > 1747+60 → 컨텍스트 미생성
openfhe,16,32768,45,40,16,21,4,3,14,512,,,,,,,,,,5,,,0,예측 탈락(§8.5 규칙4): logQ 1525 + 예측 logP 360 > 1747+60 → 컨텍스트 미생성
openfhe,16,32768,45,40,17,20,3,3,14,512,,,,,,,,,,5,,,0,예측 탈락(§8.5 규칙4): logQ 1525 + 예측 logP 360 > 1747+60 → 컨텍스트 미생성
openfhe,16,32768,45,40,19,18,2,2,14,512,,,,,,,,,,5,,,0,예측 탈락(§8.5 규칙4): logQ 1525 + 예측 logP 360 > 1747+60 → 컨텍스트 미생성
openfhe,16,32768,45,40,15,22,4,4,14,512,,,,,,,,,,6,,,0,예측 탈락(§8.5 규칙4): logQ 1525 + 예측 logP 300 > 1747+60 → 컨텍스트 미생성
openfhe,16,32768,45,40,16,21,3,4,14,512,,,,,,,,,,6,,,0,예측 탈락(§8.5 규칙4): logQ 1525 + 예측 logP 300 > 1747+60 → 컨텍스트 미생성
openfhe,16,32768,45,40,16,21,4,3,14,512,,,,,,,,,,6,,,0,예측 탈락(§8.5 규칙4): logQ 1525 + 예측 logP 300 > 1747+60 → 컨텍스트 미생성
openfhe,16,32768,45,40,17,20,3,3,14,512,,,,,,,,,,6,,,0,예측 탈락(§8.5 규칙4): logQ 1525 + 예측 logP 300 > 1747+60 → 컨텍스트 미생성
openfhe,16,32768,45,40,19,18,2,2,14,512,,,,,,,,,,6,,,0,예측 탈락(§8.5 규칙4): logQ 1525 + 예측 logP 300 > 1747+60 → 컨텍스트 미생성
openfhe,16,32768,45,40,15,22,4,4,14,512,,,,,,,,,,7,,,0,예측 탈락(§8.5 규칙4): logQ 1525 + 예측 logP 300 > 1747+60 → 컨텍스트 미생성
openfhe,16,32768,45,40,16,21,3,4,14,512,,,,,,,,,,7,,,0,예측 탈락(§8.5 규칙4): logQ 1525 + 예측 logP 300 > 1747+60 → 컨텍스트 미생성
openfhe,16,32768,45,40,16,21,4,3,14,512,,,,,,,,,,7,,,0,예측 탈락(§8.5 규칙4): logQ 1525 + 예측 logP 300 > 1747+60 → 컨텍스트 미생성
openfhe,16,32768,45,40,17,20,3,3,14,512,,,,,,,,,,7,,,0,예측 탈락(§8.5 규칙4): logQ 1525 + 예측 logP 300 > 1747+60 → 컨텍스트 미생성
openfhe,16,32768,45,40,19,18,2,2,14,512,,,,,,,,,,7,,,0,예측 탈락(§8.5 규칙4): logQ 1525 + 예측 logP 300 > 1747+60 → 컨텍스트 미생성
openfhe,16,32768,45,40,15,22,4,4,14,512,38,1525,4,240,1765,16,645,240,885,8,206,-18,0,logQP_boot 1765 > 1747
openfhe,16,32768,45,40,16,21,3,4,14,512,38,1525,4,240,1765,17,685,240,925,8,206,-18,0,logQP_boot 1765 > 1747
openfhe,16,32768,45,40,16,21,4,3,14,512,38,1525,4,240,1765,17,685,240,925,8,206,-18,0,logQP_boot 1765 > 1747
openfhe,16,32768,45,40,17,20,3,3,14,512,38,1525,4,240,1765,18,725,240,965,8,206,-18,0,logQP_boot 1765 > 1747
openfhe,16,32768,45,40,19,18,2,2,14,512,38,1525,4,240,1765,20,805,240,1045,8,206,-18,0,logQP_boot 1765 > 1747
openfhe,16,32768,45,40,15,22,4,4,14,512,38,1525,3,180,1705,16,645,180,825,10,166,42,1,
openfhe,16,32768,45,40,16,21,3,4,14,512,38,1525,3,180,1705,17,685,180,865,10,166,42,1,
openfhe,16,32768,45,40,16,21,4,3,14,512,38,1525,3,180,1705,17,685,180,865,10,166,42,1,
openfhe,16,32768,45,40,17,20,3,3,14,512,38,1525,3,180,1705,18,725,180,905,10,166,42,1,
openfhe,16,32768,45,40,19,18,2,2,14,512,38,1525,3,180,1705,20,805,180,985,10,166,42,1,
openfhe,16,32768,45,40,15,22,4,4,14,512,38,1525,3,180,1705,16,645,180,825,13,126,42,1,
openfhe,16,32768,45,40,16,21,3,4,14,512,38,1525,3,180,1705,17,685,180,865,13,126,42,1,
openfhe,16,32768,45,40,16,21,4,3,14,512,38,1525,3,180,1705,17,685,180,865,13,126,42,1,
openfhe,16,32768,45,40,17,20,3,3,14,512,38,1525,3,180,1705,18,725,180,905,13,126,42,1,
openfhe,16,32768,45,40,19,18,2,2,14,512,38,1525,3,180,1705,20,805,180,985,13,126,42,1,
openfhe,16,32768,45,40,15,22,4,4,14,512,38,1525,2,120,1645,16,645,120,765,19,86,102,1,
openfhe,16,32768,45,40,16,21,3,4,14,512,38,1525,2,120,1645,17,685,120,805,19,86,102,1,
openfhe,16,32768,45,40,16,21,4,3,14,512,38,1525,2,120,1645,17,685,120,805,19,86,102,1,
openfhe,16,32768,45,40,17,20,3,3,14,512,38,1525,2,120,1645,18,725,120,845,19,86,102,1,
openfhe,16,32768,45,40,19,18,2,2,14,512,38,1525,2,120,1645,20,805,120,925,19,86,102,1,
openfhe,16,32768,45,40,15,22,4,4,14,512,38,1525,1,60,1585,16,645,60,705,38,45,162,1,
openfhe,16,32768,45,40,16,21,3,4,14,512,38,1525,1,60,1585,17,685,60,745,38,45,162,1,
openfhe,16,32768,45,40,16,21,4,3,14,512,38,1525,1,60,1585,17,685,60,745,38,45,162,1,
openfhe,16,32768,45,40,17,20,3,3,14,512,38,1525,1,60,1585,18,725,60,785,38,45,162,1,
openfhe,16,32768,45,40,19,18,2,2,14,512,38,1525,1,60,1585,20,805,60,865,38,45,162,1,
openfhe,16,32768,45,40,16,22,4,4,14,512,,,,,,,,,,1,,,0,예측 탈락(§8.5 규칙4): logQ 1565 + 예측 logP 1620 > 1747+60 → 컨텍스트 미생성
openfhe,16,32768,45,40,17,21,3,4,14,512,,,,,,,,,,1,,,0,예측 탈락(§8.5 규칙4): logQ 1565 + 예측 logP 1620 > 1747+60 → 컨텍스트 미생성
openfhe,16,32768,45,40,17,21,4,3,14,512,,,,,,,,,,1,,,0,예측 탈락(§8.5 규칙4): logQ 1565 + 예측 logP 1620 > 1747+60 → 컨텍스트 미생성
openfhe,16,32768,45,40,18,20,3,3,14,512,,,,,,,,,,1,,,0,예측 탈락(§8.5 규칙4): logQ 1565 + 예측 logP 1620 > 1747+60 → 컨텍스트 미생성
openfhe,16,32768,45,40,20,18,2,2,14,512,,,,,,,,,,1,,,0,예측 탈락(§8.5 규칙4): logQ 1565 + 예측 logP 1620 > 1747+60 → 컨텍스트 미생성
openfhe,16,32768,45,40,16,22,4,4,14,512,,,,,,,,,,2,,,0,예측 탈락(§8.5 규칙4): logQ 1565 + 예측 logP 840 > 1747+60 → 컨텍스트 미생성
openfhe,16,32768,45,40,17,21,3,4,14,512,,,,,,,,,,2,,,0,예측 탈락(§8.5 규칙4): logQ 1565 + 예측 logP 840 > 1747+60 → 컨텍스트 미생성
openfhe,16,32768,45,40,17,21,4,3,14,512,,,,,,,,,,2,,,0,예측 탈락(§8.5 규칙4): logQ 1565 + 예측 logP 840 > 1747+60 → 컨텍스트 미생성
openfhe,16,32768,45,40,18,20,3,3,14,512,,,,,,,,,,2,,,0,예측 탈락(§8.5 규칙4): logQ 1565 + 예측 logP 840 > 1747+60 → 컨텍스트 미생성
openfhe,16,32768,45,40,20,18,2,2,14,512,,,,,,,,,,2,,,0,예측 탈락(§8.5 규칙4): logQ 1565 + 예측 logP 840 > 1747+60 → 컨텍스트 미생성
openfhe,16,32768,45,40,16,22,4,4,14,512,,,,,,,,,,3,,,0,예측 탈락(§8.5 규칙4): logQ 1565 + 예측 logP 540 > 1747+60 → 컨텍스트 미생성
openfhe,16,32768,45,40,17,21,3,4,14,512,,,,,,,,,,3,,,0,예측 탈락(§8.5 규칙4): logQ 1565 + 예측 logP 540 > 1747+60 → 컨텍스트 미생성
openfhe,16,32768,45,40,17,21,4,3,14,512,,,,,,,,,,3,,,0,예측 탈락(§8.5 규칙4): logQ 1565 + 예측 logP 540 > 1747+60 → 컨텍스트 미생성
openfhe,16,32768,45,40,18,20,3,3,14,512,,,,,,,,,,3,,,0,예측 탈락(§8.5 규칙4): logQ 1565 + 예측 logP 540 > 1747+60 → 컨텍스트 미생성
openfhe,16,32768,45,40,20,18,2,2,14,512,,,,,,,,,,3,,,0,예측 탈락(§8.5 규칙4): logQ 1565 + 예측 logP 540 > 1747+60 → 컨텍스트 미생성
openfhe,16,32768,45,40,16,22,4,4,14,512,,,,,,,,,,4,,,0,예측 탈락(§8.5 규칙4): logQ 1565 + 예측 logP 420 > 1747+60 → 컨텍스트 미생성
openfhe,16,32768,45,40,17,21,3,4,14,512,,,,,,,,,,4,,,0,예측 탈락(§8.5 규칙4): logQ 1565 + 예측 logP 420 > 1747+60 → 컨텍스트 미생성
openfhe,16,32768,45,40,17,21,4,3,14,512,,,,,,,,,,4,,,0,예측 탈락(§8.5 규칙4): logQ 1565 + 예측 logP 420 > 1747+60 → 컨텍스트 미생성
openfhe,16,32768,45,40,18,20,3,3,14,512,,,,,,,,,,4,,,0,예측 탈락(§8.5 규칙4): logQ 1565 + 예측 logP 420 > 1747+60 → 컨텍스트 미생성
openfhe,16,32768,45,40,20,18,2,2,14,512,,,,,,,,,,4,,,0,예측 탈락(§8.5 규칙4): logQ 1565 + 예측 logP 420 > 1747+60 → 컨텍스트 미생성
openfhe,16,32768,45,40,16,22,4,4,14,512,,,,,,,,,,5,,,0,예측 탈락(§8.5 규칙4): logQ 1565 + 예측 logP 360 > 1747+60 → 컨텍스트 미생성
openfhe,16,32768,45,40,17,21,3,4,14,512,,,,,,,,,,5,,,0,예측 탈락(§8.5 규칙4): logQ 1565 + 예측 logP 360 > 1747+60 → 컨텍스트 미생성
openfhe,16,32768,45,40,17,21,4,3,14,512,,,,,,,,,,5,,,0,예측 탈락(§8.5 규칙4): logQ 1565 + 예측 logP 360 > 1747+60 → 컨텍스트 미생성
openfhe,16,32768,45,40,18,20,3,3,14,512,,,,,,,,,,5,,,0,예측 탈락(§8.5 규칙4): logQ 1565 + 예측 logP 360 > 1747+60 → 컨텍스트 미생성
openfhe,16,32768,45,40,20,18,2,2,14,512,,,,,,,,,,5,,,0,예측 탈락(§8.5 규칙4): logQ 1565 + 예측 logP 360 > 1747+60 → 컨텍스트 미생성
openfhe,16,32768,45,40,16,22,4,4,14,512,,,,,,,,,,6,,,0,예측 탈락(§8.5 규칙4): logQ 1565 + 예측 logP 300 > 1747+60 → 컨텍스트 미생성
openfhe,16,32768,45,40,17,21,3,4,14,512,,,,,,,,,,6,,,0,예측 탈락(§8.5 규칙4): logQ 1565 + 예측 logP 300 > 1747+60 → 컨텍스트 미생성
openfhe,16,32768,45,40,17,21,4,3,14,512,,,,,,,,,,6,,,0,예측 탈락(§8.5 규칙4): logQ 1565 + 예측 logP 300 > 1747+60 → 컨텍스트 미생성
openfhe,16,32768,45,40,18,20,3,3,14,512,,,,,,,,,,6,,,0,예측 탈락(§8.5 규칙4): logQ 1565 + 예측 logP 300 > 1747+60 → 컨텍스트 미생성
openfhe,16,32768,45,40,20,18,2,2,14,512,,,,,,,,,,6,,,0,예측 탈락(§8.5 규칙4): logQ 1565 + 예측 logP 300 > 1747+60 → 컨텍스트 미생성
openfhe,16,32768,45,40,16,22,4,4,14,512,,,,,,,,,,7,,,0,예측 탈락(§8.5 규칙4): logQ 1565 + 예측 logP 300 > 1747+60 → 컨텍스트 미생성
openfhe,16,32768,45,40,17,21,3,4,14,512,,,,,,,,,,7,,,0,예측 탈락(§8.5 규칙4): logQ 1565 + 예측 logP 300 > 1747+60 → 컨텍스트 미생성
openfhe,16,32768,45,40,17,21,4,3,14,512,,,,,,,,,,7,,,0,예측 탈락(§8.5 규칙4): logQ 1565 + 예측 logP 300 > 1747+60 → 컨텍스트 미생성
openfhe,16,32768,45,40,18,20,3,3,14,512,,,,,,,,,,7,,,0,예측 탈락(§8.5 규칙4): logQ 1565 + 예측 logP 300 > 1747+60 → 컨텍스트 미생성
openfhe,16,32768,45,40,20,18,2,2,14,512,,,,,,,,,,7,,,0,예측 탈락(§8.5 규칙4): logQ 1565 + 예측 logP 300 > 1747+60 → 컨텍스트 미생성
openfhe,16,32768,45,40,16,22,4,4,14,512,39,1565,4,240,1805,17,685,240,925,8,206,-58,0,logQP_boot 1805 > 1747
openfhe,16,32768,45,40,17,21,3,4,14,512,39,1565,4,240,1805,18,725,240,965,8,206,-58,0,logQP_boot 1805 > 1747
openfhe,16,32768,45,40,17,21,4,3,14,512,39,1565,4,240,1805,18,725,240,965,8,206,-58,0,logQP_boot 1805 > 1747
openfhe,16,32768,45,40,18,20,3,3,14,512,39,1565,4,240,1805,19,765,240,1005,8,206,-58,0,logQP_boot 1805 > 1747
openfhe,16,32768,45,40,20,18,2,2,14,512,39,1565,4,240,1805,21,845,240,1085,8,206,-58,0,logQP_boot 1805 > 1747
openfhe,16,32768,45,40,16,22,4,4,14,512,39,1565,3,180,1745,17,685,180,865,10,165,2,1,
openfhe,16,32768,45,40,17,21,3,4,14,512,39,1565,3,180,1745,18,725,180,905,10,165,2,1,
openfhe,16,32768,45,40,17,21,4,3,14,512,39,1565,3,180,1745,18,725,180,905,10,165,2,1,
openfhe,16,32768,45,40,18,20,3,3,14,512,39,1565,3,180,1745,19,765,180,945,10,165,2,1,
openfhe,16,32768,45,40,20,18,2,2,14,512,39,1565,3,180,1745,21,845,180,1025,10,165,2,1,
openfhe,16,32768,45,40,16,22,4,4,14,512,39,1565,3,180,1745,17,685,180,865,13,126,2,1,
openfhe,16,32768,45,40,17,21,3,4,14,512,39,1565,3,180,1745,18,725,180,905,13,126,2,1,
openfhe,16,32768,45,40,17,21,4,3,14,512,39,1565,3,180,1745,18,725,180,905,13,126,2,1,
openfhe,16,32768,45,40,18,20,3,3,14,512,39,1565,3,180,1745,19,765,180,945,13,126,2,1,
openfhe,16,32768,45,40,20,18,2,2,14,512,39,1565,3,180,1745,21,845,180,1025,13,126,2,1,
openfhe,16,32768,45,40,16,22,4,4,14,512,39,1565,2,120,1685,17,685,120,805,20,85,62,1,
openfhe,16,32768,45,40,17,21,3,4,14,512,39,1565,2,120,1685,18,725,120,845,20,85,62,1,
openfhe,16,32768,45,40,17,21,4,3,14,512,39,1565,2,120,1685,18,725,120,845,20,85,62,1,
openfhe,16,32768,45,40,18,20,3,3,14,512,39,1565,2,120,1685,19,765,120,885,20,85,62,1,
openfhe,16,32768,45,40,20,18,2,2,14,512,39,1565,2,120,1685,21,845,120,965,20,85,62,1,
openfhe,16,32768,45,40,16,22,4,4,14,512,39,1565,1,60,1625,17,685,60,745,39,45,122,1,
openfhe,16,32768,45,40,17,21,3,4,14,512,39,1565,1,60,1625,18,725,60,785,39,45,122,1,
openfhe,16,32768,45,40,17,21,4,3,14,512,39,1565,1,60,1625,18,725,60,785,39,45,122,1,
openfhe,16,32768,45,40,18,20,3,3,14,512,39,1565,1,60,1625,19,765,60,825,39,45,122,1,
openfhe,16,32768,45,40,20,18,2,2,14,512,39,1565,1,60,1625,21,845,60,905,39,45,122,1,
openfhe,16,32768,45,40,17,22,4,4,14,512,,,,,,,,,,1,,,0,예측 탈락(§8.5 규칙4): logQ 1605 + 예측 logP 1620 > 1747+60 → 컨텍스트 미생성
openfhe,16,32768,45,40,18,21,3,4,14,512,,,,,,,,,,1,,,0,예측 탈락(§8.5 규칙4): logQ 1605 + 예측 logP 1620 > 1747+60 → 컨텍스트 미생성
openfhe,16,32768,45,40,18,21,4,3,14,512,,,,,,,,,,1,,,0,예측 탈락(§8.5 규칙4): logQ 1605 + 예측 logP 1620 > 1747+60 → 컨텍스트 미생성
openfhe,16,32768,45,40,19,20,3,3,14,512,,,,,,,,,,1,,,0,예측 탈락(§8.5 규칙4): logQ 1605 + 예측 logP 1620 > 1747+60 → 컨텍스트 미생성
openfhe,16,32768,45,40,17,22,4,4,14,512,,,,,,,,,,2,,,0,예측 탈락(§8.5 규칙4): logQ 1605 + 예측 logP 840 > 1747+60 → 컨텍스트 미생성
openfhe,16,32768,45,40,18,21,3,4,14,512,,,,,,,,,,2,,,0,예측 탈락(§8.5 규칙4): logQ 1605 + 예측 logP 840 > 1747+60 → 컨텍스트 미생성
openfhe,16,32768,45,40,18,21,4,3,14,512,,,,,,,,,,2,,,0,예측 탈락(§8.5 규칙4): logQ 1605 + 예측 logP 840 > 1747+60 → 컨텍스트 미생성
openfhe,16,32768,45,40,19,20,3,3,14,512,,,,,,,,,,2,,,0,예측 탈락(§8.5 규칙4): logQ 1605 + 예측 logP 840 > 1747+60 → 컨텍스트 미생성
openfhe,16,32768,45,40,17,22,4,4,14,512,,,,,,,,,,3,,,0,예측 탈락(§8.5 규칙4): logQ 1605 + 예측 logP 600 > 1747+60 → 컨텍스트 미생성
openfhe,16,32768,45,40,18,21,3,4,14,512,,,,,,,,,,3,,,0,예측 탈락(§8.5 규칙4): logQ 1605 + 예측 logP 600 > 1747+60 → 컨텍스트 미생성
openfhe,16,32768,45,40,18,21,4,3,14,512,,,,,,,,,,3,,,0,예측 탈락(§8.5 규칙4): logQ 1605 + 예측 logP 600 > 1747+60 → 컨텍스트 미생성
openfhe,16,32768,45,40,19,20,3,3,14,512,,,,,,,,,,3,,,0,예측 탈락(§8.5 규칙4): logQ 1605 + 예측 logP 600 > 1747+60 → 컨텍스트 미생성
openfhe,16,32768,45,40,17,22,4,4,14,512,,,,,,,,,,4,,,0,예측 탈락(§8.5 규칙4): logQ 1605 + 예측 logP 420 > 1747+60 → 컨텍스트 미생성
openfhe,16,32768,45,40,18,21,3,4,14,512,,,,,,,,,,4,,,0,예측 탈락(§8.5 규칙4): logQ 1605 + 예측 logP 420 > 1747+60 → 컨텍스트 미생성
openfhe,16,32768,45,40,18,21,4,3,14,512,,,,,,,,,,4,,,0,예측 탈락(§8.5 규칙4): logQ 1605 + 예측 logP 420 > 1747+60 → 컨텍스트 미생성
openfhe,16,32768,45,40,19,20,3,3,14,512,,,,,,,,,,4,,,0,예측 탈락(§8.5 규칙4): logQ 1605 + 예측 logP 420 > 1747+60 → 컨텍스트 미생성
openfhe,16,32768,45,40,17,22,4,4,14,512,,,,,,,,,,5,,,0,예측 탈락(§8.5 규칙4): logQ 1605 + 예측 logP 360 > 1747+60 → 컨텍스트 미생성
openfhe,16,32768,45,40,18,21,3,4,14,512,,,,,,,,,,5,,,0,예측 탈락(§8.5 규칙4): logQ 1605 + 예측 logP 360 > 1747+60 → 컨텍스트 미생성
openfhe,16,32768,45,40,18,21,4,3,14,512,,,,,,,,,,5,,,0,예측 탈락(§8.5 규칙4): logQ 1605 + 예측 logP 360 > 1747+60 → 컨텍스트 미생성
openfhe,16,32768,45,40,19,20,3,3,14,512,,,,,,,,,,5,,,0,예측 탈락(§8.5 규칙4): logQ 1605 + 예측 logP 360 > 1747+60 → 컨텍스트 미생성
openfhe,16,32768,45,40,17,22,4,4,14,512,,,,,,,,,,6,,,0,예측 탈락(§8.5 규칙4): logQ 1605 + 예측 logP 300 > 1747+60 → 컨텍스트 미생성
openfhe,16,32768,45,40,18,21,3,4,14,512,,,,,,,,,,6,,,0,예측 탈락(§8.5 규칙4): logQ 1605 + 예측 logP 300 > 1747+60 → 컨텍스트 미생성
openfhe,16,32768,45,40,18,21,4,3,14,512,,,,,,,,,,6,,,0,예측 탈락(§8.5 규칙4): logQ 1605 + 예측 logP 300 > 1747+60 → 컨텍스트 미생성
openfhe,16,32768,45,40,19,20,3,3,14,512,,,,,,,,,,6,,,0,예측 탈락(§8.5 규칙4): logQ 1605 + 예측 logP 300 > 1747+60 → 컨텍스트 미생성
openfhe,16,32768,45,40,17,22,4,4,14,512,,,,,,,,,,7,,,0,예측 탈락(§8.5 규칙4): logQ 1605 + 예측 logP 300 > 1747+60 → 컨텍스트 미생성
openfhe,16,32768,45,40,18,21,3,4,14,512,,,,,,,,,,7,,,0,예측 탈락(§8.5 규칙4): logQ 1605 + 예측 logP 300 > 1747+60 → 컨텍스트 미생성
openfhe,16,32768,45,40,18,21,4,3,14,512,,,,,,,,,,7,,,0,예측 탈락(§8.5 규칙4): logQ 1605 + 예측 logP 300 > 1747+60 → 컨텍스트 미생성
openfhe,16,32768,45,40,19,20,3,3,14,512,,,,,,,,,,7,,,0,예측 탈락(§8.5 규칙4): logQ 1605 + 예측 logP 300 > 1747+60 → 컨텍스트 미생성
openfhe,16,32768,45,40,17,22,4,4,14,512,,,,,,,,,,8,,,0,예측 탈락(§8.5 규칙4): logQ 1605 + 예측 logP 240 > 1747+60 → 컨텍스트 미생성
openfhe,16,32768,45,40,18,21,3,4,14,512,,,,,,,,,,8,,,0,예측 탈락(§8.5 규칙4): logQ 1605 + 예측 logP 240 > 1747+60 → 컨텍스트 미생성
openfhe,16,32768,45,40,18,21,4,3,14,512,,,,,,,,,,8,,,0,예측 탈락(§8.5 규칙4): logQ 1605 + 예측 logP 240 > 1747+60 → 컨텍스트 미생성
openfhe,16,32768,45,40,19,20,3,3,14,512,,,,,,,,,,8,,,0,예측 탈락(§8.5 규칙4): logQ 1605 + 예측 logP 240 > 1747+60 → 컨텍스트 미생성
openfhe,16,32768,45,40,17,22,4,4,14,512,40,1605,3,180,1785,18,725,180,905,10,166,-38,0,logQP_boot 1785 > 1747
openfhe,16,32768,45,40,18,21,3,4,14,512,40,1605,3,180,1785,19,765,180,945,10,166,-38,0,logQP_boot 1785 > 1747
openfhe,16,32768,45,40,18,21,4,3,14,512,40,1605,3,180,1785,19,765,180,945,10,166,-38,0,logQP_boot 1785 > 1747
openfhe,16,32768,45,40,19,20,3,3,14,512,40,1605,3,180,1785,20,805,180,985,10,166,-38,0,logQP_boot 1785 > 1747
openfhe,16,32768,45,40,17,22,4,4,14,512,40,1605,3,180,1785,18,725,180,905,14,126,-38,0,logQP_boot 1785 > 1747
openfhe,16,32768,45,40,18,21,3,4,14,512,40,1605,3,180,1785,19,765,180,945,14,126,-38,0,logQP_boot 1785 > 1747
openfhe,16,32768,45,40,18,21,4,3,14,512,40,1605,3,180,1785,19,765,180,945,14,126,-38,0,logQP_boot 1785 > 1747
openfhe,16,32768,45,40,19,20,3,3,14,512,40,1605,3,180,1785,20,805,180,985,14,126,-38,0,logQP_boot 1785 > 1747
openfhe,16,32768,45,40,17,22,4,4,14,512,40,1605,2,120,1725,18,725,120,845,20,86,22,1,
openfhe,16,32768,45,40,18,21,3,4,14,512,40,1605,2,120,1725,19,765,120,885,20,86,22,1,
openfhe,16,32768,45,40,18,21,4,3,14,512,40,1605,2,120,1725,19,765,120,885,20,86,22,1,
openfhe,16,32768,45,40,19,20,3,3,14,512,40,1605,2,120,1725,20,805,120,925,20,86,22,1,
openfhe,16,32768,45,40,17,22,4,4,14,512,40,1605,1,60,1665,18,725,60,785,40,45,82,1,
openfhe,16,32768,45,40,18,21,3,4,14,512,40,1605,1,60,1665,19,765,60,825,40,45,82,1,
openfhe,16,32768,45,40,18,21,4,3,14,512,40,1605,1,60,1665,19,765,60,825,40,45,82,1,
openfhe,16,32768,45,40,19,20,3,3,14,512,40,1605,1,60,1665,20,805,60,865,40,45,82,1,
openfhe,16,32768,45,40,18,22,4,4,14,512,,,,,,,,,,1,,,0,예측 탈락(§8.5 규칙4): logQ 1645 + 예측 logP 1680 > 1747+60 → 컨텍스트 미생성
openfhe,16,32768,45,40,19,21,3,4,14,512,,,,,,,,,,1,,,0,예측 탈락(§8.5 규칙4): logQ 1645 + 예측 logP 1680 > 1747+60 → 컨텍스트 미생성
openfhe,16,32768,45,40,19,21,4,3,14,512,,,,,,,,,,1,,,0,예측 탈락(§8.5 규칙4): logQ 1645 + 예측 logP 1680 > 1747+60 → 컨텍스트 미생성
openfhe,16,32768,45,40,20,20,3,3,14,512,,,,,,,,,,1,,,0,예측 탈락(§8.5 규칙4): logQ 1645 + 예측 logP 1680 > 1747+60 → 컨텍스트 미생성
openfhe,16,32768,45,40,18,22,4,4,14,512,,,,,,,,,,2,,,0,예측 탈락(§8.5 규칙4): logQ 1645 + 예측 logP 900 > 1747+60 → 컨텍스트 미생성
openfhe,16,32768,45,40,19,21,3,4,14,512,,,,,,,,,,2,,,0,예측 탈락(§8.5 규칙4): logQ 1645 + 예측 logP 900 > 1747+60 → 컨텍스트 미생성
openfhe,16,32768,45,40,19,21,4,3,14,512,,,,,,,,,,2,,,0,예측 탈락(§8.5 규칙4): logQ 1645 + 예측 logP 900 > 1747+60 → 컨텍스트 미생성
openfhe,16,32768,45,40,20,20,3,3,14,512,,,,,,,,,,2,,,0,예측 탈락(§8.5 규칙4): logQ 1645 + 예측 logP 900 > 1747+60 → 컨텍스트 미생성
openfhe,16,32768,45,40,18,22,4,4,14,512,,,,,,,,,,3,,,0,예측 탈락(§8.5 규칙4): logQ 1645 + 예측 logP 600 > 1747+60 → 컨텍스트 미생성
openfhe,16,32768,45,40,19,21,3,4,14,512,,,,,,,,,,3,,,0,예측 탈락(§8.5 규칙4): logQ 1645 + 예측 logP 600 > 1747+60 → 컨텍스트 미생성
openfhe,16,32768,45,40,19,21,4,3,14,512,,,,,,,,,,3,,,0,예측 탈락(§8.5 규칙4): logQ 1645 + 예측 logP 600 > 1747+60 → 컨텍스트 미생성
openfhe,16,32768,45,40,20,20,3,3,14,512,,,,,,,,,,3,,,0,예측 탈락(§8.5 규칙4): logQ 1645 + 예측 logP 600 > 1747+60 → 컨텍스트 미생성
openfhe,16,32768,45,40,18,22,4,4,14,512,,,,,,,,,,4,,,0,예측 탈락(§8.5 규칙4): logQ 1645 + 예측 logP 480 > 1747+60 → 컨텍스트 미생성
openfhe,16,32768,45,40,19,21,3,4,14,512,,,,,,,,,,4,,,0,예측 탈락(§8.5 규칙4): logQ 1645 + 예측 logP 480 > 1747+60 → 컨텍스트 미생성
openfhe,16,32768,45,40,19,21,4,3,14,512,,,,,,,,,,4,,,0,예측 탈락(§8.5 규칙4): logQ 1645 + 예측 logP 480 > 1747+60 → 컨텍스트 미생성
openfhe,16,32768,45,40,20,20,3,3,14,512,,,,,,,,,,4,,,0,예측 탈락(§8.5 규칙4): logQ 1645 + 예측 logP 480 > 1747+60 → 컨텍스트 미생성
openfhe,16,32768,45,40,18,22,4,4,14,512,,,,,,,,,,5,,,0,예측 탈락(§8.5 규칙4): logQ 1645 + 예측 logP 420 > 1747+60 → 컨텍스트 미생성
openfhe,16,32768,45,40,19,21,3,4,14,512,,,,,,,,,,5,,,0,예측 탈락(§8.5 규칙4): logQ 1645 + 예측 logP 420 > 1747+60 → 컨텍스트 미생성
openfhe,16,32768,45,40,19,21,4,3,14,512,,,,,,,,,,5,,,0,예측 탈락(§8.5 규칙4): logQ 1645 + 예측 logP 420 > 1747+60 → 컨텍스트 미생성
openfhe,16,32768,45,40,20,20,3,3,14,512,,,,,,,,,,5,,,0,예측 탈락(§8.5 규칙4): logQ 1645 + 예측 logP 420 > 1747+60 → 컨텍스트 미생성
openfhe,16,32768,45,40,18,22,4,4,14,512,,,,,,,,,,6,,,0,예측 탈락(§8.5 규칙4): logQ 1645 + 예측 logP 300 > 1747+60 → 컨텍스트 미생성
openfhe,16,32768,45,40,19,21,3,4,14,512,,,,,,,,,,6,,,0,예측 탈락(§8.5 규칙4): logQ 1645 + 예측 logP 300 > 1747+60 → 컨텍스트 미생성
openfhe,16,32768,45,40,19,21,4,3,14,512,,,,,,,,,,6,,,0,예측 탈락(§8.5 규칙4): logQ 1645 + 예측 logP 300 > 1747+60 → 컨텍스트 미생성
openfhe,16,32768,45,40,20,20,3,3,14,512,,,,,,,,,,6,,,0,예측 탈락(§8.5 규칙4): logQ 1645 + 예측 logP 300 > 1747+60 → 컨텍스트 미생성
openfhe,16,32768,45,40,18,22,4,4,14,512,,,,,,,,,,7,,,0,예측 탈락(§8.5 규칙4): logQ 1645 + 예측 logP 300 > 1747+60 → 컨텍스트 미생성
openfhe,16,32768,45,40,19,21,3,4,14,512,,,,,,,,,,7,,,0,예측 탈락(§8.5 규칙4): logQ 1645 + 예측 logP 300 > 1747+60 → 컨텍스트 미생성
openfhe,16,32768,45,40,19,21,4,3,14,512,,,,,,,,,,7,,,0,예측 탈락(§8.5 규칙4): logQ 1645 + 예측 logP 300 > 1747+60 → 컨텍스트 미생성
openfhe,16,32768,45,40,20,20,3,3,14,512,,,,,,,,,,7,,,0,예측 탈락(§8.5 규칙4): logQ 1645 + 예측 logP 300 > 1747+60 → 컨텍스트 미생성
openfhe,16,32768,45,40,18,22,4,4,14,512,,,,,,,,,,9,,,0,예측 탈락(§8.5 규칙4): logQ 1645 + 예측 logP 240 > 1747+60 → 컨텍스트 미생성
openfhe,16,32768,45,40,19,21,3,4,14,512,,,,,,,,,,9,,,0,예측 탈락(§8.5 규칙4): logQ 1645 + 예측 logP 240 > 1747+60 → 컨텍스트 미생성
openfhe,16,32768,45,40,19,21,4,3,14,512,,,,,,,,,,9,,,0,예측 탈락(§8.5 규칙4): logQ 1645 + 예측 logP 240 > 1747+60 → 컨텍스트 미생성
openfhe,16,32768,45,40,20,20,3,3,14,512,,,,,,,,,,9,,,0,예측 탈락(§8.5 규칙4): logQ 1645 + 예측 logP 240 > 1747+60 → 컨텍스트 미생성
openfhe,16,32768,45,40,18,22,4,4,14,512,,,,,,,,,,11,,,0,예측 탈락(§8.5 규칙4): logQ 1645 + 예측 logP 180 > 1747+60 → 컨텍스트 미생성
openfhe,16,32768,45,40,19,21,3,4,14,512,,,,,,,,,,11,,,0,예측 탈락(§8.5 규칙4): logQ 1645 + 예측 logP 180 > 1747+60 → 컨텍스트 미생성
openfhe,16,32768,45,40,19,21,4,3,14,512,,,,,,,,,,11,,,0,예측 탈락(§8.5 규칙4): logQ 1645 + 예측 logP 180 > 1747+60 → 컨텍스트 미생성
openfhe,16,32768,45,40,20,20,3,3,14,512,,,,,,,,,,11,,,0,예측 탈락(§8.5 규칙4): logQ 1645 + 예측 logP 180 > 1747+60 → 컨텍스트 미생성
openfhe,16,32768,45,40,18,22,4,4,14,512,,,,,,,,,,14,,,0,예측 탈락(§8.5 규칙4): logQ 1645 + 예측 logP 180 > 1747+60 → 컨텍스트 미생성
openfhe,16,32768,45,40,19,21,3,4,14,512,,,,,,,,,,14,,,0,예측 탈락(§8.5 규칙4): logQ 1645 + 예측 logP 180 > 1747+60 → 컨텍스트 미생성
openfhe,16,32768,45,40,19,21,4,3,14,512,,,,,,,,,,14,,,0,예측 탈락(§8.5 규칙4): logQ 1645 + 예측 logP 180 > 1747+60 → 컨텍스트 미생성
openfhe,16,32768,45,40,20,20,3,3,14,512,,,,,,,,,,14,,,0,예측 탈락(§8.5 규칙4): logQ 1645 + 예측 logP 180 > 1747+60 → 컨텍스트 미생성
openfhe,16,32768,45,40,18,22,4,4,14,512,41,1645,2,120,1765,19,765,120,885,21,85,-18,0,logQP_boot 1765 > 1747
openfhe,16,32768,45,40,19,21,3,4,14,512,41,1645,2,120,1765,20,805,120,925,21,85,-18,0,logQP_boot 1765 > 1747
openfhe,16,32768,45,40,19,21,4,3,14,512,41,1645,2,120,1765,20,805,120,925,21,85,-18,0,logQP_boot 1765 > 1747
openfhe,16,32768,45,40,20,20,3,3,14,512,41,1645,2,120,1765,21,845,120,965,21,85,-18,0,logQP_boot 1765 > 1747
openfhe,16,32768,45,40,18,22,4,4,14,512,41,1645,1,60,1705,19,765,60,825,41,45,42,1,
openfhe,16,32768,45,40,19,21,3,4,14,512,41,1645,1,60,1705,20,805,60,865,41,45,42,1,
openfhe,16,32768,45,40,19,21,4,3,14,512,41,1645,1,60,1705,20,805,60,865,41,45,42,1,
openfhe,16,32768,45,40,20,20,3,3,14,512,41,1645,1,60,1705,21,845,60,905,41,45,42,1,
openfhe,16,32768,45,40,19,22,4,4,14,512,,,,,,,,,,1,,,0,예측 탈락(§8.5 규칙4): logQ 1685 + 예측 logP 1740 > 1747+60 → 컨텍스트 미생성
openfhe,16,32768,45,40,20,21,3,4,14,512,,,,,,,,,,1,,,0,예측 탈락(§8.5 규칙4): logQ 1685 + 예측 logP 1740 > 1747+60 → 컨텍스트 미생성
openfhe,16,32768,45,40,20,21,4,3,14,512,,,,,,,,,,1,,,0,예측 탈락(§8.5 규칙4): logQ 1685 + 예측 logP 1740 > 1747+60 → 컨텍스트 미생성
openfhe,16,32768,45,40,19,22,4,4,14,512,,,,,,,,,,2,,,0,예측 탈락(§8.5 규칙4): logQ 1685 + 예측 logP 900 > 1747+60 → 컨텍스트 미생성
openfhe,16,32768,45,40,20,21,3,4,14,512,,,,,,,,,,2,,,0,예측 탈락(§8.5 규칙4): logQ 1685 + 예측 logP 900 > 1747+60 → 컨텍스트 미생성
openfhe,16,32768,45,40,20,21,4,3,14,512,,,,,,,,,,2,,,0,예측 탈락(§8.5 규칙4): logQ 1685 + 예측 logP 900 > 1747+60 → 컨텍스트 미생성
openfhe,16,32768,45,40,19,22,4,4,14,512,,,,,,,,,,3,,,0,예측 탈락(§8.5 규칙4): logQ 1685 + 예측 logP 600 > 1747+60 → 컨텍스트 미생성
openfhe,16,32768,45,40,20,21,3,4,14,512,,,,,,,,,,3,,,0,예측 탈락(§8.5 규칙4): logQ 1685 + 예측 logP 600 > 1747+60 → 컨텍스트 미생성
openfhe,16,32768,45,40,20,21,4,3,14,512,,,,,,,,,,3,,,0,예측 탈락(§8.5 규칙4): logQ 1685 + 예측 logP 600 > 1747+60 → 컨텍스트 미생성
openfhe,16,32768,45,40,19,22,4,4,14,512,,,,,,,,,,4,,,0,예측 탈락(§8.5 규칙4): logQ 1685 + 예측 logP 480 > 1747+60 → 컨텍스트 미생성
openfhe,16,32768,45,40,20,21,3,4,14,512,,,,,,,,,,4,,,0,예측 탈락(§8.5 규칙4): logQ 1685 + 예측 logP 480 > 1747+60 → 컨텍스트 미생성
openfhe,16,32768,45,40,20,21,4,3,14,512,,,,,,,,,,4,,,0,예측 탈락(§8.5 규칙4): logQ 1685 + 예측 logP 480 > 1747+60 → 컨텍스트 미생성
openfhe,16,32768,45,40,19,22,4,4,14,512,,,,,,,,,,5,,,0,예측 탈락(§8.5 규칙4): logQ 1685 + 예측 logP 420 > 1747+60 → 컨텍스트 미생성
openfhe,16,32768,45,40,20,21,3,4,14,512,,,,,,,,,,5,,,0,예측 탈락(§8.5 규칙4): logQ 1685 + 예측 logP 420 > 1747+60 → 컨텍스트 미생성
openfhe,16,32768,45,40,20,21,4,3,14,512,,,,,,,,,,5,,,0,예측 탈락(§8.5 규칙4): logQ 1685 + 예측 logP 420 > 1747+60 → 컨텍스트 미생성
openfhe,16,32768,45,40,19,22,4,4,14,512,,,,,,,,,,6,,,0,예측 탈락(§8.5 규칙4): logQ 1685 + 예측 logP 300 > 1747+60 → 컨텍스트 미생성
openfhe,16,32768,45,40,20,21,3,4,14,512,,,,,,,,,,6,,,0,예측 탈락(§8.5 규칙4): logQ 1685 + 예측 logP 300 > 1747+60 → 컨텍스트 미생성
openfhe,16,32768,45,40,20,21,4,3,14,512,,,,,,,,,,6,,,0,예측 탈락(§8.5 규칙4): logQ 1685 + 예측 logP 300 > 1747+60 → 컨텍스트 미생성
openfhe,16,32768,45,40,19,22,4,4,14,512,,,,,,,,,,7,,,0,예측 탈락(§8.5 규칙4): logQ 1685 + 예측 logP 300 > 1747+60 → 컨텍스트 미생성
openfhe,16,32768,45,40,20,21,3,4,14,512,,,,,,,,,,7,,,0,예측 탈락(§8.5 규칙4): logQ 1685 + 예측 logP 300 > 1747+60 → 컨텍스트 미생성
openfhe,16,32768,45,40,20,21,4,3,14,512,,,,,,,,,,7,,,0,예측 탈락(§8.5 규칙4): logQ 1685 + 예측 logP 300 > 1747+60 → 컨텍스트 미생성
openfhe,16,32768,45,40,19,22,4,4,14,512,,,,,,,,,,9,,,0,예측 탈락(§8.5 규칙4): logQ 1685 + 예측 logP 240 > 1747+60 → 컨텍스트 미생성
openfhe,16,32768,45,40,20,21,3,4,14,512,,,,,,,,,,9,,,0,예측 탈락(§8.5 규칙4): logQ 1685 + 예측 logP 240 > 1747+60 → 컨텍스트 미생성
openfhe,16,32768,45,40,20,21,4,3,14,512,,,,,,,,,,9,,,0,예측 탈락(§8.5 규칙4): logQ 1685 + 예측 logP 240 > 1747+60 → 컨텍스트 미생성
openfhe,16,32768,45,40,19,22,4,4,14,512,,,,,,,,,,11,,,0,예측 탈락(§8.5 규칙4): logQ 1685 + 예측 logP 180 > 1747+60 → 컨텍스트 미생성
openfhe,16,32768,45,40,20,21,3,4,14,512,,,,,,,,,,11,,,0,예측 탈락(§8.5 규칙4): logQ 1685 + 예측 logP 180 > 1747+60 → 컨텍스트 미생성
openfhe,16,32768,45,40,20,21,4,3,14,512,,,,,,,,,,11,,,0,예측 탈락(§8.5 규칙4): logQ 1685 + 예측 logP 180 > 1747+60 → 컨텍스트 미생성
openfhe,16,32768,45,40,19,22,4,4,14,512,,,,,,,,,,14,,,0,예측 탈락(§8.5 규칙4): logQ 1685 + 예측 logP 180 > 1747+60 → 컨텍스트 미생성
openfhe,16,32768,45,40,20,21,3,4,14,512,,,,,,,,,,14,,,0,예측 탈락(§8.5 규칙4): logQ 1685 + 예측 logP 180 > 1747+60 → 컨텍스트 미생성
openfhe,16,32768,45,40,20,21,4,3,14,512,,,,,,,,,,14,,,0,예측 탈락(§8.5 규칙4): logQ 1685 + 예측 logP 180 > 1747+60 → 컨텍스트 미생성
openfhe,16,32768,45,40,19,22,4,4,14,512,42,1685,2,120,1805,20,805,120,925,21,86,-58,0,logQP_boot 1805 > 1747
openfhe,16,32768,45,40,20,21,3,4,14,512,42,1685,2,120,1805,21,845,120,965,21,86,-58,0,logQP_boot 1805 > 1747
openfhe,16,32768,45,40,20,21,4,3,14,512,42,1685,2,120,1805,21,845,120,965,21,86,-58,0,logQP_boot 1805 > 1747
openfhe,16,32768,45,40,19,22,4,4,14,512,42,1685,1,60,1745,20,805,60,865,42,45,2,1,
openfhe,16,32768,45,40,20,21,3,4,14,512,42,1685,1,60,1745,21,845,60,905,42,45,2,1,
openfhe,16,32768,45,40,20,21,4,3,14,512,42,1685,1,60,1745,21,845,60,905,42,45,2,1,
openfhe,16,32768,45,40,20,22,4,4,14,512,,,,,,,,,,0,,,0,상한 초과 확정: logQ_boot(명목) 1725 + 최소 logP 60 > 1747
openfhe,16,32768,45,42,15,16,1,1,14,512,,,,,,,,,,1,,,0,예측 탈락(§8.5 규칙4): logQ 1347 + 예측 logP 1380 > 1747+60 → 컨텍스트 미생성
openfhe,16,32768,45,42,15,16,1,1,14,512,,,,,,,,,,2,,,0,예측 탈락(§8.5 규칙4): logQ 1347 + 예측 logP 720 > 1747+60 → 컨텍스트 미생성
openfhe,16,32768,45,42,15,16,1,1,14,512,,,,,,,,,,3,,,0,예측 탈락(§8.5 규칙4): logQ 1347 + 예측 logP 480 > 1747+60 → 컨텍스트 미생성
openfhe,16,32768,45,42,15,16,1,1,14,512,32,1347,6,360,1707,16,675,360,1035,4,340,40,1,
openfhe,16,32768,45,42,15,16,1,1,14,512,32,1347,5,300,1647,16,675,300,975,5,297,100,1,
openfhe,16,32768,45,42,15,16,1,1,14,512,32,1347,5,300,1647,16,675,300,975,6,256,100,1,
openfhe,16,32768,45,42,15,16,1,1,14,512,32,1347,4,240,1587,16,675,240,915,7,213,160,1,
openfhe,16,32768,45,42,15,16,1,1,14,512,32,1347,3,180,1527,16,675,180,855,8,172,220,1,
openfhe,16,32768,45,42,15,16,1,1,14,512,32,1347,3,180,1527,16,675,180,855,11,129,220,1,
openfhe,16,32768,45,42,15,16,1,1,14,512,32,1347,2,120,1467,16,675,120,795,16,88,280,1,
openfhe,16,32768,45,42,15,16,1,1,14,512,32,1347,1,60,1407,16,675,60,735,32,45,340,1,
openfhe,16,32768,45,42,16,16,1,1,14,512,,,,,,,,,,1,,,0,예측 탈락(§8.5 규칙4): logQ 1389 + 예측 logP 1440 > 1747+60 → 컨텍스트 미생성
openfhe,16,32768,45,42,16,16,1,1,14,512,,,,,,,,,,2,,,0,예측 탈락(§8.5 규칙4): logQ 1389 + 예측 logP 720 > 1747+60 → 컨텍스트 미생성
openfhe,16,32768,45,42,16,16,1,1,14,512,,,,,,,,,,3,,,0,예측 탈락(§8.5 규칙4): logQ 1389 + 예측 logP 480 > 1747+60 → 컨텍스트 미생성
openfhe,16,32768,45,42,16,16,1,1,14,512,,,,,,,,,,4,,,0,예측 탈락(§8.5 규칙4): logQ 1389 + 예측 logP 420 > 1747+60 → 컨텍스트 미생성
openfhe,16,32768,45,42,16,16,1,1,14,512,33,1389,5,300,1689,17,717,300,1017,5,297,58,1,
openfhe,16,32768,45,42,16,16,1,1,14,512,33,1389,5,300,1689,17,717,300,1017,6,255,58,1,
openfhe,16,32768,45,42,16,16,1,1,14,512,33,1389,4,240,1629,17,717,240,957,7,213,118,1,
openfhe,16,32768,45,42,16,16,1,1,14,512,33,1389,3,180,1569,17,717,180,897,9,171,178,1,
openfhe,16,32768,45,42,16,16,1,1,14,512,33,1389,3,180,1569,17,717,180,897,11,129,178,1,
openfhe,16,32768,45,42,16,16,1,1,14,512,33,1389,2,120,1509,17,717,120,837,17,87,238,1,
openfhe,16,32768,45,42,16,16,1,1,14,512,33,1389,1,60,1449,17,717,60,777,33,45,298,1,
openfhe,16,32768,45,42,15,18,2,2,14,512,,,,,,,,,,1,,,0,예측 탈락(§8.5 규칙4): logQ 1431 + 예측 logP 1440 > 1747+60 → 컨텍스트 미생성
openfhe,16,32768,45,42,17,16,1,1,14,512,,,,,,,,,,1,,,0,예측 탈락(§8.5 규칙4): logQ 1431 + 예측 logP 1440 > 1747+60 → 컨텍스트 미생성
openfhe,16,32768,45,42,15,18,2,2,14,512,,,,,,,,,,2,,,0,예측 탈락(§8.5 규칙4): logQ 1431 + 예측 logP 720 > 1747+60 → 컨텍스트 미생성
openfhe,16,32768,45,42,17,16,1,1,14,512,,,,,,,,,,2,,,0,예측 탈락(§8.5 규칙4): logQ 1431 + 예측 logP 720 > 1747+60 → 컨텍스트 미생성
openfhe,16,32768,45,42,15,18,2,2,14,512,,,,,,,,,,3,,,0,예측 탈락(§8.5 규칙4): logQ 1431 + 예측 logP 540 > 1747+60 → 컨텍스트 미생성
openfhe,16,32768,45,42,17,16,1,1,14,512,,,,,,,,,,3,,,0,예측 탈락(§8.5 규칙4): logQ 1431 + 예측 logP 540 > 1747+60 → 컨텍스트 미생성
openfhe,16,32768,45,42,15,18,2,2,14,512,,,,,,,,,,4,,,0,예측 탈락(§8.5 규칙4): logQ 1431 + 예측 logP 420 > 1747+60 → 컨텍스트 미생성
openfhe,16,32768,45,42,17,16,1,1,14,512,,,,,,,,,,4,,,0,예측 탈락(§8.5 규칙4): logQ 1431 + 예측 logP 420 > 1747+60 → 컨텍스트 미생성
openfhe,16,32768,45,42,15,18,2,2,14,512,34,1431,5,300,1731,16,675,300,975,5,297,16,1,
openfhe,16,32768,45,42,17,16,1,1,14,512,34,1431,5,300,1731,18,759,300,1059,5,297,16,1,
openfhe,16,32768,45,42,15,18,2,2,14,512,34,1431,5,300,1731,16,675,300,975,6,256,16,1,
openfhe,16,32768,45,42,17,16,1,1,14,512,34,1431,5,300,1731,18,759,300,1059,6,256,16,1,
openfhe,16,32768,45,42,15,18,2,2,14,512,34,1431,4,240,1671,16,675,240,915,7,213,76,1,
openfhe,16,32768,45,42,17,16,1,1,14,512,34,1431,4,240,1671,18,759,240,999,7,213,76,1,
openfhe,16,32768,45,42,15,18,2,2,14,512,34,1431,3,180,1611,16,675,180,855,9,172,136,1,
openfhe,16,32768,45,42,17,16,1,1,14,512,34,1431,3,180,1611,18,759,180,939,9,172,136,1,
openfhe,16,32768,45,42,15,18,2,2,14,512,34,1431,3,180,1611,16,675,180,855,12,129,136,1,
openfhe,16,32768,45,42,17,16,1,1,14,512,34,1431,3,180,1611,18,759,180,939,12,129,136,1,
openfhe,16,32768,45,42,15,18,2,2,14,512,34,1431,2,120,1551,16,675,120,795,17,88,196,1,
openfhe,16,32768,45,42,17,16,1,1,14,512,34,1431,2,120,1551,18,759,120,879,17,88,196,1,
openfhe,16,32768,45,42,15,18,2,2,14,512,34,1431,1,60,1491,16,675,60,735,34,45,256,1,
openfhe,16,32768,45,42,17,16,1,1,14,512,34,1431,1,60,1491,18,759,60,819,34,45,256,1,
openfhe,16,32768,45,42,16,18,2,2,14,512,,,,,,,,,,1,,,0,예측 탈락(§8.5 규칙4): logQ 1473 + 예측 logP 1500 > 1747+60 → 컨텍스트 미생성
openfhe,16,32768,45,42,18,16,1,1,14,512,,,,,,,,,,1,,,0,예측 탈락(§8.5 규칙4): logQ 1473 + 예측 logP 1500 > 1747+60 → 컨텍스트 미생성
openfhe,16,32768,45,42,16,18,2,2,14,512,,,,,,,,,,2,,,0,예측 탈락(§8.5 규칙4): logQ 1473 + 예측 logP 780 > 1747+60 → 컨텍스트 미생성
openfhe,16,32768,45,42,18,16,1,1,14,512,,,,,,,,,,2,,,0,예측 탈락(§8.5 규칙4): logQ 1473 + 예측 logP 780 > 1747+60 → 컨텍스트 미생성
openfhe,16,32768,45,42,16,18,2,2,14,512,,,,,,,,,,3,,,0,예측 탈락(§8.5 규칙4): logQ 1473 + 예측 logP 540 > 1747+60 → 컨텍스트 미생성
openfhe,16,32768,45,42,18,16,1,1,14,512,,,,,,,,,,3,,,0,예측 탈락(§8.5 규칙4): logQ 1473 + 예측 logP 540 > 1747+60 → 컨텍스트 미생성
openfhe,16,32768,45,42,16,18,2,2,14,512,,,,,,,,,,4,,,0,예측 탈락(§8.5 규칙4): logQ 1473 + 예측 logP 420 > 1747+60 → 컨텍스트 미생성
openfhe,16,32768,45,42,18,16,1,1,14,512,,,,,,,,,,4,,,0,예측 탈락(§8.5 규칙4): logQ 1473 + 예측 logP 420 > 1747+60 → 컨텍스트 미생성
openfhe,16,32768,45,42,16,18,2,2,14,512,35,1473,5,300,1773,17,717,300,1017,5,297,-26,0,logQP_boot 1773 > 1747
openfhe,16,32768,45,42,18,16,1,1,14,512,35,1473,5,300,1773,19,801,300,1101,5,297,-26,0,logQP_boot 1773 > 1747
openfhe,16,32768,45,42,16,18,2,2,14,512,35,1473,5,300,1773,17,717,300,1017,6,255,-26,0,logQP_boot 1773 > 1747
openfhe,16,32768,45,42,18,16,1,1,14,512,35,1473,5,300,1773,19,801,300,1101,6,255,-26,0,logQP_boot 1773 > 1747
openfhe,16,32768,45,42,16,18,2,2,14,512,35,1473,4,240,1713,17,717,240,957,7,213,34,1,
openfhe,16,32768,45,42,18,16,1,1,14,512,35,1473,4,240,1713,19,801,240,1041,7,213,34,1,
openfhe,16,32768,45,42,16,18,2,2,14,512,35,1473,3,180,1653,17,717,180,897,9,171,94,1,
openfhe,16,32768,45,42,18,16,1,1,14,512,35,1473,3,180,1653,19,801,180,981,9,171,94,1,
openfhe,16,32768,45,42,16,18,2,2,14,512,35,1473,3,180,1653,17,717,180,897,12,129,94,1,
openfhe,16,32768,45,42,18,16,1,1,14,512,35,1473,3,180,1653,19,801,180,981,12,129,94,1,
openfhe,16,32768,45,42,16,18,2,2,14,512,35,1473,2,120,1593,17,717,120,837,18,87,154,1,
openfhe,16,32768,45,42,18,16,1,1,14,512,35,1473,2,120,1593,19,801,120,921,18,87,154,1,
openfhe,16,32768,45,42,16,18,2,2,14,512,35,1473,1,60,1533,17,717,60,777,35,45,214,1,
openfhe,16,32768,45,42,18,16,1,1,14,512,35,1473,1,60,1533,19,801,60,861,35,45,214,1,
openfhe,16,32768,45,42,15,20,3,3,14,512,,,,,,,,,,1,,,0,예측 탈락(§8.5 규칙4): logQ 1515 + 예측 logP 1560 > 1747+60 → 컨텍스트 미생성
openfhe,16,32768,45,42,17,18,2,2,14,512,,,,,,,,,,1,,,0,예측 탈락(§8.5 규칙4): logQ 1515 + 예측 logP 1560 > 1747+60 → 컨텍스트 미생성
openfhe,16,32768,45,42,19,16,1,1,14,512,,,,,,,,,,1,,,0,예측 탈락(§8.5 규칙4): logQ 1515 + 예측 logP 1560 > 1747+60 → 컨텍스트 미생성
openfhe,16,32768,45,42,15,20,3,3,14,512,,,,,,,,,,2,,,0,예측 탈락(§8.5 규칙4): logQ 1515 + 예측 logP 780 > 1747+60 → 컨텍스트 미생성
openfhe,16,32768,45,42,17,18,2,2,14,512,,,,,,,,,,2,,,0,예측 탈락(§8.5 규칙4): logQ 1515 + 예측 logP 780 > 1747+60 → 컨텍스트 미생성
openfhe,16,32768,45,42,19,16,1,1,14,512,,,,,,,,,,2,,,0,예측 탈락(§8.5 규칙4): logQ 1515 + 예측 logP 780 > 1747+60 → 컨텍스트 미생성
openfhe,16,32768,45,42,15,20,3,3,14,512,,,,,,,,,,3,,,0,예측 탈락(§8.5 규칙4): logQ 1515 + 예측 logP 540 > 1747+60 → 컨텍스트 미생성
openfhe,16,32768,45,42,17,18,2,2,14,512,,,,,,,,,,3,,,0,예측 탈락(§8.5 규칙4): logQ 1515 + 예측 logP 540 > 1747+60 → 컨텍스트 미생성
openfhe,16,32768,45,42,19,16,1,1,14,512,,,,,,,,,,3,,,0,예측 탈락(§8.5 규칙4): logQ 1515 + 예측 logP 540 > 1747+60 → 컨텍스트 미생성
openfhe,16,32768,45,42,15,20,3,3,14,512,,,,,,,,,,4,,,0,예측 탈락(§8.5 규칙4): logQ 1515 + 예측 logP 420 > 1747+60 → 컨텍스트 미생성
openfhe,16,32768,45,42,17,18,2,2,14,512,,,,,,,,,,4,,,0,예측 탈락(§8.5 규칙4): logQ 1515 + 예측 logP 420 > 1747+60 → 컨텍스트 미생성
openfhe,16,32768,45,42,19,16,1,1,14,512,,,,,,,,,,4,,,0,예측 탈락(§8.5 규칙4): logQ 1515 + 예측 logP 420 > 1747+60 → 컨텍스트 미생성
openfhe,16,32768,45,42,15,20,3,3,14,512,,,,,,,,,,5,,,0,예측 탈락(§8.5 규칙4): logQ 1515 + 예측 logP 360 > 1747+60 → 컨텍스트 미생성
openfhe,16,32768,45,42,17,18,2,2,14,512,,,,,,,,,,5,,,0,예측 탈락(§8.5 규칙4): logQ 1515 + 예측 logP 360 > 1747+60 → 컨텍스트 미생성
openfhe,16,32768,45,42,19,16,1,1,14,512,,,,,,,,,,5,,,0,예측 탈락(§8.5 규칙4): logQ 1515 + 예측 logP 360 > 1747+60 → 컨텍스트 미생성
openfhe,16,32768,45,42,15,20,3,3,14,512,,,,,,,,,,6,,,0,예측 탈락(§8.5 규칙4): logQ 1515 + 예측 logP 300 > 1747+60 → 컨텍스트 미생성
openfhe,16,32768,45,42,17,18,2,2,14,512,,,,,,,,,,6,,,0,예측 탈락(§8.5 규칙4): logQ 1515 + 예측 logP 300 > 1747+60 → 컨텍스트 미생성
openfhe,16,32768,45,42,19,16,1,1,14,512,,,,,,,,,,6,,,0,예측 탈락(§8.5 규칙4): logQ 1515 + 예측 logP 300 > 1747+60 → 컨텍스트 미생성
openfhe,16,32768,45,42,15,20,3,3,14,512,36,1515,4,240,1755,16,675,240,915,8,213,-8,0,logQP_boot 1755 > 1747
openfhe,16,32768,45,42,17,18,2,2,14,512,36,1515,4,240,1755,18,759,240,999,8,213,-8,0,logQP_boot 1755 > 1747
openfhe,16,32768,45,42,19,16,1,1,14,512,36,1515,4,240,1755,20,843,240,1083,8,213,-8,0,logQP_boot 1755 > 1747
openfhe,16,32768,45,42,15,20,3,3,14,512,36,1515,3,180,1695,16,675,180,855,9,172,52,1,
openfhe,16,32768,45,42,17,18,2,2,14,512,36,1515,3,180,1695,18,759,180,939,9,172,52,1,
openfhe,16,32768,45,42,19,16,1,1,14,512,36,1515,3,180,1695,20,843,180,1023,9,172,52,1,
openfhe,16,32768,45,42,15,20,3,3,14,512,36,1515,3,180,1695,16,675,180,855,12,129,52,1,
openfhe,16,32768,45,42,17,18,2,2,14,512,36,1515,3,180,1695,18,759,180,939,12,129,52,1,
openfhe,16,32768,45,42,19,16,1,1,14,512,36,1515,3,180,1695,20,843,180,1023,12,129,52,1,
openfhe,16,32768,45,42,15,20,3,3,14,512,36,1515,2,120,1635,16,675,120,795,18,88,112,1,
openfhe,16,32768,45,42,17,18,2,2,14,512,36,1515,2,120,1635,18,759,120,879,18,88,112,1,
openfhe,16,32768,45,42,19,16,1,1,14,512,36,1515,2,120,1635,20,843,120,963,18,88,112,1,
openfhe,16,32768,45,42,15,20,3,3,14,512,36,1515,1,60,1575,16,675,60,735,36,45,172,1,
openfhe,16,32768,45,42,17,18,2,2,14,512,36,1515,1,60,1575,18,759,60,819,36,45,172,1,
openfhe,16,32768,45,42,19,16,1,1,14,512,36,1515,1,60,1575,20,843,60,903,36,45,172,1,
openfhe,16,32768,45,42,15,21,3,4,14,512,,,,,,,,,,1,,,0,예측 탈락(§8.5 규칙4): logQ 1557 + 예측 logP 1560 > 1747+60 → 컨텍스트 미생성
openfhe,16,32768,45,42,15,21,4,3,14,512,,,,,,,,,,1,,,0,예측 탈락(§8.5 규칙4): logQ 1557 + 예측 logP 1560 > 1747+60 → 컨텍스트 미생성
openfhe,16,32768,45,42,16,20,3,3,14,512,,,,,,,,,,1,,,0,예측 탈락(§8.5 규칙4): logQ 1557 + 예측 logP 1560 > 1747+60 → 컨텍스트 미생성
openfhe,16,32768,45,42,18,18,2,2,14,512,,,,,,,,,,1,,,0,예측 탈락(§8.5 규칙4): logQ 1557 + 예측 logP 1560 > 1747+60 → 컨텍스트 미생성
openfhe,16,32768,45,42,20,16,1,1,14,512,,,,,,,,,,1,,,0,예측 탈락(§8.5 규칙4): logQ 1557 + 예측 logP 1560 > 1747+60 → 컨텍스트 미생성
openfhe,16,32768,45,42,15,21,3,4,14,512,,,,,,,,,,2,,,0,예측 탈락(§8.5 규칙4): logQ 1557 + 예측 logP 840 > 1747+60 → 컨텍스트 미생성
openfhe,16,32768,45,42,15,21,4,3,14,512,,,,,,,,,,2,,,0,예측 탈락(§8.5 규칙4): logQ 1557 + 예측 logP 840 > 1747+60 → 컨텍스트 미생성
openfhe,16,32768,45,42,16,20,3,3,14,512,,,,,,,,,,2,,,0,예측 탈락(§8.5 규칙4): logQ 1557 + 예측 logP 840 > 1747+60 → 컨텍스트 미생성
openfhe,16,32768,45,42,18,18,2,2,14,512,,,,,,,,,,2,,,0,예측 탈락(§8.5 규칙4): logQ 1557 + 예측 logP 840 > 1747+60 → 컨텍스트 미생성
openfhe,16,32768,45,42,20,16,1,1,14,512,,,,,,,,,,2,,,0,예측 탈락(§8.5 규칙4): logQ 1557 + 예측 logP 840 > 1747+60 → 컨텍스트 미생성
openfhe,16,32768,45,42,15,21,3,4,14,512,,,,,,,,,,3,,,0,예측 탈락(§8.5 규칙4): logQ 1557 + 예측 logP 600 > 1747+60 → 컨텍스트 미생성
openfhe,16,32768,45,42,15,21,4,3,14,512,,,,,,,,,,3,,,0,예측 탈락(§8.5 규칙4): logQ 1557 + 예측 logP 600 > 1747+60 → 컨텍스트 미생성
openfhe,16,32768,45,42,16,20,3,3,14,512,,,,,,,,,,3,,,0,예측 탈락(§8.5 규칙4): logQ 1557 + 예측 logP 600 > 1747+60 → 컨텍스트 미생성
openfhe,16,32768,45,42,18,18,2,2,14,512,,,,,,,,,,3,,,0,예측 탈락(§8.5 규칙4): logQ 1557 + 예측 logP 600 > 1747+60 → 컨텍스트 미생성
openfhe,16,32768,45,42,20,16,1,1,14,512,,,,,,,,,,3,,,0,예측 탈락(§8.5 규칙4): logQ 1557 + 예측 logP 600 > 1747+60 → 컨텍스트 미생성
openfhe,16,32768,45,42,15,21,3,4,14,512,,,,,,,,,,4,,,0,예측 탈락(§8.5 규칙4): logQ 1557 + 예측 logP 480 > 1747+60 → 컨텍스트 미생성
openfhe,16,32768,45,42,15,21,4,3,14,512,,,,,,,,,,4,,,0,예측 탈락(§8.5 규칙4): logQ 1557 + 예측 logP 480 > 1747+60 → 컨텍스트 미생성
openfhe,16,32768,45,42,16,20,3,3,14,512,,,,,,,,,,4,,,0,예측 탈락(§8.5 규칙4): logQ 1557 + 예측 logP 480 > 1747+60 → 컨텍스트 미생성
openfhe,16,32768,45,42,18,18,2,2,14,512,,,,,,,,,,4,,,0,예측 탈락(§8.5 규칙4): logQ 1557 + 예측 logP 480 > 1747+60 → 컨텍스트 미생성
openfhe,16,32768,45,42,20,16,1,1,14,512,,,,,,,,,,4,,,0,예측 탈락(§8.5 규칙4): logQ 1557 + 예측 logP 480 > 1747+60 → 컨텍스트 미생성
openfhe,16,32768,45,42,15,21,3,4,14,512,,,,,,,,,,5,,,0,예측 탈락(§8.5 규칙4): logQ 1557 + 예측 logP 360 > 1747+60 → 컨텍스트 미생성
openfhe,16,32768,45,42,15,21,4,3,14,512,,,,,,,,,,5,,,0,예측 탈락(§8.5 규칙4): logQ 1557 + 예측 logP 360 > 1747+60 → 컨텍스트 미생성
openfhe,16,32768,45,42,16,20,3,3,14,512,,,,,,,,,,5,,,0,예측 탈락(§8.5 규칙4): logQ 1557 + 예측 logP 360 > 1747+60 → 컨텍스트 미생성
openfhe,16,32768,45,42,18,18,2,2,14,512,,,,,,,,,,5,,,0,예측 탈락(§8.5 규칙4): logQ 1557 + 예측 logP 360 > 1747+60 → 컨텍스트 미생성
openfhe,16,32768,45,42,20,16,1,1,14,512,,,,,,,,,,5,,,0,예측 탈락(§8.5 규칙4): logQ 1557 + 예측 logP 360 > 1747+60 → 컨텍스트 미생성
openfhe,16,32768,45,42,15,21,3,4,14,512,,,,,,,,,,6,,,0,예측 탈락(§8.5 규칙4): logQ 1557 + 예측 logP 300 > 1747+60 → 컨텍스트 미생성
openfhe,16,32768,45,42,15,21,4,3,14,512,,,,,,,,,,6,,,0,예측 탈락(§8.5 규칙4): logQ 1557 + 예측 logP 300 > 1747+60 → 컨텍스트 미생성
openfhe,16,32768,45,42,16,20,3,3,14,512,,,,,,,,,,6,,,0,예측 탈락(§8.5 규칙4): logQ 1557 + 예측 logP 300 > 1747+60 → 컨텍스트 미생성
openfhe,16,32768,45,42,18,18,2,2,14,512,,,,,,,,,,6,,,0,예측 탈락(§8.5 규칙4): logQ 1557 + 예측 logP 300 > 1747+60 → 컨텍스트 미생성
openfhe,16,32768,45,42,20,16,1,1,14,512,,,,,,,,,,6,,,0,예측 탈락(§8.5 규칙4): logQ 1557 + 예측 logP 300 > 1747+60 → 컨텍스트 미생성
openfhe,16,32768,45,42,15,21,3,4,14,512,,,,,,,,,,7,,,0,예측 탈락(§8.5 규칙4): logQ 1557 + 예측 logP 300 > 1747+60 → 컨텍스트 미생성
openfhe,16,32768,45,42,15,21,4,3,14,512,,,,,,,,,,7,,,0,예측 탈락(§8.5 규칙4): logQ 1557 + 예측 logP 300 > 1747+60 → 컨텍스트 미생성
openfhe,16,32768,45,42,16,20,3,3,14,512,,,,,,,,,,7,,,0,예측 탈락(§8.5 규칙4): logQ 1557 + 예측 logP 300 > 1747+60 → 컨텍스트 미생성
openfhe,16,32768,45,42,18,18,2,2,14,512,,,,,,,,,,7,,,0,예측 탈락(§8.5 규칙4): logQ 1557 + 예측 logP 300 > 1747+60 → 컨텍스트 미생성
openfhe,16,32768,45,42,20,16,1,1,14,512,,,,,,,,,,7,,,0,예측 탈락(§8.5 규칙4): logQ 1557 + 예측 logP 300 > 1747+60 → 컨텍스트 미생성
openfhe,16,32768,45,42,15,21,3,4,14,512,37,1557,4,240,1797,16,675,240,915,8,213,-50,0,logQP_boot 1797 > 1747
openfhe,16,32768,45,42,15,21,4,3,14,512,37,1557,4,240,1797,16,675,240,915,8,213,-50,0,logQP_boot 1797 > 1747
openfhe,16,32768,45,42,16,20,3,3,14,512,37,1557,4,240,1797,17,717,240,957,8,213,-50,0,logQP_boot 1797 > 1747
openfhe,16,32768,45,42,18,18,2,2,14,512,37,1557,4,240,1797,19,801,240,1041,8,213,-50,0,logQP_boot 1797 > 1747
openfhe,16,32768,45,42,20,16,1,1,14,512,37,1557,4,240,1797,21,885,240,1125,8,213,-50,0,logQP_boot 1797 > 1747
openfhe,16,32768,45,42,15,21,3,4,14,512,37,1557,3,180,1737,16,675,180,855,10,171,10,1,
openfhe,16,32768,45,42,15,21,4,3,14,512,37,1557,3,180,1737,16,675,180,855,10,171,10,1,
openfhe,16,32768,45,42,16,20,3,3,14,512,37,1557,3,180,1737,17,717,180,897,10,171,10,1,
openfhe,16,32768,45,42,18,18,2,2,14,512,37,1557,3,180,1737,19,801,180,981,10,171,10,1,
openfhe,16,32768,45,42,20,16,1,1,14,512,37,1557,3,180,1737,21,885,180,1065,10,171,10,1,
openfhe,16,32768,45,42,15,21,3,4,14,512,37,1557,3,180,1737,16,675,180,855,13,129,10,1,
openfhe,16,32768,45,42,15,21,4,3,14,512,37,1557,3,180,1737,16,675,180,855,13,129,10,1,
openfhe,16,32768,45,42,16,20,3,3,14,512,37,1557,3,180,1737,17,717,180,897,13,129,10,1,
openfhe,16,32768,45,42,18,18,2,2,14,512,37,1557,3,180,1737,19,801,180,981,13,129,10,1,
openfhe,16,32768,45,42,20,16,1,1,14,512,37,1557,3,180,1737,21,885,180,1065,13,129,10,1,
openfhe,16,32768,45,42,15,21,3,4,14,512,37,1557,2,120,1677,16,675,120,795,19,87,70,1,
openfhe,16,32768,45,42,15,21,4,3,14,512,37,1557,2,120,1677,16,675,120,795,19,87,70,1,
openfhe,16,32768,45,42,16,20,3,3,14,512,37,1557,2,120,1677,17,717,120,837,19,87,70,1,
openfhe,16,32768,45,42,18,18,2,2,14,512,37,1557,2,120,1677,19,801,120,921,19,87,70,1,
openfhe,16,32768,45,42,20,16,1,1,14,512,37,1557,2,120,1677,21,885,120,1005,19,87,70,1,
openfhe,16,32768,45,42,15,21,3,4,14,512,37,1557,1,60,1617,16,675,60,735,37,45,130,1,
openfhe,16,32768,45,42,15,21,4,3,14,512,37,1557,1,60,1617,16,675,60,735,37,45,130,1,
openfhe,16,32768,45,42,16,20,3,3,14,512,37,1557,1,60,1617,17,717,60,777,37,45,130,1,
openfhe,16,32768,45,42,18,18,2,2,14,512,37,1557,1,60,1617,19,801,60,861,37,45,130,1,
openfhe,16,32768,45,42,20,16,1,1,14,512,37,1557,1,60,1617,21,885,60,945,37,45,130,1,
openfhe,16,32768,45,42,15,22,4,4,14,512,,,,,,,,,,1,,,0,예측 탈락(§8.5 규칙4): logQ 1599 + 예측 logP 1620 > 1747+60 → 컨텍스트 미생성
openfhe,16,32768,45,42,16,21,3,4,14,512,,,,,,,,,,1,,,0,예측 탈락(§8.5 규칙4): logQ 1599 + 예측 logP 1620 > 1747+60 → 컨텍스트 미생성
openfhe,16,32768,45,42,16,21,4,3,14,512,,,,,,,,,,1,,,0,예측 탈락(§8.5 규칙4): logQ 1599 + 예측 logP 1620 > 1747+60 → 컨텍스트 미생성
openfhe,16,32768,45,42,17,20,3,3,14,512,,,,,,,,,,1,,,0,예측 탈락(§8.5 규칙4): logQ 1599 + 예측 logP 1620 > 1747+60 → 컨텍스트 미생성
openfhe,16,32768,45,42,19,18,2,2,14,512,,,,,,,,,,1,,,0,예측 탈락(§8.5 규칙4): logQ 1599 + 예측 logP 1620 > 1747+60 → 컨텍스트 미생성
openfhe,16,32768,45,42,15,22,4,4,14,512,,,,,,,,,,2,,,0,예측 탈락(§8.5 규칙4): logQ 1599 + 예측 logP 840 > 1747+60 → 컨텍스트 미생성
openfhe,16,32768,45,42,16,21,3,4,14,512,,,,,,,,,,2,,,0,예측 탈락(§8.5 규칙4): logQ 1599 + 예측 logP 840 > 1747+60 → 컨텍스트 미생성
openfhe,16,32768,45,42,16,21,4,3,14,512,,,,,,,,,,2,,,0,예측 탈락(§8.5 규칙4): logQ 1599 + 예측 logP 840 > 1747+60 → 컨텍스트 미생성
openfhe,16,32768,45,42,17,20,3,3,14,512,,,,,,,,,,2,,,0,예측 탈락(§8.5 규칙4): logQ 1599 + 예측 logP 840 > 1747+60 → 컨텍스트 미생성
openfhe,16,32768,45,42,19,18,2,2,14,512,,,,,,,,,,2,,,0,예측 탈락(§8.5 규칙4): logQ 1599 + 예측 logP 840 > 1747+60 → 컨텍스트 미생성
openfhe,16,32768,45,42,15,22,4,4,14,512,,,,,,,,,,3,,,0,예측 탈락(§8.5 규칙4): logQ 1599 + 예측 logP 600 > 1747+60 → 컨텍스트 미생성
openfhe,16,32768,45,42,16,21,3,4,14,512,,,,,,,,,,3,,,0,예측 탈락(§8.5 규칙4): logQ 1599 + 예측 logP 600 > 1747+60 → 컨텍스트 미생성
openfhe,16,32768,45,42,16,21,4,3,14,512,,,,,,,,,,3,,,0,예측 탈락(§8.5 규칙4): logQ 1599 + 예측 logP 600 > 1747+60 → 컨텍스트 미생성
openfhe,16,32768,45,42,17,20,3,3,14,512,,,,,,,,,,3,,,0,예측 탈락(§8.5 규칙4): logQ 1599 + 예측 logP 600 > 1747+60 → 컨텍스트 미생성
openfhe,16,32768,45,42,19,18,2,2,14,512,,,,,,,,,,3,,,0,예측 탈락(§8.5 규칙4): logQ 1599 + 예측 logP 600 > 1747+60 → 컨텍스트 미생성
openfhe,16,32768,45,42,15,22,4,4,14,512,,,,,,,,,,4,,,0,예측 탈락(§8.5 규칙4): logQ 1599 + 예측 logP 480 > 1747+60 → 컨텍스트 미생성
openfhe,16,32768,45,42,16,21,3,4,14,512,,,,,,,,,,4,,,0,예측 탈락(§8.5 규칙4): logQ 1599 + 예측 logP 480 > 1747+60 → 컨텍스트 미생성
openfhe,16,32768,45,42,16,21,4,3,14,512,,,,,,,,,,4,,,0,예측 탈락(§8.5 규칙4): logQ 1599 + 예측 logP 480 > 1747+60 → 컨텍스트 미생성
openfhe,16,32768,45,42,17,20,3,3,14,512,,,,,,,,,,4,,,0,예측 탈락(§8.5 규칙4): logQ 1599 + 예측 logP 480 > 1747+60 → 컨텍스트 미생성
openfhe,16,32768,45,42,19,18,2,2,14,512,,,,,,,,,,4,,,0,예측 탈락(§8.5 규칙4): logQ 1599 + 예측 logP 480 > 1747+60 → 컨텍스트 미생성
openfhe,16,32768,45,42,15,22,4,4,14,512,,,,,,,,,,5,,,0,예측 탈락(§8.5 규칙4): logQ 1599 + 예측 logP 360 > 1747+60 → 컨텍스트 미생성
openfhe,16,32768,45,42,16,21,3,4,14,512,,,,,,,,,,5,,,0,예측 탈락(§8.5 규칙4): logQ 1599 + 예측 logP 360 > 1747+60 → 컨텍스트 미생성
openfhe,16,32768,45,42,16,21,4,3,14,512,,,,,,,,,,5,,,0,예측 탈락(§8.5 규칙4): logQ 1599 + 예측 logP 360 > 1747+60 → 컨텍스트 미생성
openfhe,16,32768,45,42,17,20,3,3,14,512,,,,,,,,,,5,,,0,예측 탈락(§8.5 규칙4): logQ 1599 + 예측 logP 360 > 1747+60 → 컨텍스트 미생성
openfhe,16,32768,45,42,19,18,2,2,14,512,,,,,,,,,,5,,,0,예측 탈락(§8.5 규칙4): logQ 1599 + 예측 logP 360 > 1747+60 → 컨텍스트 미생성
openfhe,16,32768,45,42,15,22,4,4,14,512,,,,,,,,,,6,,,0,예측 탈락(§8.5 규칙4): logQ 1599 + 예측 logP 300 > 1747+60 → 컨텍스트 미생성
openfhe,16,32768,45,42,16,21,3,4,14,512,,,,,,,,,,6,,,0,예측 탈락(§8.5 규칙4): logQ 1599 + 예측 logP 300 > 1747+60 → 컨텍스트 미생성
openfhe,16,32768,45,42,16,21,4,3,14,512,,,,,,,,,,6,,,0,예측 탈락(§8.5 규칙4): logQ 1599 + 예측 logP 300 > 1747+60 → 컨텍스트 미생성
openfhe,16,32768,45,42,17,20,3,3,14,512,,,,,,,,,,6,,,0,예측 탈락(§8.5 규칙4): logQ 1599 + 예측 logP 300 > 1747+60 → 컨텍스트 미생성
openfhe,16,32768,45,42,19,18,2,2,14,512,,,,,,,,,,6,,,0,예측 탈락(§8.5 규칙4): logQ 1599 + 예측 logP 300 > 1747+60 → 컨텍스트 미생성
openfhe,16,32768,45,42,15,22,4,4,14,512,,,,,,,,,,7,,,0,예측 탈락(§8.5 규칙4): logQ 1599 + 예측 logP 300 > 1747+60 → 컨텍스트 미생성
openfhe,16,32768,45,42,16,21,3,4,14,512,,,,,,,,,,7,,,0,예측 탈락(§8.5 규칙4): logQ 1599 + 예측 logP 300 > 1747+60 → 컨텍스트 미생성
openfhe,16,32768,45,42,16,21,4,3,14,512,,,,,,,,,,7,,,0,예측 탈락(§8.5 규칙4): logQ 1599 + 예측 logP 300 > 1747+60 → 컨텍스트 미생성
openfhe,16,32768,45,42,17,20,3,3,14,512,,,,,,,,,,7,,,0,예측 탈락(§8.5 규칙4): logQ 1599 + 예측 logP 300 > 1747+60 → 컨텍스트 미생성
openfhe,16,32768,45,42,19,18,2,2,14,512,,,,,,,,,,7,,,0,예측 탈락(§8.5 규칙4): logQ 1599 + 예측 logP 300 > 1747+60 → 컨텍스트 미생성
openfhe,16,32768,45,42,15,22,4,4,14,512,,,,,,,,,,8,,,0,예측 탈락(§8.5 규칙4): logQ 1599 + 예측 logP 240 > 1747+60 → 컨텍스트 미생성
openfhe,16,32768,45,42,16,21,3,4,14,512,,,,,,,,,,8,,,0,예측 탈락(§8.5 규칙4): logQ 1599 + 예측 logP 240 > 1747+60 → 컨텍스트 미생성
openfhe,16,32768,45,42,16,21,4,3,14,512,,,,,,,,,,8,,,0,예측 탈락(§8.5 규칙4): logQ 1599 + 예측 logP 240 > 1747+60 → 컨텍스트 미생성
openfhe,16,32768,45,42,17,20,3,3,14,512,,,,,,,,,,8,,,0,예측 탈락(§8.5 규칙4): logQ 1599 + 예측 logP 240 > 1747+60 → 컨텍스트 미생성
openfhe,16,32768,45,42,19,18,2,2,14,512,,,,,,,,,,8,,,0,예측 탈락(§8.5 규칙4): logQ 1599 + 예측 logP 240 > 1747+60 → 컨텍스트 미생성
openfhe,16,32768,45,42,15,22,4,4,14,512,38,1599,3,180,1779,16,675,180,855,10,172,-32,0,logQP_boot 1779 > 1747
openfhe,16,32768,45,42,16,21,3,4,14,512,38,1599,3,180,1779,17,717,180,897,10,172,-32,0,logQP_boot 1779 > 1747
openfhe,16,32768,45,42,16,21,4,3,14,512,38,1599,3,180,1779,17,717,180,897,10,172,-32,0,logQP_boot 1779 > 1747
openfhe,16,32768,45,42,17,20,3,3,14,512,38,1599,3,180,1779,18,759,180,939,10,172,-32,0,logQP_boot 1779 > 1747
openfhe,16,32768,45,42,19,18,2,2,14,512,38,1599,3,180,1779,20,843,180,1023,10,172,-32,0,logQP_boot 1779 > 1747
openfhe,16,32768,45,42,15,22,4,4,14,512,38,1599,3,180,1779,16,675,180,855,13,129,-32,0,logQP_boot 1779 > 1747
openfhe,16,32768,45,42,16,21,3,4,14,512,38,1599,3,180,1779,17,717,180,897,13,129,-32,0,logQP_boot 1779 > 1747
openfhe,16,32768,45,42,16,21,4,3,14,512,38,1599,3,180,1779,17,717,180,897,13,129,-32,0,logQP_boot 1779 > 1747
openfhe,16,32768,45,42,17,20,3,3,14,512,38,1599,3,180,1779,18,759,180,939,13,129,-32,0,logQP_boot 1779 > 1747
openfhe,16,32768,45,42,19,18,2,2,14,512,38,1599,3,180,1779,20,843,180,1023,13,129,-32,0,logQP_boot 1779 > 1747
openfhe,16,32768,45,42,15,22,4,4,14,512,38,1599,2,120,1719,16,675,120,795,19,88,28,1,
openfhe,16,32768,45,42,16,21,3,4,14,512,38,1599,2,120,1719,17,717,120,837,19,88,28,1,
openfhe,16,32768,45,42,16,21,4,3,14,512,38,1599,2,120,1719,17,717,120,837,19,88,28,1,
openfhe,16,32768,45,42,17,20,3,3,14,512,38,1599,2,120,1719,18,759,120,879,19,88,28,1,
openfhe,16,32768,45,42,19,18,2,2,14,512,38,1599,2,120,1719,20,843,120,963,19,88,28,1,
openfhe,16,32768,45,42,15,22,4,4,14,512,38,1599,1,60,1659,16,675,60,735,38,45,88,1,
openfhe,16,32768,45,42,16,21,3,4,14,512,38,1599,1,60,1659,17,717,60,777,38,45,88,1,
openfhe,16,32768,45,42,16,21,4,3,14,512,38,1599,1,60,1659,17,717,60,777,38,45,88,1,
openfhe,16,32768,45,42,17,20,3,3,14,512,38,1599,1,60,1659,18,759,60,819,38,45,88,1,
openfhe,16,32768,45,42,19,18,2,2,14,512,38,1599,1,60,1659,20,843,60,903,38,45,88,1,
openfhe,16,32768,45,42,16,22,4,4,14,512,,,,,,,,,,1,,,0,예측 탈락(§8.5 규칙4): logQ 1641 + 예측 logP 1680 > 1747+60 → 컨텍스트 미생성
openfhe,16,32768,45,42,17,21,3,4,14,512,,,,,,,,,,1,,,0,예측 탈락(§8.5 규칙4): logQ 1641 + 예측 logP 1680 > 1747+60 → 컨텍스트 미생성
openfhe,16,32768,45,42,17,21,4,3,14,512,,,,,,,,,,1,,,0,예측 탈락(§8.5 규칙4): logQ 1641 + 예측 logP 1680 > 1747+60 → 컨텍스트 미생성
openfhe,16,32768,45,42,18,20,3,3,14,512,,,,,,,,,,1,,,0,예측 탈락(§8.5 규칙4): logQ 1641 + 예측 logP 1680 > 1747+60 → 컨텍스트 미생성
openfhe,16,32768,45,42,20,18,2,2,14,512,,,,,,,,,,1,,,0,예측 탈락(§8.5 규칙4): logQ 1641 + 예측 logP 1680 > 1747+60 → 컨텍스트 미생성
openfhe,16,32768,45,42,16,22,4,4,14,512,,,,,,,,,,2,,,0,예측 탈락(§8.5 규칙4): logQ 1641 + 예측 logP 900 > 1747+60 → 컨텍스트 미생성
openfhe,16,32768,45,42,17,21,3,4,14,512,,,,,,,,,,2,,,0,예측 탈락(§8.5 규칙4): logQ 1641 + 예측 logP 900 > 1747+60 → 컨텍스트 미생성
openfhe,16,32768,45,42,17,21,4,3,14,512,,,,,,,,,,2,,,0,예측 탈락(§8.5 규칙4): logQ 1641 + 예측 logP 900 > 1747+60 → 컨텍스트 미생성
openfhe,16,32768,45,42,18,20,3,3,14,512,,,,,,,,,,2,,,0,예측 탈락(§8.5 규칙4): logQ 1641 + 예측 logP 900 > 1747+60 → 컨텍스트 미생성
openfhe,16,32768,45,42,20,18,2,2,14,512,,,,,,,,,,2,,,0,예측 탈락(§8.5 규칙4): logQ 1641 + 예측 logP 900 > 1747+60 → 컨텍스트 미생성
openfhe,16,32768,45,42,16,22,4,4,14,512,,,,,,,,,,3,,,0,예측 탈락(§8.5 규칙4): logQ 1641 + 예측 logP 600 > 1747+60 → 컨텍스트 미생성
openfhe,16,32768,45,42,17,21,3,4,14,512,,,,,,,,,,3,,,0,예측 탈락(§8.5 규칙4): logQ 1641 + 예측 logP 600 > 1747+60 → 컨텍스트 미생성
openfhe,16,32768,45,42,17,21,4,3,14,512,,,,,,,,,,3,,,0,예측 탈락(§8.5 규칙4): logQ 1641 + 예측 logP 600 > 1747+60 → 컨텍스트 미생성
openfhe,16,32768,45,42,18,20,3,3,14,512,,,,,,,,,,3,,,0,예측 탈락(§8.5 규칙4): logQ 1641 + 예측 logP 600 > 1747+60 → 컨텍스트 미생성
openfhe,16,32768,45,42,20,18,2,2,14,512,,,,,,,,,,3,,,0,예측 탈락(§8.5 규칙4): logQ 1641 + 예측 logP 600 > 1747+60 → 컨텍스트 미생성
openfhe,16,32768,45,42,16,22,4,4,14,512,,,,,,,,,,4,,,0,예측 탈락(§8.5 규칙4): logQ 1641 + 예측 logP 480 > 1747+60 → 컨텍스트 미생성
openfhe,16,32768,45,42,17,21,3,4,14,512,,,,,,,,,,4,,,0,예측 탈락(§8.5 규칙4): logQ 1641 + 예측 logP 480 > 1747+60 → 컨텍스트 미생성
openfhe,16,32768,45,42,17,21,4,3,14,512,,,,,,,,,,4,,,0,예측 탈락(§8.5 규칙4): logQ 1641 + 예측 logP 480 > 1747+60 → 컨텍스트 미생성
openfhe,16,32768,45,42,18,20,3,3,14,512,,,,,,,,,,4,,,0,예측 탈락(§8.5 규칙4): logQ 1641 + 예측 logP 480 > 1747+60 → 컨텍스트 미생성
openfhe,16,32768,45,42,20,18,2,2,14,512,,,,,,,,,,4,,,0,예측 탈락(§8.5 규칙4): logQ 1641 + 예측 logP 480 > 1747+60 → 컨텍스트 미생성
openfhe,16,32768,45,42,16,22,4,4,14,512,,,,,,,,,,5,,,0,예측 탈락(§8.5 규칙4): logQ 1641 + 예측 logP 360 > 1747+60 → 컨텍스트 미생성
openfhe,16,32768,45,42,17,21,3,4,14,512,,,,,,,,,,5,,,0,예측 탈락(§8.5 규칙4): logQ 1641 + 예측 logP 360 > 1747+60 → 컨텍스트 미생성
openfhe,16,32768,45,42,17,21,4,3,14,512,,,,,,,,,,5,,,0,예측 탈락(§8.5 규칙4): logQ 1641 + 예측 logP 360 > 1747+60 → 컨텍스트 미생성
openfhe,16,32768,45,42,18,20,3,3,14,512,,,,,,,,,,5,,,0,예측 탈락(§8.5 규칙4): logQ 1641 + 예측 logP 360 > 1747+60 → 컨텍스트 미생성
openfhe,16,32768,45,42,20,18,2,2,14,512,,,,,,,,,,5,,,0,예측 탈락(§8.5 규칙4): logQ 1641 + 예측 logP 360 > 1747+60 → 컨텍스트 미생성
openfhe,16,32768,45,42,16,22,4,4,14,512,,,,,,,,,,6,,,0,예측 탈락(§8.5 규칙4): logQ 1641 + 예측 logP 300 > 1747+60 → 컨텍스트 미생성
openfhe,16,32768,45,42,17,21,3,4,14,512,,,,,,,,,,6,,,0,예측 탈락(§8.5 규칙4): logQ 1641 + 예측 logP 300 > 1747+60 → 컨텍스트 미생성
openfhe,16,32768,45,42,17,21,4,3,14,512,,,,,,,,,,6,,,0,예측 탈락(§8.5 규칙4): logQ 1641 + 예측 logP 300 > 1747+60 → 컨텍스트 미생성
openfhe,16,32768,45,42,18,20,3,3,14,512,,,,,,,,,,6,,,0,예측 탈락(§8.5 규칙4): logQ 1641 + 예측 logP 300 > 1747+60 → 컨텍스트 미생성
openfhe,16,32768,45,42,20,18,2,2,14,512,,,,,,,,,,6,,,0,예측 탈락(§8.5 규칙4): logQ 1641 + 예측 logP 300 > 1747+60 → 컨텍스트 미생성
openfhe,16,32768,45,42,16,22,4,4,14,512,,,,,,,,,,7,,,0,예측 탈락(§8.5 규칙4): logQ 1641 + 예측 logP 300 > 1747+60 → 컨텍스트 미생성
openfhe,16,32768,45,42,17,21,3,4,14,512,,,,,,,,,,7,,,0,예측 탈락(§8.5 규칙4): logQ 1641 + 예측 logP 300 > 1747+60 → 컨텍스트 미생성
openfhe,16,32768,45,42,17,21,4,3,14,512,,,,,,,,,,7,,,0,예측 탈락(§8.5 규칙4): logQ 1641 + 예측 logP 300 > 1747+60 → 컨텍스트 미생성
openfhe,16,32768,45,42,18,20,3,3,14,512,,,,,,,,,,7,,,0,예측 탈락(§8.5 규칙4): logQ 1641 + 예측 logP 300 > 1747+60 → 컨텍스트 미생성
openfhe,16,32768,45,42,20,18,2,2,14,512,,,,,,,,,,7,,,0,예측 탈락(§8.5 규칙4): logQ 1641 + 예측 logP 300 > 1747+60 → 컨텍스트 미생성
openfhe,16,32768,45,42,16,22,4,4,14,512,,,,,,,,,,8,,,0,예측 탈락(§8.5 규칙4): logQ 1641 + 예측 logP 240 > 1747+60 → 컨텍스트 미생성
openfhe,16,32768,45,42,17,21,3,4,14,512,,,,,,,,,,8,,,0,예측 탈락(§8.5 규칙4): logQ 1641 + 예측 logP 240 > 1747+60 → 컨텍스트 미생성
openfhe,16,32768,45,42,17,21,4,3,14,512,,,,,,,,,,8,,,0,예측 탈락(§8.5 규칙4): logQ 1641 + 예측 logP 240 > 1747+60 → 컨텍스트 미생성
openfhe,16,32768,45,42,18,20,3,3,14,512,,,,,,,,,,8,,,0,예측 탈락(§8.5 규칙4): logQ 1641 + 예측 logP 240 > 1747+60 → 컨텍스트 미생성
openfhe,16,32768,45,42,20,18,2,2,14,512,,,,,,,,,,8,,,0,예측 탈락(§8.5 규칙4): logQ 1641 + 예측 logP 240 > 1747+60 → 컨텍스트 미생성
openfhe,16,32768,45,42,16,22,4,4,14,512,,,,,,,,,,10,,,0,예측 탈락(§8.5 규칙4): logQ 1641 + 예측 logP 180 > 1747+60 → 컨텍스트 미생성
openfhe,16,32768,45,42,17,21,3,4,14,512,,,,,,,,,,10,,,0,예측 탈락(§8.5 규칙4): logQ 1641 + 예측 logP 180 > 1747+60 → 컨텍스트 미생성
openfhe,16,32768,45,42,17,21,4,3,14,512,,,,,,,,,,10,,,0,예측 탈락(§8.5 규칙4): logQ 1641 + 예측 logP 180 > 1747+60 → 컨텍스트 미생성
openfhe,16,32768,45,42,18,20,3,3,14,512,,,,,,,,,,10,,,0,예측 탈락(§8.5 규칙4): logQ 1641 + 예측 logP 180 > 1747+60 → 컨텍스트 미생성
openfhe,16,32768,45,42,20,18,2,2,14,512,,,,,,,,,,10,,,0,예측 탈락(§8.5 규칙4): logQ 1641 + 예측 logP 180 > 1747+60 → 컨텍스트 미생성
openfhe,16,32768,45,42,16,22,4,4,14,512,,,,,,,,,,13,,,0,예측 탈락(§8.5 규칙4): logQ 1641 + 예측 logP 180 > 1747+60 → 컨텍스트 미생성
openfhe,16,32768,45,42,17,21,3,4,14,512,,,,,,,,,,13,,,0,예측 탈락(§8.5 규칙4): logQ 1641 + 예측 logP 180 > 1747+60 → 컨텍스트 미생성
openfhe,16,32768,45,42,17,21,4,3,14,512,,,,,,,,,,13,,,0,예측 탈락(§8.5 규칙4): logQ 1641 + 예측 logP 180 > 1747+60 → 컨텍스트 미생성
openfhe,16,32768,45,42,18,20,3,3,14,512,,,,,,,,,,13,,,0,예측 탈락(§8.5 규칙4): logQ 1641 + 예측 logP 180 > 1747+60 → 컨텍스트 미생성
openfhe,16,32768,45,42,20,18,2,2,14,512,,,,,,,,,,13,,,0,예측 탈락(§8.5 규칙4): logQ 1641 + 예측 logP 180 > 1747+60 → 컨텍스트 미생성
openfhe,16,32768,45,42,16,22,4,4,14,512,39,1641,2,120,1761,17,717,120,837,20,87,-14,0,logQP_boot 1761 > 1747
openfhe,16,32768,45,42,17,21,3,4,14,512,39,1641,2,120,1761,18,759,120,879,20,87,-14,0,logQP_boot 1761 > 1747
openfhe,16,32768,45,42,17,21,4,3,14,512,39,1641,2,120,1761,18,759,120,879,20,87,-14,0,logQP_boot 1761 > 1747
openfhe,16,32768,45,42,18,20,3,3,14,512,39,1641,2,120,1761,19,801,120,921,20,87,-14,0,logQP_boot 1761 > 1747
openfhe,16,32768,45,42,20,18,2,2,14,512,39,1641,2,120,1761,21,885,120,1005,20,87,-14,0,logQP_boot 1761 > 1747
openfhe,16,32768,45,42,16,22,4,4,14,512,39,1641,1,60,1701,17,717,60,777,39,45,46,1,
openfhe,16,32768,45,42,17,21,3,4,14,512,39,1641,1,60,1701,18,759,60,819,39,45,46,1,
openfhe,16,32768,45,42,17,21,4,3,14,512,39,1641,1,60,1701,18,759,60,819,39,45,46,1,
openfhe,16,32768,45,42,18,20,3,3,14,512,39,1641,1,60,1701,19,801,60,861,39,45,46,1,
openfhe,16,32768,45,42,20,18,2,2,14,512,39,1641,1,60,1701,21,885,60,945,39,45,46,1,
openfhe,16,32768,45,42,17,22,4,4,14,512,,,,,,,,,,1,,,0,예측 탈락(§8.5 규칙4): logQ 1683 + 예측 logP 1740 > 1747+60 → 컨텍스트 미생성
openfhe,16,32768,45,42,18,21,3,4,14,512,,,,,,,,,,1,,,0,예측 탈락(§8.5 규칙4): logQ 1683 + 예측 logP 1740 > 1747+60 → 컨텍스트 미생성
openfhe,16,32768,45,42,18,21,4,3,14,512,,,,,,,,,,1,,,0,예측 탈락(§8.5 규칙4): logQ 1683 + 예측 logP 1740 > 1747+60 → 컨텍스트 미생성
openfhe,16,32768,45,42,19,20,3,3,14,512,,,,,,,,,,1,,,0,예측 탈락(§8.5 규칙4): logQ 1683 + 예측 logP 1740 > 1747+60 → 컨텍스트 미생성
openfhe,16,32768,45,42,17,22,4,4,14,512,,,,,,,,,,2,,,0,예측 탈락(§8.5 규칙4): logQ 1683 + 예측 logP 900 > 1747+60 → 컨텍스트 미생성
openfhe,16,32768,45,42,18,21,3,4,14,512,,,,,,,,,,2,,,0,예측 탈락(§8.5 규칙4): logQ 1683 + 예측 logP 900 > 1747+60 → 컨텍스트 미생성
openfhe,16,32768,45,42,18,21,4,3,14,512,,,,,,,,,,2,,,0,예측 탈락(§8.5 규칙4): logQ 1683 + 예측 logP 900 > 1747+60 → 컨텍스트 미생성
openfhe,16,32768,45,42,19,20,3,3,14,512,,,,,,,,,,2,,,0,예측 탈락(§8.5 규칙4): logQ 1683 + 예측 logP 900 > 1747+60 → 컨텍스트 미생성
openfhe,16,32768,45,42,17,22,4,4,14,512,,,,,,,,,,3,,,0,예측 탈락(§8.5 규칙4): logQ 1683 + 예측 logP 600 > 1747+60 → 컨텍스트 미생성
openfhe,16,32768,45,42,18,21,3,4,14,512,,,,,,,,,,3,,,0,예측 탈락(§8.5 규칙4): logQ 1683 + 예측 logP 600 > 1747+60 → 컨텍스트 미생성
openfhe,16,32768,45,42,18,21,4,3,14,512,,,,,,,,,,3,,,0,예측 탈락(§8.5 규칙4): logQ 1683 + 예측 logP 600 > 1747+60 → 컨텍스트 미생성
openfhe,16,32768,45,42,19,20,3,3,14,512,,,,,,,,,,3,,,0,예측 탈락(§8.5 규칙4): logQ 1683 + 예측 logP 600 > 1747+60 → 컨텍스트 미생성
openfhe,16,32768,45,42,17,22,4,4,14,512,,,,,,,,,,4,,,0,예측 탈락(§8.5 규칙4): logQ 1683 + 예측 logP 480 > 1747+60 → 컨텍스트 미생성
openfhe,16,32768,45,42,18,21,3,4,14,512,,,,,,,,,,4,,,0,예측 탈락(§8.5 규칙4): logQ 1683 + 예측 logP 480 > 1747+60 → 컨텍스트 미생성
openfhe,16,32768,45,42,18,21,4,3,14,512,,,,,,,,,,4,,,0,예측 탈락(§8.5 규칙4): logQ 1683 + 예측 logP 480 > 1747+60 → 컨텍스트 미생성
openfhe,16,32768,45,42,19,20,3,3,14,512,,,,,,,,,,4,,,0,예측 탈락(§8.5 규칙4): logQ 1683 + 예측 logP 480 > 1747+60 → 컨텍스트 미생성
openfhe,16,32768,45,42,17,22,4,4,14,512,,,,,,,,,,5,,,0,예측 탈락(§8.5 규칙4): logQ 1683 + 예측 logP 360 > 1747+60 → 컨텍스트 미생성
openfhe,16,32768,45,42,18,21,3,4,14,512,,,,,,,,,,5,,,0,예측 탈락(§8.5 규칙4): logQ 1683 + 예측 logP 360 > 1747+60 → 컨텍스트 미생성
openfhe,16,32768,45,42,18,21,4,3,14,512,,,,,,,,,,5,,,0,예측 탈락(§8.5 규칙4): logQ 1683 + 예측 logP 360 > 1747+60 → 컨텍스트 미생성
openfhe,16,32768,45,42,19,20,3,3,14,512,,,,,,,,,,5,,,0,예측 탈락(§8.5 규칙4): logQ 1683 + 예측 logP 360 > 1747+60 → 컨텍스트 미생성
openfhe,16,32768,45,42,17,22,4,4,14,512,,,,,,,,,,6,,,0,예측 탈락(§8.5 규칙4): logQ 1683 + 예측 logP 300 > 1747+60 → 컨텍스트 미생성
openfhe,16,32768,45,42,18,21,3,4,14,512,,,,,,,,,,6,,,0,예측 탈락(§8.5 규칙4): logQ 1683 + 예측 logP 300 > 1747+60 → 컨텍스트 미생성
openfhe,16,32768,45,42,18,21,4,3,14,512,,,,,,,,,,6,,,0,예측 탈락(§8.5 규칙4): logQ 1683 + 예측 logP 300 > 1747+60 → 컨텍스트 미생성
openfhe,16,32768,45,42,19,20,3,3,14,512,,,,,,,,,,6,,,0,예측 탈락(§8.5 규칙4): logQ 1683 + 예측 logP 300 > 1747+60 → 컨텍스트 미생성
openfhe,16,32768,45,42,17,22,4,4,14,512,,,,,,,,,,7,,,0,예측 탈락(§8.5 규칙4): logQ 1683 + 예측 logP 300 > 1747+60 → 컨텍스트 미생성
openfhe,16,32768,45,42,18,21,3,4,14,512,,,,,,,,,,7,,,0,예측 탈락(§8.5 규칙4): logQ 1683 + 예측 logP 300 > 1747+60 → 컨텍스트 미생성
openfhe,16,32768,45,42,18,21,4,3,14,512,,,,,,,,,,7,,,0,예측 탈락(§8.5 규칙4): logQ 1683 + 예측 logP 300 > 1747+60 → 컨텍스트 미생성
openfhe,16,32768,45,42,19,20,3,3,14,512,,,,,,,,,,7,,,0,예측 탈락(§8.5 규칙4): logQ 1683 + 예측 logP 300 > 1747+60 → 컨텍스트 미생성
openfhe,16,32768,45,42,17,22,4,4,14,512,,,,,,,,,,8,,,0,예측 탈락(§8.5 규칙4): logQ 1683 + 예측 logP 240 > 1747+60 → 컨텍스트 미생성
openfhe,16,32768,45,42,18,21,3,4,14,512,,,,,,,,,,8,,,0,예측 탈락(§8.5 규칙4): logQ 1683 + 예측 logP 240 > 1747+60 → 컨텍스트 미생성
openfhe,16,32768,45,42,18,21,4,3,14,512,,,,,,,,,,8,,,0,예측 탈락(§8.5 규칙4): logQ 1683 + 예측 logP 240 > 1747+60 → 컨텍스트 미생성
openfhe,16,32768,45,42,19,20,3,3,14,512,,,,,,,,,,8,,,0,예측 탈락(§8.5 규칙4): logQ 1683 + 예측 logP 240 > 1747+60 → 컨텍스트 미생성
openfhe,16,32768,45,42,17,22,4,4,14,512,,,,,,,,,,10,,,0,예측 탈락(§8.5 규칙4): logQ 1683 + 예측 logP 180 > 1747+60 → 컨텍스트 미생성
openfhe,16,32768,45,42,18,21,3,4,14,512,,,,,,,,,,10,,,0,예측 탈락(§8.5 규칙4): logQ 1683 + 예측 logP 180 > 1747+60 → 컨텍스트 미생성
openfhe,16,32768,45,42,18,21,4,3,14,512,,,,,,,,,,10,,,0,예측 탈락(§8.5 규칙4): logQ 1683 + 예측 logP 180 > 1747+60 → 컨텍스트 미생성
openfhe,16,32768,45,42,19,20,3,3,14,512,,,,,,,,,,10,,,0,예측 탈락(§8.5 규칙4): logQ 1683 + 예측 logP 180 > 1747+60 → 컨텍스트 미생성
openfhe,16,32768,45,42,17,22,4,4,14,512,,,,,,,,,,14,,,0,예측 탈락(§8.5 규칙4): logQ 1683 + 예측 logP 180 > 1747+60 → 컨텍스트 미생성
openfhe,16,32768,45,42,18,21,3,4,14,512,,,,,,,,,,14,,,0,예측 탈락(§8.5 규칙4): logQ 1683 + 예측 logP 180 > 1747+60 → 컨텍스트 미생성
openfhe,16,32768,45,42,18,21,4,3,14,512,,,,,,,,,,14,,,0,예측 탈락(§8.5 규칙4): logQ 1683 + 예측 logP 180 > 1747+60 → 컨텍스트 미생성
openfhe,16,32768,45,42,19,20,3,3,14,512,,,,,,,,,,14,,,0,예측 탈락(§8.5 규칙4): logQ 1683 + 예측 logP 180 > 1747+60 → 컨텍스트 미생성
openfhe,16,32768,45,42,17,22,4,4,14,512,40,1683,2,120,1803,18,759,120,879,20,88,-56,0,logQP_boot 1803 > 1747
openfhe,16,32768,45,42,18,21,3,4,14,512,40,1683,2,120,1803,19,801,120,921,20,88,-56,0,logQP_boot 1803 > 1747
openfhe,16,32768,45,42,18,21,4,3,14,512,40,1683,2,120,1803,19,801,120,921,20,88,-56,0,logQP_boot 1803 > 1747
openfhe,16,32768,45,42,19,20,3,3,14,512,40,1683,2,120,1803,20,843,120,963,20,88,-56,0,logQP_boot 1803 > 1747
openfhe,16,32768,45,42,17,22,4,4,14,512,40,1683,1,60,1743,18,759,60,819,40,45,4,1,
openfhe,16,32768,45,42,18,21,3,4,14,512,40,1683,1,60,1743,19,801,60,861,40,45,4,1,
openfhe,16,32768,45,42,18,21,4,3,14,512,40,1683,1,60,1743,19,801,60,861,40,45,4,1,
openfhe,16,32768,45,42,19,20,3,3,14,512,40,1683,1,60,1743,20,843,60,903,40,45,4,1,
openfhe,16,32768,45,42,18,22,4,4,14,512,,,,,,,,,,0,,,0,상한 초과 확정: logQ_boot(명목) 1725 + 최소 logP 60 > 1747
openfhe,16,32768,45,42,19,21,3,4,14,512,,,,,,,,,,0,,,0,상한 초과 확정: logQ_boot(명목) 1725 + 최소 logP 60 > 1747
openfhe,16,32768,45,42,19,21,4,3,14,512,,,,,,,,,,0,,,0,상한 초과 확정: logQ_boot(명목) 1725 + 최소 logP 60 > 1747
openfhe,16,32768,45,42,20,20,3,3,14,512,,,,,,,,,,0,,,0,상한 초과 확정: logQ_boot(명목) 1725 + 최소 logP 60 > 1747
openfhe,16,32768,45,42,19,22,4,4,14,512,,,,,,,,,,0,,,0,상한 초과 확정: logQ_boot(명목) 1767 + 최소 logP 60 > 1747
openfhe,16,32768,45,42,20,21,3,4,14,512,,,,,,,,,,0,,,0,상한 초과 확정: logQ_boot(명목) 1767 + 최소 logP 60 > 1747
openfhe,16,32768,45,42,20,21,4,3,14,512,,,,,,,,,,0,,,0,상한 초과 확정: logQ_boot(명목) 1767 + 최소 logP 60 > 1747
openfhe,16,32768,45,42,20,22,4,4,14,512,,,,,,,,,,0,,,0,상한 초과 확정: logQ_boot(명목) 1809 + 최소 logP 60 > 1747
openfhe,16,32768,45,45,15,16,1,1,14,512,,,,,,,,,,1,,,0,예측 탈락(§8.5 규칙4): logQ 1440 + 예측 logP 1440 > 1747+60 → 컨텍스트 미생성
openfhe,16,32768,45,45,15,16,1,1,14,512,,,,,,,,,,2,,,0,예측 탈락(§8.5 규칙4): logQ 1440 + 예측 logP 720 > 1747+60 → 컨텍스트 미생성
openfhe,16,32768,45,45,15,16,1,1,14,512,,,,,,,,,,3,,,0,예측 탈락(§8.5 규칙4): logQ 1440 + 예측 logP 540 > 1747+60 → 컨텍스트 미생성
openfhe,16,32768,45,45,15,16,1,1,14,512,32,1440,7,420,1860,16,720,420,1140,4,361,-113,0,logQP_boot 1860 > 1747
openfhe,16,32768,45,45,15,16,1,1,14,512,32,1440,6,360,1800,16,720,360,1080,5,315,-53,0,logQP_boot 1800 > 1747
openfhe,16,32768,45,45,15,16,1,1,14,512,32,1440,5,300,1740,16,720,300,1020,6,271,7,1,
openfhe,16,32768,45,45,15,16,1,1,14,512,32,1440,4,240,1680,16,720,240,960,7,226,67,1,
openfhe,16,32768,45,45,15,16,1,1,14,512,32,1440,4,240,1680,16,720,240,960,8,181,67,1,
openfhe,16,32768,45,45,15,16,1,1,14,512,32,1440,3,180,1620,16,720,180,900,11,136,127,1,
openfhe,16,32768,45,45,15,16,1,1,14,512,32,1440,2,120,1560,16,720,120,840,16,91,187,1,
openfhe,16,32768,45,45,15,16,1,1,14,512,32,1440,1,60,1500,16,720,60,780,32,46,247,1,
openfhe,16,32768,45,45,16,16,1,1,14,512,,,,,,,,,,1,,,0,예측 탈락(§8.5 규칙4): logQ 1485 + 예측 logP 1500 > 1747+60 → 컨텍스트 미생성
openfhe,16,32768,45,45,16,16,1,1,14,512,,,,,,,,,,2,,,0,예측 탈락(§8.5 규칙4): logQ 1485 + 예측 logP 780 > 1747+60 → 컨텍스트 미생성
openfhe,16,32768,45,45,16,16,1,1,14,512,,,,,,,,,,3,,,0,예측 탈락(§8.5 규칙4): logQ 1485 + 예측 logP 540 > 1747+60 → 컨텍스트 미생성
openfhe,16,32768,45,45,16,16,1,1,14,512,,,,,,,,,,4,,,0,예측 탈락(§8.5 규칙4): logQ 1485 + 예측 logP 420 > 1747+60 → 컨텍스트 미생성
openfhe,16,32768,45,45,16,16,1,1,14,512,,,,,,,,,,5,,,0,예측 탈락(§8.5 규칙4): logQ 1485 + 예측 logP 360 > 1747+60 → 컨텍스트 미생성
openfhe,16,32768,45,45,16,16,1,1,14,512,33,1485,5,300,1785,17,765,300,1065,6,270,-38,0,logQP_boot 1785 > 1747
openfhe,16,32768,45,45,16,16,1,1,14,512,33,1485,4,240,1725,17,765,240,1005,7,226,22,1,
openfhe,16,32768,45,45,16,16,1,1,14,512,33,1485,3,180,1665,17,765,180,945,9,180,82,1,
openfhe,16,32768,45,45,16,16,1,1,14,512,33,1485,3,180,1665,17,765,180,945,11,136,82,1,
openfhe,16,32768,45,45,16,16,1,1,14,512,33,1485,2,120,1605,17,765,120,885,17,90,142,1,
openfhe,16,32768,45,45,16,16,1,1,14,512,33,1485,1,60,1545,17,765,60,825,33,46,202,1,
openfhe,16,32768,45,45,15,18,2,2,14,512,,,,,,,,,,1,,,0,예측 탈락(§8.5 규칙4): logQ 1530 + 예측 logP 1560 > 1747+60 → 컨텍스트 미생성
openfhe,16,32768,45,45,17,16,1,1,14,512,,,,,,,,,,1,,,0,예측 탈락(§8.5 규칙4): logQ 1530 + 예측 logP 1560 > 1747+60 → 컨텍스트 미생성
openfhe,16,32768,45,45,15,18,2,2,14,512,,,,,,,,,,2,,,0,예측 탈락(§8.5 규칙4): logQ 1530 + 예측 logP 780 > 1747+60 → 컨텍스트 미생성
openfhe,16,32768,45,45,17,16,1,1,14,512,,,,,,,,,,2,,,0,예측 탈락(§8.5 규칙4): logQ 1530 + 예측 logP 780 > 1747+60 → 컨텍스트 미생성
openfhe,16,32768,45,45,15,18,2,2,14,512,,,,,,,,,,3,,,0,예측 탈락(§8.5 규칙4): logQ 1530 + 예측 logP 540 > 1747+60 → 컨텍스트 미생성
openfhe,16,32768,45,45,17,16,1,1,14,512,,,,,,,,,,3,,,0,예측 탈락(§8.5 규칙4): logQ 1530 + 예측 logP 540 > 1747+60 → 컨텍스트 미생성
openfhe,16,32768,45,45,15,18,2,2,14,512,,,,,,,,,,4,,,0,예측 탈락(§8.5 규칙4): logQ 1530 + 예측 logP 420 > 1747+60 → 컨텍스트 미생성
openfhe,16,32768,45,45,17,16,1,1,14,512,,,,,,,,,,4,,,0,예측 탈락(§8.5 규칙4): logQ 1530 + 예측 logP 420 > 1747+60 → 컨텍스트 미생성
openfhe,16,32768,45,45,15,18,2,2,14,512,,,,,,,,,,5,,,0,예측 탈락(§8.5 규칙4): logQ 1530 + 예측 logP 360 > 1747+60 → 컨텍스트 미생성
openfhe,16,32768,45,45,17,16,1,1,14,512,,,,,,,,,,5,,,0,예측 탈락(§8.5 규칙4): logQ 1530 + 예측 logP 360 > 1747+60 → 컨텍스트 미생성
openfhe,16,32768,45,45,15,18,2,2,14,512,,,,,,,,,,6,,,0,예측 탈락(§8.5 규칙4): logQ 1530 + 예측 logP 300 > 1747+60 → 컨텍스트 미생성
openfhe,16,32768,45,45,17,16,1,1,14,512,,,,,,,,,,6,,,0,예측 탈락(§8.5 규칙4): logQ 1530 + 예측 logP 300 > 1747+60 → 컨텍스트 미생성
openfhe,16,32768,45,45,15,18,2,2,14,512,34,1530,4,240,1770,16,720,240,960,7,226,-23,0,logQP_boot 1770 > 1747
openfhe,16,32768,45,45,17,16,1,1,14,512,34,1530,4,240,1770,18,810,240,1050,7,226,-23,0,logQP_boot 1770 > 1747
openfhe,16,32768,45,45,15,18,2,2,14,512,34,1530,4,240,1770,16,720,240,960,9,181,-23,0,logQP_boot 1770 > 1747
openfhe,16,32768,45,45,17,16,1,1,14,512,34,1530,4,240,1770,18,810,240,1050,9,181,-23,0,logQP_boot 1770 > 1747
openfhe,16,32768,45,45,15,18,2,2,14,512,34,1530,3,180,1710,16,720,180,900,12,136,37,1,
openfhe,16,32768,45,45,17,16,1,1,14,512,34,1530,3,180,1710,18,810,180,990,12,136,37,1,
openfhe,16,32768,45,45,15,18,2,2,14,512,34,1530,2,120,1650,16,720,120,840,17,91,97,1,
openfhe,16,32768,45,45,17,16,1,1,14,512,34,1530,2,120,1650,18,810,120,930,17,91,97,1,
openfhe,16,32768,45,45,15,18,2,2,14,512,34,1530,1,60,1590,16,720,60,780,34,46,157,1,
openfhe,16,32768,45,45,17,16,1,1,14,512,34,1530,1,60,1590,18,810,60,870,34,46,157,1,
openfhe,16,32768,45,45,16,18,2,2,14,512,,,,,,,,,,1,,,0,예측 탈락(§8.5 규칙4): logQ 1575 + 예측 logP 1620 > 1747+60 → 컨텍스트 미생성
openfhe,16,32768,45,45,18,16,1,1,14,512,,,,,,,,,,1,,,0,예측 탈락(§8.5 규칙4): logQ 1575 + 예측 logP 1620 > 1747+60 → 컨텍스트 미생성
openfhe,16,32768,45,45,16,18,2,2,14,512,,,,,,,,,,2,,,0,예측 탈락(§8.5 규칙4): logQ 1575 + 예측 logP 840 > 1747+60 → 컨텍스트 미생성
openfhe,16,32768,45,45,18,16,1,1,14,512,,,,,,,,,,2,,,0,예측 탈락(§8.5 규칙4): logQ 1575 + 예측 logP 840 > 1747+60 → 컨텍스트 미생성
openfhe,16,32768,45,45,16,18,2,2,14,512,,,,,,,,,,3,,,0,예측 탈락(§8.5 규칙4): logQ 1575 + 예측 logP 540 > 1747+60 → 컨텍스트 미생성
openfhe,16,32768,45,45,18,16,1,1,14,512,,,,,,,,,,3,,,0,예측 탈락(§8.5 규칙4): logQ 1575 + 예측 logP 540 > 1747+60 → 컨텍스트 미생성
openfhe,16,32768,45,45,16,18,2,2,14,512,,,,,,,,,,4,,,0,예측 탈락(§8.5 규칙4): logQ 1575 + 예측 logP 420 > 1747+60 → 컨텍스트 미생성
openfhe,16,32768,45,45,18,16,1,1,14,512,,,,,,,,,,4,,,0,예측 탈락(§8.5 규칙4): logQ 1575 + 예측 logP 420 > 1747+60 → 컨텍스트 미생성
openfhe,16,32768,45,45,16,18,2,2,14,512,,,,,,,,,,5,,,0,예측 탈락(§8.5 규칙4): logQ 1575 + 예측 logP 360 > 1747+60 → 컨텍스트 미생성
openfhe,16,32768,45,45,18,16,1,1,14,512,,,,,,,,,,5,,,0,예측 탈락(§8.5 규칙4): logQ 1575 + 예측 logP 360 > 1747+60 → 컨텍스트 미생성
openfhe,16,32768,45,45,16,18,2,2,14,512,,,,,,,,,,6,,,0,예측 탈락(§8.5 규칙4): logQ 1575 + 예측 logP 300 > 1747+60 → 컨텍스트 미생성
openfhe,16,32768,45,45,18,16,1,1,14,512,,,,,,,,,,6,,,0,예측 탈락(§8.5 규칙4): logQ 1575 + 예측 logP 300 > 1747+60 → 컨텍스트 미생성
openfhe,16,32768,45,45,16,18,2,2,14,512,,,,,,,,,,7,,,0,예측 탈락(§8.5 규칙4): logQ 1575 + 예측 logP 240 > 1747+60 → 컨텍스트 미생성
openfhe,16,32768,45,45,18,16,1,1,14,512,,,,,,,,,,7,,,0,예측 탈락(§8.5 규칙4): logQ 1575 + 예측 logP 240 > 1747+60 → 컨텍스트 미생성
openfhe,16,32768,45,45,16,18,2,2,14,512,35,1575,3,180,1755,17,765,180,945,9,180,-8,0,logQP_boot 1755 > 1747
openfhe,16,32768,45,45,18,16,1,1,14,512,35,1575,3,180,1755,19,855,180,1035,9,180,-8,0,logQP_boot 1755 > 1747
openfhe,16,32768,45,45,16,18,2,2,14,512,35,1575,3,180,1755,17,765,180,945,12,136,-8,0,logQP_boot 1755 > 1747
openfhe,16,32768,45,45,18,16,1,1,14,512,35,1575,3,180,1755,19,855,180,1035,12,136,-8,0,logQP_boot 1755 > 1747
openfhe,16,32768,45,45,16,18,2,2,14,512,35,1575,2,120,1695,17,765,120,885,18,90,52,1,
openfhe,16,32768,45,45,18,16,1,1,14,512,35,1575,2,120,1695,19,855,120,975,18,90,52,1,
openfhe,16,32768,45,45,16,18,2,2,14,512,35,1575,1,60,1635,17,765,60,825,35,46,112,1,
openfhe,16,32768,45,45,18,16,1,1,14,512,35,1575,1,60,1635,19,855,60,915,35,46,112,1,
openfhe,16,32768,45,45,15,20,3,3,14,512,,,,,,,,,,1,,,0,예측 탈락(§8.5 규칙4): logQ 1620 + 예측 logP 1620 > 1747+60 → 컨텍스트 미생성
openfhe,16,32768,45,45,17,18,2,2,14,512,,,,,,,,,,1,,,0,예측 탈락(§8.5 규칙4): logQ 1620 + 예측 logP 1620 > 1747+60 → 컨텍스트 미생성
openfhe,16,32768,45,45,19,16,1,1,14,512,,,,,,,,,,1,,,0,예측 탈락(§8.5 규칙4): logQ 1620 + 예측 logP 1620 > 1747+60 → 컨텍스트 미생성
openfhe,16,32768,45,45,15,20,3,3,14,512,,,,,,,,,,2,,,0,예측 탈락(§8.5 규칙4): logQ 1620 + 예측 logP 840 > 1747+60 → 컨텍스트 미생성
openfhe,16,32768,45,45,17,18,2,2,14,512,,,,,,,,,,2,,,0,예측 탈락(§8.5 규칙4): logQ 1620 + 예측 logP 840 > 1747+60 → 컨텍스트 미생성
openfhe,16,32768,45,45,19,16,1,1,14,512,,,,,,,,,,2,,,0,예측 탈락(§8.5 규칙4): logQ 1620 + 예측 logP 840 > 1747+60 → 컨텍스트 미생성
openfhe,16,32768,45,45,15,20,3,3,14,512,,,,,,,,,,3,,,0,예측 탈락(§8.5 규칙4): logQ 1620 + 예측 logP 540 > 1747+60 → 컨텍스트 미생성
openfhe,16,32768,45,45,17,18,2,2,14,512,,,,,,,,,,3,,,0,예측 탈락(§8.5 규칙4): logQ 1620 + 예측 logP 540 > 1747+60 → 컨텍스트 미생성
openfhe,16,32768,45,45,19,16,1,1,14,512,,,,,,,,,,3,,,0,예측 탈락(§8.5 규칙4): logQ 1620 + 예측 logP 540 > 1747+60 → 컨텍스트 미생성
openfhe,16,32768,45,45,15,20,3,3,14,512,,,,,,,,,,4,,,0,예측 탈락(§8.5 규칙4): logQ 1620 + 예측 logP 420 > 1747+60 → 컨텍스트 미생성
openfhe,16,32768,45,45,17,18,2,2,14,512,,,,,,,,,,4,,,0,예측 탈락(§8.5 규칙4): logQ 1620 + 예측 logP 420 > 1747+60 → 컨텍스트 미생성
openfhe,16,32768,45,45,19,16,1,1,14,512,,,,,,,,,,4,,,0,예측 탈락(§8.5 규칙4): logQ 1620 + 예측 logP 420 > 1747+60 → 컨텍스트 미생성
openfhe,16,32768,45,45,15,20,3,3,14,512,,,,,,,,,,5,,,0,예측 탈락(§8.5 규칙4): logQ 1620 + 예측 logP 360 > 1747+60 → 컨텍스트 미생성
openfhe,16,32768,45,45,17,18,2,2,14,512,,,,,,,,,,5,,,0,예측 탈락(§8.5 규칙4): logQ 1620 + 예측 logP 360 > 1747+60 → 컨텍스트 미생성
openfhe,16,32768,45,45,19,16,1,1,14,512,,,,,,,,,,5,,,0,예측 탈락(§8.5 규칙4): logQ 1620 + 예측 logP 360 > 1747+60 → 컨텍스트 미생성
openfhe,16,32768,45,45,15,20,3,3,14,512,,,,,,,,,,6,,,0,예측 탈락(§8.5 규칙4): logQ 1620 + 예측 logP 300 > 1747+60 → 컨텍스트 미생성
openfhe,16,32768,45,45,17,18,2,2,14,512,,,,,,,,,,6,,,0,예측 탈락(§8.5 규칙4): logQ 1620 + 예측 logP 300 > 1747+60 → 컨텍스트 미생성
openfhe,16,32768,45,45,19,16,1,1,14,512,,,,,,,,,,6,,,0,예측 탈락(§8.5 규칙4): logQ 1620 + 예측 logP 300 > 1747+60 → 컨텍스트 미생성
openfhe,16,32768,45,45,15,20,3,3,14,512,,,,,,,,,,8,,,0,예측 탈락(§8.5 규칙4): logQ 1620 + 예측 logP 240 > 1747+60 → 컨텍스트 미생성
openfhe,16,32768,45,45,17,18,2,2,14,512,,,,,,,,,,8,,,0,예측 탈락(§8.5 규칙4): logQ 1620 + 예측 logP 240 > 1747+60 → 컨텍스트 미생성
openfhe,16,32768,45,45,19,16,1,1,14,512,,,,,,,,,,8,,,0,예측 탈락(§8.5 규칙4): logQ 1620 + 예측 logP 240 > 1747+60 → 컨텍스트 미생성
openfhe,16,32768,45,45,15,20,3,3,14,512,36,1620,4,240,1860,16,720,240,960,9,181,-113,0,logQP_boot 1860 > 1747
openfhe,16,32768,45,45,17,18,2,2,14,512,36,1620,4,240,1860,18,810,240,1050,9,181,-113,0,logQP_boot 1860 > 1747
openfhe,16,32768,45,45,19,16,1,1,14,512,36,1620,4,240,1860,20,900,240,1140,9,181,-113,0,logQP_boot 1860 > 1747
openfhe,16,32768,45,45,15,20,3,3,14,512,36,1620,3,180,1800,16,720,180,900,12,136,-53,0,logQP_boot 1800 > 1747
openfhe,16,32768,45,45,17,18,2,2,14,512,36,1620,3,180,1800,18,810,180,990,12,136,-53,0,logQP_boot 1800 > 1747
openfhe,16,32768,45,45,19,16,1,1,14,512,36,1620,3,180,1800,20,900,180,1080,12,136,-53,0,logQP_boot 1800 > 1747
openfhe,16,32768,45,45,15,20,3,3,14,512,36,1620,2,120,1740,16,720,120,840,18,91,7,1,
openfhe,16,32768,45,45,17,18,2,2,14,512,36,1620,2,120,1740,18,810,120,930,18,91,7,1,
openfhe,16,32768,45,45,19,16,1,1,14,512,36,1620,2,120,1740,20,900,120,1020,18,91,7,1,
openfhe,16,32768,45,45,15,20,3,3,14,512,36,1620,1,60,1680,16,720,60,780,36,46,67,1,
openfhe,16,32768,45,45,17,18,2,2,14,512,36,1620,1,60,1680,18,810,60,870,36,46,67,1,
openfhe,16,32768,45,45,19,16,1,1,14,512,36,1620,1,60,1680,20,900,60,960,36,46,67,1,
openfhe,16,32768,45,45,15,21,3,4,14,512,,,,,,,,,,1,,,0,예측 탈락(§8.5 규칙4): logQ 1665 + 예측 logP 1680 > 1747+60 → 컨텍스트 미생성
openfhe,16,32768,45,45,15,21,4,3,14,512,,,,,,,,,,1,,,0,예측 탈락(§8.5 규칙4): logQ 1665 + 예측 logP 1680 > 1747+60 → 컨텍스트 미생성
openfhe,16,32768,45,45,16,20,3,3,14,512,,,,,,,,,,1,,,0,예측 탈락(§8.5 규칙4): logQ 1665 + 예측 logP 1680 > 1747+60 → 컨텍스트 미생성
openfhe,16,32768,45,45,18,18,2,2,14,512,,,,,,,,,,1,,,0,예측 탈락(§8.5 규칙4): logQ 1665 + 예측 logP 1680 > 1747+60 → 컨텍스트 미생성
openfhe,16,32768,45,45,20,16,1,1,14,512,,,,,,,,,,1,,,0,예측 탈락(§8.5 규칙4): logQ 1665 + 예측 logP 1680 > 1747+60 → 컨텍스트 미생성
openfhe,16,32768,45,45,15,21,3,4,14,512,,,,,,,,,,2,,,0,예측 탈락(§8.5 규칙4): logQ 1665 + 예측 logP 900 > 1747+60 → 컨텍스트 미생성
openfhe,16,32768,45,45,15,21,4,3,14,512,,,,,,,,,,2,,,0,예측 탈락(§8.5 규칙4): logQ 1665 + 예측 logP 900 > 1747+60 → 컨텍스트 미생성
openfhe,16,32768,45,45,16,20,3,3,14,512,,,,,,,,,,2,,,0,예측 탈락(§8.5 규칙4): logQ 1665 + 예측 logP 900 > 1747+60 → 컨텍스트 미생성
openfhe,16,32768,45,45,18,18,2,2,14,512,,,,,,,,,,2,,,0,예측 탈락(§8.5 규칙4): logQ 1665 + 예측 logP 900 > 1747+60 → 컨텍스트 미생성
openfhe,16,32768,45,45,20,16,1,1,14,512,,,,,,,,,,2,,,0,예측 탈락(§8.5 규칙4): logQ 1665 + 예측 logP 900 > 1747+60 → 컨텍스트 미생성
openfhe,16,32768,45,45,15,21,3,4,14,512,,,,,,,,,,3,,,0,예측 탈락(§8.5 규칙4): logQ 1665 + 예측 logP 600 > 1747+60 → 컨텍스트 미생성
openfhe,16,32768,45,45,15,21,4,3,14,512,,,,,,,,,,3,,,0,예측 탈락(§8.5 규칙4): logQ 1665 + 예측 logP 600 > 1747+60 → 컨텍스트 미생성
openfhe,16,32768,45,45,16,20,3,3,14,512,,,,,,,,,,3,,,0,예측 탈락(§8.5 규칙4): logQ 1665 + 예측 logP 600 > 1747+60 → 컨텍스트 미생성
openfhe,16,32768,45,45,18,18,2,2,14,512,,,,,,,,,,3,,,0,예측 탈락(§8.5 규칙4): logQ 1665 + 예측 logP 600 > 1747+60 → 컨텍스트 미생성
openfhe,16,32768,45,45,20,16,1,1,14,512,,,,,,,,,,3,,,0,예측 탈락(§8.5 규칙4): logQ 1665 + 예측 logP 600 > 1747+60 → 컨텍스트 미생성
openfhe,16,32768,45,45,15,21,3,4,14,512,,,,,,,,,,4,,,0,예측 탈락(§8.5 규칙4): logQ 1665 + 예측 logP 480 > 1747+60 → 컨텍스트 미생성
openfhe,16,32768,45,45,15,21,4,3,14,512,,,,,,,,,,4,,,0,예측 탈락(§8.5 규칙4): logQ 1665 + 예측 logP 480 > 1747+60 → 컨텍스트 미생성
openfhe,16,32768,45,45,16,20,3,3,14,512,,,,,,,,,,4,,,0,예측 탈락(§8.5 규칙4): logQ 1665 + 예측 logP 480 > 1747+60 → 컨텍스트 미생성
openfhe,16,32768,45,45,18,18,2,2,14,512,,,,,,,,,,4,,,0,예측 탈락(§8.5 규칙4): logQ 1665 + 예측 logP 480 > 1747+60 → 컨텍스트 미생성
openfhe,16,32768,45,45,20,16,1,1,14,512,,,,,,,,,,4,,,0,예측 탈락(§8.5 규칙4): logQ 1665 + 예측 logP 480 > 1747+60 → 컨텍스트 미생성
openfhe,16,32768,45,45,15,21,3,4,14,512,,,,,,,,,,5,,,0,예측 탈락(§8.5 규칙4): logQ 1665 + 예측 logP 360 > 1747+60 → 컨텍스트 미생성
openfhe,16,32768,45,45,15,21,4,3,14,512,,,,,,,,,,5,,,0,예측 탈락(§8.5 규칙4): logQ 1665 + 예측 logP 360 > 1747+60 → 컨텍스트 미생성
openfhe,16,32768,45,45,16,20,3,3,14,512,,,,,,,,,,5,,,0,예측 탈락(§8.5 규칙4): logQ 1665 + 예측 logP 360 > 1747+60 → 컨텍스트 미생성
openfhe,16,32768,45,45,18,18,2,2,14,512,,,,,,,,,,5,,,0,예측 탈락(§8.5 규칙4): logQ 1665 + 예측 logP 360 > 1747+60 → 컨텍스트 미생성
openfhe,16,32768,45,45,20,16,1,1,14,512,,,,,,,,,,5,,,0,예측 탈락(§8.5 규칙4): logQ 1665 + 예측 logP 360 > 1747+60 → 컨텍스트 미생성
openfhe,16,32768,45,45,15,21,3,4,14,512,,,,,,,,,,6,,,0,예측 탈락(§8.5 규칙4): logQ 1665 + 예측 logP 360 > 1747+60 → 컨텍스트 미생성
openfhe,16,32768,45,45,15,21,4,3,14,512,,,,,,,,,,6,,,0,예측 탈락(§8.5 규칙4): logQ 1665 + 예측 logP 360 > 1747+60 → 컨텍스트 미생성
openfhe,16,32768,45,45,16,20,3,3,14,512,,,,,,,,,,6,,,0,예측 탈락(§8.5 규칙4): logQ 1665 + 예측 logP 360 > 1747+60 → 컨텍스트 미생성
openfhe,16,32768,45,45,18,18,2,2,14,512,,,,,,,,,,6,,,0,예측 탈락(§8.5 규칙4): logQ 1665 + 예측 logP 360 > 1747+60 → 컨텍스트 미생성
openfhe,16,32768,45,45,20,16,1,1,14,512,,,,,,,,,,6,,,0,예측 탈락(§8.5 규칙4): logQ 1665 + 예측 logP 360 > 1747+60 → 컨텍스트 미생성
openfhe,16,32768,45,45,15,21,3,4,14,512,,,,,,,,,,7,,,0,예측 탈락(§8.5 규칙4): logQ 1665 + 예측 logP 300 > 1747+60 → 컨텍스트 미생성
openfhe,16,32768,45,45,15,21,4,3,14,512,,,,,,,,,,7,,,0,예측 탈락(§8.5 규칙4): logQ 1665 + 예측 logP 300 > 1747+60 → 컨텍스트 미생성
openfhe,16,32768,45,45,16,20,3,3,14,512,,,,,,,,,,7,,,0,예측 탈락(§8.5 규칙4): logQ 1665 + 예측 logP 300 > 1747+60 → 컨텍스트 미생성
openfhe,16,32768,45,45,18,18,2,2,14,512,,,,,,,,,,7,,,0,예측 탈락(§8.5 규칙4): logQ 1665 + 예측 logP 300 > 1747+60 → 컨텍스트 미생성
openfhe,16,32768,45,45,20,16,1,1,14,512,,,,,,,,,,7,,,0,예측 탈락(§8.5 규칙4): logQ 1665 + 예측 logP 300 > 1747+60 → 컨텍스트 미생성
openfhe,16,32768,45,45,15,21,3,4,14,512,,,,,,,,,,8,,,0,예측 탈락(§8.5 규칙4): logQ 1665 + 예측 logP 240 > 1747+60 → 컨텍스트 미생성
openfhe,16,32768,45,45,15,21,4,3,14,512,,,,,,,,,,8,,,0,예측 탈락(§8.5 규칙4): logQ 1665 + 예측 logP 240 > 1747+60 → 컨텍스트 미생성
openfhe,16,32768,45,45,16,20,3,3,14,512,,,,,,,,,,8,,,0,예측 탈락(§8.5 규칙4): logQ 1665 + 예측 logP 240 > 1747+60 → 컨텍스트 미생성
openfhe,16,32768,45,45,18,18,2,2,14,512,,,,,,,,,,8,,,0,예측 탈락(§8.5 규칙4): logQ 1665 + 예측 logP 240 > 1747+60 → 컨텍스트 미생성
openfhe,16,32768,45,45,20,16,1,1,14,512,,,,,,,,,,8,,,0,예측 탈락(§8.5 규칙4): logQ 1665 + 예측 logP 240 > 1747+60 → 컨텍스트 미생성
openfhe,16,32768,45,45,15,21,3,4,14,512,,,,,,,,,,10,,,0,예측 탈락(§8.5 규칙4): logQ 1665 + 예측 logP 180 > 1747+60 → 컨텍스트 미생성
openfhe,16,32768,45,45,15,21,4,3,14,512,,,,,,,,,,10,,,0,예측 탈락(§8.5 규칙4): logQ 1665 + 예측 logP 180 > 1747+60 → 컨텍스트 미생성
openfhe,16,32768,45,45,16,20,3,3,14,512,,,,,,,,,,10,,,0,예측 탈락(§8.5 규칙4): logQ 1665 + 예측 logP 180 > 1747+60 → 컨텍스트 미생성
openfhe,16,32768,45,45,18,18,2,2,14,512,,,,,,,,,,10,,,0,예측 탈락(§8.5 규칙4): logQ 1665 + 예측 logP 180 > 1747+60 → 컨텍스트 미생성
openfhe,16,32768,45,45,20,16,1,1,14,512,,,,,,,,,,10,,,0,예측 탈락(§8.5 규칙4): logQ 1665 + 예측 logP 180 > 1747+60 → 컨텍스트 미생성
openfhe,16,32768,45,45,15,21,3,4,14,512,,,,,,,,,,13,,,0,예측 탈락(§8.5 규칙4): logQ 1665 + 예측 logP 180 > 1747+60 → 컨텍스트 미생성
openfhe,16,32768,45,45,15,21,4,3,14,512,,,,,,,,,,13,,,0,예측 탈락(§8.5 규칙4): logQ 1665 + 예측 logP 180 > 1747+60 → 컨텍스트 미생성
openfhe,16,32768,45,45,16,20,3,3,14,512,,,,,,,,,,13,,,0,예측 탈락(§8.5 규칙4): logQ 1665 + 예측 logP 180 > 1747+60 → 컨텍스트 미생성
openfhe,16,32768,45,45,18,18,2,2,14,512,,,,,,,,,,13,,,0,예측 탈락(§8.5 규칙4): logQ 1665 + 예측 logP 180 > 1747+60 → 컨텍스트 미생성
openfhe,16,32768,45,45,20,16,1,1,14,512,,,,,,,,,,13,,,0,예측 탈락(§8.5 규칙4): logQ 1665 + 예측 logP 180 > 1747+60 → 컨텍스트 미생성
openfhe,16,32768,45,45,15,21,3,4,14,512,37,1665,2,120,1785,16,720,120,840,19,90,-38,0,logQP_boot 1785 > 1747
openfhe,16,32768,45,45,15,21,4,3,14,512,37,1665,2,120,1785,16,720,120,840,19,90,-38,0,logQP_boot 1785 > 1747
openfhe,16,32768,45,45,16,20,3,3,14,512,37,1665,2,120,1785,17,765,120,885,19,90,-38,0,logQP_boot 1785 > 1747
openfhe,16,32768,45,45,18,18,2,2,14,512,37,1665,2,120,1785,19,855,120,975,19,90,-38,0,logQP_boot 1785 > 1747
openfhe,16,32768,45,45,20,16,1,1,14,512,37,1665,2,120,1785,21,945,120,1065,19,90,-38,0,logQP_boot 1785 > 1747
openfhe,16,32768,45,45,15,21,3,4,14,512,37,1665,1,60,1725,16,720,60,780,37,46,22,1,
openfhe,16,32768,45,45,15,21,4,3,14,512,37,1665,1,60,1725,16,720,60,780,37,46,22,1,
openfhe,16,32768,45,45,16,20,3,3,14,512,37,1665,1,60,1725,17,765,60,825,37,46,22,1,
openfhe,16,32768,45,45,18,18,2,2,14,512,37,1665,1,60,1725,19,855,60,915,37,46,22,1,
openfhe,16,32768,45,45,20,16,1,1,14,512,37,1665,1,60,1725,21,945,60,1005,37,46,22,1,
openfhe,16,32768,45,45,15,22,4,4,14,512,,,,,,,,,,0,,,0,상한 초과 확정: logQ_boot(명목) 1710 + 최소 logP 60 > 1747
openfhe,16,32768,45,45,16,21,3,4,14,512,,,,,,,,,,0,,,0,상한 초과 확정: logQ_boot(명목) 1710 + 최소 logP 60 > 1747
openfhe,16,32768,45,45,16,21,4,3,14,512,,,,,,,,,,0,,,0,상한 초과 확정: logQ_boot(명목) 1710 + 최소 logP 60 > 1747
openfhe,16,32768,45,45,17,20,3,3,14,512,,,,,,,,,,0,,,0,상한 초과 확정: logQ_boot(명목) 1710 + 최소 logP 60 > 1747
openfhe,16,32768,45,45,19,18,2,2,14,512,,,,,,,,,,0,,,0,상한 초과 확정: logQ_boot(명목) 1710 + 최소 logP 60 > 1747
openfhe,16,32768,45,45,16,22,4,4,14,512,,,,,,,,,,0,,,0,상한 초과 확정: logQ_boot(명목) 1755 + 최소 logP 60 > 1747
openfhe,16,32768,45,45,17,21,3,4,14,512,,,,,,,,,,0,,,0,상한 초과 확정: logQ_boot(명목) 1755 + 최소 logP 60 > 1747
openfhe,16,32768,45,45,17,21,4,3,14,512,,,,,,,,,,0,,,0,상한 초과 확정: logQ_boot(명목) 1755 + 최소 logP 60 > 1747
openfhe,16,32768,45,45,18,20,3,3,14,512,,,,,,,,,,0,,,0,상한 초과 확정: logQ_boot(명목) 1755 + 최소 logP 60 > 1747
openfhe,16,32768,45,45,20,18,2,2,14,512,,,,,,,,,,0,,,0,상한 초과 확정: logQ_boot(명목) 1755 + 최소 logP 60 > 1747
openfhe,16,32768,45,45,17,22,4,4,14,512,,,,,,,,,,0,,,0,상한 초과 확정: logQ_boot(명목) 1800 + 최소 logP 60 > 1747
openfhe,16,32768,45,45,18,21,3,4,14,512,,,,,,,,,,0,,,0,상한 초과 확정: logQ_boot(명목) 1800 + 최소 logP 60 > 1747
openfhe,16,32768,45,45,18,21,4,3,14,512,,,,,,,,,,0,,,0,상한 초과 확정: logQ_boot(명목) 1800 + 최소 logP 60 > 1747
openfhe,16,32768,45,45,19,20,3,3,14,512,,,,,,,,,,0,,,0,상한 초과 확정: logQ_boot(명목) 1800 + 최소 logP 60 > 1747
openfhe,16,32768,45,45,18,22,4,4,14,512,,,,,,,,,,0,,,0,상한 초과 확정: logQ_boot(명목) 1845 + 최소 logP 60 > 1747
openfhe,16,32768,45,45,19,21,3,4,14,512,,,,,,,,,,0,,,0,상한 초과 확정: logQ_boot(명목) 1845 + 최소 logP 60 > 1747
openfhe,16,32768,45,45,19,21,4,3,14,512,,,,,,,,,,0,,,0,상한 초과 확정: logQ_boot(명목) 1845 + 최소 logP 60 > 1747
openfhe,16,32768,45,45,20,20,3,3,14,512,,,,,,,,,,0,,,0,상한 초과 확정: logQ_boot(명목) 1845 + 최소 logP 60 > 1747
openfhe,16,32768,45,45,19,22,4,4,14,512,,,,,,,,,,0,,,0,상한 초과 확정: logQ_boot(명목) 1890 + 최소 logP 60 > 1747
openfhe,16,32768,45,45,20,21,3,4,14,512,,,,,,,,,,0,,,0,상한 초과 확정: logQ_boot(명목) 1890 + 최소 logP 60 > 1747
openfhe,16,32768,45,45,20,21,4,3,14,512,,,,,,,,,,0,,,0,상한 초과 확정: logQ_boot(명목) 1890 + 최소 logP 60 > 1747
openfhe,16,32768,45,45,20,22,4,4,14,512,,,,,,,,,,0,,,0,상한 초과 확정: logQ_boot(명목) 1935 + 최소 logP 60 > 1747
openfhe,16,32768,45,48,15,16,1,1,14,512,,,,,,,,,,1,,,0,예측 탈락(§8.5 규칙4): logQ 1533 + 예측 logP 1560 > 1747+60 → 컨텍스트 미생성
openfhe,16,32768,45,48,15,16,1,1,14,512,,,,,,,,,,2,,,0,예측 탈락(§8.5 규칙4): logQ 1533 + 예측 logP 780 > 1747+60 → 컨텍스트 미생성
openfhe,16,32768,45,48,15,16,1,1,14,512,,,,,,,,,,3,,,0,예측 탈락(§8.5 규칙4): logQ 1533 + 예측 logP 540 > 1747+60 → 컨텍스트 미생성
openfhe,16,32768,45,48,15,16,1,1,14,512,,,,,,,,,,4,,,0,예측 탈락(§8.5 규칙4): logQ 1533 + 예측 logP 420 > 1747+60 → 컨텍스트 미생성
openfhe,16,32768,45,48,15,16,1,1,14,512,,,,,,,,,,5,,,0,예측 탈락(§8.5 규칙4): logQ 1533 + 예측 logP 360 > 1747+60 → 컨텍스트 미생성
openfhe,16,32768,45,48,15,16,1,1,14,512,,,,,,,,,,6,,,0,예측 탈락(§8.5 규칙4): logQ 1533 + 예측 logP 300 > 1747+60 → 컨텍스트 미생성
openfhe,16,32768,45,48,15,16,1,1,14,512,,,,,,,,,,7,,,0,/data/yja/openfhe-src/src/pke/lib/scheme/gen-cryptocontext-params-validation.cpp:l.92:validateParametersForCryptocontext(): firstModSize cannot be less than scalingModSize
openfhe,16,32768,45,48,15,16,1,1,14,512,,,,,,,,,,8,,,0,/data/yja/openfhe-src/src/pke/lib/scheme/gen-cryptocontext-params-validation.cpp:l.92:validateParametersForCryptocontext(): firstModSize cannot be less than scalingModSize
openfhe,16,32768,45,48,15,16,1,1,14,512,,,,,,,,,,11,,,0,/data/yja/openfhe-src/src/pke/lib/scheme/gen-cryptocontext-params-validation.cpp:l.92:validateParametersForCryptocontext(): firstModSize cannot be less than scalingModSize
openfhe,16,32768,45,48,15,16,1,1,14,512,,,,,,,,,,16,,,0,/data/yja/openfhe-src/src/pke/lib/scheme/gen-cryptocontext-params-validation.cpp:l.92:validateParametersForCryptocontext(): firstModSize cannot be less than scalingModSize
openfhe,16,32768,45,48,15,16,1,1,14,512,,,,,,,,,,32,,,0,/data/yja/openfhe-src/src/pke/lib/scheme/gen-cryptocontext-params-validation.cpp:l.92:validateParametersForCryptocontext(): firstModSize cannot be less than scalingModSize
openfhe,16,32768,45,48,16,16,1,1,14,512,,,,,,,,,,1,,,0,예측 탈락(§8.5 규칙4): logQ 1581 + 예측 logP 1620 > 1747+60 → 컨텍스트 미생성
openfhe,16,32768,45,48,16,16,1,1,14,512,,,,,,,,,,2,,,0,예측 탈락(§8.5 규칙4): logQ 1581 + 예측 logP 840 > 1747+60 → 컨텍스트 미생성
openfhe,16,32768,45,48,16,16,1,1,14,512,,,,,,,,,,3,,,0,예측 탈락(§8.5 규칙4): logQ 1581 + 예측 logP 540 > 1747+60 → 컨텍스트 미생성
openfhe,16,32768,45,48,16,16,1,1,14,512,,,,,,,,,,4,,,0,예측 탈락(§8.5 규칙4): logQ 1581 + 예측 logP 480 > 1747+60 → 컨텍스트 미생성
openfhe,16,32768,45,48,16,16,1,1,14,512,,,,,,,,,,5,,,0,예측 탈락(§8.5 규칙4): logQ 1581 + 예측 logP 360 > 1747+60 → 컨텍스트 미생성
openfhe,16,32768,45,48,16,16,1,1,14,512,,,,,,,,,,6,,,0,예측 탈락(§8.5 규칙4): logQ 1581 + 예측 logP 300 > 1747+60 → 컨텍스트 미생성
openfhe,16,32768,45,48,16,16,1,1,14,512,,,,,,,,,,7,,,0,예측 탈락(§8.5 규칙4): logQ 1581 + 예측 logP 240 > 1747+60 → 컨텍스트 미생성
openfhe,16,32768,45,48,16,16,1,1,14,512,,,,,,,,,,9,,,0,예측 탈락(§8.5 규칙4): logQ 1581 + 예측 logP 240 > 1747+60 → 컨텍스트 미생성
openfhe,16,32768,45,48,16,16,1,1,14,512,,,,,,,,,,11,,,0,/data/yja/openfhe-src/src/pke/lib/scheme/gen-cryptocontext-params-validation.cpp:l.92:validateParametersForCryptocontext(): firstModSize cannot be less than scalingModSize
openfhe,16,32768,45,48,16,16,1,1,14,512,,,,,,,,,,17,,,0,/data/yja/openfhe-src/src/pke/lib/scheme/gen-cryptocontext-params-validation.cpp:l.92:validateParametersForCryptocontext(): firstModSize cannot be less than scalingModSize
openfhe,16,32768,45,48,16,16,1,1,14,512,,,,,,,,,,33,,,0,/data/yja/openfhe-src/src/pke/lib/scheme/gen-cryptocontext-params-validation.cpp:l.92:validateParametersForCryptocontext(): firstModSize cannot be less than scalingModSize
openfhe,16,32768,45,48,15,18,2,2,14,512,,,,,,,,,,1,,,0,예측 탈락(§8.5 규칙4): logQ 1629 + 예측 logP 1680 > 1747+60 → 컨텍스트 미생성
openfhe,16,32768,45,48,17,16,1,1,14,512,,,,,,,,,,1,,,0,예측 탈락(§8.5 규칙4): logQ 1629 + 예측 logP 1680 > 1747+60 → 컨텍스트 미생성
openfhe,16,32768,45,48,15,18,2,2,14,512,,,,,,,,,,2,,,0,예측 탈락(§8.5 규칙4): logQ 1629 + 예측 logP 840 > 1747+60 → 컨텍스트 미생성
openfhe,16,32768,45,48,17,16,1,1,14,512,,,,,,,,,,2,,,0,예측 탈락(§8.5 규칙4): logQ 1629 + 예측 logP 840 > 1747+60 → 컨텍스트 미생성
openfhe,16,32768,45,48,15,18,2,2,14,512,,,,,,,,,,3,,,0,예측 탈락(§8.5 규칙4): logQ 1629 + 예측 logP 600 > 1747+60 → 컨텍스트 미생성
openfhe,16,32768,45,48,17,16,1,1,14,512,,,,,,,,,,3,,,0,예측 탈락(§8.5 규칙4): logQ 1629 + 예측 logP 600 > 1747+60 → 컨텍스트 미생성
openfhe,16,32768,45,48,15,18,2,2,14,512,,,,,,,,,,4,,,0,예측 탈락(§8.5 규칙4): logQ 1629 + 예측 logP 480 > 1747+60 → 컨텍스트 미생성
openfhe,16,32768,45,48,17,16,1,1,14,512,,,,,,,,,,4,,,0,예측 탈락(§8.5 규칙4): logQ 1629 + 예측 logP 480 > 1747+60 → 컨텍스트 미생성
openfhe,16,32768,45,48,15,18,2,2,14,512,,,,,,,,,,5,,,0,예측 탈락(§8.5 규칙4): logQ 1629 + 예측 logP 360 > 1747+60 → 컨텍스트 미생성
openfhe,16,32768,45,48,17,16,1,1,14,512,,,,,,,,,,5,,,0,예측 탈락(§8.5 규칙4): logQ 1629 + 예측 logP 360 > 1747+60 → 컨텍스트 미생성
openfhe,16,32768,45,48,15,18,2,2,14,512,,,,,,,,,,6,,,0,예측 탈락(§8.5 규칙4): logQ 1629 + 예측 logP 300 > 1747+60 → 컨텍스트 미생성
openfhe,16,32768,45,48,17,16,1,1,14,512,,,,,,,,,,6,,,0,예측 탈락(§8.5 규칙4): logQ 1629 + 예측 logP 300 > 1747+60 → 컨텍스트 미생성
openfhe,16,32768,45,48,15,18,2,2,14,512,,,,,,,,,,7,,,0,예측 탈락(§8.5 규칙4): logQ 1629 + 예측 logP 240 > 1747+60 → 컨텍스트 미생성
openfhe,16,32768,45,48,17,16,1,1,14,512,,,,,,,,,,7,,,0,예측 탈락(§8.5 규칙4): logQ 1629 + 예측 logP 240 > 1747+60 → 컨텍스트 미생성
openfhe,16,32768,45,48,15,18,2,2,14,512,,,,,,,,,,9,,,0,예측 탈락(§8.5 규칙4): logQ 1629 + 예측 logP 240 > 1747+60 → 컨텍스트 미생성
openfhe,16,32768,45,48,17,16,1,1,14,512,,,,,,,,,,9,,,0,예측 탈락(§8.5 규칙4): logQ 1629 + 예측 logP 240 > 1747+60 → 컨텍스트 미생성
openfhe,16,32768,45,48,15,18,2,2,14,512,,,,,,,,,,12,,,0,예측 탈락(§8.5 규칙4): logQ 1629 + 예측 logP 180 > 1747+60 → 컨텍스트 미생성
openfhe,16,32768,45,48,17,16,1,1,14,512,,,,,,,,,,12,,,0,예측 탈락(§8.5 규칙4): logQ 1629 + 예측 logP 180 > 1747+60 → 컨텍스트 미생성
openfhe,16,32768,45,48,15,18,2,2,14,512,,,,,,,,,,17,,,0,/data/yja/openfhe-src/src/pke/lib/scheme/gen-cryptocontext-params-validation.cpp:l.92:validateParametersForCryptocontext(): firstModSize cannot be less than scalingModSize
openfhe,16,32768,45,48,17,16,1,1,14,512,,,,,,,,,,17,,,0,/data/yja/openfhe-src/src/pke/lib/scheme/gen-cryptocontext-params-validation.cpp:l.92:validateParametersForCryptocontext(): firstModSize cannot be less than scalingModSize
openfhe,16,32768,45,48,15,18,2,2,14,512,,,,,,,,,,34,,,0,/data/yja/openfhe-src/src/pke/lib/scheme/gen-cryptocontext-params-validation.cpp:l.92:validateParametersForCryptocontext(): firstModSize cannot be less than scalingModSize
openfhe,16,32768,45,48,17,16,1,1,14,512,,,,,,,,,,34,,,0,/data/yja/openfhe-src/src/pke/lib/scheme/gen-cryptocontext-params-validation.cpp:l.92:validateParametersForCryptocontext(): firstModSize cannot be less than scalingModSize
openfhe,16,32768,45,48,16,18,2,2,14,512,,,,,,,,,,1,,,0,예측 탈락(§8.5 규칙4): logQ 1677 + 예측 logP 1680 > 1747+60 → 컨텍스트 미생성
openfhe,16,32768,45,48,18,16,1,1,14,512,,,,,,,,,,1,,,0,예측 탈락(§8.5 규칙4): logQ 1677 + 예측 logP 1680 > 1747+60 → 컨텍스트 미생성
openfhe,16,32768,45,48,16,18,2,2,14,512,,,,,,,,,,2,,,0,예측 탈락(§8.5 규칙4): logQ 1677 + 예측 logP 900 > 1747+60 → 컨텍스트 미생성
openfhe,16,32768,45,48,18,16,1,1,14,512,,,,,,,,,,2,,,0,예측 탈락(§8.5 규칙4): logQ 1677 + 예측 logP 900 > 1747+60 → 컨텍스트 미생성
openfhe,16,32768,45,48,16,18,2,2,14,512,,,,,,,,,,3,,,0,예측 탈락(§8.5 규칙4): logQ 1677 + 예측 logP 600 > 1747+60 → 컨텍스트 미생성
openfhe,16,32768,45,48,18,16,1,1,14,512,,,,,,,,,,3,,,0,예측 탈락(§8.5 규칙4): logQ 1677 + 예측 logP 600 > 1747+60 → 컨텍스트 미생성
openfhe,16,32768,45,48,16,18,2,2,14,512,,,,,,,,,,4,,,0,예측 탈락(§8.5 규칙4): logQ 1677 + 예측 logP 480 > 1747+60 → 컨텍스트 미생성
openfhe,16,32768,45,48,18,16,1,1,14,512,,,,,,,,,,4,,,0,예측 탈락(§8.5 규칙4): logQ 1677 + 예측 logP 480 > 1747+60 → 컨텍스트 미생성
openfhe,16,32768,45,48,16,18,2,2,14,512,,,,,,,,,,5,,,0,예측 탈락(§8.5 규칙4): logQ 1677 + 예측 logP 360 > 1747+60 → 컨텍스트 미생성
openfhe,16,32768,45,48,18,16,1,1,14,512,,,,,,,,,,5,,,0,예측 탈락(§8.5 규칙4): logQ 1677 + 예측 logP 360 > 1747+60 → 컨텍스트 미생성
openfhe,16,32768,45,48,16,18,2,2,14,512,,,,,,,,,,6,,,0,예측 탈락(§8.5 규칙4): logQ 1677 + 예측 logP 300 > 1747+60 → 컨텍스트 미생성
openfhe,16,32768,45,48,18,16,1,1,14,512,,,,,,,,,,6,,,0,예측 탈락(§8.5 규칙4): logQ 1677 + 예측 logP 300 > 1747+60 → 컨텍스트 미생성
openfhe,16,32768,45,48,16,18,2,2,14,512,,,,,,,,,,7,,,0,예측 탈락(§8.5 규칙4): logQ 1677 + 예측 logP 240 > 1747+60 → 컨텍스트 미생성
openfhe,16,32768,45,48,18,16,1,1,14,512,,,,,,,,,,7,,,0,예측 탈락(§8.5 규칙4): logQ 1677 + 예측 logP 240 > 1747+60 → 컨텍스트 미생성
openfhe,16,32768,45,48,16,18,2,2,14,512,,,,,,,,,,9,,,0,예측 탈락(§8.5 규칙4): logQ 1677 + 예측 logP 240 > 1747+60 → 컨텍스트 미생성
openfhe,16,32768,45,48,18,16,1,1,14,512,,,,,,,,,,9,,,0,예측 탈락(§8.5 규칙4): logQ 1677 + 예측 logP 240 > 1747+60 → 컨텍스트 미생성
openfhe,16,32768,45,48,16,18,2,2,14,512,,,,,,,,,,12,,,0,예측 탈락(§8.5 규칙4): logQ 1677 + 예측 logP 180 > 1747+60 → 컨텍스트 미생성
openfhe,16,32768,45,48,18,16,1,1,14,512,,,,,,,,,,12,,,0,예측 탈락(§8.5 규칙4): logQ 1677 + 예측 logP 180 > 1747+60 → 컨텍스트 미생성
openfhe,16,32768,45,48,16,18,2,2,14,512,,,,,,,,,,18,,,0,/data/yja/openfhe-src/src/pke/lib/scheme/gen-cryptocontext-params-validation.cpp:l.92:validateParametersForCryptocontext(): firstModSize cannot be less than scalingModSize
openfhe,16,32768,45,48,18,16,1,1,14,512,,,,,,,,,,18,,,0,/data/yja/openfhe-src/src/pke/lib/scheme/gen-cryptocontext-params-validation.cpp:l.92:validateParametersForCryptocontext(): firstModSize cannot be less than scalingModSize
openfhe,16,32768,45,48,16,18,2,2,14,512,,,,,,,,,,35,,,0,/data/yja/openfhe-src/src/pke/lib/scheme/gen-cryptocontext-params-validation.cpp:l.92:validateParametersForCryptocontext(): firstModSize cannot be less than scalingModSize
openfhe,16,32768,45,48,18,16,1,1,14,512,,,,,,,,,,35,,,0,/data/yja/openfhe-src/src/pke/lib/scheme/gen-cryptocontext-params-validation.cpp:l.92:validateParametersForCryptocontext(): firstModSize cannot be less than scalingModSize
openfhe,16,32768,45,48,15,20,3,3,14,512,,,,,,,,,,0,,,0,상한 초과 확정: logQ_boot(명목) 1725 + 최소 logP 60 > 1747
openfhe,16,32768,45,48,17,18,2,2,14,512,,,,,,,,,,0,,,0,상한 초과 확정: logQ_boot(명목) 1725 + 최소 logP 60 > 1747
openfhe,16,32768,45,48,19,16,1,1,14,512,,,,,,,,,,0,,,0,상한 초과 확정: logQ_boot(명목) 1725 + 최소 logP 60 > 1747
openfhe,16,32768,45,48,15,21,3,4,14,512,,,,,,,,,,0,,,0,상한 초과 확정: logQ_boot(명목) 1773 + 최소 logP 60 > 1747
openfhe,16,32768,45,48,15,21,4,3,14,512,,,,,,,,,,0,,,0,상한 초과 확정: logQ_boot(명목) 1773 + 최소 logP 60 > 1747
openfhe,16,32768,45,48,16,20,3,3,14,512,,,,,,,,,,0,,,0,상한 초과 확정: logQ_boot(명목) 1773 + 최소 logP 60 > 1747
openfhe,16,32768,45,48,18,18,2,2,14,512,,,,,,,,,,0,,,0,상한 초과 확정: logQ_boot(명목) 1773 + 최소 logP 60 > 1747
openfhe,16,32768,45,48,20,16,1,1,14,512,,,,,,,,,,0,,,0,상한 초과 확정: logQ_boot(명목) 1773 + 최소 logP 60 > 1747
openfhe,16,32768,45,48,15,22,4,4,14,512,,,,,,,,,,0,,,0,상한 초과 확정: logQ_boot(명목) 1821 + 최소 logP 60 > 1747
openfhe,16,32768,45,48,16,21,3,4,14,512,,,,,,,,,,0,,,0,상한 초과 확정: logQ_boot(명목) 1821 + 최소 logP 60 > 1747
openfhe,16,32768,45,48,16,21,4,3,14,512,,,,,,,,,,0,,,0,상한 초과 확정: logQ_boot(명목) 1821 + 최소 logP 60 > 1747
openfhe,16,32768,45,48,17,20,3,3,14,512,,,,,,,,,,0,,,0,상한 초과 확정: logQ_boot(명목) 1821 + 최소 logP 60 > 1747
openfhe,16,32768,45,48,19,18,2,2,14,512,,,,,,,,,,0,,,0,상한 초과 확정: logQ_boot(명목) 1821 + 최소 logP 60 > 1747
openfhe,16,32768,45,48,16,22,4,4,14,512,,,,,,,,,,0,,,0,상한 초과 확정: logQ_boot(명목) 1869 + 최소 logP 60 > 1747
openfhe,16,32768,45,48,17,21,3,4,14,512,,,,,,,,,,0,,,0,상한 초과 확정: logQ_boot(명목) 1869 + 최소 logP 60 > 1747
openfhe,16,32768,45,48,17,21,4,3,14,512,,,,,,,,,,0,,,0,상한 초과 확정: logQ_boot(명목) 1869 + 최소 logP 60 > 1747
openfhe,16,32768,45,48,18,20,3,3,14,512,,,,,,,,,,0,,,0,상한 초과 확정: logQ_boot(명목) 1869 + 최소 logP 60 > 1747
openfhe,16,32768,45,48,20,18,2,2,14,512,,,,,,,,,,0,,,0,상한 초과 확정: logQ_boot(명목) 1869 + 최소 logP 60 > 1747
openfhe,16,32768,45,48,17,22,4,4,14,512,,,,,,,,,,0,,,0,상한 초과 확정: logQ_boot(명목) 1917 + 최소 logP 60 > 1747
openfhe,16,32768,45,48,18,21,3,4,14,512,,,,,,,,,,0,,,0,상한 초과 확정: logQ_boot(명목) 1917 + 최소 logP 60 > 1747
openfhe,16,32768,45,48,18,21,4,3,14,512,,,,,,,,,,0,,,0,상한 초과 확정: logQ_boot(명목) 1917 + 최소 logP 60 > 1747
openfhe,16,32768,45,48,19,20,3,3,14,512,,,,,,,,,,0,,,0,상한 초과 확정: logQ_boot(명목) 1917 + 최소 logP 60 > 1747
openfhe,16,32768,45,48,18,22,4,4,14,512,,,,,,,,,,0,,,0,상한 초과 확정: logQ_boot(명목) 1965 + 최소 logP 60 > 1747
openfhe,16,32768,45,48,19,21,3,4,14,512,,,,,,,,,,0,,,0,상한 초과 확정: logQ_boot(명목) 1965 + 최소 logP 60 > 1747
openfhe,16,32768,45,48,19,21,4,3,14,512,,,,,,,,,,0,,,0,상한 초과 확정: logQ_boot(명목) 1965 + 최소 logP 60 > 1747
openfhe,16,32768,45,48,20,20,3,3,14,512,,,,,,,,,,0,,,0,상한 초과 확정: logQ_boot(명목) 1965 + 최소 logP 60 > 1747
openfhe,16,32768,45,48,19,22,4,4,14,512,,,,,,,,,,0,,,0,상한 초과 확정: logQ_boot(명목) 2013 + 최소 logP 60 > 1747
openfhe,16,32768,45,48,20,21,3,4,14,512,,,,,,,,,,0,,,0,상한 초과 확정: logQ_boot(명목) 2013 + 최소 logP 60 > 1747
openfhe,16,32768,45,48,20,21,4,3,14,512,,,,,,,,,,0,,,0,상한 초과 확정: logQ_boot(명목) 2013 + 최소 logP 60 > 1747
openfhe,16,32768,45,48,20,22,4,4,14,512,,,,,,,,,,0,,,0,상한 초과 확정: logQ_boot(명목) 2061 + 최소 logP 60 > 1747
openfhe,16,32768,45,50,15,16,1,1,14,512,,,,,,,,,,1,,,0,예측 탈락(§8.5 규칙4): logQ 1595 + 예측 logP 1620 > 1747+60 → 컨텍스트 미생성
openfhe,16,32768,45,50,15,16,1,1,14,512,,,,,,,,,,2,,,0,예측 탈락(§8.5 규칙4): logQ 1595 + 예측 logP 840 > 1747+60 → 컨텍스트 미생성
openfhe,16,32768,45,50,15,16,1,1,14,512,,,,,,,,,,3,,,0,예측 탈락(§8.5 규칙4): logQ 1595 + 예측 logP 600 > 1747+60 → 컨텍스트 미생성
openfhe,16,32768,45,50,15,16,1,1,14,512,,,,,,,,,,4,,,0,예측 탈락(§8.5 규칙4): logQ 1595 + 예측 logP 420 > 1747+60 → 컨텍스트 미생성
openfhe,16,32768,45,50,15,16,1,1,14,512,,,,,,,,,,5,,,0,예측 탈락(§8.5 규칙4): logQ 1595 + 예측 logP 360 > 1747+60 → 컨텍스트 미생성
openfhe,16,32768,45,50,15,16,1,1,14,512,,,,,,,,,,6,,,0,예측 탈락(§8.5 규칙4): logQ 1595 + 예측 logP 300 > 1747+60 → 컨텍스트 미생성
openfhe,16,32768,45,50,15,16,1,1,14,512,,,,,,,,,,7,,,0,예측 탈락(§8.5 규칙4): logQ 1595 + 예측 logP 300 > 1747+60 → 컨텍스트 미생성
openfhe,16,32768,45,50,15,16,1,1,14,512,,,,,,,,,,8,,,0,예측 탈락(§8.5 규칙4): logQ 1595 + 예측 logP 240 > 1747+60 → 컨텍스트 미생성
openfhe,16,32768,45,50,15,16,1,1,14,512,,,,,,,,,,11,,,0,/data/yja/openfhe-src/src/pke/lib/scheme/gen-cryptocontext-params-validation.cpp:l.92:validateParametersForCryptocontext(): firstModSize cannot be less than scalingModSize
openfhe,16,32768,45,50,15,16,1,1,14,512,,,,,,,,,,16,,,0,/data/yja/openfhe-src/src/pke/lib/scheme/gen-cryptocontext-params-validation.cpp:l.92:validateParametersForCryptocontext(): firstModSize cannot be less than scalingModSize
openfhe,16,32768,45,50,15,16,1,1,14,512,,,,,,,,,,32,,,0,/data/yja/openfhe-src/src/pke/lib/scheme/gen-cryptocontext-params-validation.cpp:l.92:validateParametersForCryptocontext(): firstModSize cannot be less than scalingModSize
openfhe,16,32768,45,50,16,16,1,1,14,512,,,,,,,,,,1,,,0,예측 탈락(§8.5 규칙4): logQ 1645 + 예측 logP 1680 > 1747+60 → 컨텍스트 미생성
openfhe,16,32768,45,50,16,16,1,1,14,512,,,,,,,,,,2,,,0,예측 탈락(§8.5 규칙4): logQ 1645 + 예측 logP 900 > 1747+60 → 컨텍스트 미생성
openfhe,16,32768,45,50,16,16,1,1,14,512,,,,,,,,,,3,,,0,예측 탈락(§8.5 규칙4): logQ 1645 + 예측 logP 600 > 1747+60 → 컨텍스트 미생성
openfhe,16,32768,45,50,16,16,1,1,14,512,,,,,,,,,,4,,,0,예측 탈락(§8.5 규칙4): logQ 1645 + 예측 logP 480 > 1747+60 → 컨텍스트 미생성
openfhe,16,32768,45,50,16,16,1,1,14,512,,,,,,,,,,5,,,0,예측 탈락(§8.5 규칙4): logQ 1645 + 예측 logP 360 > 1747+60 → 컨텍스트 미생성
openfhe,16,32768,45,50,16,16,1,1,14,512,,,,,,,,,,6,,,0,예측 탈락(§8.5 규칙4): logQ 1645 + 예측 logP 300 > 1747+60 → 컨텍스트 미생성
openfhe,16,32768,45,50,16,16,1,1,14,512,,,,,,,,,,7,,,0,예측 탈락(§8.5 규칙4): logQ 1645 + 예측 logP 300 > 1747+60 → 컨텍스트 미생성
openfhe,16,32768,45,50,16,16,1,1,14,512,,,,,,,,,,9,,,0,예측 탈락(§8.5 규칙4): logQ 1645 + 예측 logP 240 > 1747+60 → 컨텍스트 미생성
openfhe,16,32768,45,50,16,16,1,1,14,512,,,,,,,,,,11,,,0,예측 탈락(§8.5 규칙4): logQ 1645 + 예측 logP 180 > 1747+60 → 컨텍스트 미생성
openfhe,16,32768,45,50,16,16,1,1,14,512,,,,,,,,,,17,,,0,/data/yja/openfhe-src/src/pke/lib/scheme/gen-cryptocontext-params-validation.cpp:l.92:validateParametersForCryptocontext(): firstModSize cannot be less than scalingModSize
openfhe,16,32768,45,50,16,16,1,1,14,512,,,,,,,,,,33,,,0,/data/yja/openfhe-src/src/pke/lib/scheme/gen-cryptocontext-params-validation.cpp:l.92:validateParametersForCryptocontext(): firstModSize cannot be less than scalingModSize
openfhe,16,32768,45,50,15,18,2,2,14,512,,,,,,,,,,0,,,0,상한 초과 확정: logQ_boot(명목) 1695 + 최소 logP 60 > 1747
openfhe,16,32768,45,50,17,16,1,1,14,512,,,,,,,,,,0,,,0,상한 초과 확정: logQ_boot(명목) 1695 + 최소 logP 60 > 1747
openfhe,16,32768,45,50,16,18,2,2,14,512,,,,,,,,,,0,,,0,상한 초과 확정: logQ_boot(명목) 1745 + 최소 logP 60 > 1747
openfhe,16,32768,45,50,18,16,1,1,14,512,,,,,,,,,,0,,,0,상한 초과 확정: logQ_boot(명목) 1745 + 최소 logP 60 > 1747
openfhe,16,32768,45,50,15,20,3,3,14,512,,,,,,,,,,0,,,0,상한 초과 확정: logQ_boot(명목) 1795 + 최소 logP 60 > 1747
openfhe,16,32768,45,50,17,18,2,2,14,512,,,,,,,,,,0,,,0,상한 초과 확정: logQ_boot(명목) 1795 + 최소 logP 60 > 1747
openfhe,16,32768,45,50,19,16,1,1,14,512,,,,,,,,,,0,,,0,상한 초과 확정: logQ_boot(명목) 1795 + 최소 logP 60 > 1747
openfhe,16,32768,45,50,15,21,3,4,14,512,,,,,,,,,,0,,,0,상한 초과 확정: logQ_boot(명목) 1845 + 최소 logP 60 > 1747
openfhe,16,32768,45,50,15,21,4,3,14,512,,,,,,,,,,0,,,0,상한 초과 확정: logQ_boot(명목) 1845 + 최소 logP 60 > 1747
openfhe,16,32768,45,50,16,20,3,3,14,512,,,,,,,,,,0,,,0,상한 초과 확정: logQ_boot(명목) 1845 + 최소 logP 60 > 1747
openfhe,16,32768,45,50,18,18,2,2,14,512,,,,,,,,,,0,,,0,상한 초과 확정: logQ_boot(명목) 1845 + 최소 logP 60 > 1747
openfhe,16,32768,45,50,20,16,1,1,14,512,,,,,,,,,,0,,,0,상한 초과 확정: logQ_boot(명목) 1845 + 최소 logP 60 > 1747
openfhe,16,32768,45,50,15,22,4,4,14,512,,,,,,,,,,0,,,0,상한 초과 확정: logQ_boot(명목) 1895 + 최소 logP 60 > 1747
openfhe,16,32768,45,50,16,21,3,4,14,512,,,,,,,,,,0,,,0,상한 초과 확정: logQ_boot(명목) 1895 + 최소 logP 60 > 1747
openfhe,16,32768,45,50,16,21,4,3,14,512,,,,,,,,,,0,,,0,상한 초과 확정: logQ_boot(명목) 1895 + 최소 logP 60 > 1747
openfhe,16,32768,45,50,17,20,3,3,14,512,,,,,,,,,,0,,,0,상한 초과 확정: logQ_boot(명목) 1895 + 최소 logP 60 > 1747
openfhe,16,32768,45,50,19,18,2,2,14,512,,,,,,,,,,0,,,0,상한 초과 확정: logQ_boot(명목) 1895 + 최소 logP 60 > 1747
openfhe,16,32768,45,50,16,22,4,4,14,512,,,,,,,,,,0,,,0,상한 초과 확정: logQ_boot(명목) 1945 + 최소 logP 60 > 1747
openfhe,16,32768,45,50,17,21,3,4,14,512,,,,,,,,,,0,,,0,상한 초과 확정: logQ_boot(명목) 1945 + 최소 logP 60 > 1747
openfhe,16,32768,45,50,17,21,4,3,14,512,,,,,,,,,,0,,,0,상한 초과 확정: logQ_boot(명목) 1945 + 최소 logP 60 > 1747
openfhe,16,32768,45,50,18,20,3,3,14,512,,,,,,,,,,0,,,0,상한 초과 확정: logQ_boot(명목) 1945 + 최소 logP 60 > 1747
openfhe,16,32768,45,50,20,18,2,2,14,512,,,,,,,,,,0,,,0,상한 초과 확정: logQ_boot(명목) 1945 + 최소 logP 60 > 1747
openfhe,16,32768,45,50,17,22,4,4,14,512,,,,,,,,,,0,,,0,상한 초과 확정: logQ_boot(명목) 1995 + 최소 logP 60 > 1747
openfhe,16,32768,45,50,18,21,3,4,14,512,,,,,,,,,,0,,,0,상한 초과 확정: logQ_boot(명목) 1995 + 최소 logP 60 > 1747
openfhe,16,32768,45,50,18,21,4,3,14,512,,,,,,,,,,0,,,0,상한 초과 확정: logQ_boot(명목) 1995 + 최소 logP 60 > 1747
openfhe,16,32768,45,50,19,20,3,3,14,512,,,,,,,,,,0,,,0,상한 초과 확정: logQ_boot(명목) 1995 + 최소 logP 60 > 1747
openfhe,16,32768,45,50,18,22,4,4,14,512,,,,,,,,,,0,,,0,상한 초과 확정: logQ_boot(명목) 2045 + 최소 logP 60 > 1747
openfhe,16,32768,45,50,19,21,3,4,14,512,,,,,,,,,,0,,,0,상한 초과 확정: logQ_boot(명목) 2045 + 최소 logP 60 > 1747
openfhe,16,32768,45,50,19,21,4,3,14,512,,,,,,,,,,0,,,0,상한 초과 확정: logQ_boot(명목) 2045 + 최소 logP 60 > 1747
openfhe,16,32768,45,50,20,20,3,3,14,512,,,,,,,,,,0,,,0,상한 초과 확정: logQ_boot(명목) 2045 + 최소 logP 60 > 1747
openfhe,16,32768,45,50,19,22,4,4,14,512,,,,,,,,,,0,,,0,상한 초과 확정: logQ_boot(명목) 2095 + 최소 logP 60 > 1747
openfhe,16,32768,45,50,20,21,3,4,14,512,,,,,,,,,,0,,,0,상한 초과 확정: logQ_boot(명목) 2095 + 최소 logP 60 > 1747
openfhe,16,32768,45,50,20,21,4,3,14,512,,,,,,,,,,0,,,0,상한 초과 확정: logQ_boot(명목) 2095 + 최소 logP 60 > 1747
openfhe,16,32768,45,50,20,22,4,4,14,512,,,,,,,,,,0,,,0,상한 초과 확정: logQ_boot(명목) 2145 + 최소 logP 60 > 1747
openfhe,16,32768,45,55,15,16,1,1,14,512,,,,,,,,,,0,,,0,상한 초과 확정: logQ_boot(명목) 1750 + 최소 logP 60 > 1747
openfhe,16,32768,45,55,16,16,1,1,14,512,,,,,,,,,,0,,,0,상한 초과 확정: logQ_boot(명목) 1805 + 최소 logP 60 > 1747
openfhe,16,32768,45,55,15,18,2,2,14,512,,,,,,,,,,0,,,0,상한 초과 확정: logQ_boot(명목) 1860 + 최소 logP 60 > 1747
openfhe,16,32768,45,55,17,16,1,1,14,512,,,,,,,,,,0,,,0,상한 초과 확정: logQ_boot(명목) 1860 + 최소 logP 60 > 1747
openfhe,16,32768,45,55,16,18,2,2,14,512,,,,,,,,,,0,,,0,상한 초과 확정: logQ_boot(명목) 1915 + 최소 logP 60 > 1747
openfhe,16,32768,45,55,18,16,1,1,14,512,,,,,,,,,,0,,,0,상한 초과 확정: logQ_boot(명목) 1915 + 최소 logP 60 > 1747
openfhe,16,32768,45,55,15,20,3,3,14,512,,,,,,,,,,0,,,0,상한 초과 확정: logQ_boot(명목) 1970 + 최소 logP 60 > 1747
openfhe,16,32768,45,55,17,18,2,2,14,512,,,,,,,,,,0,,,0,상한 초과 확정: logQ_boot(명목) 1970 + 최소 logP 60 > 1747
openfhe,16,32768,45,55,19,16,1,1,14,512,,,,,,,,,,0,,,0,상한 초과 확정: logQ_boot(명목) 1970 + 최소 logP 60 > 1747
openfhe,16,32768,45,55,15,21,3,4,14,512,,,,,,,,,,0,,,0,상한 초과 확정: logQ_boot(명목) 2025 + 최소 logP 60 > 1747
openfhe,16,32768,45,55,15,21,4,3,14,512,,,,,,,,,,0,,,0,상한 초과 확정: logQ_boot(명목) 2025 + 최소 logP 60 > 1747
openfhe,16,32768,45,55,16,20,3,3,14,512,,,,,,,,,,0,,,0,상한 초과 확정: logQ_boot(명목) 2025 + 최소 logP 60 > 1747
openfhe,16,32768,45,55,18,18,2,2,14,512,,,,,,,,,,0,,,0,상한 초과 확정: logQ_boot(명목) 2025 + 최소 logP 60 > 1747
openfhe,16,32768,45,55,20,16,1,1,14,512,,,,,,,,,,0,,,0,상한 초과 확정: logQ_boot(명목) 2025 + 최소 logP 60 > 1747
openfhe,16,32768,45,55,15,22,4,4,14,512,,,,,,,,,,0,,,0,상한 초과 확정: logQ_boot(명목) 2080 + 최소 logP 60 > 1747
openfhe,16,32768,45,55,16,21,3,4,14,512,,,,,,,,,,0,,,0,상한 초과 확정: logQ_boot(명목) 2080 + 최소 logP 60 > 1747
openfhe,16,32768,45,55,16,21,4,3,14,512,,,,,,,,,,0,,,0,상한 초과 확정: logQ_boot(명목) 2080 + 최소 logP 60 > 1747
openfhe,16,32768,45,55,17,20,3,3,14,512,,,,,,,,,,0,,,0,상한 초과 확정: logQ_boot(명목) 2080 + 최소 logP 60 > 1747
openfhe,16,32768,45,55,19,18,2,2,14,512,,,,,,,,,,0,,,0,상한 초과 확정: logQ_boot(명목) 2080 + 최소 logP 60 > 1747
openfhe,16,32768,45,55,16,22,4,4,14,512,,,,,,,,,,0,,,0,상한 초과 확정: logQ_boot(명목) 2135 + 최소 logP 60 > 1747
openfhe,16,32768,45,55,17,21,3,4,14,512,,,,,,,,,,0,,,0,상한 초과 확정: logQ_boot(명목) 2135 + 최소 logP 60 > 1747
openfhe,16,32768,45,55,17,21,4,3,14,512,,,,,,,,,,0,,,0,상한 초과 확정: logQ_boot(명목) 2135 + 최소 logP 60 > 1747
openfhe,16,32768,45,55,18,20,3,3,14,512,,,,,,,,,,0,,,0,상한 초과 확정: logQ_boot(명목) 2135 + 최소 logP 60 > 1747
openfhe,16,32768,45,55,20,18,2,2,14,512,,,,,,,,,,0,,,0,상한 초과 확정: logQ_boot(명목) 2135 + 최소 logP 60 > 1747
openfhe,16,32768,45,55,17,22,4,4,14,512,,,,,,,,,,0,,,0,상한 초과 확정: logQ_boot(명목) 2190 + 최소 logP 60 > 1747
openfhe,16,32768,45,55,18,21,3,4,14,512,,,,,,,,,,0,,,0,상한 초과 확정: logQ_boot(명목) 2190 + 최소 logP 60 > 1747
openfhe,16,32768,45,55,18,21,4,3,14,512,,,,,,,,,,0,,,0,상한 초과 확정: logQ_boot(명목) 2190 + 최소 logP 60 > 1747
openfhe,16,32768,45,55,19,20,3,3,14,512,,,,,,,,,,0,,,0,상한 초과 확정: logQ_boot(명목) 2190 + 최소 logP 60 > 1747
openfhe,16,32768,45,55,18,22,4,4,14,512,,,,,,,,,,0,,,0,상한 초과 확정: logQ_boot(명목) 2245 + 최소 logP 60 > 1747
openfhe,16,32768,45,55,19,21,3,4,14,512,,,,,,,,,,0,,,0,상한 초과 확정: logQ_boot(명목) 2245 + 최소 logP 60 > 1747
openfhe,16,32768,45,55,19,21,4,3,14,512,,,,,,,,,,0,,,0,상한 초과 확정: logQ_boot(명목) 2245 + 최소 logP 60 > 1747
openfhe,16,32768,45,55,20,20,3,3,14,512,,,,,,,,,,0,,,0,상한 초과 확정: logQ_boot(명목) 2245 + 최소 logP 60 > 1747
openfhe,16,32768,45,55,19,22,4,4,14,512,,,,,,,,,,0,,,0,상한 초과 확정: logQ_boot(명목) 2300 + 최소 logP 60 > 1747
openfhe,16,32768,45,55,20,21,3,4,14,512,,,,,,,,,,0,,,0,상한 초과 확정: logQ_boot(명목) 2300 + 최소 logP 60 > 1747
openfhe,16,32768,45,55,20,21,4,3,14,512,,,,,,,,,,0,,,0,상한 초과 확정: logQ_boot(명목) 2300 + 최소 logP 60 > 1747
openfhe,16,32768,45,55,20,22,4,4,14,512,,,,,,,,,,0,,,0,상한 초과 확정: logQ_boot(명목) 2355 + 최소 logP 60 > 1747
openfhe,16,32768,45,58,15,16,1,1,14,512,,,,,,,,,,0,,,0,상한 초과 확정: logQ_boot(명목) 1843 + 최소 logP 60 > 1747
openfhe,16,32768,45,58,16,16,1,1,14,512,,,,,,,,,,0,,,0,상한 초과 확정: logQ_boot(명목) 1901 + 최소 logP 60 > 1747
openfhe,16,32768,45,58,15,18,2,2,14,512,,,,,,,,,,0,,,0,상한 초과 확정: logQ_boot(명목) 1959 + 최소 logP 60 > 1747
openfhe,16,32768,45,58,17,16,1,1,14,512,,,,,,,,,,0,,,0,상한 초과 확정: logQ_boot(명목) 1959 + 최소 logP 60 > 1747
openfhe,16,32768,45,58,16,18,2,2,14,512,,,,,,,,,,0,,,0,상한 초과 확정: logQ_boot(명목) 2017 + 최소 logP 60 > 1747
openfhe,16,32768,45,58,18,16,1,1,14,512,,,,,,,,,,0,,,0,상한 초과 확정: logQ_boot(명목) 2017 + 최소 logP 60 > 1747
openfhe,16,32768,45,58,15,20,3,3,14,512,,,,,,,,,,0,,,0,상한 초과 확정: logQ_boot(명목) 2075 + 최소 logP 60 > 1747
openfhe,16,32768,45,58,17,18,2,2,14,512,,,,,,,,,,0,,,0,상한 초과 확정: logQ_boot(명목) 2075 + 최소 logP 60 > 1747
openfhe,16,32768,45,58,19,16,1,1,14,512,,,,,,,,,,0,,,0,상한 초과 확정: logQ_boot(명목) 2075 + 최소 logP 60 > 1747
openfhe,16,32768,45,58,15,21,3,4,14,512,,,,,,,,,,0,,,0,상한 초과 확정: logQ_boot(명목) 2133 + 최소 logP 60 > 1747
openfhe,16,32768,45,58,15,21,4,3,14,512,,,,,,,,,,0,,,0,상한 초과 확정: logQ_boot(명목) 2133 + 최소 logP 60 > 1747
openfhe,16,32768,45,58,16,20,3,3,14,512,,,,,,,,,,0,,,0,상한 초과 확정: logQ_boot(명목) 2133 + 최소 logP 60 > 1747
openfhe,16,32768,45,58,18,18,2,2,14,512,,,,,,,,,,0,,,0,상한 초과 확정: logQ_boot(명목) 2133 + 최소 logP 60 > 1747
openfhe,16,32768,45,58,20,16,1,1,14,512,,,,,,,,,,0,,,0,상한 초과 확정: logQ_boot(명목) 2133 + 최소 logP 60 > 1747
openfhe,16,32768,45,58,15,22,4,4,14,512,,,,,,,,,,0,,,0,상한 초과 확정: logQ_boot(명목) 2191 + 최소 logP 60 > 1747
openfhe,16,32768,45,58,16,21,3,4,14,512,,,,,,,,,,0,,,0,상한 초과 확정: logQ_boot(명목) 2191 + 최소 logP 60 > 1747
openfhe,16,32768,45,58,16,21,4,3,14,512,,,,,,,,,,0,,,0,상한 초과 확정: logQ_boot(명목) 2191 + 최소 logP 60 > 1747
openfhe,16,32768,45,58,17,20,3,3,14,512,,,,,,,,,,0,,,0,상한 초과 확정: logQ_boot(명목) 2191 + 최소 logP 60 > 1747
openfhe,16,32768,45,58,19,18,2,2,14,512,,,,,,,,,,0,,,0,상한 초과 확정: logQ_boot(명목) 2191 + 최소 logP 60 > 1747
openfhe,16,32768,45,58,16,22,4,4,14,512,,,,,,,,,,0,,,0,상한 초과 확정: logQ_boot(명목) 2249 + 최소 logP 60 > 1747
openfhe,16,32768,45,58,17,21,3,4,14,512,,,,,,,,,,0,,,0,상한 초과 확정: logQ_boot(명목) 2249 + 최소 logP 60 > 1747
openfhe,16,32768,45,58,17,21,4,3,14,512,,,,,,,,,,0,,,0,상한 초과 확정: logQ_boot(명목) 2249 + 최소 logP 60 > 1747
openfhe,16,32768,45,58,18,20,3,3,14,512,,,,,,,,,,0,,,0,상한 초과 확정: logQ_boot(명목) 2249 + 최소 logP 60 > 1747
openfhe,16,32768,45,58,20,18,2,2,14,512,,,,,,,,,,0,,,0,상한 초과 확정: logQ_boot(명목) 2249 + 최소 logP 60 > 1747
openfhe,16,32768,45,58,17,22,4,4,14,512,,,,,,,,,,0,,,0,상한 초과 확정: logQ_boot(명목) 2307 + 최소 logP 60 > 1747
openfhe,16,32768,45,58,18,21,3,4,14,512,,,,,,,,,,0,,,0,상한 초과 확정: logQ_boot(명목) 2307 + 최소 logP 60 > 1747
openfhe,16,32768,45,58,18,21,4,3,14,512,,,,,,,,,,0,,,0,상한 초과 확정: logQ_boot(명목) 2307 + 최소 logP 60 > 1747
openfhe,16,32768,45,58,19,20,3,3,14,512,,,,,,,,,,0,,,0,상한 초과 확정: logQ_boot(명목) 2307 + 최소 logP 60 > 1747
openfhe,16,32768,45,58,18,22,4,4,14,512,,,,,,,,,,0,,,0,상한 초과 확정: logQ_boot(명목) 2365 + 최소 logP 60 > 1747
openfhe,16,32768,45,58,19,21,3,4,14,512,,,,,,,,,,0,,,0,상한 초과 확정: logQ_boot(명목) 2365 + 최소 logP 60 > 1747
openfhe,16,32768,45,58,19,21,4,3,14,512,,,,,,,,,,0,,,0,상한 초과 확정: logQ_boot(명목) 2365 + 최소 logP 60 > 1747
openfhe,16,32768,45,58,20,20,3,3,14,512,,,,,,,,,,0,,,0,상한 초과 확정: logQ_boot(명목) 2365 + 최소 logP 60 > 1747
openfhe,16,32768,45,58,19,22,4,4,14,512,,,,,,,,,,0,,,0,상한 초과 확정: logQ_boot(명목) 2423 + 최소 logP 60 > 1747
openfhe,16,32768,45,58,20,21,3,4,14,512,,,,,,,,,,0,,,0,상한 초과 확정: logQ_boot(명목) 2423 + 최소 logP 60 > 1747
openfhe,16,32768,45,58,20,21,4,3,14,512,,,,,,,,,,0,,,0,상한 초과 확정: logQ_boot(명목) 2423 + 최소 logP 60 > 1747
openfhe,16,32768,45,58,20,22,4,4,14,512,,,,,,,,,,0,,,0,상한 초과 확정: logQ_boot(명목) 2481 + 최소 logP 60 > 1747
openfhe,16,32768,50,45,15,16,1,1,14,512,,,,,,,,,,1,,,0,예측 탈락(§8.5 규칙4): logQ 1445 + 예측 logP 1500 > 1747+60 → 컨텍스트 미생성
openfhe,16,32768,50,45,15,16,1,1,14,512,,,,,,,,,,2,,,0,예측 탈락(§8.5 규칙4): logQ 1445 + 예측 logP 780 > 1747+60 → 컨텍스트 미생성
openfhe,16,32768,50,45,15,16,1,1,14,512,,,,,,,,,,3,,,0,예측 탈락(§8.5 규칙4): logQ 1445 + 예측 logP 540 > 1747+60 → 컨텍스트 미생성
openfhe,16,32768,50,45,15,16,1,1,14,512,,,,,,,,,,4,,,0,예측 탈락(§8.5 규칙4): logQ 1445 + 예측 logP 420 > 1747+60 → 컨텍스트 미생성
openfhe,16,32768,50,45,15,16,1,1,14,512,32,1445,6,360,1805,16,725,360,1085,5,320,-58,0,logQP_boot 1805 > 1747
openfhe,16,32768,50,45,15,16,1,1,14,512,32,1445,5,300,1745,16,725,300,1025,6,275,2,1,
openfhe,16,32768,50,45,15,16,1,1,14,512,32,1445,4,240,1685,16,725,240,965,7,230,62,1,
openfhe,16,32768,50,45,15,16,1,1,14,512,32,1445,4,240,1685,16,725,240,965,8,186,62,1,
openfhe,16,32768,50,45,15,16,1,1,14,512,32,1445,3,180,1625,16,725,180,905,11,140,122,1,
openfhe,16,32768,50,45,15,16,1,1,14,512,32,1445,2,120,1565,16,725,120,845,16,96,182,1,
openfhe,16,32768,50,45,15,16,1,1,14,512,32,1445,1,60,1505,16,725,60,785,32,50,242,1,
openfhe,16,32768,50,45,16,16,1,1,14,512,,,,,,,,,,1,,,0,예측 탈락(§8.5 규칙4): logQ 1490 + 예측 logP 1500 > 1747+60 → 컨텍스트 미생성
openfhe,16,32768,50,45,16,16,1,1,14,512,,,,,,,,,,2,,,0,예측 탈락(§8.5 규칙4): logQ 1490 + 예측 logP 780 > 1747+60 → 컨텍스트 미생성
openfhe,16,32768,50,45,16,16,1,1,14,512,,,,,,,,,,3,,,0,예측 탈락(§8.5 규칙4): logQ 1490 + 예측 logP 540 > 1747+60 → 컨텍스트 미생성
openfhe,16,32768,50,45,16,16,1,1,14,512,,,,,,,,,,4,,,0,예측 탈락(§8.5 규칙4): logQ 1490 + 예측 logP 420 > 1747+60 → 컨텍스트 미생성
openfhe,16,32768,50,45,16,16,1,1,14,512,,,,,,,,,,5,,,0,예측 탈락(§8.5 규칙4): logQ 1490 + 예측 logP 360 > 1747+60 → 컨텍스트 미생성
openfhe,16,32768,50,45,16,16,1,1,14,512,33,1490,5,300,1790,17,770,300,1070,6,275,-43,0,logQP_boot 1790 > 1747
openfhe,16,32768,50,45,16,16,1,1,14,512,33,1490,4,240,1730,17,770,240,1010,7,230,17,1,
openfhe,16,32768,50,45,16,16,1,1,14,512,33,1490,4,240,1730,17,770,240,1010,9,185,17,1,
openfhe,16,32768,50,45,16,16,1,1,14,512,33,1490,3,180,1670,17,770,180,950,11,140,77,1,
openfhe,16,32768,50,45,16,16,1,1,14,512,33,1490,2,120,1610,17,770,120,890,17,95,137,1,
openfhe,16,32768,50,45,16,16,1,1,14,512,33,1490,1,60,1550,17,770,60,830,33,50,197,1,
openfhe,16,32768,50,45,15,18,2,2,14,512,,,,,,,,,,1,,,0,예측 탈락(§8.5 규칙4): logQ 1535 + 예측 logP 1560 > 1747+60 → 컨텍스트 미생성
openfhe,16,32768,50,45,17,16,1,1,14,512,,,,,,,,,,1,,,0,예측 탈락(§8.5 규칙4): logQ 1535 + 예측 logP 1560 > 1747+60 → 컨텍스트 미생성
openfhe,16,32768,50,45,15,18,2,2,14,512,,,,,,,,,,2,,,0,예측 탈락(§8.5 규칙4): logQ 1535 + 예측 logP 780 > 1747+60 → 컨텍스트 미생성
openfhe,16,32768,50,45,17,16,1,1,14,512,,,,,,,,,,2,,,0,예측 탈락(§8.5 규칙4): logQ 1535 + 예측 logP 780 > 1747+60 → 컨텍스트 미생성
openfhe,16,32768,50,45,15,18,2,2,14,512,,,,,,,,,,3,,,0,예측 탈락(§8.5 규칙4): logQ 1535 + 예측 logP 600 > 1747+60 → 컨텍스트 미생성
openfhe,16,32768,50,45,17,16,1,1,14,512,,,,,,,,,,3,,,0,예측 탈락(§8.5 규칙4): logQ 1535 + 예측 logP 600 > 1747+60 → 컨텍스트 미생성
openfhe,16,32768,50,45,15,18,2,2,14,512,,,,,,,,,,4,,,0,예측 탈락(§8.5 규칙4): logQ 1535 + 예측 logP 420 > 1747+60 → 컨텍스트 미생성
openfhe,16,32768,50,45,17,16,1,1,14,512,,,,,,,,,,4,,,0,예측 탈락(§8.5 규칙4): logQ 1535 + 예측 logP 420 > 1747+60 → 컨텍스트 미생성
openfhe,16,32768,50,45,15,18,2,2,14,512,,,,,,,,,,5,,,0,예측 탈락(§8.5 규칙4): logQ 1535 + 예측 logP 360 > 1747+60 → 컨텍스트 미생성
openfhe,16,32768,50,45,17,16,1,1,14,512,,,,,,,,,,5,,,0,예측 탈락(§8.5 규칙4): logQ 1535 + 예측 logP 360 > 1747+60 → 컨텍스트 미생성
openfhe,16,32768,50,45,15,18,2,2,14,512,,,,,,,,,,6,,,0,예측 탈락(§8.5 규칙4): logQ 1535 + 예측 logP 300 > 1747+60 → 컨텍스트 미생성
openfhe,16,32768,50,45,17,16,1,1,14,512,,,,,,,,,,6,,,0,예측 탈락(§8.5 규칙4): logQ 1535 + 예측 logP 300 > 1747+60 → 컨텍스트 미생성
openfhe,16,32768,50,45,15,18,2,2,14,512,34,1535,4,240,1775,16,725,240,965,7,230,-28,0,logQP_boot 1775 > 1747
openfhe,16,32768,50,45,17,16,1,1,14,512,34,1535,4,240,1775,18,815,240,1055,7,230,-28,0,logQP_boot 1775 > 1747
openfhe,16,32768,50,45,15,18,2,2,14,512,34,1535,4,240,1775,16,725,240,965,9,186,-28,0,logQP_boot 1775 > 1747
openfhe,16,32768,50,45,17,16,1,1,14,512,34,1535,4,240,1775,18,815,240,1055,9,186,-28,0,logQP_boot 1775 > 1747
openfhe,16,32768,50,45,15,18,2,2,14,512,34,1535,3,180,1715,16,725,180,905,12,140,32,1,
openfhe,16,32768,50,45,17,16,1,1,14,512,34,1535,3,180,1715,18,815,180,995,12,140,32,1,
openfhe,16,32768,50,45,15,18,2,2,14,512,34,1535,2,120,1655,16,725,120,845,17,96,92,1,
openfhe,16,32768,50,45,17,16,1,1,14,512,34,1535,2,120,1655,18,815,120,935,17,96,92,1,
openfhe,16,32768,50,45,15,18,2,2,14,512,34,1535,1,60,1595,16,725,60,785,34,50,152,1,
openfhe,16,32768,50,45,17,16,1,1,14,512,34,1535,1,60,1595,18,815,60,875,34,50,152,1,
openfhe,16,32768,50,45,16,18,2,2,14,512,,,,,,,,,,1,,,0,예측 탈락(§8.5 규칙4): logQ 1580 + 예측 logP 1620 > 1747+60 → 컨텍스트 미생성
openfhe,16,32768,50,45,18,16,1,1,14,512,,,,,,,,,,1,,,0,예측 탈락(§8.5 규칙4): logQ 1580 + 예측 logP 1620 > 1747+60 → 컨텍스트 미생성
openfhe,16,32768,50,45,16,18,2,2,14,512,,,,,,,,,,2,,,0,예측 탈락(§8.5 규칙4): logQ 1580 + 예측 logP 840 > 1747+60 → 컨텍스트 미생성
openfhe,16,32768,50,45,18,16,1,1,14,512,,,,,,,,,,2,,,0,예측 탈락(§8.5 규칙4): logQ 1580 + 예측 logP 840 > 1747+60 → 컨텍스트 미생성
openfhe,16,32768,50,45,16,18,2,2,14,512,,,,,,,,,,3,,,0,예측 탈락(§8.5 규칙4): logQ 1580 + 예측 logP 600 > 1747+60 → 컨텍스트 미생성
openfhe,16,32768,50,45,18,16,1,1,14,512,,,,,,,,,,3,,,0,예측 탈락(§8.5 규칙4): logQ 1580 + 예측 logP 600 > 1747+60 → 컨텍스트 미생성
openfhe,16,32768,50,45,16,18,2,2,14,512,,,,,,,,,,4,,,0,예측 탈락(§8.5 규칙4): logQ 1580 + 예측 logP 420 > 1747+60 → 컨텍스트 미생성
openfhe,16,32768,50,45,18,16,1,1,14,512,,,,,,,,,,4,,,0,예측 탈락(§8.5 규칙4): logQ 1580 + 예측 logP 420 > 1747+60 → 컨텍스트 미생성
openfhe,16,32768,50,45,16,18,2,2,14,512,,,,,,,,,,5,,,0,예측 탈락(§8.5 규칙4): logQ 1580 + 예측 logP 360 > 1747+60 → 컨텍스트 미생성
openfhe,16,32768,50,45,18,16,1,1,14,512,,,,,,,,,,5,,,0,예측 탈락(§8.5 규칙4): logQ 1580 + 예측 logP 360 > 1747+60 → 컨텍스트 미생성
openfhe,16,32768,50,45,16,18,2,2,14,512,,,,,,,,,,6,,,0,예측 탈락(§8.5 규칙4): logQ 1580 + 예측 logP 300 > 1747+60 → 컨텍스트 미생성
openfhe,16,32768,50,45,18,16,1,1,14,512,,,,,,,,,,6,,,0,예측 탈락(§8.5 규칙4): logQ 1580 + 예측 logP 300 > 1747+60 → 컨텍스트 미생성
openfhe,16,32768,50,45,16,18,2,2,14,512,,,,,,,,,,7,,,0,예측 탈락(§8.5 규칙4): logQ 1580 + 예측 logP 240 > 1747+60 → 컨텍스트 미생성
openfhe,16,32768,50,45,18,16,1,1,14,512,,,,,,,,,,7,,,0,예측 탈락(§8.5 규칙4): logQ 1580 + 예측 logP 240 > 1747+60 → 컨텍스트 미생성
openfhe,16,32768,50,45,16,18,2,2,14,512,,,,,,,,,,9,,,0,예측 탈락(§8.5 규칙4): logQ 1580 + 예측 logP 240 > 1747+60 → 컨텍스트 미생성
openfhe,16,32768,50,45,18,16,1,1,14,512,,,,,,,,,,9,,,0,예측 탈락(§8.5 규칙4): logQ 1580 + 예측 logP 240 > 1747+60 → 컨텍스트 미생성
openfhe,16,32768,50,45,16,18,2,2,14,512,35,1580,3,180,1760,17,770,180,950,12,140,-13,0,logQP_boot 1760 > 1747
openfhe,16,32768,50,45,18,16,1,1,14,512,35,1580,3,180,1760,19,860,180,1040,12,140,-13,0,logQP_boot 1760 > 1747
openfhe,16,32768,50,45,16,18,2,2,14,512,35,1580,2,120,1700,17,770,120,890,18,95,47,1,
openfhe,16,32768,50,45,18,16,1,1,14,512,35,1580,2,120,1700,19,860,120,980,18,95,47,1,
openfhe,16,32768,50,45,16,18,2,2,14,512,35,1580,1,60,1640,17,770,60,830,35,50,107,1,
openfhe,16,32768,50,45,18,16,1,1,14,512,35,1580,1,60,1640,19,860,60,920,35,50,107,1,
openfhe,16,32768,50,45,15,20,3,3,14,512,,,,,,,,,,1,,,0,예측 탈락(§8.5 규칙4): logQ 1625 + 예측 logP 1680 > 1747+60 → 컨텍스트 미생성
openfhe,16,32768,50,45,17,18,2,2,14,512,,,,,,,,,,1,,,0,예측 탈락(§8.5 규칙4): logQ 1625 + 예측 logP 1680 > 1747+60 → 컨텍스트 미생성
openfhe,16,32768,50,45,19,16,1,1,14,512,,,,,,,,,,1,,,0,예측 탈락(§8.5 규칙4): logQ 1625 + 예측 logP 1680 > 1747+60 → 컨텍스트 미생성
openfhe,16,32768,50,45,15,20,3,3,14,512,,,,,,,,,,2,,,0,예측 탈락(§8.5 규칙4): logQ 1625 + 예측 logP 840 > 1747+60 → 컨텍스트 미생성
openfhe,16,32768,50,45,17,18,2,2,14,512,,,,,,,,,,2,,,0,예측 탈락(§8.5 규칙4): logQ 1625 + 예측 logP 840 > 1747+60 → 컨텍스트 미생성
openfhe,16,32768,50,45,19,16,1,1,14,512,,,,,,,,,,2,,,0,예측 탈락(§8.5 규칙4): logQ 1625 + 예측 logP 840 > 1747+60 → 컨텍스트 미생성
openfhe,16,32768,50,45,15,20,3,3,14,512,,,,,,,,,,3,,,0,예측 탈락(§8.5 규칙4): logQ 1625 + 예측 logP 600 > 1747+60 → 컨텍스트 미생성
openfhe,16,32768,50,45,17,18,2,2,14,512,,,,,,,,,,3,,,0,예측 탈락(§8.5 규칙4): logQ 1625 + 예측 logP 600 > 1747+60 → 컨텍스트 미생성
openfhe,16,32768,50,45,19,16,1,1,14,512,,,,,,,,,,3,,,0,예측 탈락(§8.5 규칙4): logQ 1625 + 예측 logP 600 > 1747+60 → 컨텍스트 미생성
openfhe,16,32768,50,45,15,20,3,3,14,512,,,,,,,,,,4,,,0,예측 탈락(§8.5 규칙4): logQ 1625 + 예측 logP 420 > 1747+60 → 컨텍스트 미생성
openfhe,16,32768,50,45,17,18,2,2,14,512,,,,,,,,,,4,,,0,예측 탈락(§8.5 규칙4): logQ 1625 + 예측 logP 420 > 1747+60 → 컨텍스트 미생성
openfhe,16,32768,50,45,19,16,1,1,14,512,,,,,,,,,,4,,,0,예측 탈락(§8.5 규칙4): logQ 1625 + 예측 logP 420 > 1747+60 → 컨텍스트 미생성
openfhe,16,32768,50,45,15,20,3,3,14,512,,,,,,,,,,5,,,0,예측 탈락(§8.5 규칙4): logQ 1625 + 예측 logP 420 > 1747+60 → 컨텍스트 미생성
openfhe,16,32768,50,45,17,18,2,2,14,512,,,,,,,,,,5,,,0,예측 탈락(§8.5 규칙4): logQ 1625 + 예측 logP 420 > 1747+60 → 컨텍스트 미생성
openfhe,16,32768,50,45,19,16,1,1,14,512,,,,,,,,,,5,,,0,예측 탈락(§8.5 규칙4): logQ 1625 + 예측 logP 420 > 1747+60 → 컨텍스트 미생성
openfhe,16,32768,50,45,15,20,3,3,14,512,,,,,,,,,,6,,,0,예측 탈락(§8.5 규칙4): logQ 1625 + 예측 logP 300 > 1747+60 → 컨텍스트 미생성
openfhe,16,32768,50,45,17,18,2,2,14,512,,,,,,,,,,6,,,0,예측 탈락(§8.5 규칙4): logQ 1625 + 예측 logP 300 > 1747+60 → 컨텍스트 미생성
openfhe,16,32768,50,45,19,16,1,1,14,512,,,,,,,,,,6,,,0,예측 탈락(§8.5 규칙4): logQ 1625 + 예측 logP 300 > 1747+60 → 컨텍스트 미생성
openfhe,16,32768,50,45,15,20,3,3,14,512,,,,,,,,,,8,,,0,예측 탈락(§8.5 규칙4): logQ 1625 + 예측 logP 240 > 1747+60 → 컨텍스트 미생성
openfhe,16,32768,50,45,17,18,2,2,14,512,,,,,,,,,,8,,,0,예측 탈락(§8.5 규칙4): logQ 1625 + 예측 logP 240 > 1747+60 → 컨텍스트 미생성
openfhe,16,32768,50,45,19,16,1,1,14,512,,,,,,,,,,8,,,0,예측 탈락(§8.5 규칙4): logQ 1625 + 예측 logP 240 > 1747+60 → 컨텍스트 미생성
openfhe,16,32768,50,45,15,20,3,3,14,512,,,,,,,,,,9,,,0,예측 탈락(§8.5 규칙4): logQ 1625 + 예측 logP 240 > 1747+60 → 컨텍스트 미생성
openfhe,16,32768,50,45,17,18,2,2,14,512,,,,,,,,,,9,,,0,예측 탈락(§8.5 규칙4): logQ 1625 + 예측 logP 240 > 1747+60 → 컨텍스트 미생성
openfhe,16,32768,50,45,19,16,1,1,14,512,,,,,,,,,,9,,,0,예측 탈락(§8.5 규칙4): logQ 1625 + 예측 logP 240 > 1747+60 → 컨텍스트 미생성
openfhe,16,32768,50,45,15,20,3,3,14,512,36,1625,3,180,1805,16,725,180,905,12,140,-58,0,logQP_boot 1805 > 1747
openfhe,16,32768,50,45,17,18,2,2,14,512,36,1625,3,180,1805,18,815,180,995,12,140,-58,0,logQP_boot 1805 > 1747
openfhe,16,32768,50,45,19,16,1,1,14,512,36,1625,3,180,1805,20,905,180,1085,12,140,-58,0,logQP_boot 1805 > 1747
openfhe,16,32768,50,45,15,20,3,3,14,512,36,1625,2,120,1745,16,725,120,845,18,96,2,1,
openfhe,16,32768,50,45,17,18,2,2,14,512,36,1625,2,120,1745,18,815,120,935,18,96,2,1,
openfhe,16,32768,50,45,19,16,1,1,14,512,36,1625,2,120,1745,20,905,120,1025,18,96,2,1,
openfhe,16,32768,50,45,15,20,3,3,14,512,36,1625,1,60,1685,16,725,60,785,36,50,62,1,
openfhe,16,32768,50,45,17,18,2,2,14,512,36,1625,1,60,1685,18,815,60,875,36,50,62,1,
openfhe,16,32768,50,45,19,16,1,1,14,512,36,1625,1,60,1685,20,905,60,965,36,50,62,1,
openfhe,16,32768,50,45,15,21,3,4,14,512,,,,,,,,,,1,,,0,예측 탈락(§8.5 규칙4): logQ 1670 + 예측 logP 1680 > 1747+60 → 컨텍스트 미생성
openfhe,16,32768,50,45,15,21,4,3,14,512,,,,,,,,,,1,,,0,예측 탈락(§8.5 규칙4): logQ 1670 + 예측 logP 1680 > 1747+60 → 컨텍스트 미생성
openfhe,16,32768,50,45,16,20,3,3,14,512,,,,,,,,,,1,,,0,예측 탈락(§8.5 규칙4): logQ 1670 + 예측 logP 1680 > 1747+60 → 컨텍스트 미생성
openfhe,16,32768,50,45,18,18,2,2,14,512,,,,,,,,,,1,,,0,예측 탈락(§8.5 규칙4): logQ 1670 + 예측 logP 1680 > 1747+60 → 컨텍스트 미생성
openfhe,16,32768,50,45,20,16,1,1,14,512,,,,,,,,,,1,,,0,예측 탈락(§8.5 규칙4): logQ 1670 + 예측 logP 1680 > 1747+60 → 컨텍스트 미생성
openfhe,16,32768,50,45,15,21,3,4,14,512,,,,,,,,,,2,,,0,예측 탈락(§8.5 규칙4): logQ 1670 + 예측 logP 900 > 1747+60 → 컨텍스트 미생성
openfhe,16,32768,50,45,15,21,4,3,14,512,,,,,,,,,,2,,,0,예측 탈락(§8.5 규칙4): logQ 1670 + 예측 logP 900 > 1747+60 → 컨텍스트 미생성
openfhe,16,32768,50,45,16,20,3,3,14,512,,,,,,,,,,2,,,0,예측 탈락(§8.5 규칙4): logQ 1670 + 예측 logP 900 > 1747+60 → 컨텍스트 미생성
openfhe,16,32768,50,45,18,18,2,2,14,512,,,,,,,,,,2,,,0,예측 탈락(§8.5 규칙4): logQ 1670 + 예측 logP 900 > 1747+60 → 컨텍스트 미생성
openfhe,16,32768,50,45,20,16,1,1,14,512,,,,,,,,,,2,,,0,예측 탈락(§8.5 규칙4): logQ 1670 + 예측 logP 900 > 1747+60 → 컨텍스트 미생성
openfhe,16,32768,50,45,15,21,3,4,14,512,,,,,,,,,,3,,,0,예측 탈락(§8.5 규칙4): logQ 1670 + 예측 logP 600 > 1747+60 → 컨텍스트 미생성
openfhe,16,32768,50,45,15,21,4,3,14,512,,,,,,,,,,3,,,0,예측 탈락(§8.5 규칙4): logQ 1670 + 예측 logP 600 > 1747+60 → 컨텍스트 미생성
openfhe,16,32768,50,45,16,20,3,3,14,512,,,,,,,,,,3,,,0,예측 탈락(§8.5 규칙4): logQ 1670 + 예측 logP 600 > 1747+60 → 컨텍스트 미생성
openfhe,16,32768,50,45,18,18,2,2,14,512,,,,,,,,,,3,,,0,예측 탈락(§8.5 규칙4): logQ 1670 + 예측 logP 600 > 1747+60 → 컨텍스트 미생성
openfhe,16,32768,50,45,20,16,1,1,14,512,,,,,,,,,,3,,,0,예측 탈락(§8.5 규칙4): logQ 1670 + 예측 logP 600 > 1747+60 → 컨텍스트 미생성
openfhe,16,32768,50,45,15,21,3,4,14,512,,,,,,,,,,4,,,0,예측 탈락(§8.5 규칙4): logQ 1670 + 예측 logP 480 > 1747+60 → 컨텍스트 미생성
openfhe,16,32768,50,45,15,21,4,3,14,512,,,,,,,,,,4,,,0,예측 탈락(§8.5 규칙4): logQ 1670 + 예측 logP 480 > 1747+60 → 컨텍스트 미생성
openfhe,16,32768,50,45,16,20,3,3,14,512,,,,,,,,,,4,,,0,예측 탈락(§8.5 규칙4): logQ 1670 + 예측 logP 480 > 1747+60 → 컨텍스트 미생성
openfhe,16,32768,50,45,18,18,2,2,14,512,,,,,,,,,,4,,,0,예측 탈락(§8.5 규칙4): logQ 1670 + 예측 logP 480 > 1747+60 → 컨텍스트 미생성
openfhe,16,32768,50,45,20,16,1,1,14,512,,,,,,,,,,4,,,0,예측 탈락(§8.5 규칙4): logQ 1670 + 예측 logP 480 > 1747+60 → 컨텍스트 미생성
openfhe,16,32768,50,45,15,21,3,4,14,512,,,,,,,,,,5,,,0,예측 탈락(§8.5 규칙4): logQ 1670 + 예측 logP 420 > 1747+60 → 컨텍스트 미생성
openfhe,16,32768,50,45,15,21,4,3,14,512,,,,,,,,,,5,,,0,예측 탈락(§8.5 규칙4): logQ 1670 + 예측 logP 420 > 1747+60 → 컨텍스트 미생성
openfhe,16,32768,50,45,16,20,3,3,14,512,,,,,,,,,,5,,,0,예측 탈락(§8.5 규칙4): logQ 1670 + 예측 logP 420 > 1747+60 → 컨텍스트 미생성
openfhe,16,32768,50,45,18,18,2,2,14,512,,,,,,,,,,5,,,0,예측 탈락(§8.5 규칙4): logQ 1670 + 예측 logP 420 > 1747+60 → 컨텍스트 미생성
openfhe,16,32768,50,45,20,16,1,1,14,512,,,,,,,,,,5,,,0,예측 탈락(§8.5 규칙4): logQ 1670 + 예측 logP 420 > 1747+60 → 컨텍스트 미생성
openfhe,16,32768,50,45,15,21,3,4,14,512,,,,,,,,,,6,,,0,예측 탈락(§8.5 규칙4): logQ 1670 + 예측 logP 360 > 1747+60 → 컨텍스트 미생성
openfhe,16,32768,50,45,15,21,4,3,14,512,,,,,,,,,,6,,,0,예측 탈락(§8.5 규칙4): logQ 1670 + 예측 logP 360 > 1747+60 → 컨텍스트 미생성
openfhe,16,32768,50,45,16,20,3,3,14,512,,,,,,,,,,6,,,0,예측 탈락(§8.5 규칙4): logQ 1670 + 예측 logP 360 > 1747+60 → 컨텍스트 미생성
openfhe,16,32768,50,45,18,18,2,2,14,512,,,,,,,,,,6,,,0,예측 탈락(§8.5 규칙4): logQ 1670 + 예측 logP 360 > 1747+60 → 컨텍스트 미생성
openfhe,16,32768,50,45,20,16,1,1,14,512,,,,,,,,,,6,,,0,예측 탈락(§8.5 규칙4): logQ 1670 + 예측 logP 360 > 1747+60 → 컨텍스트 미생성
openfhe,16,32768,50,45,15,21,3,4,14,512,,,,,,,,,,7,,,0,예측 탈락(§8.5 규칙4): logQ 1670 + 예측 logP 300 > 1747+60 → 컨텍스트 미생성
openfhe,16,32768,50,45,15,21,4,3,14,512,,,,,,,,,,7,,,0,예측 탈락(§8.5 규칙4): logQ 1670 + 예측 logP 300 > 1747+60 → 컨텍스트 미생성
openfhe,16,32768,50,45,16,20,3,3,14,512,,,,,,,,,,7,,,0,예측 탈락(§8.5 규칙4): logQ 1670 + 예측 logP 300 > 1747+60 → 컨텍스트 미생성
openfhe,16,32768,50,45,18,18,2,2,14,512,,,,,,,,,,7,,,0,예측 탈락(§8.5 규칙4): logQ 1670 + 예측 logP 300 > 1747+60 → 컨텍스트 미생성
openfhe,16,32768,50,45,20,16,1,1,14,512,,,,,,,,,,7,,,0,예측 탈락(§8.5 규칙4): logQ 1670 + 예측 logP 300 > 1747+60 → 컨텍스트 미생성
openfhe,16,32768,50,45,15,21,3,4,14,512,,,,,,,,,,8,,,0,예측 탈락(§8.5 규칙4): logQ 1670 + 예측 logP 240 > 1747+60 → 컨텍스트 미생성
openfhe,16,32768,50,45,15,21,4,3,14,512,,,,,,,,,,8,,,0,예측 탈락(§8.5 규칙4): logQ 1670 + 예측 logP 240 > 1747+60 → 컨텍스트 미생성
openfhe,16,32768,50,45,16,20,3,3,14,512,,,,,,,,,,8,,,0,예측 탈락(§8.5 규칙4): logQ 1670 + 예측 logP 240 > 1747+60 → 컨텍스트 미생성
openfhe,16,32768,50,45,18,18,2,2,14,512,,,,,,,,,,8,,,0,예측 탈락(§8.5 규칙4): logQ 1670 + 예측 logP 240 > 1747+60 → 컨텍스트 미생성
openfhe,16,32768,50,45,20,16,1,1,14,512,,,,,,,,,,8,,,0,예측 탈락(§8.5 규칙4): logQ 1670 + 예측 logP 240 > 1747+60 → 컨텍스트 미생성
openfhe,16,32768,50,45,15,21,3,4,14,512,,,,,,,,,,10,,,0,예측 탈락(§8.5 규칙4): logQ 1670 + 예측 logP 240 > 1747+60 → 컨텍스트 미생성
openfhe,16,32768,50,45,15,21,4,3,14,512,,,,,,,,,,10,,,0,예측 탈락(§8.5 규칙4): logQ 1670 + 예측 logP 240 > 1747+60 → 컨텍스트 미생성
openfhe,16,32768,50,45,16,20,3,3,14,512,,,,,,,,,,10,,,0,예측 탈락(§8.5 규칙4): logQ 1670 + 예측 logP 240 > 1747+60 → 컨텍스트 미생성
openfhe,16,32768,50,45,18,18,2,2,14,512,,,,,,,,,,10,,,0,예측 탈락(§8.5 규칙4): logQ 1670 + 예측 logP 240 > 1747+60 → 컨텍스트 미생성
openfhe,16,32768,50,45,20,16,1,1,14,512,,,,,,,,,,10,,,0,예측 탈락(§8.5 규칙4): logQ 1670 + 예측 logP 240 > 1747+60 → 컨텍스트 미생성
openfhe,16,32768,50,45,15,21,3,4,14,512,,,,,,,,,,13,,,0,예측 탈락(§8.5 규칙4): logQ 1670 + 예측 logP 180 > 1747+60 → 컨텍스트 미생성
openfhe,16,32768,50,45,15,21,4,3,14,512,,,,,,,,,,13,,,0,예측 탈락(§8.5 규칙4): logQ 1670 + 예측 logP 180 > 1747+60 → 컨텍스트 미생성
openfhe,16,32768,50,45,16,20,3,3,14,512,,,,,,,,,,13,,,0,예측 탈락(§8.5 규칙4): logQ 1670 + 예측 logP 180 > 1747+60 → 컨텍스트 미생성
openfhe,16,32768,50,45,18,18,2,2,14,512,,,,,,,,,,13,,,0,예측 탈락(§8.5 규칙4): logQ 1670 + 예측 logP 180 > 1747+60 → 컨텍스트 미생성
openfhe,16,32768,50,45,20,16,1,1,14,512,,,,,,,,,,13,,,0,예측 탈락(§8.5 규칙4): logQ 1670 + 예측 logP 180 > 1747+60 → 컨텍스트 미생성
openfhe,16,32768,50,45,15,21,3,4,14,512,37,1670,2,120,1790,16,725,120,845,19,95,-43,0,logQP_boot 1790 > 1747
openfhe,16,32768,50,45,15,21,4,3,14,512,37,1670,2,120,1790,16,725,120,845,19,95,-43,0,logQP_boot 1790 > 1747
openfhe,16,32768,50,45,16,20,3,3,14,512,37,1670,2,120,1790,17,770,120,890,19,95,-43,0,logQP_boot 1790 > 1747
openfhe,16,32768,50,45,18,18,2,2,14,512,37,1670,2,120,1790,19,860,120,980,19,95,-43,0,logQP_boot 1790 > 1747
openfhe,16,32768,50,45,20,16,1,1,14,512,37,1670,2,120,1790,21,950,120,1070,19,95,-43,0,logQP_boot 1790 > 1747
openfhe,16,32768,50,45,15,21,3,4,14,512,37,1670,1,60,1730,16,725,60,785,37,50,17,1,
openfhe,16,32768,50,45,15,21,4,3,14,512,37,1670,1,60,1730,16,725,60,785,37,50,17,1,
openfhe,16,32768,50,45,16,20,3,3,14,512,37,1670,1,60,1730,17,770,60,830,37,50,17,1,
openfhe,16,32768,50,45,18,18,2,2,14,512,37,1670,1,60,1730,19,860,60,920,37,50,17,1,
openfhe,16,32768,50,45,20,16,1,1,14,512,37,1670,1,60,1730,21,950,60,1010,37,50,17,1,
openfhe,16,32768,50,45,15,22,4,4,14,512,,,,,,,,,,0,,,0,상한 초과 확정: logQ_boot(명목) 1715 + 최소 logP 60 > 1747
openfhe,16,32768,50,45,16,21,3,4,14,512,,,,,,,,,,0,,,0,상한 초과 확정: logQ_boot(명목) 1715 + 최소 logP 60 > 1747
openfhe,16,32768,50,45,16,21,4,3,14,512,,,,,,,,,,0,,,0,상한 초과 확정: logQ_boot(명목) 1715 + 최소 logP 60 > 1747
openfhe,16,32768,50,45,17,20,3,3,14,512,,,,,,,,,,0,,,0,상한 초과 확정: logQ_boot(명목) 1715 + 최소 logP 60 > 1747
openfhe,16,32768,50,45,19,18,2,2,14,512,,,,,,,,,,0,,,0,상한 초과 확정: logQ_boot(명목) 1715 + 최소 logP 60 > 1747
openfhe,16,32768,50,45,16,22,4,4,14,512,,,,,,,,,,0,,,0,상한 초과 확정: logQ_boot(명목) 1760 + 최소 logP 60 > 1747
openfhe,16,32768,50,45,17,21,3,4,14,512,,,,,,,,,,0,,,0,상한 초과 확정: logQ_boot(명목) 1760 + 최소 logP 60 > 1747
openfhe,16,32768,50,45,17,21,4,3,14,512,,,,,,,,,,0,,,0,상한 초과 확정: logQ_boot(명목) 1760 + 최소 logP 60 > 1747
openfhe,16,32768,50,45,18,20,3,3,14,512,,,,,,,,,,0,,,0,상한 초과 확정: logQ_boot(명목) 1760 + 최소 logP 60 > 1747
openfhe,16,32768,50,45,20,18,2,2,14,512,,,,,,,,,,0,,,0,상한 초과 확정: logQ_boot(명목) 1760 + 최소 logP 60 > 1747
openfhe,16,32768,50,45,17,22,4,4,14,512,,,,,,,,,,0,,,0,상한 초과 확정: logQ_boot(명목) 1805 + 최소 logP 60 > 1747
openfhe,16,32768,50,45,18,21,3,4,14,512,,,,,,,,,,0,,,0,상한 초과 확정: logQ_boot(명목) 1805 + 최소 logP 60 > 1747
openfhe,16,32768,50,45,18,21,4,3,14,512,,,,,,,,,,0,,,0,상한 초과 확정: logQ_boot(명목) 1805 + 최소 logP 60 > 1747
openfhe,16,32768,50,45,19,20,3,3,14,512,,,,,,,,,,0,,,0,상한 초과 확정: logQ_boot(명목) 1805 + 최소 logP 60 > 1747
openfhe,16,32768,50,45,18,22,4,4,14,512,,,,,,,,,,0,,,0,상한 초과 확정: logQ_boot(명목) 1850 + 최소 logP 60 > 1747
openfhe,16,32768,50,45,19,21,3,4,14,512,,,,,,,,,,0,,,0,상한 초과 확정: logQ_boot(명목) 1850 + 최소 logP 60 > 1747
openfhe,16,32768,50,45,19,21,4,3,14,512,,,,,,,,,,0,,,0,상한 초과 확정: logQ_boot(명목) 1850 + 최소 logP 60 > 1747
openfhe,16,32768,50,45,20,20,3,3,14,512,,,,,,,,,,0,,,0,상한 초과 확정: logQ_boot(명목) 1850 + 최소 logP 60 > 1747
openfhe,16,32768,50,45,19,22,4,4,14,512,,,,,,,,,,0,,,0,상한 초과 확정: logQ_boot(명목) 1895 + 최소 logP 60 > 1747
openfhe,16,32768,50,45,20,21,3,4,14,512,,,,,,,,,,0,,,0,상한 초과 확정: logQ_boot(명목) 1895 + 최소 logP 60 > 1747
openfhe,16,32768,50,45,20,21,4,3,14,512,,,,,,,,,,0,,,0,상한 초과 확정: logQ_boot(명목) 1895 + 최소 logP 60 > 1747
openfhe,16,32768,50,45,20,22,4,4,14,512,,,,,,,,,,0,,,0,상한 초과 확정: logQ_boot(명목) 1940 + 최소 logP 60 > 1747
openfhe,16,32768,50,48,15,16,1,1,14,512,,,,,,,,,,1,,,0,예측 탈락(§8.5 규칙4): logQ 1538 + 예측 logP 1560 > 1747+60 → 컨텍스트 미생성
openfhe,16,32768,50,48,15,16,1,1,14,512,,,,,,,,,,2,,,0,예측 탈락(§8.5 규칙4): logQ 1538 + 예측 logP 780 > 1747+60 → 컨텍스트 미생성
openfhe,16,32768,50,48,15,16,1,1,14,512,,,,,,,,,,3,,,0,예측 탈락(§8.5 규칙4): logQ 1538 + 예측 logP 540 > 1747+60 → 컨텍스트 미생성
openfhe,16,32768,50,48,15,16,1,1,14,512,,,,,,,,,,4,,,0,예측 탈락(§8.5 규칙4): logQ 1538 + 예측 logP 420 > 1747+60 → 컨텍스트 미생성
openfhe,16,32768,50,48,15,16,1,1,14,512,,,,,,,,,,5,,,0,예측 탈락(§8.5 규칙4): logQ 1538 + 예측 logP 360 > 1747+60 → 컨텍스트 미생성
openfhe,16,32768,50,48,15,16,1,1,14,512,,,,,,,,,,6,,,0,예측 탈락(§8.5 규칙4): logQ 1538 + 예측 logP 300 > 1747+60 → 컨텍스트 미생성
openfhe,16,32768,50,48,15,16,1,1,14,512,,,,,,,,,,7,,,0,예측 탈락(§8.5 규칙4): logQ 1538 + 예측 logP 300 > 1747+60 → 컨텍스트 미생성
openfhe,16,32768,50,48,15,16,1,1,14,512,32,1538,4,240,1778,16,770,240,1010,8,195,-31,0,logQP_boot 1778 > 1747
openfhe,16,32768,50,48,15,16,1,1,14,512,32,1538,3,180,1718,16,770,180,950,11,146,29,1,
openfhe,16,32768,50,48,15,16,1,1,14,512,32,1538,2,120,1658,16,770,120,890,16,99,89,1,
openfhe,16,32768,50,48,15,16,1,1,14,512,32,1538,1,60,1598,16,770,60,830,32,50,149,1,
openfhe,16,32768,50,48,16,16,1,1,14,512,,,,,,,,,,1,,,0,예측 탈락(§8.5 규칙4): logQ 1586 + 예측 logP 1620 > 1747+60 → 컨텍스트 미생성
openfhe,16,32768,50,48,16,16,1,1,14,512,,,,,,,,,,2,,,0,예측 탈락(§8.5 규칙4): logQ 1586 + 예측 logP 840 > 1747+60 → 컨텍스트 미생성
openfhe,16,32768,50,48,16,16,1,1,14,512,,,,,,,,,,3,,,0,예측 탈락(§8.5 규칙4): logQ 1586 + 예측 logP 540 > 1747+60 → 컨텍스트 미생성
openfhe,16,32768,50,48,16,16,1,1,14,512,,,,,,,,,,4,,,0,예측 탈락(§8.5 규칙4): logQ 1586 + 예측 logP 480 > 1747+60 → 컨텍스트 미생성
openfhe,16,32768,50,48,16,16,1,1,14,512,,,,,,,,,,5,,,0,예측 탈락(§8.5 규칙4): logQ 1586 + 예측 logP 360 > 1747+60 → 컨텍스트 미생성
openfhe,16,32768,50,48,16,16,1,1,14,512,,,,,,,,,,6,,,0,예측 탈락(§8.5 규칙4): logQ 1586 + 예측 logP 300 > 1747+60 → 컨텍스트 미생성
openfhe,16,32768,50,48,16,16,1,1,14,512,,,,,,,,,,7,,,0,예측 탈락(§8.5 규칙4): logQ 1586 + 예측 logP 300 > 1747+60 → 컨텍스트 미생성
openfhe,16,32768,50,48,16,16,1,1,14,512,,,,,,,,,,9,,,0,예측 탈락(§8.5 규칙4): logQ 1586 + 예측 logP 240 > 1747+60 → 컨텍스트 미생성
openfhe,16,32768,50,48,16,16,1,1,14,512,33,1586,3,180,1766,17,818,180,998,11,146,-19,0,logQP_boot 1766 > 1747
openfhe,16,32768,50,48,16,16,1,1,14,512,33,1586,2,120,1706,17,818,120,938,17,98,41,1,
openfhe,16,32768,50,48,16,16,1,1,14,512,33,1586,1,60,1646,17,818,60,878,33,50,101,1,
openfhe,16,32768,50,48,15,18,2,2,14,512,,,,,,,,,,1,,,0,예측 탈락(§8.5 규칙4): logQ 1634 + 예측 logP 1680 > 1747+60 → 컨텍스트 미생성
openfhe,16,32768,50,48,17,16,1,1,14,512,,,,,,,,,,1,,,0,예측 탈락(§8.5 규칙4): logQ 1634 + 예측 logP 1680 > 1747+60 → 컨텍스트 미생성
openfhe,16,32768,50,48,15,18,2,2,14,512,,,,,,,,,,2,,,0,예측 탈락(§8.5 규칙4): logQ 1634 + 예측 logP 840 > 1747+60 → 컨텍스트 미생성
openfhe,16,32768,50,48,17,16,1,1,14,512,,,,,,,,,,2,,,0,예측 탈락(§8.5 규칙4): logQ 1634 + 예측 logP 840 > 1747+60 → 컨텍스트 미생성
openfhe,16,32768,50,48,15,18,2,2,14,512,,,,,,,,,,3,,,0,예측 탈락(§8.5 규칙4): logQ 1634 + 예측 logP 600 > 1747+60 → 컨텍스트 미생성
openfhe,16,32768,50,48,17,16,1,1,14,512,,,,,,,,,,3,,,0,예측 탈락(§8.5 규칙4): logQ 1634 + 예측 logP 600 > 1747+60 → 컨텍스트 미생성
openfhe,16,32768,50,48,15,18,2,2,14,512,,,,,,,,,,4,,,0,예측 탈락(§8.5 규칙4): logQ 1634 + 예측 logP 480 > 1747+60 → 컨텍스트 미생성
openfhe,16,32768,50,48,17,16,1,1,14,512,,,,,,,,,,4,,,0,예측 탈락(§8.5 규칙4): logQ 1634 + 예측 logP 480 > 1747+60 → 컨텍스트 미생성
openfhe,16,32768,50,48,15,18,2,2,14,512,,,,,,,,,,5,,,0,예측 탈락(§8.5 규칙4): logQ 1634 + 예측 logP 360 > 1747+60 → 컨텍스트 미생성
openfhe,16,32768,50,48,17,16,1,1,14,512,,,,,,,,,,5,,,0,예측 탈락(§8.5 규칙4): logQ 1634 + 예측 logP 360 > 1747+60 → 컨텍스트 미생성
openfhe,16,32768,50,48,15,18,2,2,14,512,,,,,,,,,,6,,,0,예측 탈락(§8.5 규칙4): logQ 1634 + 예측 logP 300 > 1747+60 → 컨텍스트 미생성
openfhe,16,32768,50,48,17,16,1,1,14,512,,,,,,,,,,6,,,0,예측 탈락(§8.5 규칙4): logQ 1634 + 예측 logP 300 > 1747+60 → 컨텍스트 미생성
openfhe,16,32768,50,48,15,18,2,2,14,512,,,,,,,,,,7,,,0,예측 탈락(§8.5 규칙4): logQ 1634 + 예측 logP 300 > 1747+60 → 컨텍스트 미생성
openfhe,16,32768,50,48,17,16,1,1,14,512,,,,,,,,,,7,,,0,예측 탈락(§8.5 규칙4): logQ 1634 + 예측 logP 300 > 1747+60 → 컨텍스트 미생성
openfhe,16,32768,50,48,15,18,2,2,14,512,,,,,,,,,,9,,,0,예측 탈락(§8.5 규칙4): logQ 1634 + 예측 logP 240 > 1747+60 → 컨텍스트 미생성
openfhe,16,32768,50,48,17,16,1,1,14,512,,,,,,,,,,9,,,0,예측 탈락(§8.5 규칙4): logQ 1634 + 예측 logP 240 > 1747+60 → 컨텍스트 미생성
openfhe,16,32768,50,48,15,18,2,2,14,512,,,,,,,,,,12,,,0,예측 탈락(§8.5 규칙4): logQ 1634 + 예측 logP 180 > 1747+60 → 컨텍스트 미생성
openfhe,16,32768,50,48,17,16,1,1,14,512,,,,,,,,,,12,,,0,예측 탈락(§8.5 규칙4): logQ 1634 + 예측 logP 180 > 1747+60 → 컨텍스트 미생성
openfhe,16,32768,50,48,15,18,2,2,14,512,34,1634,2,120,1754,16,770,120,890,17,99,-7,0,logQP_boot 1754 > 1747
openfhe,16,32768,50,48,17,16,1,1,14,512,34,1634,2,120,1754,18,866,120,986,17,99,-7,0,logQP_boot 1754 > 1747
openfhe,16,32768,50,48,15,18,2,2,14,512,34,1634,1,60,1694,16,770,60,830,34,50,53,1,
openfhe,16,32768,50,48,17,16,1,1,14,512,34,1634,1,60,1694,18,866,60,926,34,50,53,1,
openfhe,16,32768,50,48,16,18,2,2,14,512,,,,,,,,,,1,,,0,예측 탈락(§8.5 규칙4): logQ 1682 + 예측 logP 1740 > 1747+60 → 컨텍스트 미생성
openfhe,16,32768,50,48,18,16,1,1,14,512,,,,,,,,,,1,,,0,예측 탈락(§8.5 규칙4): logQ 1682 + 예측 logP 1740 > 1747+60 → 컨텍스트 미생성
openfhe,16,32768,50,48,16,18,2,2,14,512,,,,,,,,,,2,,,0,예측 탈락(§8.5 규칙4): logQ 1682 + 예측 logP 900 > 1747+60 → 컨텍스트 미생성
openfhe,16,32768,50,48,18,16,1,1,14,512,,,,,,,,,,2,,,0,예측 탈락(§8.5 규칙4): logQ 1682 + 예측 logP 900 > 1747+60 → 컨텍스트 미생성
openfhe,16,32768,50,48,16,18,2,2,14,512,,,,,,,,,,3,,,0,예측 탈락(§8.5 규칙4): logQ 1682 + 예측 logP 600 > 1747+60 → 컨텍스트 미생성
openfhe,16,32768,50,48,18,16,1,1,14,512,,,,,,,,,,3,,,0,예측 탈락(§8.5 규칙4): logQ 1682 + 예측 logP 600 > 1747+60 → 컨텍스트 미생성
openfhe,16,32768,50,48,16,18,2,2,14,512,,,,,,,,,,4,,,0,예측 탈락(§8.5 규칙4): logQ 1682 + 예측 logP 480 > 1747+60 → 컨텍스트 미생성
openfhe,16,32768,50,48,18,16,1,1,14,512,,,,,,,,,,4,,,0,예측 탈락(§8.5 규칙4): logQ 1682 + 예측 logP 480 > 1747+60 → 컨텍스트 미생성
openfhe,16,32768,50,48,16,18,2,2,14,512,,,,,,,,,,5,,,0,예측 탈락(§8.5 규칙4): logQ 1682 + 예측 logP 360 > 1747+60 → 컨텍스트 미생성
openfhe,16,32768,50,48,18,16,1,1,14,512,,,,,,,,,,5,,,0,예측 탈락(§8.5 규칙4): logQ 1682 + 예측 logP 360 > 1747+60 → 컨텍스트 미생성
openfhe,16,32768,50,48,16,18,2,2,14,512,,,,,,,,,,6,,,0,예측 탈락(§8.5 규칙4): logQ 1682 + 예측 logP 300 > 1747+60 → 컨텍스트 미생성
openfhe,16,32768,50,48,18,16,1,1,14,512,,,,,,,,,,6,,,0,예측 탈락(§8.5 규칙4): logQ 1682 + 예측 logP 300 > 1747+60 → 컨텍스트 미생성
openfhe,16,32768,50,48,16,18,2,2,14,512,,,,,,,,,,7,,,0,예측 탈락(§8.5 규칙4): logQ 1682 + 예측 logP 300 > 1747+60 → 컨텍스트 미생성
openfhe,16,32768,50,48,18,16,1,1,14,512,,,,,,,,,,7,,,0,예측 탈락(§8.5 규칙4): logQ 1682 + 예측 logP 300 > 1747+60 → 컨텍스트 미생성
openfhe,16,32768,50,48,16,18,2,2,14,512,,,,,,,,,,9,,,0,예측 탈락(§8.5 규칙4): logQ 1682 + 예측 logP 240 > 1747+60 → 컨텍스트 미생성
openfhe,16,32768,50,48,18,16,1,1,14,512,,,,,,,,,,9,,,0,예측 탈락(§8.5 규칙4): logQ 1682 + 예측 logP 240 > 1747+60 → 컨텍스트 미생성
openfhe,16,32768,50,48,16,18,2,2,14,512,,,,,,,,,,12,,,0,예측 탈락(§8.5 규칙4): logQ 1682 + 예측 logP 180 > 1747+60 → 컨텍스트 미생성
openfhe,16,32768,50,48,18,16,1,1,14,512,,,,,,,,,,12,,,0,예측 탈락(§8.5 규칙4): logQ 1682 + 예측 logP 180 > 1747+60 → 컨텍스트 미생성
openfhe,16,32768,50,48,16,18,2,2,14,512,35,1682,2,120,1802,17,818,120,938,18,98,-55,0,logQP_boot 1802 > 1747
openfhe,16,32768,50,48,18,16,1,1,14,512,35,1682,2,120,1802,19,914,120,1034,18,98,-55,0,logQP_boot 1802 > 1747
openfhe,16,32768,50,48,16,18,2,2,14,512,35,1682,1,60,1742,17,818,60,878,35,50,5,1,
openfhe,16,32768,50,48,18,16,1,1,14,512,35,1682,1,60,1742,19,914,60,974,35,50,5,1,
openfhe,16,32768,50,48,15,20,3,3,14,512,,,,,,,,,,0,,,0,상한 초과 확정: logQ_boot(명목) 1730 + 최소 logP 60 > 1747
openfhe,16,32768,50,48,17,18,2,2,14,512,,,,,,,,,,0,,,0,상한 초과 확정: logQ_boot(명목) 1730 + 최소 logP 60 > 1747
openfhe,16,32768,50,48,19,16,1,1,14,512,,,,,,,,,,0,,,0,상한 초과 확정: logQ_boot(명목) 1730 + 최소 logP 60 > 1747
openfhe,16,32768,50,48,15,21,3,4,14,512,,,,,,,,,,0,,,0,상한 초과 확정: logQ_boot(명목) 1778 + 최소 logP 60 > 1747
openfhe,16,32768,50,48,15,21,4,3,14,512,,,,,,,,,,0,,,0,상한 초과 확정: logQ_boot(명목) 1778 + 최소 logP 60 > 1747
openfhe,16,32768,50,48,16,20,3,3,14,512,,,,,,,,,,0,,,0,상한 초과 확정: logQ_boot(명목) 1778 + 최소 logP 60 > 1747
openfhe,16,32768,50,48,18,18,2,2,14,512,,,,,,,,,,0,,,0,상한 초과 확정: logQ_boot(명목) 1778 + 최소 logP 60 > 1747
openfhe,16,32768,50,48,20,16,1,1,14,512,,,,,,,,,,0,,,0,상한 초과 확정: logQ_boot(명목) 1778 + 최소 logP 60 > 1747
openfhe,16,32768,50,48,15,22,4,4,14,512,,,,,,,,,,0,,,0,상한 초과 확정: logQ_boot(명목) 1826 + 최소 logP 60 > 1747
openfhe,16,32768,50,48,16,21,3,4,14,512,,,,,,,,,,0,,,0,상한 초과 확정: logQ_boot(명목) 1826 + 최소 logP 60 > 1747
openfhe,16,32768,50,48,16,21,4,3,14,512,,,,,,,,,,0,,,0,상한 초과 확정: logQ_boot(명목) 1826 + 최소 logP 60 > 1747
openfhe,16,32768,50,48,17,20,3,3,14,512,,,,,,,,,,0,,,0,상한 초과 확정: logQ_boot(명목) 1826 + 최소 logP 60 > 1747
openfhe,16,32768,50,48,19,18,2,2,14,512,,,,,,,,,,0,,,0,상한 초과 확정: logQ_boot(명목) 1826 + 최소 logP 60 > 1747
openfhe,16,32768,50,48,16,22,4,4,14,512,,,,,,,,,,0,,,0,상한 초과 확정: logQ_boot(명목) 1874 + 최소 logP 60 > 1747
openfhe,16,32768,50,48,17,21,3,4,14,512,,,,,,,,,,0,,,0,상한 초과 확정: logQ_boot(명목) 1874 + 최소 logP 60 > 1747
openfhe,16,32768,50,48,17,21,4,3,14,512,,,,,,,,,,0,,,0,상한 초과 확정: logQ_boot(명목) 1874 + 최소 logP 60 > 1747
openfhe,16,32768,50,48,18,20,3,3,14,512,,,,,,,,,,0,,,0,상한 초과 확정: logQ_boot(명목) 1874 + 최소 logP 60 > 1747
openfhe,16,32768,50,48,20,18,2,2,14,512,,,,,,,,,,0,,,0,상한 초과 확정: logQ_boot(명목) 1874 + 최소 logP 60 > 1747
openfhe,16,32768,50,48,17,22,4,4,14,512,,,,,,,,,,0,,,0,상한 초과 확정: logQ_boot(명목) 1922 + 최소 logP 60 > 1747
openfhe,16,32768,50,48,18,21,3,4,14,512,,,,,,,,,,0,,,0,상한 초과 확정: logQ_boot(명목) 1922 + 최소 logP 60 > 1747
openfhe,16,32768,50,48,18,21,4,3,14,512,,,,,,,,,,0,,,0,상한 초과 확정: logQ_boot(명목) 1922 + 최소 logP 60 > 1747
openfhe,16,32768,50,48,19,20,3,3,14,512,,,,,,,,,,0,,,0,상한 초과 확정: logQ_boot(명목) 1922 + 최소 logP 60 > 1747
openfhe,16,32768,50,48,18,22,4,4,14,512,,,,,,,,,,0,,,0,상한 초과 확정: logQ_boot(명목) 1970 + 최소 logP 60 > 1747
openfhe,16,32768,50,48,19,21,3,4,14,512,,,,,,,,,,0,,,0,상한 초과 확정: logQ_boot(명목) 1970 + 최소 logP 60 > 1747
openfhe,16,32768,50,48,19,21,4,3,14,512,,,,,,,,,,0,,,0,상한 초과 확정: logQ_boot(명목) 1970 + 최소 logP 60 > 1747
openfhe,16,32768,50,48,20,20,3,3,14,512,,,,,,,,,,0,,,0,상한 초과 확정: logQ_boot(명목) 1970 + 최소 logP 60 > 1747
openfhe,16,32768,50,48,19,22,4,4,14,512,,,,,,,,,,0,,,0,상한 초과 확정: logQ_boot(명목) 2018 + 최소 logP 60 > 1747
openfhe,16,32768,50,48,20,21,3,4,14,512,,,,,,,,,,0,,,0,상한 초과 확정: logQ_boot(명목) 2018 + 최소 logP 60 > 1747
openfhe,16,32768,50,48,20,21,4,3,14,512,,,,,,,,,,0,,,0,상한 초과 확정: logQ_boot(명목) 2018 + 최소 logP 60 > 1747
openfhe,16,32768,50,48,20,22,4,4,14,512,,,,,,,,,,0,,,0,상한 초과 확정: logQ_boot(명목) 2066 + 최소 logP 60 > 1747
openfhe,16,32768,50,50,15,16,1,1,14,512,,,,,,,,,,1,,,0,예측 탈락(§8.5 규칙4): logQ 1600 + 예측 logP 1620 > 1747+60 → 컨텍스트 미생성
openfhe,16,32768,50,50,15,16,1,1,14,512,,,,,,,,,,2,,,0,예측 탈락(§8.5 규칙4): logQ 1600 + 예측 logP 840 > 1747+60 → 컨텍스트 미생성
openfhe,16,32768,50,50,15,16,1,1,14,512,,,,,,,,,,3,,,0,예측 탈락(§8.5 규칙4): logQ 1600 + 예측 logP 600 > 1747+60 → 컨텍스트 미생성
openfhe,16,32768,50,50,15,16,1,1,14,512,,,,,,,,,,4,,,0,예측 탈락(§8.5 규칙4): logQ 1600 + 예측 logP 420 > 1747+60 → 컨텍스트 미생성
openfhe,16,32768,50,50,15,16,1,1,14,512,,,,,,,,,,5,,,0,예측 탈락(§8.5 규칙4): logQ 1600 + 예측 logP 360 > 1747+60 → 컨텍스트 미생성
openfhe,16,32768,50,50,15,16,1,1,14,512,,,,,,,,,,6,,,0,예측 탈락(§8.5 규칙4): logQ 1600 + 예측 logP 300 > 1747+60 → 컨텍스트 미생성
openfhe,16,32768,50,50,15,16,1,1,14,512,,,,,,,,,,7,,,0,예측 탈락(§8.5 규칙4): logQ 1600 + 예측 logP 300 > 1747+60 → 컨텍스트 미생성
openfhe,16,32768,50,50,15,16,1,1,14,512,,,,,,,,,,8,,,0,예측 탈락(§8.5 규칙4): logQ 1600 + 예측 logP 240 > 1747+60 → 컨텍스트 미생성
openfhe,16,32768,50,50,15,16,1,1,14,512,32,1600,3,180,1780,16,800,180,980,11,151,-33,0,logQP_boot 1780 > 1747
openfhe,16,32768,50,50,15,16,1,1,14,512,32,1600,2,120,1720,16,800,120,920,16,101,27,1,
openfhe,16,32768,50,50,15,16,1,1,14,512,32,1600,1,60,1660,16,800,60,860,32,51,87,1,
openfhe,16,32768,50,50,16,16,1,1,14,512,,,,,,,,,,1,,,0,예측 탈락(§8.5 규칙4): logQ 1650 + 예측 logP 1680 > 1747+60 → 컨텍스트 미생성
openfhe,16,32768,50,50,16,16,1,1,14,512,,,,,,,,,,2,,,0,예측 탈락(§8.5 규칙4): logQ 1650 + 예측 logP 900 > 1747+60 → 컨텍스트 미생성
openfhe,16,32768,50,50,16,16,1,1,14,512,,,,,,,,,,3,,,0,예측 탈락(§8.5 규칙4): logQ 1650 + 예측 logP 600 > 1747+60 → 컨텍스트 미생성
openfhe,16,32768,50,50,16,16,1,1,14,512,,,,,,,,,,4,,,0,예측 탈락(§8.5 규칙4): logQ 1650 + 예측 logP 480 > 1747+60 → 컨텍스트 미생성
openfhe,16,32768,50,50,16,16,1,1,14,512,,,,,,,,,,5,,,0,예측 탈락(§8.5 규칙4): logQ 1650 + 예측 logP 360 > 1747+60 → 컨텍스트 미생성
openfhe,16,32768,50,50,16,16,1,1,14,512,,,,,,,,,,6,,,0,예측 탈락(§8.5 규칙4): logQ 1650 + 예측 logP 300 > 1747+60 → 컨텍스트 미생성
openfhe,16,32768,50,50,16,16,1,1,14,512,,,,,,,,,,7,,,0,예측 탈락(§8.5 규칙4): logQ 1650 + 예측 logP 300 > 1747+60 → 컨텍스트 미생성
openfhe,16,32768,50,50,16,16,1,1,14,512,,,,,,,,,,9,,,0,예측 탈락(§8.5 규칙4): logQ 1650 + 예측 logP 240 > 1747+60 → 컨텍스트 미생성
openfhe,16,32768,50,50,16,16,1,1,14,512,,,,,,,,,,11,,,0,예측 탈락(§8.5 규칙4): logQ 1650 + 예측 logP 180 > 1747+60 → 컨텍스트 미생성
openfhe,16,32768,50,50,16,16,1,1,14,512,33,1650,2,120,1770,17,850,120,970,17,101,-23,0,logQP_boot 1770 > 1747
openfhe,16,32768,50,50,16,16,1,1,14,512,33,1650,1,60,1710,17,850,60,910,33,51,37,1,
openfhe,16,32768,50,50,15,18,2,2,14,512,,,,,,,,,,0,,,0,상한 초과 확정: logQ_boot(명목) 1700 + 최소 logP 60 > 1747
openfhe,16,32768,50,50,17,16,1,1,14,512,,,,,,,,,,0,,,0,상한 초과 확정: logQ_boot(명목) 1700 + 최소 logP 60 > 1747
openfhe,16,32768,50,50,16,18,2,2,14,512,,,,,,,,,,0,,,0,상한 초과 확정: logQ_boot(명목) 1750 + 최소 logP 60 > 1747
openfhe,16,32768,50,50,18,16,1,1,14,512,,,,,,,,,,0,,,0,상한 초과 확정: logQ_boot(명목) 1750 + 최소 logP 60 > 1747
openfhe,16,32768,50,50,15,20,3,3,14,512,,,,,,,,,,0,,,0,상한 초과 확정: logQ_boot(명목) 1800 + 최소 logP 60 > 1747
openfhe,16,32768,50,50,17,18,2,2,14,512,,,,,,,,,,0,,,0,상한 초과 확정: logQ_boot(명목) 1800 + 최소 logP 60 > 1747
openfhe,16,32768,50,50,19,16,1,1,14,512,,,,,,,,,,0,,,0,상한 초과 확정: logQ_boot(명목) 1800 + 최소 logP 60 > 1747
openfhe,16,32768,50,50,15,21,3,4,14,512,,,,,,,,,,0,,,0,상한 초과 확정: logQ_boot(명목) 1850 + 최소 logP 60 > 1747
openfhe,16,32768,50,50,15,21,4,3,14,512,,,,,,,,,,0,,,0,상한 초과 확정: logQ_boot(명목) 1850 + 최소 logP 60 > 1747
openfhe,16,32768,50,50,16,20,3,3,14,512,,,,,,,,,,0,,,0,상한 초과 확정: logQ_boot(명목) 1850 + 최소 logP 60 > 1747
openfhe,16,32768,50,50,18,18,2,2,14,512,,,,,,,,,,0,,,0,상한 초과 확정: logQ_boot(명목) 1850 + 최소 logP 60 > 1747
openfhe,16,32768,50,50,20,16,1,1,14,512,,,,,,,,,,0,,,0,상한 초과 확정: logQ_boot(명목) 1850 + 최소 logP 60 > 1747
openfhe,16,32768,50,50,15,22,4,4,14,512,,,,,,,,,,0,,,0,상한 초과 확정: logQ_boot(명목) 1900 + 최소 logP 60 > 1747
openfhe,16,32768,50,50,16,21,3,4,14,512,,,,,,,,,,0,,,0,상한 초과 확정: logQ_boot(명목) 1900 + 최소 logP 60 > 1747
openfhe,16,32768,50,50,16,21,4,3,14,512,,,,,,,,,,0,,,0,상한 초과 확정: logQ_boot(명목) 1900 + 최소 logP 60 > 1747
openfhe,16,32768,50,50,17,20,3,3,14,512,,,,,,,,,,0,,,0,상한 초과 확정: logQ_boot(명목) 1900 + 최소 logP 60 > 1747
openfhe,16,32768,50,50,19,18,2,2,14,512,,,,,,,,,,0,,,0,상한 초과 확정: logQ_boot(명목) 1900 + 최소 logP 60 > 1747
openfhe,16,32768,50,50,16,22,4,4,14,512,,,,,,,,,,0,,,0,상한 초과 확정: logQ_boot(명목) 1950 + 최소 logP 60 > 1747
openfhe,16,32768,50,50,17,21,3,4,14,512,,,,,,,,,,0,,,0,상한 초과 확정: logQ_boot(명목) 1950 + 최소 logP 60 > 1747
openfhe,16,32768,50,50,17,21,4,3,14,512,,,,,,,,,,0,,,0,상한 초과 확정: logQ_boot(명목) 1950 + 최소 logP 60 > 1747
openfhe,16,32768,50,50,18,20,3,3,14,512,,,,,,,,,,0,,,0,상한 초과 확정: logQ_boot(명목) 1950 + 최소 logP 60 > 1747
openfhe,16,32768,50,50,20,18,2,2,14,512,,,,,,,,,,0,,,0,상한 초과 확정: logQ_boot(명목) 1950 + 최소 logP 60 > 1747
openfhe,16,32768,50,50,17,22,4,4,14,512,,,,,,,,,,0,,,0,상한 초과 확정: logQ_boot(명목) 2000 + 최소 logP 60 > 1747
openfhe,16,32768,50,50,18,21,3,4,14,512,,,,,,,,,,0,,,0,상한 초과 확정: logQ_boot(명목) 2000 + 최소 logP 60 > 1747
openfhe,16,32768,50,50,18,21,4,3,14,512,,,,,,,,,,0,,,0,상한 초과 확정: logQ_boot(명목) 2000 + 최소 logP 60 > 1747
openfhe,16,32768,50,50,19,20,3,3,14,512,,,,,,,,,,0,,,0,상한 초과 확정: logQ_boot(명목) 2000 + 최소 logP 60 > 1747
openfhe,16,32768,50,50,18,22,4,4,14,512,,,,,,,,,,0,,,0,상한 초과 확정: logQ_boot(명목) 2050 + 최소 logP 60 > 1747
openfhe,16,32768,50,50,19,21,3,4,14,512,,,,,,,,,,0,,,0,상한 초과 확정: logQ_boot(명목) 2050 + 최소 logP 60 > 1747
openfhe,16,32768,50,50,19,21,4,3,14,512,,,,,,,,,,0,,,0,상한 초과 확정: logQ_boot(명목) 2050 + 최소 logP 60 > 1747
openfhe,16,32768,50,50,20,20,3,3,14,512,,,,,,,,,,0,,,0,상한 초과 확정: logQ_boot(명목) 2050 + 최소 logP 60 > 1747
openfhe,16,32768,50,50,19,22,4,4,14,512,,,,,,,,,,0,,,0,상한 초과 확정: logQ_boot(명목) 2100 + 최소 logP 60 > 1747
openfhe,16,32768,50,50,20,21,3,4,14,512,,,,,,,,,,0,,,0,상한 초과 확정: logQ_boot(명목) 2100 + 최소 logP 60 > 1747
openfhe,16,32768,50,50,20,21,4,3,14,512,,,,,,,,,,0,,,0,상한 초과 확정: logQ_boot(명목) 2100 + 최소 logP 60 > 1747
openfhe,16,32768,50,50,20,22,4,4,14,512,,,,,,,,,,0,,,0,상한 초과 확정: logQ_boot(명목) 2150 + 최소 logP 60 > 1747
openfhe,16,32768,50,55,15,16,1,1,14,512,,,,,,,,,,0,,,0,상한 초과 확정: logQ_boot(명목) 1755 + 최소 logP 60 > 1747
openfhe,16,32768,50,55,16,16,1,1,14,512,,,,,,,,,,0,,,0,상한 초과 확정: logQ_boot(명목) 1810 + 최소 logP 60 > 1747
openfhe,16,32768,50,55,15,18,2,2,14,512,,,,,,,,,,0,,,0,상한 초과 확정: logQ_boot(명목) 1865 + 최소 logP 60 > 1747
openfhe,16,32768,50,55,17,16,1,1,14,512,,,,,,,,,,0,,,0,상한 초과 확정: logQ_boot(명목) 1865 + 최소 logP 60 > 1747
openfhe,16,32768,50,55,16,18,2,2,14,512,,,,,,,,,,0,,,0,상한 초과 확정: logQ_boot(명목) 1920 + 최소 logP 60 > 1747
openfhe,16,32768,50,55,18,16,1,1,14,512,,,,,,,,,,0,,,0,상한 초과 확정: logQ_boot(명목) 1920 + 최소 logP 60 > 1747
openfhe,16,32768,50,55,15,20,3,3,14,512,,,,,,,,,,0,,,0,상한 초과 확정: logQ_boot(명목) 1975 + 최소 logP 60 > 1747
openfhe,16,32768,50,55,17,18,2,2,14,512,,,,,,,,,,0,,,0,상한 초과 확정: logQ_boot(명목) 1975 + 최소 logP 60 > 1747
openfhe,16,32768,50,55,19,16,1,1,14,512,,,,,,,,,,0,,,0,상한 초과 확정: logQ_boot(명목) 1975 + 최소 logP 60 > 1747
openfhe,16,32768,50,55,15,21,3,4,14,512,,,,,,,,,,0,,,0,상한 초과 확정: logQ_boot(명목) 2030 + 최소 logP 60 > 1747
openfhe,16,32768,50,55,15,21,4,3,14,512,,,,,,,,,,0,,,0,상한 초과 확정: logQ_boot(명목) 2030 + 최소 logP 60 > 1747
openfhe,16,32768,50,55,16,20,3,3,14,512,,,,,,,,,,0,,,0,상한 초과 확정: logQ_boot(명목) 2030 + 최소 logP 60 > 1747
openfhe,16,32768,50,55,18,18,2,2,14,512,,,,,,,,,,0,,,0,상한 초과 확정: logQ_boot(명목) 2030 + 최소 logP 60 > 1747
openfhe,16,32768,50,55,20,16,1,1,14,512,,,,,,,,,,0,,,0,상한 초과 확정: logQ_boot(명목) 2030 + 최소 logP 60 > 1747
openfhe,16,32768,50,55,15,22,4,4,14,512,,,,,,,,,,0,,,0,상한 초과 확정: logQ_boot(명목) 2085 + 최소 logP 60 > 1747
openfhe,16,32768,50,55,16,21,3,4,14,512,,,,,,,,,,0,,,0,상한 초과 확정: logQ_boot(명목) 2085 + 최소 logP 60 > 1747
openfhe,16,32768,50,55,16,21,4,3,14,512,,,,,,,,,,0,,,0,상한 초과 확정: logQ_boot(명목) 2085 + 최소 logP 60 > 1747
openfhe,16,32768,50,55,17,20,3,3,14,512,,,,,,,,,,0,,,0,상한 초과 확정: logQ_boot(명목) 2085 + 최소 logP 60 > 1747
openfhe,16,32768,50,55,19,18,2,2,14,512,,,,,,,,,,0,,,0,상한 초과 확정: logQ_boot(명목) 2085 + 최소 logP 60 > 1747
openfhe,16,32768,50,55,16,22,4,4,14,512,,,,,,,,,,0,,,0,상한 초과 확정: logQ_boot(명목) 2140 + 최소 logP 60 > 1747
openfhe,16,32768,50,55,17,21,3,4,14,512,,,,,,,,,,0,,,0,상한 초과 확정: logQ_boot(명목) 2140 + 최소 logP 60 > 1747
openfhe,16,32768,50,55,17,21,4,3,14,512,,,,,,,,,,0,,,0,상한 초과 확정: logQ_boot(명목) 2140 + 최소 logP 60 > 1747
openfhe,16,32768,50,55,18,20,3,3,14,512,,,,,,,,,,0,,,0,상한 초과 확정: logQ_boot(명목) 2140 + 최소 logP 60 > 1747
openfhe,16,32768,50,55,20,18,2,2,14,512,,,,,,,,,,0,,,0,상한 초과 확정: logQ_boot(명목) 2140 + 최소 logP 60 > 1747
openfhe,16,32768,50,55,17,22,4,4,14,512,,,,,,,,,,0,,,0,상한 초과 확정: logQ_boot(명목) 2195 + 최소 logP 60 > 1747
openfhe,16,32768,50,55,18,21,3,4,14,512,,,,,,,,,,0,,,0,상한 초과 확정: logQ_boot(명목) 2195 + 최소 logP 60 > 1747
openfhe,16,32768,50,55,18,21,4,3,14,512,,,,,,,,,,0,,,0,상한 초과 확정: logQ_boot(명목) 2195 + 최소 logP 60 > 1747
openfhe,16,32768,50,55,19,20,3,3,14,512,,,,,,,,,,0,,,0,상한 초과 확정: logQ_boot(명목) 2195 + 최소 logP 60 > 1747
openfhe,16,32768,50,55,18,22,4,4,14,512,,,,,,,,,,0,,,0,상한 초과 확정: logQ_boot(명목) 2250 + 최소 logP 60 > 1747
openfhe,16,32768,50,55,19,21,3,4,14,512,,,,,,,,,,0,,,0,상한 초과 확정: logQ_boot(명목) 2250 + 최소 logP 60 > 1747
openfhe,16,32768,50,55,19,21,4,3,14,512,,,,,,,,,,0,,,0,상한 초과 확정: logQ_boot(명목) 2250 + 최소 logP 60 > 1747
openfhe,16,32768,50,55,20,20,3,3,14,512,,,,,,,,,,0,,,0,상한 초과 확정: logQ_boot(명목) 2250 + 최소 logP 60 > 1747
openfhe,16,32768,50,55,19,22,4,4,14,512,,,,,,,,,,0,,,0,상한 초과 확정: logQ_boot(명목) 2305 + 최소 logP 60 > 1747
openfhe,16,32768,50,55,20,21,3,4,14,512,,,,,,,,,,0,,,0,상한 초과 확정: logQ_boot(명목) 2305 + 최소 logP 60 > 1747
openfhe,16,32768,50,55,20,21,4,3,14,512,,,,,,,,,,0,,,0,상한 초과 확정: logQ_boot(명목) 2305 + 최소 logP 60 > 1747
openfhe,16,32768,50,55,20,22,4,4,14,512,,,,,,,,,,0,,,0,상한 초과 확정: logQ_boot(명목) 2360 + 최소 logP 60 > 1747
openfhe,16,32768,50,58,15,16,1,1,14,512,,,,,,,,,,0,,,0,상한 초과 확정: logQ_boot(명목) 1848 + 최소 logP 60 > 1747
openfhe,16,32768,50,58,16,16,1,1,14,512,,,,,,,,,,0,,,0,상한 초과 확정: logQ_boot(명목) 1906 + 최소 logP 60 > 1747
openfhe,16,32768,50,58,15,18,2,2,14,512,,,,,,,,,,0,,,0,상한 초과 확정: logQ_boot(명목) 1964 + 최소 logP 60 > 1747
openfhe,16,32768,50,58,17,16,1,1,14,512,,,,,,,,,,0,,,0,상한 초과 확정: logQ_boot(명목) 1964 + 최소 logP 60 > 1747
openfhe,16,32768,50,58,16,18,2,2,14,512,,,,,,,,,,0,,,0,상한 초과 확정: logQ_boot(명목) 2022 + 최소 logP 60 > 1747
openfhe,16,32768,50,58,18,16,1,1,14,512,,,,,,,,,,0,,,0,상한 초과 확정: logQ_boot(명목) 2022 + 최소 logP 60 > 1747
openfhe,16,32768,50,58,15,20,3,3,14,512,,,,,,,,,,0,,,0,상한 초과 확정: logQ_boot(명목) 2080 + 최소 logP 60 > 1747
openfhe,16,32768,50,58,17,18,2,2,14,512,,,,,,,,,,0,,,0,상한 초과 확정: logQ_boot(명목) 2080 + 최소 logP 60 > 1747
openfhe,16,32768,50,58,19,16,1,1,14,512,,,,,,,,,,0,,,0,상한 초과 확정: logQ_boot(명목) 2080 + 최소 logP 60 > 1747
openfhe,16,32768,50,58,15,21,3,4,14,512,,,,,,,,,,0,,,0,상한 초과 확정: logQ_boot(명목) 2138 + 최소 logP 60 > 1747
openfhe,16,32768,50,58,15,21,4,3,14,512,,,,,,,,,,0,,,0,상한 초과 확정: logQ_boot(명목) 2138 + 최소 logP 60 > 1747
openfhe,16,32768,50,58,16,20,3,3,14,512,,,,,,,,,,0,,,0,상한 초과 확정: logQ_boot(명목) 2138 + 최소 logP 60 > 1747
openfhe,16,32768,50,58,18,18,2,2,14,512,,,,,,,,,,0,,,0,상한 초과 확정: logQ_boot(명목) 2138 + 최소 logP 60 > 1747
openfhe,16,32768,50,58,20,16,1,1,14,512,,,,,,,,,,0,,,0,상한 초과 확정: logQ_boot(명목) 2138 + 최소 logP 60 > 1747
openfhe,16,32768,50,58,15,22,4,4,14,512,,,,,,,,,,0,,,0,상한 초과 확정: logQ_boot(명목) 2196 + 최소 logP 60 > 1747
openfhe,16,32768,50,58,16,21,3,4,14,512,,,,,,,,,,0,,,0,상한 초과 확정: logQ_boot(명목) 2196 + 최소 logP 60 > 1747
openfhe,16,32768,50,58,16,21,4,3,14,512,,,,,,,,,,0,,,0,상한 초과 확정: logQ_boot(명목) 2196 + 최소 logP 60 > 1747
openfhe,16,32768,50,58,17,20,3,3,14,512,,,,,,,,,,0,,,0,상한 초과 확정: logQ_boot(명목) 2196 + 최소 logP 60 > 1747
openfhe,16,32768,50,58,19,18,2,2,14,512,,,,,,,,,,0,,,0,상한 초과 확정: logQ_boot(명목) 2196 + 최소 logP 60 > 1747
openfhe,16,32768,50,58,16,22,4,4,14,512,,,,,,,,,,0,,,0,상한 초과 확정: logQ_boot(명목) 2254 + 최소 logP 60 > 1747
openfhe,16,32768,50,58,17,21,3,4,14,512,,,,,,,,,,0,,,0,상한 초과 확정: logQ_boot(명목) 2254 + 최소 logP 60 > 1747
openfhe,16,32768,50,58,17,21,4,3,14,512,,,,,,,,,,0,,,0,상한 초과 확정: logQ_boot(명목) 2254 + 최소 logP 60 > 1747
openfhe,16,32768,50,58,18,20,3,3,14,512,,,,,,,,,,0,,,0,상한 초과 확정: logQ_boot(명목) 2254 + 최소 logP 60 > 1747
openfhe,16,32768,50,58,20,18,2,2,14,512,,,,,,,,,,0,,,0,상한 초과 확정: logQ_boot(명목) 2254 + 최소 logP 60 > 1747
openfhe,16,32768,50,58,17,22,4,4,14,512,,,,,,,,,,0,,,0,상한 초과 확정: logQ_boot(명목) 2312 + 최소 logP 60 > 1747
openfhe,16,32768,50,58,18,21,3,4,14,512,,,,,,,,,,0,,,0,상한 초과 확정: logQ_boot(명목) 2312 + 최소 logP 60 > 1747
openfhe,16,32768,50,58,18,21,4,3,14,512,,,,,,,,,,0,,,0,상한 초과 확정: logQ_boot(명목) 2312 + 최소 logP 60 > 1747
openfhe,16,32768,50,58,19,20,3,3,14,512,,,,,,,,,,0,,,0,상한 초과 확정: logQ_boot(명목) 2312 + 최소 logP 60 > 1747
openfhe,16,32768,50,58,18,22,4,4,14,512,,,,,,,,,,0,,,0,상한 초과 확정: logQ_boot(명목) 2370 + 최소 logP 60 > 1747
openfhe,16,32768,50,58,19,21,3,4,14,512,,,,,,,,,,0,,,0,상한 초과 확정: logQ_boot(명목) 2370 + 최소 logP 60 > 1747
openfhe,16,32768,50,58,19,21,4,3,14,512,,,,,,,,,,0,,,0,상한 초과 확정: logQ_boot(명목) 2370 + 최소 logP 60 > 1747
openfhe,16,32768,50,58,20,20,3,3,14,512,,,,,,,,,,0,,,0,상한 초과 확정: logQ_boot(명목) 2370 + 최소 logP 60 > 1747
openfhe,16,32768,50,58,19,22,4,4,14,512,,,,,,,,,,0,,,0,상한 초과 확정: logQ_boot(명목) 2428 + 최소 logP 60 > 1747
openfhe,16,32768,50,58,20,21,3,4,14,512,,,,,,,,,,0,,,0,상한 초과 확정: logQ_boot(명목) 2428 + 최소 logP 60 > 1747
openfhe,16,32768,50,58,20,21,4,3,14,512,,,,,,,,,,0,,,0,상한 초과 확정: logQ_boot(명목) 2428 + 최소 logP 60 > 1747
openfhe,16,32768,50,58,20,22,4,4,14,512,,,,,,,,,,0,,,0,상한 초과 확정: logQ_boot(명목) 2486 + 최소 logP 60 > 1747
openfhe,16,32768,55,48,15,16,1,1,14,512,,,,,,,,,,1,,,0,예측 탈락(§8.5 규칙4): logQ 1543 + 예측 logP 1560 > 1747+60 → 컨텍스트 미생성
openfhe,16,32768,55,48,15,16,1,1,14,512,,,,,,,,,,2,,,0,예측 탈락(§8.5 규칙4): logQ 1543 + 예측 logP 780 > 1747+60 → 컨텍스트 미생성
openfhe,16,32768,55,48,15,16,1,1,14,512,,,,,,,,,,3,,,0,예측 탈락(§8.5 규칙4): logQ 1543 + 예측 logP 540 > 1747+60 → 컨텍스트 미생성
openfhe,16,32768,55,48,15,16,1,1,14,512,,,,,,,,,,4,,,0,예측 탈락(§8.5 규칙4): logQ 1543 + 예측 logP 420 > 1747+60 → 컨텍스트 미생성
openfhe,16,32768,55,48,15,16,1,1,14,512,,,,,,,,,,5,,,0,예측 탈락(§8.5 규칙4): logQ 1543 + 예측 logP 360 > 1747+60 → 컨텍스트 미생성
openfhe,16,32768,55,48,15,16,1,1,14,512,,,,,,,,,,6,,,0,예측 탈락(§8.5 규칙4): logQ 1543 + 예측 logP 300 > 1747+60 → 컨텍스트 미생성
openfhe,16,32768,55,48,15,16,1,1,14,512,,,,,,,,,,7,,,0,예측 탈락(§8.5 규칙4): logQ 1543 + 예측 logP 300 > 1747+60 → 컨텍스트 미생성
openfhe,16,32768,55,48,15,16,1,1,14,512,32,1543,4,240,1783,16,775,240,1015,8,200,-36,0,logQP_boot 1783 > 1747
openfhe,16,32768,55,48,15,16,1,1,14,512,32,1543,3,180,1723,16,775,180,955,11,151,24,1,
openfhe,16,32768,55,48,15,16,1,1,14,512,32,1543,2,120,1663,16,775,120,895,16,104,84,1,
openfhe,16,32768,55,48,15,16,1,1,14,512,32,1543,1,60,1603,16,775,60,835,32,55,144,1,
openfhe,16,32768,55,48,16,16,1,1,14,512,,,,,,,,,,1,,,0,예측 탈락(§8.5 규칙4): logQ 1591 + 예측 logP 1620 > 1747+60 → 컨텍스트 미생성
openfhe,16,32768,55,48,16,16,1,1,14,512,,,,,,,,,,2,,,0,예측 탈락(§8.5 규칙4): logQ 1591 + 예측 logP 840 > 1747+60 → 컨텍스트 미생성
openfhe,16,32768,55,48,16,16,1,1,14,512,,,,,,,,,,3,,,0,예측 탈락(§8.5 규칙4): logQ 1591 + 예측 logP 540 > 1747+60 → 컨텍스트 미생성
openfhe,16,32768,55,48,16,16,1,1,14,512,,,,,,,,,,4,,,0,예측 탈락(§8.5 규칙4): logQ 1591 + 예측 logP 480 > 1747+60 → 컨텍스트 미생성
openfhe,16,32768,55,48,16,16,1,1,14,512,,,,,,,,,,5,,,0,예측 탈락(§8.5 규칙4): logQ 1591 + 예측 logP 360 > 1747+60 → 컨텍스트 미생성
openfhe,16,32768,55,48,16,16,1,1,14,512,,,,,,,,,,6,,,0,예측 탈락(§8.5 규칙4): logQ 1591 + 예측 logP 300 > 1747+60 → 컨텍스트 미생성
openfhe,16,32768,55,48,16,16,1,1,14,512,,,,,,,,,,7,,,0,예측 탈락(§8.5 규칙4): logQ 1591 + 예측 logP 300 > 1747+60 → 컨텍스트 미생성
openfhe,16,32768,55,48,16,16,1,1,14,512,,,,,,,,,,9,,,0,예측 탈락(§8.5 규칙4): logQ 1591 + 예측 logP 240 > 1747+60 → 컨텍스트 미생성
openfhe,16,32768,55,48,16,16,1,1,14,512,33,1591,3,180,1771,17,823,180,1003,11,151,-24,0,logQP_boot 1771 > 1747
openfhe,16,32768,55,48,16,16,1,1,14,512,33,1591,2,120,1711,17,823,120,943,17,103,36,1,
openfhe,16,32768,55,48,16,16,1,1,14,512,33,1591,1,60,1651,17,823,60,883,33,55,96,1,
openfhe,16,32768,55,48,15,18,2,2,14,512,,,,,,,,,,1,,,0,예측 탈락(§8.5 규칙4): logQ 1639 + 예측 logP 1680 > 1747+60 → 컨텍스트 미생성
openfhe,16,32768,55,48,17,16,1,1,14,512,,,,,,,,,,1,,,0,예측 탈락(§8.5 규칙4): logQ 1639 + 예측 logP 1680 > 1747+60 → 컨텍스트 미생성
openfhe,16,32768,55,48,15,18,2,2,14,512,,,,,,,,,,2,,,0,예측 탈락(§8.5 규칙4): logQ 1639 + 예측 logP 840 > 1747+60 → 컨텍스트 미생성
openfhe,16,32768,55,48,17,16,1,1,14,512,,,,,,,,,,2,,,0,예측 탈락(§8.5 규칙4): logQ 1639 + 예측 logP 840 > 1747+60 → 컨텍스트 미생성
openfhe,16,32768,55,48,15,18,2,2,14,512,,,,,,,,,,3,,,0,예측 탈락(§8.5 규칙4): logQ 1639 + 예측 logP 600 > 1747+60 → 컨텍스트 미생성
openfhe,16,32768,55,48,17,16,1,1,14,512,,,,,,,,,,3,,,0,예측 탈락(§8.5 규칙4): logQ 1639 + 예측 logP 600 > 1747+60 → 컨텍스트 미생성
openfhe,16,32768,55,48,15,18,2,2,14,512,,,,,,,,,,4,,,0,예측 탈락(§8.5 규칙4): logQ 1639 + 예측 logP 480 > 1747+60 → 컨텍스트 미생성
openfhe,16,32768,55,48,17,16,1,1,14,512,,,,,,,,,,4,,,0,예측 탈락(§8.5 규칙4): logQ 1639 + 예측 logP 480 > 1747+60 → 컨텍스트 미생성
openfhe,16,32768,55,48,15,18,2,2,14,512,,,,,,,,,,5,,,0,예측 탈락(§8.5 규칙4): logQ 1639 + 예측 logP 360 > 1747+60 → 컨텍스트 미생성
openfhe,16,32768,55,48,17,16,1,1,14,512,,,,,,,,,,5,,,0,예측 탈락(§8.5 규칙4): logQ 1639 + 예측 logP 360 > 1747+60 → 컨텍스트 미생성
openfhe,16,32768,55,48,15,18,2,2,14,512,,,,,,,,,,6,,,0,예측 탈락(§8.5 규칙4): logQ 1639 + 예측 logP 300 > 1747+60 → 컨텍스트 미생성
openfhe,16,32768,55,48,17,16,1,1,14,512,,,,,,,,,,6,,,0,예측 탈락(§8.5 규칙4): logQ 1639 + 예측 logP 300 > 1747+60 → 컨텍스트 미생성
openfhe,16,32768,55,48,15,18,2,2,14,512,,,,,,,,,,7,,,0,예측 탈락(§8.5 규칙4): logQ 1639 + 예측 logP 300 > 1747+60 → 컨텍스트 미생성
openfhe,16,32768,55,48,17,16,1,1,14,512,,,,,,,,,,7,,,0,예측 탈락(§8.5 규칙4): logQ 1639 + 예측 logP 300 > 1747+60 → 컨텍스트 미생성
openfhe,16,32768,55,48,15,18,2,2,14,512,,,,,,,,,,9,,,0,예측 탈락(§8.5 규칙4): logQ 1639 + 예측 logP 240 > 1747+60 → 컨텍스트 미생성
openfhe,16,32768,55,48,17,16,1,1,14,512,,,,,,,,,,9,,,0,예측 탈락(§8.5 규칙4): logQ 1639 + 예측 logP 240 > 1747+60 → 컨텍스트 미생성
openfhe,16,32768,55,48,15,18,2,2,14,512,,,,,,,,,,12,,,0,예측 탈락(§8.5 규칙4): logQ 1639 + 예측 logP 180 > 1747+60 → 컨텍스트 미생성
openfhe,16,32768,55,48,17,16,1,1,14,512,,,,,,,,,,12,,,0,예측 탈락(§8.5 규칙4): logQ 1639 + 예측 logP 180 > 1747+60 → 컨텍스트 미생성
openfhe,16,32768,55,48,15,18,2,2,14,512,34,1639,2,120,1759,16,775,120,895,17,104,-12,0,logQP_boot 1759 > 1747
openfhe,16,32768,55,48,17,16,1,1,14,512,34,1639,2,120,1759,18,871,120,991,17,104,-12,0,logQP_boot 1759 > 1747
openfhe,16,32768,55,48,15,18,2,2,14,512,34,1639,1,60,1699,16,775,60,835,34,55,48,1,
openfhe,16,32768,55,48,17,16,1,1,14,512,34,1639,1,60,1699,18,871,60,931,34,55,48,1,
openfhe,16,32768,55,48,16,18,2,2,14,512,,,,,,,,,,1,,,0,예측 탈락(§8.5 규칙4): logQ 1687 + 예측 logP 1740 > 1747+60 → 컨텍스트 미생성
openfhe,16,32768,55,48,18,16,1,1,14,512,,,,,,,,,,1,,,0,예측 탈락(§8.5 규칙4): logQ 1687 + 예측 logP 1740 > 1747+60 → 컨텍스트 미생성
openfhe,16,32768,55,48,16,18,2,2,14,512,,,,,,,,,,2,,,0,예측 탈락(§8.5 규칙4): logQ 1687 + 예측 logP 900 > 1747+60 → 컨텍스트 미생성
openfhe,16,32768,55,48,18,16,1,1,14,512,,,,,,,,,,2,,,0,예측 탈락(§8.5 규칙4): logQ 1687 + 예측 logP 900 > 1747+60 → 컨텍스트 미생성
openfhe,16,32768,55,48,16,18,2,2,14,512,,,,,,,,,,3,,,0,예측 탈락(§8.5 규칙4): logQ 1687 + 예측 logP 600 > 1747+60 → 컨텍스트 미생성
openfhe,16,32768,55,48,18,16,1,1,14,512,,,,,,,,,,3,,,0,예측 탈락(§8.5 규칙4): logQ 1687 + 예측 logP 600 > 1747+60 → 컨텍스트 미생성
openfhe,16,32768,55,48,16,18,2,2,14,512,,,,,,,,,,4,,,0,예측 탈락(§8.5 규칙4): logQ 1687 + 예측 logP 480 > 1747+60 → 컨텍스트 미생성
openfhe,16,32768,55,48,18,16,1,1,14,512,,,,,,,,,,4,,,0,예측 탈락(§8.5 규칙4): logQ 1687 + 예측 logP 480 > 1747+60 → 컨텍스트 미생성
openfhe,16,32768,55,48,16,18,2,2,14,512,,,,,,,,,,5,,,0,예측 탈락(§8.5 규칙4): logQ 1687 + 예측 logP 360 > 1747+60 → 컨텍스트 미생성
openfhe,16,32768,55,48,18,16,1,1,14,512,,,,,,,,,,5,,,0,예측 탈락(§8.5 규칙4): logQ 1687 + 예측 logP 360 > 1747+60 → 컨텍스트 미생성
openfhe,16,32768,55,48,16,18,2,2,14,512,,,,,,,,,,6,,,0,예측 탈락(§8.5 규칙4): logQ 1687 + 예측 logP 300 > 1747+60 → 컨텍스트 미생성
openfhe,16,32768,55,48,18,16,1,1,14,512,,,,,,,,,,6,,,0,예측 탈락(§8.5 규칙4): logQ 1687 + 예측 logP 300 > 1747+60 → 컨텍스트 미생성
openfhe,16,32768,55,48,16,18,2,2,14,512,,,,,,,,,,7,,,0,예측 탈락(§8.5 규칙4): logQ 1687 + 예측 logP 300 > 1747+60 → 컨텍스트 미생성
openfhe,16,32768,55,48,18,16,1,1,14,512,,,,,,,,,,7,,,0,예측 탈락(§8.5 규칙4): logQ 1687 + 예측 logP 300 > 1747+60 → 컨텍스트 미생성
openfhe,16,32768,55,48,16,18,2,2,14,512,,,,,,,,,,9,,,0,예측 탈락(§8.5 규칙4): logQ 1687 + 예측 logP 240 > 1747+60 → 컨텍스트 미생성
openfhe,16,32768,55,48,18,16,1,1,14,512,,,,,,,,,,9,,,0,예측 탈락(§8.5 규칙4): logQ 1687 + 예측 logP 240 > 1747+60 → 컨텍스트 미생성
openfhe,16,32768,55,48,16,18,2,2,14,512,,,,,,,,,,12,,,0,예측 탈락(§8.5 규칙4): logQ 1687 + 예측 logP 180 > 1747+60 → 컨텍스트 미생성
openfhe,16,32768,55,48,18,16,1,1,14,512,,,,,,,,,,12,,,0,예측 탈락(§8.5 규칙4): logQ 1687 + 예측 logP 180 > 1747+60 → 컨텍스트 미생성
openfhe,16,32768,55,48,16,18,2,2,14,512,35,1687,2,120,1807,17,823,120,943,18,103,-60,0,logQP_boot 1807 > 1747
openfhe,16,32768,55,48,18,16,1,1,14,512,35,1687,2,120,1807,19,919,120,1039,18,103,-60,0,logQP_boot 1807 > 1747
openfhe,16,32768,55,48,16,18,2,2,14,512,35,1687,1,60,1747,17,823,60,883,35,55,0,1,
openfhe,16,32768,55,48,18,16,1,1,14,512,35,1687,1,60,1747,19,919,60,979,35,55,0,1,
openfhe,16,32768,55,48,15,20,3,3,14,512,,,,,,,,,,0,,,0,상한 초과 확정: logQ_boot(명목) 1735 + 최소 logP 60 > 1747
openfhe,16,32768,55,48,17,18,2,2,14,512,,,,,,,,,,0,,,0,상한 초과 확정: logQ_boot(명목) 1735 + 최소 logP 60 > 1747
openfhe,16,32768,55,48,19,16,1,1,14,512,,,,,,,,,,0,,,0,상한 초과 확정: logQ_boot(명목) 1735 + 최소 logP 60 > 1747
openfhe,16,32768,55,48,15,21,3,4,14,512,,,,,,,,,,0,,,0,상한 초과 확정: logQ_boot(명목) 1783 + 최소 logP 60 > 1747
openfhe,16,32768,55,48,15,21,4,3,14,512,,,,,,,,,,0,,,0,상한 초과 확정: logQ_boot(명목) 1783 + 최소 logP 60 > 1747
openfhe,16,32768,55,48,16,20,3,3,14,512,,,,,,,,,,0,,,0,상한 초과 확정: logQ_boot(명목) 1783 + 최소 logP 60 > 1747
openfhe,16,32768,55,48,18,18,2,2,14,512,,,,,,,,,,0,,,0,상한 초과 확정: logQ_boot(명목) 1783 + 최소 logP 60 > 1747
openfhe,16,32768,55,48,20,16,1,1,14,512,,,,,,,,,,0,,,0,상한 초과 확정: logQ_boot(명목) 1783 + 최소 logP 60 > 1747
openfhe,16,32768,55,48,15,22,4,4,14,512,,,,,,,,,,0,,,0,상한 초과 확정: logQ_boot(명목) 1831 + 최소 logP 60 > 1747
openfhe,16,32768,55,48,16,21,3,4,14,512,,,,,,,,,,0,,,0,상한 초과 확정: logQ_boot(명목) 1831 + 최소 logP 60 > 1747
openfhe,16,32768,55,48,16,21,4,3,14,512,,,,,,,,,,0,,,0,상한 초과 확정: logQ_boot(명목) 1831 + 최소 logP 60 > 1747
openfhe,16,32768,55,48,17,20,3,3,14,512,,,,,,,,,,0,,,0,상한 초과 확정: logQ_boot(명목) 1831 + 최소 logP 60 > 1747
openfhe,16,32768,55,48,19,18,2,2,14,512,,,,,,,,,,0,,,0,상한 초과 확정: logQ_boot(명목) 1831 + 최소 logP 60 > 1747
openfhe,16,32768,55,48,16,22,4,4,14,512,,,,,,,,,,0,,,0,상한 초과 확정: logQ_boot(명목) 1879 + 최소 logP 60 > 1747
openfhe,16,32768,55,48,17,21,3,4,14,512,,,,,,,,,,0,,,0,상한 초과 확정: logQ_boot(명목) 1879 + 최소 logP 60 > 1747
openfhe,16,32768,55,48,17,21,4,3,14,512,,,,,,,,,,0,,,0,상한 초과 확정: logQ_boot(명목) 1879 + 최소 logP 60 > 1747
openfhe,16,32768,55,48,18,20,3,3,14,512,,,,,,,,,,0,,,0,상한 초과 확정: logQ_boot(명목) 1879 + 최소 logP 60 > 1747
openfhe,16,32768,55,48,20,18,2,2,14,512,,,,,,,,,,0,,,0,상한 초과 확정: logQ_boot(명목) 1879 + 최소 logP 60 > 1747
openfhe,16,32768,55,48,17,22,4,4,14,512,,,,,,,,,,0,,,0,상한 초과 확정: logQ_boot(명목) 1927 + 최소 logP 60 > 1747
openfhe,16,32768,55,48,18,21,3,4,14,512,,,,,,,,,,0,,,0,상한 초과 확정: logQ_boot(명목) 1927 + 최소 logP 60 > 1747
openfhe,16,32768,55,48,18,21,4,3,14,512,,,,,,,,,,0,,,0,상한 초과 확정: logQ_boot(명목) 1927 + 최소 logP 60 > 1747
openfhe,16,32768,55,48,19,20,3,3,14,512,,,,,,,,,,0,,,0,상한 초과 확정: logQ_boot(명목) 1927 + 최소 logP 60 > 1747
openfhe,16,32768,55,48,18,22,4,4,14,512,,,,,,,,,,0,,,0,상한 초과 확정: logQ_boot(명목) 1975 + 최소 logP 60 > 1747
openfhe,16,32768,55,48,19,21,3,4,14,512,,,,,,,,,,0,,,0,상한 초과 확정: logQ_boot(명목) 1975 + 최소 logP 60 > 1747
openfhe,16,32768,55,48,19,21,4,3,14,512,,,,,,,,,,0,,,0,상한 초과 확정: logQ_boot(명목) 1975 + 최소 logP 60 > 1747
openfhe,16,32768,55,48,20,20,3,3,14,512,,,,,,,,,,0,,,0,상한 초과 확정: logQ_boot(명목) 1975 + 최소 logP 60 > 1747
openfhe,16,32768,55,48,19,22,4,4,14,512,,,,,,,,,,0,,,0,상한 초과 확정: logQ_boot(명목) 2023 + 최소 logP 60 > 1747
openfhe,16,32768,55,48,20,21,3,4,14,512,,,,,,,,,,0,,,0,상한 초과 확정: logQ_boot(명목) 2023 + 최소 logP 60 > 1747
openfhe,16,32768,55,48,20,21,4,3,14,512,,,,,,,,,,0,,,0,상한 초과 확정: logQ_boot(명목) 2023 + 최소 logP 60 > 1747
openfhe,16,32768,55,48,20,22,4,4,14,512,,,,,,,,,,0,,,0,상한 초과 확정: logQ_boot(명목) 2071 + 최소 logP 60 > 1747
openfhe,16,32768,55,50,15,16,1,1,14,512,,,,,,,,,,1,,,0,예측 탈락(§8.5 규칙4): logQ 1605 + 예측 logP 1620 > 1747+60 → 컨텍스트 미생성
openfhe,16,32768,55,50,15,16,1,1,14,512,,,,,,,,,,2,,,0,예측 탈락(§8.5 규칙4): logQ 1605 + 예측 logP 840 > 1747+60 → 컨텍스트 미생성
openfhe,16,32768,55,50,15,16,1,1,14,512,,,,,,,,,,3,,,0,예측 탈락(§8.5 규칙4): logQ 1605 + 예측 logP 600 > 1747+60 → 컨텍스트 미생성
openfhe,16,32768,55,50,15,16,1,1,14,512,,,,,,,,,,4,,,0,예측 탈락(§8.5 규칙4): logQ 1605 + 예측 logP 420 > 1747+60 → 컨텍스트 미생성
openfhe,16,32768,55,50,15,16,1,1,14,512,,,,,,,,,,5,,,0,예측 탈락(§8.5 규칙4): logQ 1605 + 예측 logP 360 > 1747+60 → 컨텍스트 미생성
openfhe,16,32768,55,50,15,16,1,1,14,512,,,,,,,,,,6,,,0,예측 탈락(§8.5 규칙4): logQ 1605 + 예측 logP 360 > 1747+60 → 컨텍스트 미생성
openfhe,16,32768,55,50,15,16,1,1,14,512,,,,,,,,,,7,,,0,예측 탈락(§8.5 규칙4): logQ 1605 + 예측 logP 300 > 1747+60 → 컨텍스트 미생성
openfhe,16,32768,55,50,15,16,1,1,14,512,,,,,,,,,,8,,,0,예측 탈락(§8.5 규칙4): logQ 1605 + 예측 logP 240 > 1747+60 → 컨텍스트 미생성
openfhe,16,32768,55,50,15,16,1,1,14,512,32,1605,3,180,1785,16,805,180,985,11,155,-38,0,logQP_boot 1785 > 1747
openfhe,16,32768,55,50,15,16,1,1,14,512,32,1605,2,120,1725,16,805,120,925,16,106,22,1,
openfhe,16,32768,55,50,15,16,1,1,14,512,32,1605,1,60,1665,16,805,60,865,32,55,82,1,
openfhe,16,32768,55,50,16,16,1,1,14,512,,,,,,,,,,1,,,0,예측 탈락(§8.5 규칙4): logQ 1655 + 예측 logP 1680 > 1747+60 → 컨텍스트 미생성
openfhe,16,32768,55,50,16,16,1,1,14,512,,,,,,,,,,2,,,0,예측 탈락(§8.5 규칙4): logQ 1655 + 예측 logP 900 > 1747+60 → 컨텍스트 미생성
openfhe,16,32768,55,50,16,16,1,1,14,512,,,,,,,,,,3,,,0,예측 탈락(§8.5 규칙4): logQ 1655 + 예측 logP 600 > 1747+60 → 컨텍스트 미생성
openfhe,16,32768,55,50,16,16,1,1,14,512,,,,,,,,,,4,,,0,예측 탈락(§8.5 규칙4): logQ 1655 + 예측 logP 480 > 1747+60 → 컨텍스트 미생성
openfhe,16,32768,55,50,16,16,1,1,14,512,,,,,,,,,,5,,,0,예측 탈락(§8.5 규칙4): logQ 1655 + 예측 logP 360 > 1747+60 → 컨텍스트 미생성
openfhe,16,32768,55,50,16,16,1,1,14,512,,,,,,,,,,6,,,0,예측 탈락(§8.5 규칙4): logQ 1655 + 예측 logP 360 > 1747+60 → 컨텍스트 미생성
openfhe,16,32768,55,50,16,16,1,1,14,512,,,,,,,,,,7,,,0,예측 탈락(§8.5 규칙4): logQ 1655 + 예측 logP 300 > 1747+60 → 컨텍스트 미생성
openfhe,16,32768,55,50,16,16,1,1,14,512,,,,,,,,,,9,,,0,예측 탈락(§8.5 규칙4): logQ 1655 + 예측 logP 240 > 1747+60 → 컨텍스트 미생성
openfhe,16,32768,55,50,16,16,1,1,14,512,,,,,,,,,,11,,,0,예측 탈락(§8.5 규칙4): logQ 1655 + 예측 logP 180 > 1747+60 → 컨텍스트 미생성
openfhe,16,32768,55,50,16,16,1,1,14,512,33,1655,2,120,1775,17,855,120,975,17,105,-28,0,logQP_boot 1775 > 1747
openfhe,16,32768,55,50,16,16,1,1,14,512,33,1655,1,60,1715,17,855,60,915,33,55,32,1,
openfhe,16,32768,55,50,15,18,2,2,14,512,,,,,,,,,,0,,,0,상한 초과 확정: logQ_boot(명목) 1705 + 최소 logP 60 > 1747
openfhe,16,32768,55,50,17,16,1,1,14,512,,,,,,,,,,0,,,0,상한 초과 확정: logQ_boot(명목) 1705 + 최소 logP 60 > 1747
openfhe,16,32768,55,50,16,18,2,2,14,512,,,,,,,,,,0,,,0,상한 초과 확정: logQ_boot(명목) 1755 + 최소 logP 60 > 1747
openfhe,16,32768,55,50,18,16,1,1,14,512,,,,,,,,,,0,,,0,상한 초과 확정: logQ_boot(명목) 1755 + 최소 logP 60 > 1747
openfhe,16,32768,55,50,15,20,3,3,14,512,,,,,,,,,,0,,,0,상한 초과 확정: logQ_boot(명목) 1805 + 최소 logP 60 > 1747
openfhe,16,32768,55,50,17,18,2,2,14,512,,,,,,,,,,0,,,0,상한 초과 확정: logQ_boot(명목) 1805 + 최소 logP 60 > 1747
openfhe,16,32768,55,50,19,16,1,1,14,512,,,,,,,,,,0,,,0,상한 초과 확정: logQ_boot(명목) 1805 + 최소 logP 60 > 1747
openfhe,16,32768,55,50,15,21,3,4,14,512,,,,,,,,,,0,,,0,상한 초과 확정: logQ_boot(명목) 1855 + 최소 logP 60 > 1747
openfhe,16,32768,55,50,15,21,4,3,14,512,,,,,,,,,,0,,,0,상한 초과 확정: logQ_boot(명목) 1855 + 최소 logP 60 > 1747
openfhe,16,32768,55,50,16,20,3,3,14,512,,,,,,,,,,0,,,0,상한 초과 확정: logQ_boot(명목) 1855 + 최소 logP 60 > 1747
openfhe,16,32768,55,50,18,18,2,2,14,512,,,,,,,,,,0,,,0,상한 초과 확정: logQ_boot(명목) 1855 + 최소 logP 60 > 1747
openfhe,16,32768,55,50,20,16,1,1,14,512,,,,,,,,,,0,,,0,상한 초과 확정: logQ_boot(명목) 1855 + 최소 logP 60 > 1747
openfhe,16,32768,55,50,15,22,4,4,14,512,,,,,,,,,,0,,,0,상한 초과 확정: logQ_boot(명목) 1905 + 최소 logP 60 > 1747
openfhe,16,32768,55,50,16,21,3,4,14,512,,,,,,,,,,0,,,0,상한 초과 확정: logQ_boot(명목) 1905 + 최소 logP 60 > 1747
openfhe,16,32768,55,50,16,21,4,3,14,512,,,,,,,,,,0,,,0,상한 초과 확정: logQ_boot(명목) 1905 + 최소 logP 60 > 1747
openfhe,16,32768,55,50,17,20,3,3,14,512,,,,,,,,,,0,,,0,상한 초과 확정: logQ_boot(명목) 1905 + 최소 logP 60 > 1747
openfhe,16,32768,55,50,19,18,2,2,14,512,,,,,,,,,,0,,,0,상한 초과 확정: logQ_boot(명목) 1905 + 최소 logP 60 > 1747
openfhe,16,32768,55,50,16,22,4,4,14,512,,,,,,,,,,0,,,0,상한 초과 확정: logQ_boot(명목) 1955 + 최소 logP 60 > 1747
openfhe,16,32768,55,50,17,21,3,4,14,512,,,,,,,,,,0,,,0,상한 초과 확정: logQ_boot(명목) 1955 + 최소 logP 60 > 1747
openfhe,16,32768,55,50,17,21,4,3,14,512,,,,,,,,,,0,,,0,상한 초과 확정: logQ_boot(명목) 1955 + 최소 logP 60 > 1747
openfhe,16,32768,55,50,18,20,3,3,14,512,,,,,,,,,,0,,,0,상한 초과 확정: logQ_boot(명목) 1955 + 최소 logP 60 > 1747
openfhe,16,32768,55,50,20,18,2,2,14,512,,,,,,,,,,0,,,0,상한 초과 확정: logQ_boot(명목) 1955 + 최소 logP 60 > 1747
openfhe,16,32768,55,50,17,22,4,4,14,512,,,,,,,,,,0,,,0,상한 초과 확정: logQ_boot(명목) 2005 + 최소 logP 60 > 1747
openfhe,16,32768,55,50,18,21,3,4,14,512,,,,,,,,,,0,,,0,상한 초과 확정: logQ_boot(명목) 2005 + 최소 logP 60 > 1747
openfhe,16,32768,55,50,18,21,4,3,14,512,,,,,,,,,,0,,,0,상한 초과 확정: logQ_boot(명목) 2005 + 최소 logP 60 > 1747
openfhe,16,32768,55,50,19,20,3,3,14,512,,,,,,,,,,0,,,0,상한 초과 확정: logQ_boot(명목) 2005 + 최소 logP 60 > 1747
openfhe,16,32768,55,50,18,22,4,4,14,512,,,,,,,,,,0,,,0,상한 초과 확정: logQ_boot(명목) 2055 + 최소 logP 60 > 1747
openfhe,16,32768,55,50,19,21,3,4,14,512,,,,,,,,,,0,,,0,상한 초과 확정: logQ_boot(명목) 2055 + 최소 logP 60 > 1747
openfhe,16,32768,55,50,19,21,4,3,14,512,,,,,,,,,,0,,,0,상한 초과 확정: logQ_boot(명목) 2055 + 최소 logP 60 > 1747
openfhe,16,32768,55,50,20,20,3,3,14,512,,,,,,,,,,0,,,0,상한 초과 확정: logQ_boot(명목) 2055 + 최소 logP 60 > 1747
openfhe,16,32768,55,50,19,22,4,4,14,512,,,,,,,,,,0,,,0,상한 초과 확정: logQ_boot(명목) 2105 + 최소 logP 60 > 1747
openfhe,16,32768,55,50,20,21,3,4,14,512,,,,,,,,,,0,,,0,상한 초과 확정: logQ_boot(명목) 2105 + 최소 logP 60 > 1747
openfhe,16,32768,55,50,20,21,4,3,14,512,,,,,,,,,,0,,,0,상한 초과 확정: logQ_boot(명목) 2105 + 최소 logP 60 > 1747
openfhe,16,32768,55,50,20,22,4,4,14,512,,,,,,,,,,0,,,0,상한 초과 확정: logQ_boot(명목) 2155 + 최소 logP 60 > 1747
openfhe,16,32768,55,55,15,16,1,1,14,512,,,,,,,,,,0,,,0,상한 초과 확정: logQ_boot(명목) 1760 + 최소 logP 60 > 1747
openfhe,16,32768,55,55,16,16,1,1,14,512,,,,,,,,,,0,,,0,상한 초과 확정: logQ_boot(명목) 1815 + 최소 logP 60 > 1747
openfhe,16,32768,55,55,15,18,2,2,14,512,,,,,,,,,,0,,,0,상한 초과 확정: logQ_boot(명목) 1870 + 최소 logP 60 > 1747
openfhe,16,32768,55,55,17,16,1,1,14,512,,,,,,,,,,0,,,0,상한 초과 확정: logQ_boot(명목) 1870 + 최소 logP 60 > 1747
openfhe,16,32768,55,55,16,18,2,2,14,512,,,,,,,,,,0,,,0,상한 초과 확정: logQ_boot(명목) 1925 + 최소 logP 60 > 1747
openfhe,16,32768,55,55,18,16,1,1,14,512,,,,,,,,,,0,,,0,상한 초과 확정: logQ_boot(명목) 1925 + 최소 logP 60 > 1747
openfhe,16,32768,55,55,15,20,3,3,14,512,,,,,,,,,,0,,,0,상한 초과 확정: logQ_boot(명목) 1980 + 최소 logP 60 > 1747
openfhe,16,32768,55,55,17,18,2,2,14,512,,,,,,,,,,0,,,0,상한 초과 확정: logQ_boot(명목) 1980 + 최소 logP 60 > 1747
openfhe,16,32768,55,55,19,16,1,1,14,512,,,,,,,,,,0,,,0,상한 초과 확정: logQ_boot(명목) 1980 + 최소 logP 60 > 1747
openfhe,16,32768,55,55,15,21,3,4,14,512,,,,,,,,,,0,,,0,상한 초과 확정: logQ_boot(명목) 2035 + 최소 logP 60 > 1747
openfhe,16,32768,55,55,15,21,4,3,14,512,,,,,,,,,,0,,,0,상한 초과 확정: logQ_boot(명목) 2035 + 최소 logP 60 > 1747
openfhe,16,32768,55,55,16,20,3,3,14,512,,,,,,,,,,0,,,0,상한 초과 확정: logQ_boot(명목) 2035 + 최소 logP 60 > 1747
openfhe,16,32768,55,55,18,18,2,2,14,512,,,,,,,,,,0,,,0,상한 초과 확정: logQ_boot(명목) 2035 + 최소 logP 60 > 1747
openfhe,16,32768,55,55,20,16,1,1,14,512,,,,,,,,,,0,,,0,상한 초과 확정: logQ_boot(명목) 2035 + 최소 logP 60 > 1747
openfhe,16,32768,55,55,15,22,4,4,14,512,,,,,,,,,,0,,,0,상한 초과 확정: logQ_boot(명목) 2090 + 최소 logP 60 > 1747
openfhe,16,32768,55,55,16,21,3,4,14,512,,,,,,,,,,0,,,0,상한 초과 확정: logQ_boot(명목) 2090 + 최소 logP 60 > 1747
openfhe,16,32768,55,55,16,21,4,3,14,512,,,,,,,,,,0,,,0,상한 초과 확정: logQ_boot(명목) 2090 + 최소 logP 60 > 1747
openfhe,16,32768,55,55,17,20,3,3,14,512,,,,,,,,,,0,,,0,상한 초과 확정: logQ_boot(명목) 2090 + 최소 logP 60 > 1747
openfhe,16,32768,55,55,19,18,2,2,14,512,,,,,,,,,,0,,,0,상한 초과 확정: logQ_boot(명목) 2090 + 최소 logP 60 > 1747
openfhe,16,32768,55,55,16,22,4,4,14,512,,,,,,,,,,0,,,0,상한 초과 확정: logQ_boot(명목) 2145 + 최소 logP 60 > 1747
openfhe,16,32768,55,55,17,21,3,4,14,512,,,,,,,,,,0,,,0,상한 초과 확정: logQ_boot(명목) 2145 + 최소 logP 60 > 1747
openfhe,16,32768,55,55,17,21,4,3,14,512,,,,,,,,,,0,,,0,상한 초과 확정: logQ_boot(명목) 2145 + 최소 logP 60 > 1747
openfhe,16,32768,55,55,18,20,3,3,14,512,,,,,,,,,,0,,,0,상한 초과 확정: logQ_boot(명목) 2145 + 최소 logP 60 > 1747
openfhe,16,32768,55,55,20,18,2,2,14,512,,,,,,,,,,0,,,0,상한 초과 확정: logQ_boot(명목) 2145 + 최소 logP 60 > 1747
openfhe,16,32768,55,55,17,22,4,4,14,512,,,,,,,,,,0,,,0,상한 초과 확정: logQ_boot(명목) 2200 + 최소 logP 60 > 1747
openfhe,16,32768,55,55,18,21,3,4,14,512,,,,,,,,,,0,,,0,상한 초과 확정: logQ_boot(명목) 2200 + 최소 logP 60 > 1747
openfhe,16,32768,55,55,18,21,4,3,14,512,,,,,,,,,,0,,,0,상한 초과 확정: logQ_boot(명목) 2200 + 최소 logP 60 > 1747
openfhe,16,32768,55,55,19,20,3,3,14,512,,,,,,,,,,0,,,0,상한 초과 확정: logQ_boot(명목) 2200 + 최소 logP 60 > 1747
openfhe,16,32768,55,55,18,22,4,4,14,512,,,,,,,,,,0,,,0,상한 초과 확정: logQ_boot(명목) 2255 + 최소 logP 60 > 1747
openfhe,16,32768,55,55,19,21,3,4,14,512,,,,,,,,,,0,,,0,상한 초과 확정: logQ_boot(명목) 2255 + 최소 logP 60 > 1747
openfhe,16,32768,55,55,19,21,4,3,14,512,,,,,,,,,,0,,,0,상한 초과 확정: logQ_boot(명목) 2255 + 최소 logP 60 > 1747
openfhe,16,32768,55,55,20,20,3,3,14,512,,,,,,,,,,0,,,0,상한 초과 확정: logQ_boot(명목) 2255 + 최소 logP 60 > 1747
openfhe,16,32768,55,55,19,22,4,4,14,512,,,,,,,,,,0,,,0,상한 초과 확정: logQ_boot(명목) 2310 + 최소 logP 60 > 1747
openfhe,16,32768,55,55,20,21,3,4,14,512,,,,,,,,,,0,,,0,상한 초과 확정: logQ_boot(명목) 2310 + 최소 logP 60 > 1747
openfhe,16,32768,55,55,20,21,4,3,14,512,,,,,,,,,,0,,,0,상한 초과 확정: logQ_boot(명목) 2310 + 최소 logP 60 > 1747
openfhe,16,32768,55,55,20,22,4,4,14,512,,,,,,,,,,0,,,0,상한 초과 확정: logQ_boot(명목) 2365 + 최소 logP 60 > 1747
openfhe,16,32768,55,58,15,16,1,1,14,512,,,,,,,,,,0,,,0,상한 초과 확정: logQ_boot(명목) 1853 + 최소 logP 60 > 1747
openfhe,16,32768,55,58,16,16,1,1,14,512,,,,,,,,,,0,,,0,상한 초과 확정: logQ_boot(명목) 1911 + 최소 logP 60 > 1747
openfhe,16,32768,55,58,15,18,2,2,14,512,,,,,,,,,,0,,,0,상한 초과 확정: logQ_boot(명목) 1969 + 최소 logP 60 > 1747
openfhe,16,32768,55,58,17,16,1,1,14,512,,,,,,,,,,0,,,0,상한 초과 확정: logQ_boot(명목) 1969 + 최소 logP 60 > 1747
openfhe,16,32768,55,58,16,18,2,2,14,512,,,,,,,,,,0,,,0,상한 초과 확정: logQ_boot(명목) 2027 + 최소 logP 60 > 1747
openfhe,16,32768,55,58,18,16,1,1,14,512,,,,,,,,,,0,,,0,상한 초과 확정: logQ_boot(명목) 2027 + 최소 logP 60 > 1747
openfhe,16,32768,55,58,15,20,3,3,14,512,,,,,,,,,,0,,,0,상한 초과 확정: logQ_boot(명목) 2085 + 최소 logP 60 > 1747
openfhe,16,32768,55,58,17,18,2,2,14,512,,,,,,,,,,0,,,0,상한 초과 확정: logQ_boot(명목) 2085 + 최소 logP 60 > 1747
openfhe,16,32768,55,58,19,16,1,1,14,512,,,,,,,,,,0,,,0,상한 초과 확정: logQ_boot(명목) 2085 + 최소 logP 60 > 1747
openfhe,16,32768,55,58,15,21,3,4,14,512,,,,,,,,,,0,,,0,상한 초과 확정: logQ_boot(명목) 2143 + 최소 logP 60 > 1747
openfhe,16,32768,55,58,15,21,4,3,14,512,,,,,,,,,,0,,,0,상한 초과 확정: logQ_boot(명목) 2143 + 최소 logP 60 > 1747
openfhe,16,32768,55,58,16,20,3,3,14,512,,,,,,,,,,0,,,0,상한 초과 확정: logQ_boot(명목) 2143 + 최소 logP 60 > 1747
openfhe,16,32768,55,58,18,18,2,2,14,512,,,,,,,,,,0,,,0,상한 초과 확정: logQ_boot(명목) 2143 + 최소 logP 60 > 1747
openfhe,16,32768,55,58,20,16,1,1,14,512,,,,,,,,,,0,,,0,상한 초과 확정: logQ_boot(명목) 2143 + 최소 logP 60 > 1747
openfhe,16,32768,55,58,15,22,4,4,14,512,,,,,,,,,,0,,,0,상한 초과 확정: logQ_boot(명목) 2201 + 최소 logP 60 > 1747
openfhe,16,32768,55,58,16,21,3,4,14,512,,,,,,,,,,0,,,0,상한 초과 확정: logQ_boot(명목) 2201 + 최소 logP 60 > 1747
openfhe,16,32768,55,58,16,21,4,3,14,512,,,,,,,,,,0,,,0,상한 초과 확정: logQ_boot(명목) 2201 + 최소 logP 60 > 1747
openfhe,16,32768,55,58,17,20,3,3,14,512,,,,,,,,,,0,,,0,상한 초과 확정: logQ_boot(명목) 2201 + 최소 logP 60 > 1747
openfhe,16,32768,55,58,19,18,2,2,14,512,,,,,,,,,,0,,,0,상한 초과 확정: logQ_boot(명목) 2201 + 최소 logP 60 > 1747
openfhe,16,32768,55,58,16,22,4,4,14,512,,,,,,,,,,0,,,0,상한 초과 확정: logQ_boot(명목) 2259 + 최소 logP 60 > 1747
openfhe,16,32768,55,58,17,21,3,4,14,512,,,,,,,,,,0,,,0,상한 초과 확정: logQ_boot(명목) 2259 + 최소 logP 60 > 1747
openfhe,16,32768,55,58,17,21,4,3,14,512,,,,,,,,,,0,,,0,상한 초과 확정: logQ_boot(명목) 2259 + 최소 logP 60 > 1747
openfhe,16,32768,55,58,18,20,3,3,14,512,,,,,,,,,,0,,,0,상한 초과 확정: logQ_boot(명목) 2259 + 최소 logP 60 > 1747
openfhe,16,32768,55,58,20,18,2,2,14,512,,,,,,,,,,0,,,0,상한 초과 확정: logQ_boot(명목) 2259 + 최소 logP 60 > 1747
openfhe,16,32768,55,58,17,22,4,4,14,512,,,,,,,,,,0,,,0,상한 초과 확정: logQ_boot(명목) 2317 + 최소 logP 60 > 1747
openfhe,16,32768,55,58,18,21,3,4,14,512,,,,,,,,,,0,,,0,상한 초과 확정: logQ_boot(명목) 2317 + 최소 logP 60 > 1747
openfhe,16,32768,55,58,18,21,4,3,14,512,,,,,,,,,,0,,,0,상한 초과 확정: logQ_boot(명목) 2317 + 최소 logP 60 > 1747
openfhe,16,32768,55,58,19,20,3,3,14,512,,,,,,,,,,0,,,0,상한 초과 확정: logQ_boot(명목) 2317 + 최소 logP 60 > 1747
openfhe,16,32768,55,58,18,22,4,4,14,512,,,,,,,,,,0,,,0,상한 초과 확정: logQ_boot(명목) 2375 + 최소 logP 60 > 1747
openfhe,16,32768,55,58,19,21,3,4,14,512,,,,,,,,,,0,,,0,상한 초과 확정: logQ_boot(명목) 2375 + 최소 logP 60 > 1747
openfhe,16,32768,55,58,19,21,4,3,14,512,,,,,,,,,,0,,,0,상한 초과 확정: logQ_boot(명목) 2375 + 최소 logP 60 > 1747
openfhe,16,32768,55,58,20,20,3,3,14,512,,,,,,,,,,0,,,0,상한 초과 확정: logQ_boot(명목) 2375 + 최소 logP 60 > 1747
openfhe,16,32768,55,58,19,22,4,4,14,512,,,,,,,,,,0,,,0,상한 초과 확정: logQ_boot(명목) 2433 + 최소 logP 60 > 1747
openfhe,16,32768,55,58,20,21,3,4,14,512,,,,,,,,,,0,,,0,상한 초과 확정: logQ_boot(명목) 2433 + 최소 logP 60 > 1747
openfhe,16,32768,55,58,20,21,4,3,14,512,,,,,,,,,,0,,,0,상한 초과 확정: logQ_boot(명목) 2433 + 최소 logP 60 > 1747
openfhe,16,32768,55,58,20,22,4,4,14,512,,,,,,,,,,0,,,0,상한 초과 확정: logQ_boot(명목) 2491 + 최소 logP 60 > 1747
openfhe,16,32768,60,55,15,16,1,1,14,512,,,,,,,,,,0,,,0,상한 초과 확정: logQ_boot(명목) 1765 + 최소 logP 60 > 1747
openfhe,16,32768,60,55,16,16,1,1,14,512,,,,,,,,,,0,,,0,상한 초과 확정: logQ_boot(명목) 1820 + 최소 logP 60 > 1747
openfhe,16,32768,60,55,15,18,2,2,14,512,,,,,,,,,,0,,,0,상한 초과 확정: logQ_boot(명목) 1875 + 최소 logP 60 > 1747
openfhe,16,32768,60,55,17,16,1,1,14,512,,,,,,,,,,0,,,0,상한 초과 확정: logQ_boot(명목) 1875 + 최소 logP 60 > 1747
openfhe,16,32768,60,55,16,18,2,2,14,512,,,,,,,,,,0,,,0,상한 초과 확정: logQ_boot(명목) 1930 + 최소 logP 60 > 1747
openfhe,16,32768,60,55,18,16,1,1,14,512,,,,,,,,,,0,,,0,상한 초과 확정: logQ_boot(명목) 1930 + 최소 logP 60 > 1747
openfhe,16,32768,60,55,15,20,3,3,14,512,,,,,,,,,,0,,,0,상한 초과 확정: logQ_boot(명목) 1985 + 최소 logP 60 > 1747
openfhe,16,32768,60,55,17,18,2,2,14,512,,,,,,,,,,0,,,0,상한 초과 확정: logQ_boot(명목) 1985 + 최소 logP 60 > 1747
openfhe,16,32768,60,55,19,16,1,1,14,512,,,,,,,,,,0,,,0,상한 초과 확정: logQ_boot(명목) 1985 + 최소 logP 60 > 1747
openfhe,16,32768,60,55,15,21,3,4,14,512,,,,,,,,,,0,,,0,상한 초과 확정: logQ_boot(명목) 2040 + 최소 logP 60 > 1747
openfhe,16,32768,60,55,15,21,4,3,14,512,,,,,,,,,,0,,,0,상한 초과 확정: logQ_boot(명목) 2040 + 최소 logP 60 > 1747
openfhe,16,32768,60,55,16,20,3,3,14,512,,,,,,,,,,0,,,0,상한 초과 확정: logQ_boot(명목) 2040 + 최소 logP 60 > 1747
openfhe,16,32768,60,55,18,18,2,2,14,512,,,,,,,,,,0,,,0,상한 초과 확정: logQ_boot(명목) 2040 + 최소 logP 60 > 1747
openfhe,16,32768,60,55,20,16,1,1,14,512,,,,,,,,,,0,,,0,상한 초과 확정: logQ_boot(명목) 2040 + 최소 logP 60 > 1747
openfhe,16,32768,60,55,15,22,4,4,14,512,,,,,,,,,,0,,,0,상한 초과 확정: logQ_boot(명목) 2095 + 최소 logP 60 > 1747
openfhe,16,32768,60,55,16,21,3,4,14,512,,,,,,,,,,0,,,0,상한 초과 확정: logQ_boot(명목) 2095 + 최소 logP 60 > 1747
openfhe,16,32768,60,55,16,21,4,3,14,512,,,,,,,,,,0,,,0,상한 초과 확정: logQ_boot(명목) 2095 + 최소 logP 60 > 1747
openfhe,16,32768,60,55,17,20,3,3,14,512,,,,,,,,,,0,,,0,상한 초과 확정: logQ_boot(명목) 2095 + 최소 logP 60 > 1747
openfhe,16,32768,60,55,19,18,2,2,14,512,,,,,,,,,,0,,,0,상한 초과 확정: logQ_boot(명목) 2095 + 최소 logP 60 > 1747
openfhe,16,32768,60,55,16,22,4,4,14,512,,,,,,,,,,0,,,0,상한 초과 확정: logQ_boot(명목) 2150 + 최소 logP 60 > 1747
openfhe,16,32768,60,55,17,21,3,4,14,512,,,,,,,,,,0,,,0,상한 초과 확정: logQ_boot(명목) 2150 + 최소 logP 60 > 1747
openfhe,16,32768,60,55,17,21,4,3,14,512,,,,,,,,,,0,,,0,상한 초과 확정: logQ_boot(명목) 2150 + 최소 logP 60 > 1747
openfhe,16,32768,60,55,18,20,3,3,14,512,,,,,,,,,,0,,,0,상한 초과 확정: logQ_boot(명목) 2150 + 최소 logP 60 > 1747
openfhe,16,32768,60,55,20,18,2,2,14,512,,,,,,,,,,0,,,0,상한 초과 확정: logQ_boot(명목) 2150 + 최소 logP 60 > 1747
openfhe,16,32768,60,55,17,22,4,4,14,512,,,,,,,,,,0,,,0,상한 초과 확정: logQ_boot(명목) 2205 + 최소 logP 60 > 1747
openfhe,16,32768,60,55,18,21,3,4,14,512,,,,,,,,,,0,,,0,상한 초과 확정: logQ_boot(명목) 2205 + 최소 logP 60 > 1747
openfhe,16,32768,60,55,18,21,4,3,14,512,,,,,,,,,,0,,,0,상한 초과 확정: logQ_boot(명목) 2205 + 최소 logP 60 > 1747
openfhe,16,32768,60,55,19,20,3,3,14,512,,,,,,,,,,0,,,0,상한 초과 확정: logQ_boot(명목) 2205 + 최소 logP 60 > 1747
openfhe,16,32768,60,55,18,22,4,4,14,512,,,,,,,,,,0,,,0,상한 초과 확정: logQ_boot(명목) 2260 + 최소 logP 60 > 1747
openfhe,16,32768,60,55,19,21,3,4,14,512,,,,,,,,,,0,,,0,상한 초과 확정: logQ_boot(명목) 2260 + 최소 logP 60 > 1747
openfhe,16,32768,60,55,19,21,4,3,14,512,,,,,,,,,,0,,,0,상한 초과 확정: logQ_boot(명목) 2260 + 최소 logP 60 > 1747
openfhe,16,32768,60,55,20,20,3,3,14,512,,,,,,,,,,0,,,0,상한 초과 확정: logQ_boot(명목) 2260 + 최소 logP 60 > 1747
openfhe,16,32768,60,55,19,22,4,4,14,512,,,,,,,,,,0,,,0,상한 초과 확정: logQ_boot(명목) 2315 + 최소 logP 60 > 1747
openfhe,16,32768,60,55,20,21,3,4,14,512,,,,,,,,,,0,,,0,상한 초과 확정: logQ_boot(명목) 2315 + 최소 logP 60 > 1747
openfhe,16,32768,60,55,20,21,4,3,14,512,,,,,,,,,,0,,,0,상한 초과 확정: logQ_boot(명목) 2315 + 최소 logP 60 > 1747
openfhe,16,32768,60,55,20,22,4,4,14,512,,,,,,,,,,0,,,0,상한 초과 확정: logQ_boot(명목) 2370 + 최소 logP 60 > 1747
openfhe,16,32768,60,58,15,16,1,1,14,512,,,,,,,,,,0,,,0,상한 초과 확정: logQ_boot(명목) 1858 + 최소 logP 60 > 1747
openfhe,16,32768,60,58,16,16,1,1,14,512,,,,,,,,,,0,,,0,상한 초과 확정: logQ_boot(명목) 1916 + 최소 logP 60 > 1747
openfhe,16,32768,60,58,15,18,2,2,14,512,,,,,,,,,,0,,,0,상한 초과 확정: logQ_boot(명목) 1974 + 최소 logP 60 > 1747
openfhe,16,32768,60,58,17,16,1,1,14,512,,,,,,,,,,0,,,0,상한 초과 확정: logQ_boot(명목) 1974 + 최소 logP 60 > 1747
openfhe,16,32768,60,58,16,18,2,2,14,512,,,,,,,,,,0,,,0,상한 초과 확정: logQ_boot(명목) 2032 + 최소 logP 60 > 1747
openfhe,16,32768,60,58,18,16,1,1,14,512,,,,,,,,,,0,,,0,상한 초과 확정: logQ_boot(명목) 2032 + 최소 logP 60 > 1747
openfhe,16,32768,60,58,15,20,3,3,14,512,,,,,,,,,,0,,,0,상한 초과 확정: logQ_boot(명목) 2090 + 최소 logP 60 > 1747
openfhe,16,32768,60,58,17,18,2,2,14,512,,,,,,,,,,0,,,0,상한 초과 확정: logQ_boot(명목) 2090 + 최소 logP 60 > 1747
openfhe,16,32768,60,58,19,16,1,1,14,512,,,,,,,,,,0,,,0,상한 초과 확정: logQ_boot(명목) 2090 + 최소 logP 60 > 1747
openfhe,16,32768,60,58,15,21,3,4,14,512,,,,,,,,,,0,,,0,상한 초과 확정: logQ_boot(명목) 2148 + 최소 logP 60 > 1747
openfhe,16,32768,60,58,15,21,4,3,14,512,,,,,,,,,,0,,,0,상한 초과 확정: logQ_boot(명목) 2148 + 최소 logP 60 > 1747
openfhe,16,32768,60,58,16,20,3,3,14,512,,,,,,,,,,0,,,0,상한 초과 확정: logQ_boot(명목) 2148 + 최소 logP 60 > 1747
openfhe,16,32768,60,58,18,18,2,2,14,512,,,,,,,,,,0,,,0,상한 초과 확정: logQ_boot(명목) 2148 + 최소 logP 60 > 1747
openfhe,16,32768,60,58,20,16,1,1,14,512,,,,,,,,,,0,,,0,상한 초과 확정: logQ_boot(명목) 2148 + 최소 logP 60 > 1747
openfhe,16,32768,60,58,15,22,4,4,14,512,,,,,,,,,,0,,,0,상한 초과 확정: logQ_boot(명목) 2206 + 최소 logP 60 > 1747
openfhe,16,32768,60,58,16,21,3,4,14,512,,,,,,,,,,0,,,0,상한 초과 확정: logQ_boot(명목) 2206 + 최소 logP 60 > 1747
openfhe,16,32768,60,58,16,21,4,3,14,512,,,,,,,,,,0,,,0,상한 초과 확정: logQ_boot(명목) 2206 + 최소 logP 60 > 1747
openfhe,16,32768,60,58,17,20,3,3,14,512,,,,,,,,,,0,,,0,상한 초과 확정: logQ_boot(명목) 2206 + 최소 logP 60 > 1747
openfhe,16,32768,60,58,19,18,2,2,14,512,,,,,,,,,,0,,,0,상한 초과 확정: logQ_boot(명목) 2206 + 최소 logP 60 > 1747
openfhe,16,32768,60,58,16,22,4,4,14,512,,,,,,,,,,0,,,0,상한 초과 확정: logQ_boot(명목) 2264 + 최소 logP 60 > 1747
openfhe,16,32768,60,58,17,21,3,4,14,512,,,,,,,,,,0,,,0,상한 초과 확정: logQ_boot(명목) 2264 + 최소 logP 60 > 1747
openfhe,16,32768,60,58,17,21,4,3,14,512,,,,,,,,,,0,,,0,상한 초과 확정: logQ_boot(명목) 2264 + 최소 logP 60 > 1747
openfhe,16,32768,60,58,18,20,3,3,14,512,,,,,,,,,,0,,,0,상한 초과 확정: logQ_boot(명목) 2264 + 최소 logP 60 > 1747
openfhe,16,32768,60,58,20,18,2,2,14,512,,,,,,,,,,0,,,0,상한 초과 확정: logQ_boot(명목) 2264 + 최소 logP 60 > 1747
openfhe,16,32768,60,58,17,22,4,4,14,512,,,,,,,,,,0,,,0,상한 초과 확정: logQ_boot(명목) 2322 + 최소 logP 60 > 1747
openfhe,16,32768,60,58,18,21,3,4,14,512,,,,,,,,,,0,,,0,상한 초과 확정: logQ_boot(명목) 2322 + 최소 logP 60 > 1747
openfhe,16,32768,60,58,18,21,4,3,14,512,,,,,,,,,,0,,,0,상한 초과 확정: logQ_boot(명목) 2322 + 최소 logP 60 > 1747
openfhe,16,32768,60,58,19,20,3,3,14,512,,,,,,,,,,0,,,0,상한 초과 확정: logQ_boot(명목) 2322 + 최소 logP 60 > 1747
openfhe,16,32768,60,58,18,22,4,4,14,512,,,,,,,,,,0,,,0,상한 초과 확정: logQ_boot(명목) 2380 + 최소 logP 60 > 1747
openfhe,16,32768,60,58,19,21,3,4,14,512,,,,,,,,,,0,,,0,상한 초과 확정: logQ_boot(명목) 2380 + 최소 logP 60 > 1747
openfhe,16,32768,60,58,19,21,4,3,14,512,,,,,,,,,,0,,,0,상한 초과 확정: logQ_boot(명목) 2380 + 최소 logP 60 > 1747
openfhe,16,32768,60,58,20,20,3,3,14,512,,,,,,,,,,0,,,0,상한 초과 확정: logQ_boot(명목) 2380 + 최소 logP 60 > 1747
openfhe,16,32768,60,58,19,22,4,4,14,512,,,,,,,,,,0,,,0,상한 초과 확정: logQ_boot(명목) 2438 + 최소 logP 60 > 1747
openfhe,16,32768,60,58,20,21,3,4,14,512,,,,,,,,,,0,,,0,상한 초과 확정: logQ_boot(명목) 2438 + 최소 logP 60 > 1747
openfhe,16,32768,60,58,20,21,4,3,14,512,,,,,,,,,,0,,,0,상한 초과 확정: logQ_boot(명목) 2438 + 최소 logP 60 > 1747
openfhe,16,32768,60,58,20,22,4,4,14,512,,,,,,,,,,0,,,0,상한 초과 확정: logQ_boot(명목) 2496 + 최소 logP 60 > 1747
