preset,logN,depth,delta,mode,library,dnum,PCount,logP,logQP,margin,level,digit,op,mean_us,std_us,cv,reps
A,15,12,42,1t,openfhe,3,4,240,804,77,12,3,add_cc,1467.856,63.147,0.043019887509401465,30
A,15,12,42,1t,openfhe,3,4,240,804,77,12,3,add_cp,1372.041,12.77,0.00930730204126553,30
A,15,12,42,1t,openfhe,3,4,240,804,77,12,3,mul_cp,2797.284,47.661,0.017038312877777156,30
A,15,12,42,1t,openfhe,3,4,240,804,77,12,3,mul_cc,8748.756,164.216,0.018770211444918573,30
A,15,12,42,1t,openfhe,3,4,240,804,77,12,3,mul_cc_rlk,87689.748,637.315,0.007267839337387536,30
A,15,12,42,1t,openfhe,3,4,240,804,77,12,3,relin,84148.498,1068.583,0.012698776869433843,30
A,15,12,42,1t,openfhe,3,4,240,804,77,12,3,rescale,15077.701,27.979,0.0018556542539210719,30
A,15,12,42,1t,openfhe,3,4,240,804,77,12,3,rot1,81434.693,978.02,0.012009869061580424,30
A,15,12,42,1t,openfhe,3,4,240,804,77,11,3,add_cc,1318.874,11.746,0.00890608200631751,30
A,15,12,42,1t,openfhe,3,4,240,804,77,11,3,add_cp,1251.696,11.114,0.008879152765527733,30
A,15,12,42,1t,openfhe,3,4,240,804,77,11,3,mul_cp,2615.506,150.907,0.057697057471862045,30
A,15,12,42,1t,openfhe,3,4,240,804,77,11,3,mul_cc,7931.348,160.322,0.0202137139865758,30
A,15,12,42,1t,openfhe,3,4,240,804,77,11,3,mul_cc_rlk,82535.822,1250.936,0.015156279657577045,30
A,15,12,42,1t,openfhe,3,4,240,804,77,11,3,relin,78287.867,2674.173,0.034158204872282445,30
A,15,12,42,1t,openfhe,3,4,240,804,77,11,3,rescale,13945.198,255.637,0.018331543230866998,30
A,15,12,42,1t,openfhe,3,4,240,804,77,11,3,rot1,75828.043,1411.092,0.01860910481363735,30
A,15,12,42,1t,openfhe,3,4,240,804,77,10,3,add_cc,1201.287,12.432,0.01034890080388783,30
A,15,12,42,1t,openfhe,3,4,240,804,77,10,3,add_cp,1148.232,11.448,0.009970110569989341,30
A,15,12,42,1t,openfhe,3,4,240,804,77,10,3,mul_cp,2375.023,93.724,0.039462354680354673,30
A,15,12,42,1t,openfhe,3,4,240,804,77,10,3,mul_cc,7235.583,233.53,0.03227521541802506,30
A,15,12,42,1t,openfhe,3,4,240,804,77,10,3,mul_cc_rlk,76361.517,1056.533,0.013835935187091685,30
A,15,12,42,1t,openfhe,3,4,240,804,77,10,3,relin,72183.192,1091.166,0.015116621609085949,30
A,15,12,42,1t,openfhe,3,4,240,804,77,10,3,rescale,12974.991,695.081,0.05357082713968742,30
A,15,12,42,1t,openfhe,3,4,240,804,77,10,3,rot1,70778.586,1066.004,0.015061109019612232,30
A,15,12,42,1t,openfhe,3,4,240,804,77,9,2,add_cc,1092.526,8.445,0.007729793158240628,30
A,15,12,42,1t,openfhe,3,4,240,804,77,9,2,add_cp,1035.42,27.993,0.027035405922234454,30
A,15,12,42,1t,openfhe,3,4,240,804,77,9,2,mul_cp,2169.636,89.752,0.04136730769585313,30
A,15,12,42,1t,openfhe,3,4,240,804,77,9,2,mul_cc,6479.037,187.746,0.028977454519861518,30
A,15,12,42,1t,openfhe,3,4,240,804,77,9,2,mul_cc_rlk,56732.775,857.567,0.015115900817472792,30
A,15,12,42,1t,openfhe,3,4,240,804,77,9,2,relin,52784.708,1756.261,0.033272155261330615,30
A,15,12,42,1t,openfhe,3,4,240,804,77,9,2,rescale,11408.265,83.132,0.0072869976284737435,30
A,15,12,42,1t,openfhe,3,4,240,804,77,9,2,rot1,50910.957,461.522,0.009065278423267509,30
A,15,12,42,1t,openfhe,3,4,240,804,77,8,2,add_cc,978.279,10.137,0.010362074622883657,30
A,15,12,42,1t,openfhe,3,4,240,804,77,8,2,add_cp,935.667,9.408,0.010054859260826767,30
A,15,12,42,1t,openfhe,3,4,240,804,77,8,2,mul_cp,1923.742,19.27,0.01001693574294266,30
A,15,12,42,1t,openfhe,3,4,240,804,77,8,2,mul_cc,5699.227,22.093,0.003876490618815499,30
A,15,12,42,1t,openfhe,3,4,240,804,77,8,2,mul_cc_rlk,51828.8,2405.156,0.046405782113419565,30
A,15,12,42,1t,openfhe,3,4,240,804,77,8,2,relin,48719.641,2232.448,0.04582234093227411,30
A,15,12,42,1t,openfhe,3,4,240,804,77,8,2,rescale,10291.818,11.445,0.0011120484252636416,30
A,15,12,42,1t,openfhe,3,4,240,804,77,8,2,rot1,46954.302,1532.505,0.0326382234369068,30
A,15,12,42,1t,openfhe,3,4,240,804,77,7,2,add_cc,877.923,10.057,0.011455446548273596,30
A,15,12,42,1t,openfhe,3,4,240,804,77,7,2,add_cp,818.799,10.312,0.012594055439735515,30
A,15,12,42,1t,openfhe,3,4,240,804,77,7,2,mul_cp,1709.029,17.581,0.010287127953943438,30
A,15,12,42,1t,openfhe,3,4,240,804,77,7,2,mul_cc,5057.595,24.211,0.004787057880277087,30
A,15,12,42,1t,openfhe,3,4,240,804,77,7,2,mul_cc_rlk,47592.15,1748.09,0.03673063730047917,30
A,15,12,42,1t,openfhe,3,4,240,804,77,7,2,relin,43721.598,170.913,0.003909120613569523,30
A,15,12,42,1t,openfhe,3,4,240,804,77,7,2,rescale,9035.365,22.596,0.002500839755781864,30
A,15,12,42,1t,openfhe,3,4,240,804,77,7,2,rot1,42788.258,466.422,0.010900700841805713,30
A,15,12,42,1t,openfhe,3,4,240,804,77,6,2,add_cc,762.502,8.877,0.011641936676887406,30
A,15,12,42,1t,openfhe,3,4,240,804,77,6,2,add_cp,722.087,8.849,0.01225475600585525,30
A,15,12,42,1t,openfhe,3,4,240,804,77,6,2,mul_cp,1496.821,17.709,0.011831073989475027,30
A,15,12,42,1t,openfhe,3,4,240,804,77,6,2,mul_cc,4423.383,37.814,0.008548660606599067,30
A,15,12,42,1t,openfhe,3,4,240,804,77,6,2,mul_cc_rlk,42732.906,1423.239,0.03330545785957079,30
A,15,12,42,1t,openfhe,3,4,240,804,77,6,2,relin,39915.04,320.959,0.008041054199118929,30
A,15,12,42,1t,openfhe,3,4,240,804,77,6,2,rescale,7968.432,28.258,0.0035462434767592923,30
A,15,12,42,1t,openfhe,3,4,240,804,77,6,2,rot1,39034.538,1684.001,0.04314130732122409,30
A,15,12,42,1t,openfhe,3,4,240,804,77,5,2,add_cc,649.683,9.935,0.0152920732110891,30
A,15,12,42,1t,openfhe,3,4,240,804,77,5,2,add_cp,609.524,9.166,0.015037964050636234,30
A,15,12,42,1t,openfhe,3,4,240,804,77,5,2,mul_cp,1285.011,21.508,0.016737599911596086,30
A,15,12,42,1t,openfhe,3,4,240,804,77,5,2,mul_cc,3778.349,10.289,0.002723147067674267,30
A,15,12,42,1t,openfhe,3,4,240,804,77,5,2,mul_cc_rlk,37682.671,203.905,0.005411107933405252,30
A,15,12,42,1t,openfhe,3,4,240,804,77,5,2,relin,35784.452,363.483,0.010157567873332251,30
A,15,12,42,1t,openfhe,3,4,240,804,77,5,2,rescale,6647.547,140.475,0.021131855103845073,30
A,15,12,42,1t,openfhe,3,4,240,804,77,5,2,rot1,34710.017,211.846,0.006103310177001642,30
A,15,12,42,1t,openfhe,3,4,240,804,77,4,1,add_cc,537.153,10.056,0.018720923088952308,30
A,15,12,42,1t,openfhe,3,4,240,804,77,4,1,add_cp,487.383,10.073,0.02066752430839812,30
A,15,12,42,1t,openfhe,3,4,240,804,77,4,1,mul_cp,1061.23,16.717,0.0157524759006059,30
A,15,12,42,1t,openfhe,3,4,240,804,77,4,1,mul_cc,2513.221,23.727,0.009440872887820053,30
A,15,12,42,1t,openfhe,3,4,240,804,77,4,1,mul_cc_rlk,24215.874,115.393,0.004765180063292368,30
A,15,12,42,1t,openfhe,3,4,240,804,77,4,1,relin,23224.199,279.399,0.012030511795046193,30
A,15,12,42,1t,openfhe,3,4,240,804,77,4,1,rescale,5575.957,109.199,0.01958390281704109,30
A,15,12,42,1t,openfhe,3,4,240,804,77,4,1,rot1,21798.553,172.379,0.007907818468501098,30
A,15,12,42,1t,openfhe,3,4,240,804,77,3,1,add_cc,428.934,9.341,0.021777243118987998,30
A,15,12,42,1t,openfhe,3,4,240,804,77,3,1,add_cp,367.505,9.408,0.025599651705418974,30
A,15,12,42,1t,openfhe,3,4,240,804,77,3,1,mul_cp,838.295,12.575,0.015000685916055804,30
A,15,12,42,1t,openfhe,3,4,240,804,77,3,1,mul_cc,1987.739,18.099,0.009105320165273207,30
A,15,12,42,1t,openfhe,3,4,240,804,77,3,1,mul_cc_rlk,20308.119,525.42,0.02587241093082033,30
A,15,12,42,1t,openfhe,3,4,240,804,77,3,1,relin,19382.008,319.452,0.01648188361082092,30
A,15,12,42,1t,openfhe,3,4,240,804,77,3,1,rescale,4269.263,39.153,0.009170903736780797,30
A,15,12,42,1t,openfhe,3,4,240,804,77,3,1,rot1,18215.102,194.659,0.01068668185333247,30
A,15,12,42,1t,openfhe,3,4,240,804,77,2,1,add_cc,320.004,10.651,0.033283958950513115,30
A,15,12,42,1t,openfhe,3,4,240,804,77,2,1,add_cp,246.658,8.59,0.034825547924656815,30
A,15,12,42,1t,openfhe,3,4,240,804,77,2,1,mul_cp,617.319,11.437,0.018526888043296903,30
A,15,12,42,1t,openfhe,3,4,240,804,77,2,1,mul_cc,1476.644,18.31,0.01239973886732347,30
A,15,12,42,1t,openfhe,3,4,240,804,77,2,1,mul_cc_rlk,16779.347,62.976,0.003753185389157277,30
A,15,12,42,1t,openfhe,3,4,240,804,77,2,1,relin,15547.219,187.446,0.012056561369592851,30
A,15,12,42,1t,openfhe,3,4,240,804,77,2,1,rescale,3185.735,13.109,0.0041149059793108966,30
A,15,12,42,1t,openfhe,3,4,240,804,77,2,1,rot1,15647.308,159.473,0.010191721157402921,30
A,15,12,42,1t,openfhe,3,4,240,804,77,1,1,add_cc,195.049,6.144,0.031499776979118065,30
A,15,12,42,1t,openfhe,3,4,240,804,77,1,1,add_cp,153.073,4.731,0.030906822235142708,30
A,15,12,42,1t,openfhe,3,4,240,804,77,1,1,mul_cp,394.922,9.13,0.023118489220656232,30
A,15,12,42,1t,openfhe,3,4,240,804,77,1,1,mul_cc,976.303,12.896,0.013209014004873489,30
A,15,12,42,1t,openfhe,3,4,240,804,77,1,1,mul_cc_rlk,13940.489,395.365,0.028360913307990846,30
A,15,12,42,1t,openfhe,3,4,240,804,77,1,1,relin,12980.246,23.451,0.0018066683790122315,30
A,15,12,42,1t,openfhe,3,4,240,804,77,1,1,rescale,1866.633,19.401,0.010393580312787785,30
A,15,12,42,1t,openfhe,3,4,240,804,77,1,1,rot1,13114.293,102.028,0.007779908531859095,30
A,15,12,42,1t,lattigo,3,5,300,864,17,12,3,add_cc,649.847,10.052,0.015468256374192694,30
A,15,12,42,1t,lattigo,3,5,300,864,17,12,3,add_cp,535.473,8.142,0.015205248443899132,30
A,15,12,42,1t,lattigo,3,5,300,864,17,12,3,mul_cp,1280.981,13.324,0.01040140329950249,30
A,15,12,42,1t,lattigo,3,5,300,864,17,12,3,mul_cc,2825.928,23.013,0.008143519580116693,30
A,15,12,42,1t,lattigo,3,5,300,864,17,12,3,mul_cc_rlk,54475.082,218.858,0.004017580001072784,30
A,15,12,42,1t,lattigo,3,5,300,864,17,12,3,relin,49649.07,311.721,0.0062784861831248805,30
A,15,12,42,1t,lattigo,3,5,300,864,17,12,3,rescale,8833.135,103.955,0.011768754807890969,30
A,15,12,42,1t,lattigo,3,5,300,864,17,12,3,rot1,49539.975,297.704,0.006009369201336901,30
A,15,12,42,1t,lattigo,3,5,300,864,17,11,3,add_cc,654.618,12.957,0.019793222917793278,30
A,15,12,42,1t,lattigo,3,5,300,864,17,11,3,add_cp,525.293,10.666,0.02030485843138972,30
A,15,12,42,1t,lattigo,3,5,300,864,17,11,3,mul_cp,1429.981,17.337,0.012123937311055181,30
A,15,12,42,1t,lattigo,3,5,300,864,17,11,3,mul_cc,3101.158,21.645,0.006979650827207127,30
A,15,12,42,1t,lattigo,3,5,300,864,17,11,3,mul_cc_rlk,50740.176,272.119,0.005362988886755143,30
A,15,12,42,1t,lattigo,3,5,300,864,17,11,3,relin,46359.853,218.656,0.0047164946791354145,30
A,15,12,42,1t,lattigo,3,5,300,864,17,11,3,rescale,8123.683,17.656,0.002173398445015641,30
A,15,12,42,1t,lattigo,3,5,300,864,17,11,3,rot1,46211.105,244.888,0.0052993322708902975,30
A,15,12,42,1t,lattigo,3,5,300,864,17,10,3,add_cc,605.3,9.518,0.015724434164876924,30
A,15,12,42,1t,lattigo,3,5,300,864,17,10,3,add_cp,481.645,8.8,0.018270718059981938,30
A,15,12,42,1t,lattigo,3,5,300,864,17,10,3,mul_cp,1304.278,22.951,0.01759670867713785,30
A,15,12,42,1t,lattigo,3,5,300,864,17,10,3,mul_cc,2812.48,21.754,0.007734810558652862,30
A,15,12,42,1t,lattigo,3,5,300,864,17,10,3,mul_cc_rlk,51267.418,1904.0,0.037138597461647084,30
A,15,12,42,1t,lattigo,3,5,300,864,17,10,3,relin,45328.328,234.897,0.005182123638004031,30
A,15,12,42,1t,lattigo,3,5,300,864,17,10,3,rescale,7446.272,20.895,0.002806102167635026,30
A,15,12,42,1t,lattigo,3,5,300,864,17,10,3,rot1,45414.145,151.148,0.0033282141500186784,30
A,15,12,42,1t,lattigo,3,5,300,864,17,9,2,add_cc,495.994,11.325,0.022832937495211633,30
A,15,12,42,1t,lattigo,3,5,300,864,17,9,2,add_cp,412.27,8.679,0.021051737938729474,30
A,15,12,42,1t,lattigo,3,5,300,864,17,9,2,mul_cp,972.913,16.307,0.016761005351968776,30
A,15,12,42,1t,lattigo,3,5,300,864,17,9,2,mul_cc,2150.943,17.991,0.008364238382886018,30
A,15,12,42,1t,lattigo,3,5,300,864,17,9,2,mul_cc_rlk,36029.738,232.642,0.006456943983328438,30
A,15,12,42,1t,lattigo,3,5,300,864,17,9,2,relin,32576.403,187.637,0.0057599054137438075,30
A,15,12,42,1t,lattigo,3,5,300,864,17,9,2,rescale,6782.822,89.397,0.01317991243172827,30
A,15,12,42,1t,lattigo,3,5,300,864,17,9,2,rot1,32551.865,180.254,0.0055374400207177064,30
A,15,12,42,1t,lattigo,3,5,300,864,17,8,2,add_cc,493.333,11.33,0.02296623173394036,30
A,15,12,42,1t,lattigo,3,5,300,864,17,8,2,add_cp,390.728,8.395,0.021485534694211827,30
A,15,12,42,1t,lattigo,3,5,300,864,17,8,2,mul_cp,1062.066,18.657,0.01756670489404613,30
A,15,12,42,1t,lattigo,3,5,300,864,17,8,2,mul_cc,1923.841,72.753,0.03781653473441932,30
A,15,12,42,1t,lattigo,3,5,300,864,17,8,2,mul_cc_rlk,32971.073,281.768,0.008545915384676743,30
A,15,12,42,1t,lattigo,3,5,300,864,17,8,2,relin,30241.813,466.648,0.015430556362477343,30
A,15,12,42,1t,lattigo,3,5,300,864,17,8,2,rescale,6117.615,84.658,0.01383839944161246,30
A,15,12,42,1t,lattigo,3,5,300,864,17,8,2,rot1,29986.537,152.638,0.005090217653342232,30
A,15,12,42,1t,lattigo,3,5,300,864,17,7,2,add_cc,399.562,10.779,0.026977039858645215,30
A,15,12,42,1t,lattigo,3,5,300,864,17,7,2,add_cp,345.008,76.254,0.22102096183276912,30
A,15,12,42,1t,lattigo,3,5,300,864,17,7,2,mul_cp,772.718,12.775,0.016532551331792454,30
A,15,12,42,1t,lattigo,3,5,300,864,17,7,2,mul_cc,1674.974,21.328,0.012733331980078496,30
A,15,12,42,1t,lattigo,3,5,300,864,17,7,2,mul_cc_rlk,30041.648,225.854,0.007518029636722992,30
A,15,12,42,1t,lattigo,3,5,300,864,17,7,2,relin,27521.011,289.816,0.010530717785040673,30
A,15,12,42,1t,lattigo,3,5,300,864,17,7,2,rescale,5421.845,20.086,0.0037046429766988908,30
A,15,12,42,1t,lattigo,3,5,300,864,17,7,2,rot1,27463.888,311.317,0.011335503552883701,30
A,15,12,42,1t,lattigo,3,5,300,864,17,6,2,add_cc,391.799,6.615,0.016883657181360853,30
A,15,12,42,1t,lattigo,3,5,300,864,17,6,2,add_cp,306.817,5.556,0.018108514195758384,30
A,15,12,42,1t,lattigo,3,5,300,864,17,6,2,mul_cp,824.811,15.121,0.018332684699888822,30
A,15,12,42,1t,lattigo,3,5,300,864,17,6,2,mul_cc,1801.575,22.7,0.01260008603582976,30
A,15,12,42,1t,lattigo,3,5,300,864,17,6,2,mul_cc_rlk,28061.08,1097.11,0.039097212224190936,30
A,15,12,42,1t,lattigo,3,5,300,864,17,6,2,relin,24976.622,201.024,0.008048486300509333,30
A,15,12,42,1t,lattigo,3,5,300,864,17,6,2,rescale,4752.486,19.629,0.004130259405288096,30
A,15,12,42,1t,lattigo,3,5,300,864,17,6,2,rot1,24886.145,175.078,0.007035159523501933,30
A,15,12,42,1t,lattigo,3,5,300,864,17,5,2,add_cc,327.849,10.359,0.03159686319006616,30
A,15,12,42,1t,lattigo,3,5,300,864,17,5,2,add_cp,260.042,11.682,0.044923512355696395,30
A,15,12,42,1t,lattigo,3,5,300,864,17,5,2,mul_cp,701.503,15.859,0.022607173454710812,30
A,15,12,42,1t,lattigo,3,5,300,864,17,5,2,mul_cc,1530.127,24.105,0.01575359430949196,30
A,15,12,42,1t,lattigo,3,5,300,864,17,5,2,mul_cc_rlk,25822.391,785.22,0.030408493156191464,30
A,15,12,42,1t,lattigo,3,5,300,864,17,5,2,relin,22833.294,119.335,0.005226359368035115,30
A,15,12,42,1t,lattigo,3,5,300,864,17,5,2,rescale,4084.228,18.937,0.0046366167608664355,30
A,15,12,42,1t,lattigo,3,5,300,864,17,5,2,rot1,23051.631,280.329,0.012160918244787104,30
A,15,12,42,1t,lattigo,3,5,300,864,17,4,1,add_cc,307.672,207.689,0.6750338022309471,30
A,15,12,42,1t,lattigo,3,5,300,864,17,4,1,add_cp,211.235,6.54,0.03096077828011456,30
A,15,12,42,1t,lattigo,3,5,300,864,17,4,1,mul_cp,616.381,172.702,0.2801870920745448,30
A,15,12,42,1t,lattigo,3,5,300,864,17,4,1,mul_cc,1215.656,103.085,0.08479783754614792,30
A,15,12,42,1t,lattigo,3,5,300,864,17,4,1,mul_cc_rlk,16477.875,124.727,0.007569361947459852,30
A,15,12,42,1t,lattigo,3,5,300,864,17,4,1,relin,15242.524,138.798,0.009105972213000944,30
A,15,12,42,1t,lattigo,3,5,300,864,17,4,1,rescale,3406.948,19.624,0.0057599939887547445,30
A,15,12,42,1t,lattigo,3,5,300,864,17,4,1,rot1,15275.813,142.747,0.009344641754910198,30
A,15,12,42,1t,lattigo,3,5,300,864,17,3,1,add_cc,209.892,7.746,0.036904693842547596,30
A,15,12,42,1t,lattigo,3,5,300,864,17,3,1,add_cp,164.168,5.185,0.03158349982944301,30
A,15,12,42,1t,lattigo,3,5,300,864,17,3,1,mul_cp,459.608,13.447,0.0292575412090303,30
A,15,12,42,1t,lattigo,3,5,300,864,17,3,1,mul_cc,1006.057,13.743,0.013660259806352921,30
A,15,12,42,1t,lattigo,3,5,300,864,17,3,1,mul_cc_rlk,14655.561,448.511,0.030603468540030643,30
A,15,12,42,1t,lattigo,3,5,300,864,17,3,1,relin,13509.415,135.599,0.010037370234018274,30
A,15,12,42,1t,lattigo,3,5,300,864,17,3,1,rescale,2746.765,93.79,0.03414562221376784,30
A,15,12,42,1t,lattigo,3,5,300,864,17,3,1,rot1,13494.173,68.374,0.005066927776900444,30
A,15,12,42,1t,lattigo,3,5,300,864,17,2,1,add_cc,149.538,4.663,0.03118270941165456,30
A,15,12,42,1t,lattigo,3,5,300,864,17,2,1,add_cp,123.316,4.944,0.04009212105485095,30
A,15,12,42,1t,lattigo,3,5,300,864,17,2,1,mul_cp,342.215,9.556,0.027923965927852373,30
A,15,12,42,1t,lattigo,3,5,300,864,17,2,1,mul_cc,748.447,16.668,0.022270113982686815,30
A,15,12,42,1t,lattigo,3,5,300,864,17,2,1,mul_cc_rlk,12927.884,390.389,0.030197439890395056,30
A,15,12,42,1t,lattigo,3,5,300,864,17,2,1,relin,11739.133,78.386,0.006677324466806875,30
A,15,12,42,1t,lattigo,3,5,300,864,17,2,1,rescale,2060.383,94.742,0.04598271292279155,30
A,15,12,42,1t,lattigo,3,5,300,864,17,2,1,rot1,11758.04,49.926,0.004246115849240179,30
A,15,12,42,1t,lattigo,3,5,300,864,17,1,1,add_cc,94.959,3.607,0.037984814498889,30
A,15,12,42,1t,lattigo,3,5,300,864,17,1,1,add_cp,68.908,2.544,0.036918790271086084,30
A,15,12,42,1t,lattigo,3,5,300,864,17,1,1,mul_cp,219.436,8.381,0.03819336845367214,30
A,15,12,42,1t,lattigo,3,5,300,864,17,1,1,mul_cc,485.334,12.714,0.02619639258737282,30
A,15,12,42,1t,lattigo,3,5,300,864,17,1,1,mul_cc_rlk,10769.152,324.762,0.030156692003232937,30
A,15,12,42,1t,lattigo,3,5,300,864,17,1,1,relin,10043.458,28.211,0.002808893112312512,30
A,15,12,42,1t,lattigo,3,5,300,864,17,1,1,rescale,1370.09,19.384,0.014147975680429754,30
A,15,12,42,1t,lattigo,3,5,300,864,17,1,1,rot1,10071.563,102.742,0.010201197172673199,30
A,15,12,42,1t,seal,13,1,60,624,257,12,13,add_cc,1061.506,17.119,0.01612708736455564,30
A,15,12,42,1t,seal,13,1,60,624,257,12,13,add_cp,743.319,17.591,0.023665478751383997,30
A,15,12,42,1t,seal,13,1,60,624,257,12,13,mul_cp,3082.886,36.041,0.0116906690678799,30
A,15,12,42,1t,seal,13,1,60,624,257,12,13,mul_cc,6267.478,35.288,0.005630334881111668,30
A,15,12,42,1t,seal,13,1,60,624,257,12,13,mul_cc_rlk,97393.705,591.667,0.006075002486043631,30
A,15,12,42,1t,seal,13,1,60,624,257,12,13,relin,91123.67,448.221,0.004918820763035554,30
A,15,12,42,1t,seal,13,1,60,624,257,12,13,rescale,10471.182,82.713,0.007899108238210356,30
A,15,12,42,1t,seal,13,1,60,624,257,12,13,rot1,92285.655,760.098,0.008236361328312618,30
A,15,12,42,1t,seal,13,1,60,624,257,11,12,add_cc,999.491,26.472,0.026485481109884933,30
A,15,12,42,1t,seal,13,1,60,624,257,11,12,add_cp,684.442,12.579,0.018378474728318835,30
A,15,12,42,1t,seal,13,1,60,624,257,11,12,mul_cp,2823.95,15.992,0.005662989783813454,30
A,15,12,42,1t,seal,13,1,60,624,257,11,12,mul_cc,5819.777,148.775,0.0255636942790076,30
A,15,12,42,1t,seal,13,1,60,624,257,11,12,mul_cc_rlk,84423.679,553.276,0.0065535641961303286,30
A,15,12,42,1t,seal,13,1,60,624,257,11,12,relin,79499.367,624.873,0.007860100320044059,30
A,15,12,42,1t,seal,13,1,60,624,257,11,12,rescale,9665.186,115.722,0.011973075324158273,30
A,15,12,42,1t,seal,13,1,60,624,257,11,12,rot1,79748.173,712.741,0.008937395970187305,30
A,15,12,42,1t,seal,13,1,60,624,257,10,11,add_cc,911.254,24.794,0.027208659715073955,30
A,15,12,42,1t,seal,13,1,60,624,257,10,11,add_cp,627.642,12.501,0.019917405144971177,30
A,15,12,42,1t,seal,13,1,60,624,257,10,11,mul_cp,2591.809,20.586,0.007942714914563533,30
A,15,12,42,1t,seal,13,1,60,624,257,10,11,mul_cc,5286.349,12.085,0.0022860768367733574,30
A,15,12,42,1t,seal,13,1,60,624,257,10,11,mul_cc_rlk,72894.451,656.065,0.009000204967590743,30
A,15,12,42,1t,seal,13,1,60,624,257,10,11,relin,68023.278,664.392,0.009767127070824196,30
A,15,12,42,1t,seal,13,1,60,624,257,10,11,rescale,8814.855,13.854,0.0015716651039637067,30
A,15,12,42,1t,seal,13,1,60,624,257,10,11,rot1,68212.319,615.611,0.009024924075664397,30
A,15,12,42,1t,seal,13,1,60,624,257,9,10,add_cc,827.978,16.211,0.01957902263103609,30
A,15,12,42,1t,seal,13,1,60,624,257,9,10,add_cp,570.725,16.383,0.028705593762319855,30
A,15,12,42,1t,seal,13,1,60,624,257,9,10,mul_cp,2359.448,19.236,0.00815275437305675,30
A,15,12,42,1t,seal,13,1,60,624,257,9,10,mul_cc,4840.421,165.006,0.034089183564818014,30
A,15,12,42,1t,seal,13,1,60,624,257,9,10,mul_cc_rlk,61659.292,332.927,0.0053994619334909,30
A,15,12,42,1t,seal,13,1,60,624,257,9,10,relin,57490.52,1082.46,0.018828495550222892,30
A,15,12,42,1t,seal,13,1,60,624,257,9,10,rescale,7988.925,31.205,0.0039060324136226086,30
A,15,12,42,1t,seal,13,1,60,624,257,9,10,rot1,57782.262,902.191,0.015613632432735154,30
A,15,12,42,1t,seal,13,1,60,624,257,8,9,add_cc,735.199,15.422,0.02097663353731439,30
A,15,12,42,1t,seal,13,1,60,624,257,8,9,add_cp,506.005,6.373,0.01259473720615409,30
A,15,12,42,1t,seal,13,1,60,624,257,8,9,mul_cp,2128.824,16.737,0.00786208723689699,30
A,15,12,42,1t,seal,13,1,60,624,257,8,9,mul_cc,4335.108,14.575,0.0033620846354923566,30
A,15,12,42,1t,seal,13,1,60,624,257,8,9,mul_cc_rlk,51517.884,152.422,0.0029586230676710247,30
A,15,12,42,1t,seal,13,1,60,624,257,8,9,relin,47458.613,224.893,0.004738718343917889,30
A,15,12,42,1t,seal,13,1,60,624,257,8,9,rescale,7165.837,26.97,0.0037636915268935084,30
A,15,12,42,1t,seal,13,1,60,624,257,8,9,rot1,47786.381,224.058,0.00468874175677794,30
A,15,12,42,1t,seal,13,1,60,624,257,7,8,add_cc,659.017,16.395,0.024877962176999984,30
A,15,12,42,1t,seal,13,1,60,624,257,7,8,add_cp,450.423,11.839,0.026284181758036335,30
A,15,12,42,1t,seal,13,1,60,624,257,7,8,mul_cp,1885.611,20.518,0.010881353577169416,30
A,15,12,42,1t,seal,13,1,60,624,257,7,8,mul_cc,3844.374,13.111,0.0034104382143880906,30
A,15,12,42,1t,seal,13,1,60,624,257,7,8,mul_cc_rlk,42327.558,363.609,0.008590360918057215,30
A,15,12,42,1t,seal,13,1,60,624,257,7,8,relin,38753.392,116.396,0.003003504828686996,30
A,15,12,42,1t,seal,13,1,60,624,257,7,8,rescale,6352.162,16.369,0.00257691790606096,30
A,15,12,42,1t,seal,13,1,60,624,257,7,8,rot1,38998.659,143.214,0.0036722801160932227,30
A,15,12,42,1t,seal,13,1,60,624,257,6,7,add_cc,573.795,14.777,0.025753099974729653,30
A,15,12,42,1t,seal,13,1,60,624,257,6,7,add_cp,397.883,7.316,0.018387314863917283,30
A,15,12,42,1t,seal,13,1,60,624,257,6,7,mul_cp,1659.232,23.715,0.01429275713101001,30
A,15,12,42,1t,seal,13,1,60,624,257,6,7,mul_cc,3369.769,18.73,0.005558244496877977,30
A,15,12,42,1t,seal,13,1,60,624,257,6,7,mul_cc_rlk,33953.27,157.347,0.0046342222707857015,30
A,15,12,42,1t,seal,13,1,60,624,257,6,7,relin,30900.154,170.323,0.0055120437263840175,30
A,15,12,42,1t,seal,13,1,60,624,257,6,7,rescale,5536.698,26.636,0.004810809619740863,30
A,15,12,42,1t,seal,13,1,60,624,257,6,7,rot1,31041.124,67.712,0.002181364308843971,30
A,15,12,42,1t,seal,13,1,60,624,257,5,6,add_cc,483.327,8.202,0.01696987753632634,30
A,15,12,42,1t,seal,13,1,60,624,257,5,6,add_cp,334.422,6.529,0.019523237107606554,30
A,15,12,42,1t,seal,13,1,60,624,257,5,6,mul_cp,1421.775,18.819,0.013236271561956003,30
A,15,12,42,1t,seal,13,1,60,624,257,5,6,mul_cc,2881.363,21.818,0.0075721108378222395,30
A,15,12,42,1t,seal,13,1,60,624,257,5,6,mul_cc_rlk,26523.525,100.961,0.0038064699168002744,30
A,15,12,42,1t,seal,13,1,60,624,257,5,6,relin,23847.087,78.278,0.0032824973549180243,30
A,15,12,42,1t,seal,13,1,60,624,257,5,6,rescale,4720.4,6.024,0.0012761630370307603,30
A,15,12,42,1t,seal,13,1,60,624,257,5,6,rot1,24052.267,96.646,0.004018165938370799,30
A,15,12,42,1t,seal,13,1,60,624,257,4,5,add_cc,405.567,14.218,0.035057092909432964,30
A,15,12,42,1t,seal,13,1,60,624,257,4,5,add_cp,274.936,7.908,0.028763057584310536,30
A,15,12,42,1t,seal,13,1,60,624,257,4,5,mul_cp,1186.251,17.4,0.014668059289307237,30
A,15,12,42,1t,seal,13,1,60,624,257,4,5,mul_cc,2403.806,7.217,0.0030023221507892066,30
A,15,12,42,1t,seal,13,1,60,624,257,4,5,mul_cc_rlk,19964.865,90.899,0.0045529483920878,30
A,15,12,42,1t,seal,13,1,60,624,257,4,5,relin,17738.81,54.345,0.003063621516888675,30
A,15,12,42,1t,seal,13,1,60,624,257,4,5,rescale,3895.594,12.471,0.0032013089659754072,30
A,15,12,42,1t,seal,13,1,60,624,257,4,5,rot1,17913.886,97.151,0.005423223079570787,30
A,15,12,42,1t,seal,13,1,60,624,257,3,4,add_cc,316.186,9.464,0.029931749033796567,30
A,15,12,42,1t,seal,13,1,60,624,257,3,4,add_cp,207.635,6.157,0.02965299684542587,30
A,15,12,42,1t,seal,13,1,60,624,257,3,4,mul_cp,944.867,15.204,0.016091153569761672,30
A,15,12,42,1t,seal,13,1,60,624,257,3,4,mul_cc,1922.319,20.338,0.010579929761917769,30
A,15,12,42,1t,seal,13,1,60,624,257,3,4,mul_cc_rlk,14412.387,52.829,0.0036655274383070617,30
A,15,12,42,1t,seal,13,1,60,624,257,3,4,relin,12646.987,35.75,0.0028267602394151273,30
A,15,12,42,1t,seal,13,1,60,624,257,3,4,rescale,3064.585,21.588,0.007044346950729055,30
A,15,12,42,1t,seal,13,1,60,624,257,3,4,rot1,12771.005,42.838,0.0033543170643187442,30
A,15,12,42,1t,seal,13,1,60,624,257,2,3,add_cc,256.439,9.998,0.038987829464317045,30
A,15,12,42,1t,seal,13,1,60,624,257,2,3,add_cp,156.246,7.417,0.047470015232389945,30
A,15,12,42,1t,seal,13,1,60,624,257,2,3,mul_cp,697.122,13.239,0.018990937023935554,30
A,15,12,42,1t,seal,13,1,60,624,257,2,3,mul_cc,1429.986,13.267,0.00927771320838106,30
A,15,12,42,1t,seal,13,1,60,624,257,2,3,mul_cc_rlk,9710.616,25.051,0.00257975395175754,30
A,15,12,42,1t,seal,13,1,60,624,257,2,3,relin,8439.074,30.534,0.0036181694816279602,30
A,15,12,42,1t,seal,13,1,60,624,257,2,3,rescale,2234.489,11.872,0.005313071579229076,30
A,15,12,42,1t,seal,13,1,60,624,257,2,3,rot1,8505.097,23.863,0.002805729317372865,30
A,15,12,42,1t,seal,13,1,60,624,257,1,2,add_cc,141.005,5.23,0.037090883302010574,30
A,15,12,42,1t,seal,13,1,60,624,257,1,2,add_cp,89.354,3.738,0.04183360565839246,30
A,15,12,42,1t,seal,13,1,60,624,257,1,2,mul_cp,447.69,16.661,0.03721548392861132,30
A,15,12,42,1t,seal,13,1,60,624,257,1,2,mul_cc,946.297,7.728,0.008166569269478821,30
A,15,12,42,1t,seal,13,1,60,624,257,1,2,mul_cc_rlk,5954.797,14.022,0.0023547402203635153,30
A,15,12,42,1t,seal,13,1,60,624,257,1,2,relin,5107.664,15.897,0.003112381707175727,30
A,15,12,42,1t,seal,13,1,60,624,257,1,2,rescale,1389.172,13.513,0.009727377171437374,30
A,15,12,42,1t,seal,13,1,60,624,257,1,2,rot1,5160.792,11.054,0.0021419193023086377,30
A,15,12,42,mt,openfhe,3,4,240,804,77,12,3,add_cc,1564.347,317.21,0.2027747040778037,30
A,15,12,42,mt,openfhe,3,4,240,804,77,12,3,add_cp,1368.998,162.247,0.11851514757508777,30
A,15,12,42,mt,openfhe,3,4,240,804,77,12,3,mul_cp,1418.873,47.841,0.033717605451650715,30
A,15,12,42,mt,openfhe,3,4,240,804,77,12,3,mul_cc,8906.025,658.144,0.07389873709090194,30
A,15,12,42,mt,openfhe,3,4,240,804,77,12,3,mul_cc_rlk,42267.561,9735.887,0.23033945582996854,30
A,15,12,42,mt,openfhe,3,4,240,804,77,12,3,relin,29647.727,5500.287,0.18552137234668953,30
A,15,12,42,mt,openfhe,3,4,240,804,77,12,3,rescale,3871.615,73.927,0.01909461555449083,30
A,15,12,42,mt,openfhe,3,4,240,804,77,12,3,rot1,31611.2,8293.425,0.26235717087614513,30
A,15,12,42,mt,openfhe,3,4,240,804,77,11,3,add_cc,1585.954,20.876,0.01316305517057872,30
A,15,12,42,mt,openfhe,3,4,240,804,77,11,3,add_cp,1445.278,54.31,0.03757754563481905,30
A,15,12,42,mt,openfhe,3,4,240,804,77,11,3,mul_cp,1458.08,11.487,0.007878168550422475,30
A,15,12,42,mt,openfhe,3,4,240,804,77,11,3,mul_cc,8428.445,154.343,0.018312156038272777,30
A,15,12,42,mt,openfhe,3,4,240,804,77,11,3,mul_cc_rlk,38276.935,8058.527,0.2105321912530353,30
A,15,12,42,mt,openfhe,3,4,240,804,77,11,3,relin,31987.474,6944.3,0.21709435387114345,30
A,15,12,42,mt,openfhe,3,4,240,804,77,11,3,rescale,3846.699,446.3,0.11602155510477945,30
A,15,12,42,mt,openfhe,3,4,240,804,77,11,3,rot1,30865.725,10601.125,0.34345945219171103,30
A,15,12,42,mt,openfhe,3,4,240,804,77,10,3,add_cc,1423.253,10.512,0.007385896955776661,30
A,15,12,42,mt,openfhe,3,4,240,804,77,10,3,add_cp,1249.343,26.792,0.021444871424420676,30
A,15,12,42,mt,openfhe,3,4,240,804,77,10,3,mul_cp,1312.587,7.464,0.0056864802104546214,30
A,15,12,42,mt,openfhe,3,4,240,804,77,10,3,mul_cc,7505.284,695.352,0.09264832616593856,30
A,15,12,42,mt,openfhe,3,4,240,804,77,10,3,mul_cc_rlk,35526.495,6501.834,0.18301366346440873,30
A,15,12,42,mt,openfhe,3,4,240,804,77,10,3,relin,31127.286,5634.244,0.18100659337919792,30
A,15,12,42,mt,openfhe,3,4,240,804,77,10,3,rescale,3740.788,29.181,0.007800762833926969,30
A,15,12,42,mt,openfhe,3,4,240,804,77,10,3,rot1,29372.678,5712.101,0.19446987435057844,30
A,15,12,42,mt,openfhe,3,4,240,804,77,9,2,add_cc,1278.114,10.146,0.007938259028537361,30
A,15,12,42,mt,openfhe,3,4,240,804,77,9,2,add_cp,1109.668,15.196,0.013694186008788216,30
A,15,12,42,mt,openfhe,3,4,240,804,77,9,2,mul_cp,1251.541,13.635,0.01089456917512091,30
A,15,12,42,mt,openfhe,3,4,240,804,77,9,2,mul_cc,7235.503,790.112,0.1091993189692548,30
A,15,12,42,mt,openfhe,3,4,240,804,77,9,2,mul_cc_rlk,26479.743,5593.257,0.21122776758067477,30
A,15,12,42,mt,openfhe,3,4,240,804,77,9,2,relin,24122.526,8995.651,0.3729149675286908,30
A,15,12,42,mt,openfhe,3,4,240,804,77,9,2,rescale,3462.532,53.891,0.015564043884648575,30
A,15,12,42,mt,openfhe,3,4,240,804,77,9,2,rot1,22413.165,5453.338,0.24330959059106555,30
A,15,12,42,mt,openfhe,3,4,240,804,77,8,2,add_cc,1056.509,10.394,0.00983806101036527,30
A,15,12,42,mt,openfhe,3,4,240,804,77,8,2,add_cp,947.953,8.767,0.009248348810542295,30
A,15,12,42,mt,openfhe,3,4,240,804,77,8,2,mul_cp,1052.381,12.338,0.01172389087222213,30
A,15,12,42,mt,openfhe,3,4,240,804,77,8,2,mul_cc,5928.849,136.076,0.022951503740439333,30
A,15,12,42,mt,openfhe,3,4,240,804,77,8,2,mul_cc_rlk,26876.578,7465.37,0.2777648999809425,30
A,15,12,42,mt,openfhe,3,4,240,804,77,8,2,relin,20014.71,3264.417,0.16310088929592284,30
A,15,12,42,mt,openfhe,3,4,240,804,77,8,2,rescale,3586.801,357.12,0.09956504417167275,30
A,15,12,42,mt,openfhe,3,4,240,804,77,8,2,rot1,19722.287,3697.124,0.18745919273966552,30
A,15,12,42,mt,openfhe,3,4,240,804,77,7,2,add_cc,963.15,13.024,0.013522296630846701,30
A,15,12,42,mt,openfhe,3,4,240,804,77,7,2,add_cp,849.528,10.684,0.0125763953630722,30
A,15,12,42,mt,openfhe,3,4,240,804,77,7,2,mul_cp,982.278,15.359,0.01563610301767931,30
A,15,12,42,mt,openfhe,3,4,240,804,77,7,2,mul_cc,5344.432,513.132,0.09601244809551324,30
A,15,12,42,mt,openfhe,3,4,240,804,77,7,2,mul_cc_rlk,26088.205,7641.746,0.2929195780238617,30
A,15,12,42,mt,openfhe,3,4,240,804,77,7,2,relin,20590.641,4712.7,0.22887582761508007,30
A,15,12,42,mt,openfhe,3,4,240,804,77,7,2,rescale,3682.513,311.23,0.08451565547765888,30
A,15,12,42,mt,openfhe,3,4,240,804,77,7,2,rot1,22029.766,6333.988,0.28751953152838755,30
A,15,12,42,mt,openfhe,3,4,240,804,77,6,2,add_cc,924.833,13.851,0.014976757966032789,30
A,15,12,42,mt,openfhe,3,4,240,804,77,6,2,add_cp,825.566,15.113,0.018306228696433717,30
A,15,12,42,mt,openfhe,3,4,240,804,77,6,2,mul_cp,966.392,18.139,0.018769815975297807,30
A,15,12,42,mt,openfhe,3,4,240,804,77,6,2,mul_cc,4527.544,74.767,0.01651380969461589,30
A,15,12,42,mt,openfhe,3,4,240,804,77,6,2,mul_cc_rlk,28174.665,7079.091,0.25125732639589504,30
A,15,12,42,mt,openfhe,3,4,240,804,77,6,2,relin,23655.629,5799.689,0.2451716249016249,30
A,15,12,42,mt,openfhe,3,4,240,804,77,6,2,rescale,3564.309,42.156,0.011827257401083912,30
A,15,12,42,mt,openfhe,3,4,240,804,77,6,2,rot1,22299.406,4652.851,0.20865358476364795,30
A,15,12,42,mt,openfhe,3,4,240,804,77,5,2,add_cc,908.518,9.568,0.010531436911541653,30
A,15,12,42,mt,openfhe,3,4,240,804,77,5,2,add_cp,874.281,8.809,0.010075707924568874,30
A,15,12,42,mt,openfhe,3,4,240,804,77,5,2,mul_cp,971.486,6.533,0.006724749507455589,30
A,15,12,42,mt,openfhe,3,4,240,804,77,5,2,mul_cc,6147.162,59.771,0.009723348758337587,30
A,15,12,42,mt,openfhe,3,4,240,804,77,5,2,mul_cc_rlk,26188.313,5006.993,0.1911918877707014,30
A,15,12,42,mt,openfhe,3,4,240,804,77,5,2,relin,21880.049,5257.281,0.24027738694735098,30
A,15,12,42,mt,openfhe,3,4,240,804,77,5,2,rescale,3925.445,36.886,0.00939664165464043,30
A,15,12,42,mt,openfhe,3,4,240,804,77,5,2,rot1,20374.565,5680.593,0.27880806289606674,30
A,15,12,42,mt,openfhe,3,4,240,804,77,4,1,add_cc,683.324,12.402,0.018149516188513796,30
A,15,12,42,mt,openfhe,3,4,240,804,77,4,1,add_cp,683.231,14.539,0.021279772141486554,30
A,15,12,42,mt,openfhe,3,4,240,804,77,4,1,mul_cp,781.522,10.233,0.013093681303917228,30
A,15,12,42,mt,openfhe,3,4,240,804,77,4,1,mul_cc,5059.526,30.921,0.006111442059987438,30
A,15,12,42,mt,openfhe,3,4,240,804,77,4,1,mul_cc_rlk,18078.833,4357.8,0.24104431961952413,30
A,15,12,42,mt,openfhe,3,4,240,804,77,4,1,relin,14319.936,2906.984,0.20300258325176873,30
A,15,12,42,mt,openfhe,3,4,240,804,77,4,1,rescale,3859.151,14.938,0.003870799561872547,30
A,15,12,42,mt,openfhe,3,4,240,804,77,4,1,rot1,14495.646,3826.579,0.2639812672025793,30
A,15,12,42,mt,openfhe,3,4,240,804,77,3,1,add_cc,478.243,12.099,0.02529885434810337,30
A,15,12,42,mt,openfhe,3,4,240,804,77,3,1,add_cp,414.086,9.408,0.02271991808464908,30
A,15,12,42,mt,openfhe,3,4,240,804,77,3,1,mul_cp,570.88,6.867,0.01202879764573991,30
A,15,12,42,mt,openfhe,3,4,240,804,77,3,1,mul_cc,2514.295,25.694,0.010219166804213507,30
A,15,12,42,mt,openfhe,3,4,240,804,77,3,1,mul_cc_rlk,15466.218,4524.604,0.2925475381247051,30
A,15,12,42,mt,openfhe,3,4,240,804,77,3,1,relin,11710.974,5077.397,0.4335588995415753,30
A,15,12,42,mt,openfhe,3,4,240,804,77,3,1,rescale,2371.11,52.717,0.022233046969562777,30
A,15,12,42,mt,openfhe,3,4,240,804,77,3,1,rot1,9953.161,3027.378,0.304162466577201,30
A,15,12,42,mt,openfhe,3,4,240,804,77,2,1,add_cc,291.98,8.448,0.028933488595109254,30
A,15,12,42,mt,openfhe,3,4,240,804,77,2,1,add_cp,259.166,6.989,0.02696727194153554,30
A,15,12,42,mt,openfhe,3,4,240,804,77,2,1,mul_cp,445.143,7.649,0.017183242239010837,30
A,15,12,42,mt,openfhe,3,4,240,804,77,2,1,mul_cc,1500.759,19.979,0.013312597159170792,30
A,15,12,42,mt,openfhe,3,4,240,804,77,2,1,mul_cc_rlk,11606.459,1629.013,0.14035400461070854,30
A,15,12,42,mt,openfhe,3,4,240,804,77,2,1,relin,12138.475,5274.348,0.43451487934027955,30
A,15,12,42,mt,openfhe,3,4,240,804,77,2,1,rescale,2204.904,14.271,0.0064723906346943,30
A,15,12,42,mt,openfhe,3,4,240,804,77,2,1,rot1,10351.655,5309.666,0.5129291886176655,30
A,15,12,42,mt,openfhe,3,4,240,804,77,1,1,add_cc,189.878,10.541,0.05551459358114158,30
A,15,12,42,mt,openfhe,3,4,240,804,77,1,1,add_cp,158.694,6.662,0.041980163081149886,30
A,15,12,42,mt,openfhe,3,4,240,804,77,1,1,mul_cp,265.816,7.632,0.028711589972010714,30
A,15,12,42,mt,openfhe,3,4,240,804,77,1,1,mul_cc,966.606,14.1,0.014587122364231134,30
A,15,12,42,mt,openfhe,3,4,240,804,77,1,1,mul_cc_rlk,9840.439,3632.002,0.3690894278192263,30
A,15,12,42,mt,openfhe,3,4,240,804,77,1,1,relin,7732.788,1176.476,0.15214124582233474,30
A,15,12,42,mt,openfhe,3,4,240,804,77,1,1,rescale,1851.542,21.974,0.011867945744682001,30
A,15,12,42,mt,openfhe,3,4,240,804,77,1,1,rot1,8223.961,2042.224,0.24832608034011835,30
A,15,12,42,mt,lattigo,3,5,300,864,17,12,3,add_cc,620.875,13.271,0.021374672840748943,30
A,15,12,42,mt,lattigo,3,5,300,864,17,12,3,add_cp,509.866,12.457,0.024431909560551204,30
A,15,12,42,mt,lattigo,3,5,300,864,17,12,3,mul_cp,1248.647,19.508,0.0156233106714708,30
A,15,12,42,mt,lattigo,3,5,300,864,17,12,3,mul_cc,2836.707,97.971,0.03453687673771031,30
A,15,12,42,mt,lattigo,3,5,300,864,17,12,3,mul_cc_rlk,54310.514,398.798,0.007342924428960477,30
A,15,12,42,mt,lattigo,3,5,300,864,17,12,3,relin,49716.628,417.196,0.008391478199205306,30
A,15,12,42,mt,lattigo,3,5,300,864,17,12,3,rescale,8822.727,55.796,0.0063241217823015485,30
A,15,12,42,mt,lattigo,3,5,300,864,17,12,3,rot1,49674.95,499.135,0.01004802219227196,30
A,15,12,42,mt,lattigo,3,5,300,864,17,11,3,add_cc,581.553,39.932,0.06866442095561368,30
A,15,12,42,mt,lattigo,3,5,300,864,17,11,3,add_cp,471.157,9.975,0.021171286853426778,30
A,15,12,42,mt,lattigo,3,5,300,864,17,11,3,mul_cp,1162.639,16.39,0.014097239125816357,30
A,15,12,42,mt,lattigo,3,5,300,864,17,11,3,mul_cc,2528.428,63.474,0.02510413585041773,30
A,15,12,42,mt,lattigo,3,5,300,864,17,11,3,mul_cc_rlk,51106.076,349.029,0.006829501055804011,30
A,15,12,42,mt,lattigo,3,5,300,864,17,11,3,relin,47027.078,783.343,0.016657275623205847,30
A,15,12,42,mt,lattigo,3,5,300,864,17,11,3,rescale,8143.418,68.401,0.008399544269985895,30
A,15,12,42,mt,lattigo,3,5,300,864,17,11,3,rot1,46631.368,312.769,0.006707266233321741,30
A,15,12,42,mt,lattigo,3,5,300,864,17,10,3,add_cc,522.166,9.848,0.018859902789534363,30
A,15,12,42,mt,lattigo,3,5,300,864,17,10,3,add_cp,432.94,9.876,0.02281147503118215,30
A,15,12,42,mt,lattigo,3,5,300,864,17,10,3,mul_cp,1074.219,36.549,0.03402378844537287,30
A,15,12,42,mt,lattigo,3,5,300,864,17,10,3,mul_cc,2335.195,60.174,0.025768297722460008,30
A,15,12,42,mt,lattigo,3,5,300,864,17,10,3,mul_cc_rlk,49705.535,404.176,0.008131408302918376,30
A,15,12,42,mt,lattigo,3,5,300,864,17,10,3,relin,45639.091,523.308,0.011466223111235936,30
A,15,12,42,mt,lattigo,3,5,300,864,17,10,3,rescale,7432.01,33.066,0.00444913287253381,30
A,15,12,42,mt,lattigo,3,5,300,864,17,10,3,rot1,45455.262,420.803,0.009257520064453703,30
A,15,12,42,mt,lattigo,3,5,300,864,17,9,2,add_cc,476.833,10.391,0.021791696463961174,30
A,15,12,42,mt,lattigo,3,5,300,864,17,9,2,add_cp,395.185,9.432,0.02386730265571821,30
A,15,12,42,mt,lattigo,3,5,300,864,17,9,2,mul_cp,960.739,22.297,0.023208176206024736,30
A,15,12,42,mt,lattigo,3,5,300,864,17,9,2,mul_cc,2124.783,46.388,0.02183187647868041,30
A,15,12,42,mt,lattigo,3,5,300,864,17,9,2,mul_cc_rlk,36469.996,247.371,0.0067828633707555114,30
A,15,12,42,mt,lattigo,3,5,300,864,17,9,2,relin,33303.165,486.013,0.014593597935811805,30
A,15,12,42,mt,lattigo,3,5,300,864,17,9,2,rescale,6800.153,105.144,0.015462005046062934,30
A,15,12,42,mt,lattigo,3,5,300,864,17,9,2,rot1,32925.4,333.256,0.010121547498283999,30
A,15,12,42,mt,lattigo,3,5,300,864,17,8,2,add_cc,431.809,12.535,0.02902903830165652,30
A,15,12,42,mt,lattigo,3,5,300,864,17,8,2,add_cp,355.054,8.199,0.023092262022114948,30
A,15,12,42,mt,lattigo,3,5,300,864,17,8,2,mul_cp,857.311,14.473,0.016881855009442316,30
A,15,12,42,mt,lattigo,3,5,300,864,17,8,2,mul_cc,1882.572,46.499,0.02469971932016412,30
A,15,12,42,mt,lattigo,3,5,300,864,17,8,2,mul_cc_rlk,33641.886,321.908,0.00956866686962794,30
A,15,12,42,mt,lattigo,3,5,300,864,17,8,2,relin,30542.971,264.265,0.008652236221551595,30
A,15,12,42,mt,lattigo,3,5,300,864,17,8,2,rescale,6091.505,33.65,0.005524086412142811,30
A,15,12,42,mt,lattigo,3,5,300,864,17,8,2,rot1,30438.46,298.495,0.00980650795079646,30
A,15,12,42,mt,lattigo,3,5,300,864,17,7,2,add_cc,383.487,12.502,0.03260084435717508,30
A,15,12,42,mt,lattigo,3,5,300,864,17,7,2,add_cp,317.476,8.955,0.028206856581284884,30
A,15,12,42,mt,lattigo,3,5,300,864,17,7,2,mul_cp,766.252,21.594,0.028181329379890693,30
A,15,12,42,mt,lattigo,3,5,300,864,17,7,2,mul_cc,1653.866,29.683,0.01794764509337516,30
A,15,12,42,mt,lattigo,3,5,300,864,17,7,2,mul_cc_rlk,30120.022,329.35,0.010934586966769149,30
A,15,12,42,mt,lattigo,3,5,300,864,17,7,2,relin,27596.095,247.307,0.00896166649665469,30
A,15,12,42,mt,lattigo,3,5,300,864,17,7,2,rescale,5441.109,44.875,0.008247399565051904,30
A,15,12,42,mt,lattigo,3,5,300,864,17,7,2,rot1,27961.766,630.689,0.022555406550501853,30
A,15,12,42,mt,lattigo,3,5,300,864,17,6,2,add_cc,333.706,11.197,0.033553487201308935,30
A,15,12,42,mt,lattigo,3,5,300,864,17,6,2,add_cp,274.14,8.687,0.03168818851681623,30
A,15,12,42,mt,lattigo,3,5,300,864,17,6,2,mul_cp,674.286,25.054,0.037156340187991445,30
A,15,12,42,mt,lattigo,3,5,300,864,17,6,2,mul_cc,1465.717,22.795,0.015552115449298876,30
A,15,12,42,mt,lattigo,3,5,300,864,17,6,2,mul_cc_rlk,27516.16,256.929,0.009337385739870679,30
A,15,12,42,mt,lattigo,3,5,300,864,17,6,2,relin,25341.909,253.096,0.009987250763152848,30
A,15,12,42,mt,lattigo,3,5,300,864,17,6,2,rescale,4763.715,35.68,0.007489952694483192,30
A,15,12,42,mt,lattigo,3,5,300,864,17,6,2,rot1,25388.845,213.993,0.0084286228853656,30
A,15,12,42,mt,lattigo,3,5,300,864,17,5,2,add_cc,286.483,10.548,0.03681893864557408,30
A,15,12,42,mt,lattigo,3,5,300,864,17,5,2,add_cp,234.509,7.917,0.03375989834078863,30
A,15,12,42,mt,lattigo,3,5,300,864,17,5,2,mul_cp,581.566,17.994,0.030940598315582407,30
A,15,12,42,mt,lattigo,3,5,300,864,17,5,2,mul_cc,1230.317,24.119,0.019603890704590766,30
A,15,12,42,mt,lattigo,3,5,300,864,17,5,2,mul_cc_rlk,25097.944,346.935,0.013823243848181349,30
A,15,12,42,mt,lattigo,3,5,300,864,17,5,2,relin,23318.58,351.097,0.015056534317269747,30
A,15,12,42,mt,lattigo,3,5,300,864,17,5,2,rescale,4083.302,33.954,0.008315329113545851,30
A,15,12,42,mt,lattigo,3,5,300,864,17,5,2,rot1,23274.548,287.409,0.012348639380665953,30
A,15,12,42,mt,lattigo,3,5,300,864,17,4,1,add_cc,240.254,9.312,0.03875898007941595,30
A,15,12,42,mt,lattigo,3,5,300,864,17,4,1,add_cp,193.286,6.913,0.03576565297020995,30
A,15,12,42,mt,lattigo,3,5,300,864,17,4,1,mul_cp,465.764,12.101,0.025980968902706094,30
A,15,12,42,mt,lattigo,3,5,300,864,17,4,1,mul_cc,1018.193,26.426,0.025953822114274994,30
A,15,12,42,mt,lattigo,3,5,300,864,17,4,1,mul_cc_rlk,16869.504,282.836,0.016766112388366606,30
A,15,12,42,mt,lattigo,3,5,300,864,17,4,1,relin,15518.114,224.731,0.014481850049561436,30
A,15,12,42,mt,lattigo,3,5,300,864,17,4,1,rescale,3410.373,48.538,0.014232460789479625,30
A,15,12,42,mt,lattigo,3,5,300,864,17,4,1,rot1,15538.173,267.476,0.017214121634506193,30
A,15,12,42,mt,lattigo,3,5,300,864,17,3,1,add_cc,199.126,7.58,0.03806634994927834,30
A,15,12,42,mt,lattigo,3,5,300,864,17,3,1,add_cp,155.605,4.768,0.030641688891745126,30
A,15,12,42,mt,lattigo,3,5,300,864,17,3,1,mul_cp,368.673,9.06,0.024574623039929695,30
A,15,12,42,mt,lattigo,3,5,300,864,17,3,1,mul_cc,793.689,11.988,0.015104152886080064,30
A,15,12,42,mt,lattigo,3,5,300,864,17,3,1,mul_cc_rlk,14591.462,207.087,0.014192340698964915,30
A,15,12,42,mt,lattigo,3,5,300,864,17,3,1,relin,13519.93,317.25,0.023465358178629624,30
A,15,12,42,mt,lattigo,3,5,300,864,17,3,1,rescale,2716.285,26.733,0.009841750773574938,30
A,15,12,42,mt,lattigo,3,5,300,864,17,3,1,rot1,13738.187,196.285,0.014287547549032489,30
A,15,12,42,mt,lattigo,3,5,300,864,17,2,1,add_cc,144.384,4.683,0.03243434175531915,30
A,15,12,42,mt,lattigo,3,5,300,864,17,2,1,add_cp,118.141,4.803,0.04065481077695296,30
A,15,12,42,mt,lattigo,3,5,300,864,17,2,1,mul_cp,336.223,10.378,0.030866419013571348,30
A,15,12,42,mt,lattigo,3,5,300,864,17,2,1,mul_cc,696.439,52.118,0.07483498195821889,30
A,15,12,42,mt,lattigo,3,5,300,864,17,2,1,mul_cc_rlk,12504.44,116.294,0.009300216563076795,30
A,15,12,42,mt,lattigo,3,5,300,864,17,2,1,relin,11782.355,70.507,0.005984117776115217,30
A,15,12,42,mt,lattigo,3,5,300,864,17,2,1,rescale,2038.837,21.184,0.01039023717933312,30
A,15,12,42,mt,lattigo,3,5,300,864,17,2,1,rot1,11831.993,223.14,0.018859037526475886,30
A,15,12,42,mt,lattigo,3,5,300,864,17,1,1,add_cc,86.571,2.46,0.028415982257337907,30
A,15,12,42,mt,lattigo,3,5,300,864,17,1,1,add_cp,64.238,2.497,0.038871073196550324,30
A,15,12,42,mt,lattigo,3,5,300,864,17,1,1,mul_cp,180.858,6.21,0.0343363301595727,30
A,15,12,42,mt,lattigo,3,5,300,864,17,1,1,mul_cc,405.882,14.815,0.036500756377469315,30
A,15,12,42,mt,lattigo,3,5,300,864,17,1,1,mul_cc_rlk,10493.515,154.894,0.014760926152962093,30
A,15,12,42,mt,lattigo,3,5,300,864,17,1,1,relin,10074.988,87.854,0.008720010386116589,30
A,15,12,42,mt,lattigo,3,5,300,864,17,1,1,rescale,1372.977,22.274,0.016223141392754575,30
A,15,12,42,mt,lattigo,3,5,300,864,17,1,1,rot1,10094.457,96.347,0.009544545090439237,30
A,15,12,42,mt,seal,13,1,60,624,257,12,13,add_cc,1070.258,11.933,0.011149648028793056,30
A,15,12,42,mt,seal,13,1,60,624,257,12,13,add_cp,743.55,15.702,0.021117611458543475,30
A,15,12,42,mt,seal,13,1,60,624,257,12,13,mul_cp,3106.135,21.423,0.006896995784149754,30
A,15,12,42,mt,seal,13,1,60,624,257,12,13,mul_cc,6346.41,101.503,0.015993766554634824,30
A,15,12,42,mt,seal,13,1,60,624,257,12,13,mul_cc_rlk,99516.908,735.432,0.0073900205983087825,30
A,15,12,42,mt,seal,13,1,60,624,257,12,13,relin,93300.222,876.559,0.009395036594875412,30
A,15,12,42,mt,seal,13,1,60,624,257,12,13,rescale,10625.224,43.378,0.004082549224373999,30
A,15,12,42,mt,seal,13,1,60,624,257,12,13,rot1,93766.624,2119.208,0.022600877685433146,30
A,15,12,42,mt,seal,13,1,60,624,257,11,12,add_cc,991.747,12.582,0.012686703362853633,30
A,15,12,42,mt,seal,13,1,60,624,257,11,12,add_cp,678.727,13.536,0.019943217228723772,30
A,15,12,42,mt,seal,13,1,60,624,257,11,12,mul_cp,2855.127,24.143,0.008456016142189122,30
A,15,12,42,mt,seal,13,1,60,624,257,11,12,mul_cc,5846.113,24.591,0.004206384652503296,30
A,15,12,42,mt,seal,13,1,60,624,257,11,12,mul_cc_rlk,86280.79,764.672,0.008862598499619673,30
A,15,12,42,mt,seal,13,1,60,624,257,11,12,relin,79838.719,704.167,0.008819868465073946,30
A,15,12,42,mt,seal,13,1,60,624,257,11,12,rescale,9663.748,31.052,0.003213246040770103,30
A,15,12,42,mt,seal,13,1,60,624,257,11,12,rot1,79679.29,370.144,0.004645422919807645,30
A,15,12,42,mt,seal,13,1,60,624,257,10,11,add_cc,905.666,17.577,0.019407817009802732,30
A,15,12,42,mt,seal,13,1,60,624,257,10,11,add_cp,630.481,26.861,0.04260398013580108,30
A,15,12,42,mt,seal,13,1,60,624,257,10,11,mul_cp,2595.242,19.753,0.007611236254653708,30
A,15,12,42,mt,seal,13,1,60,624,257,10,11,mul_cc,5289.674,25.394,0.004800673916766893,30
A,15,12,42,mt,seal,13,1,60,624,257,10,11,mul_cc_rlk,73787.944,670.238,0.00908329956991348,30
A,15,12,42,mt,seal,13,1,60,624,257,10,11,relin,69480.321,440.895,0.006345609715879119,30
A,15,12,42,mt,seal,13,1,60,624,257,10,11,rescale,8965.642,42.603,0.004751806953701698,30
A,15,12,42,mt,seal,13,1,60,624,257,10,11,rot1,69585.942,643.87,0.009252874668277107,30
A,15,12,42,mt,seal,13,1,60,624,257,9,10,add_cc,826.512,15.173,0.018357870182163116,30
A,15,12,42,mt,seal,13,1,60,624,257,9,10,add_cp,565.693,12.33,0.021796274657809096,30
A,15,12,42,mt,seal,13,1,60,624,257,9,10,mul_cp,2382.698,35.019,0.014697204597477314,30
A,15,12,42,mt,seal,13,1,60,624,257,9,10,mul_cc,4897.187,80.14,0.016364496597740703,30
A,15,12,42,mt,seal,13,1,60,624,257,9,10,mul_cc_rlk,63039.14,490.379,0.007778960817041603,30
A,15,12,42,mt,seal,13,1,60,624,257,9,10,relin,57870.49,871.215,0.015054564079205137,30
A,15,12,42,mt,seal,13,1,60,624,257,9,10,rescale,8158.101,30.913,0.003789239677223903,30
A,15,12,42,mt,seal,13,1,60,624,257,9,10,rot1,58059.343,582.552,0.010033733933227595,30
A,15,12,42,mt,seal,13,1,60,624,257,8,9,add_cc,772.997,73.497,0.09508057599188613,30
A,15,12,42,mt,seal,13,1,60,624,257,8,9,add_cp,515.066,18.064,0.035071233589481735,30
A,15,12,42,mt,seal,13,1,60,624,257,8,9,mul_cp,2147.097,25.235,0.01175307869183367,30
A,15,12,42,mt,seal,13,1,60,624,257,8,9,mul_cc,4383.565,12.662,0.0028885165384795256,30
A,15,12,42,mt,seal,13,1,60,624,257,8,9,mul_cc_rlk,52817.587,575.981,0.010905098712669323,30
A,15,12,42,mt,seal,13,1,60,624,257,8,9,relin,48560.68,449.314,0.009252629905512032,30
A,15,12,42,mt,seal,13,1,60,624,257,8,9,rescale,7306.086,28.853,0.00394917333302674,30
A,15,12,42,mt,seal,13,1,60,624,257,8,9,rot1,48546.844,494.144,0.010178704922610417,30
A,15,12,42,mt,seal,13,1,60,624,257,7,8,add_cc,659.603,17.083,0.025898911921261727,30
A,15,12,42,mt,seal,13,1,60,624,257,7,8,add_cp,456.961,19.406,0.04246751910994592,30
A,15,12,42,mt,seal,13,1,60,624,257,7,8,mul_cp,1901.255,18.954,0.009969204551730304,30
A,15,12,42,mt,seal,13,1,60,624,257,7,8,mul_cc,3875.778,16.557,0.0042719165029576,30
A,15,12,42,mt,seal,13,1,60,624,257,7,8,mul_cc_rlk,43718.913,1840.535,0.04209928549687409,30
A,15,12,42,mt,seal,13,1,60,624,257,7,8,relin,39767.201,414.794,0.010430555572669043,30
A,15,12,42,mt,seal,13,1,60,624,257,7,8,rescale,6458.95,37.406,0.005791343794269967,30
A,15,12,42,mt,seal,13,1,60,624,257,7,8,rot1,39900.788,413.226,0.010356336822220152,30
A,15,12,42,mt,seal,13,1,60,624,257,6,7,add_cc,578.072,21.198,0.03667017257365864,30
A,15,12,42,mt,seal,13,1,60,624,257,6,7,add_cp,401.034,14.575,0.036343551918291216,30
A,15,12,42,mt,seal,13,1,60,624,257,6,7,mul_cp,1672.63,23.774,0.014213543939783455,30
A,15,12,42,mt,seal,13,1,60,624,257,6,7,mul_cc,3414.854,34.405,0.010075101307405823,30
A,15,12,42,mt,seal,13,1,60,624,257,6,7,mul_cc_rlk,34681.234,263.895,0.00760915831310962,30
A,15,12,42,mt,seal,13,1,60,624,257,6,7,relin,31624.224,216.063,0.006832199265980408,30
A,15,12,42,mt,seal,13,1,60,624,257,6,7,rescale,5614.169,24.77,0.004412051008795781,30
A,15,12,42,mt,seal,13,1,60,624,257,6,7,rot1,31723.481,425.6,0.013415929985741478,30
A,15,12,42,mt,seal,13,1,60,624,257,5,6,add_cc,492.665,15.968,0.032411476358174415,30
A,15,12,42,mt,seal,13,1,60,624,257,5,6,add_cp,336.512,11.958,0.035535136934195515,30
A,15,12,42,mt,seal,13,1,60,624,257,5,6,mul_cp,1431.16,17.841,0.012466111406132088,30
A,15,12,42,mt,seal,13,1,60,624,257,5,6,mul_cc,2910.933,30.372,0.010433768142379092,30
A,15,12,42,mt,seal,13,1,60,624,257,5,6,mul_cc_rlk,27219.044,277.419,0.010192091977954846,30
A,15,12,42,mt,seal,13,1,60,624,257,5,6,relin,24390.101,338.766,0.013889487378506551,30
A,15,12,42,mt,seal,13,1,60,624,257,5,6,rescale,4785.706,18.054,0.003772484143405382,30
A,15,12,42,mt,seal,13,1,60,624,257,5,6,rot1,24225.866,201.364,0.008311942285159177,30
A,15,12,42,mt,seal,13,1,60,624,257,4,5,add_cc,401.021,9.799,0.0244351293323791,30
A,15,12,42,mt,seal,13,1,60,624,257,4,5,add_cp,272.625,11.833,0.04340394314534617,30
A,15,12,42,mt,seal,13,1,60,624,257,4,5,mul_cp,1199.297,19.099,0.01592516282455472,30
A,15,12,42,mt,seal,13,1,60,624,257,4,5,mul_cc,2433.491,15.738,0.0064672521903717745,30
A,15,12,42,mt,seal,13,1,60,624,257,4,5,mul_cc_rlk,20347.83,109.171,0.005365240421214449,30
A,15,12,42,mt,seal,13,1,60,624,257,4,5,relin,18208.841,176.9,0.0097150609420995,30
A,15,12,42,mt,seal,13,1,60,624,257,4,5,rescale,3957.282,27.84,0.007035131688871301,30
A,15,12,42,mt,seal,13,1,60,624,257,4,5,rot1,18261.243,94.913,0.005197510377579446,30
A,15,12,42,mt,seal,13,1,60,624,257,3,4,add_cc,317.852,10.496,0.0330216578785095,30
A,15,12,42,mt,seal,13,1,60,624,257,3,4,add_cp,209.204,9.313,0.044516357239823334,30
A,15,12,42,mt,seal,13,1,60,624,257,3,4,mul_cp,953.608,14.849,0.015571387823927653,30
A,15,12,42,mt,seal,13,1,60,624,257,3,4,mul_cc,1940.899,21.378,0.011014483494504351,30
A,15,12,42,mt,seal,13,1,60,624,257,3,4,mul_cc_rlk,14660.41,108.892,0.007427623101945989,30
A,15,12,42,mt,seal,13,1,60,624,257,3,4,relin,13008.743,403.442,0.031013142468876508,30
A,15,12,42,mt,seal,13,1,60,624,257,3,4,rescale,3126.98,25.248,0.008074244158900921,30
A,15,12,42,mt,seal,13,1,60,624,257,3,4,rot1,13067.878,51.848,0.003967591371759056,30
A,15,12,42,mt,seal,13,1,60,624,257,2,3,add_cc,234.806,10.13,0.0431419980750066,30
A,15,12,42,mt,seal,13,1,60,624,257,2,3,add_cp,151.134,10.351,0.06848889065332753,30
A,15,12,42,mt,seal,13,1,60,624,257,2,3,mul_cp,711.056,16.721,0.02351572871897572,30
A,15,12,42,mt,seal,13,1,60,624,257,2,3,mul_cc,1453.517,16.376,0.01126646609568378,30
A,15,12,42,mt,seal,13,1,60,624,257,2,3,mul_cc_rlk,9938.943,34.393,0.003460428337299047,30
A,15,12,42,mt,seal,13,1,60,624,257,2,3,relin,8559.965,31.384,0.003666370131186284,30
A,15,12,42,mt,seal,13,1,60,624,257,2,3,rescale,2267.468,11.599,0.005115397438905423,30
A,15,12,42,mt,seal,13,1,60,624,257,2,3,rot1,8672.69,84.321,0.00972258895452276,30
A,15,12,42,mt,seal,13,1,60,624,257,1,2,add_cc,141.522,7.401,0.05229575613685505,30
A,15,12,42,mt,seal,13,1,60,624,257,1,2,add_cp,89.517,6.263,0.06996436431068959,30
A,15,12,42,mt,seal,13,1,60,624,257,1,2,mul_cp,453.295,13.805,0.030454781102813838,30
A,15,12,42,mt,seal,13,1,60,624,257,1,2,mul_cc,964.488,18.582,0.0192661806056685,30
A,15,12,42,mt,seal,13,1,60,624,257,1,2,mul_cc_rlk,6061.537,31.713,0.005231841363007435,30
A,15,12,42,mt,seal,13,1,60,624,257,1,2,relin,5217.585,65.748,0.012601232179255345,30
A,15,12,42,mt,seal,13,1,60,624,257,1,2,rescale,1422.85,22.795,0.0160206627543311,30
A,15,12,42,mt,seal,13,1,60,624,257,1,2,rot1,5243.588,33.477,0.006384368871085982,30
B,14,6,42,1t,openfhe,4,2,120,432,6,6,4,add_cc,349.634,7.449,0.021305136228170027,30
B,14,6,42,1t,openfhe,4,2,120,432,6,6,4,add_cp,286.313,5.975,0.020868769493526316,30
B,14,6,42,1t,openfhe,4,2,120,432,6,6,4,mul_cp,713.743,13.328,0.018673388040232965,30
B,14,6,42,1t,openfhe,4,2,120,432,6,6,4,mul_cc,2136.421,17.78,0.008322329728082622,30
B,14,6,42,1t,openfhe,4,2,120,432,6,6,4,mul_cc_rlk,24817.847,1013.404,0.04083367908586107,30
B,14,6,42,1t,openfhe,4,2,120,432,6,6,4,relin,23529.906,999.521,0.04247875023385134,30
B,14,6,42,1t,openfhe,4,2,120,432,6,6,4,rescale,3763.944,22.75,0.006044191943344534,30
B,14,6,42,1t,openfhe,4,2,120,432,6,6,4,rot1,23077.78,921.04,0.03991025133266718,30
B,14,6,42,1t,openfhe,4,2,120,432,6,5,3,add_cc,296.059,6.323,0.02135722947115271,30
B,14,6,42,1t,openfhe,4,2,120,432,6,5,3,add_cp,232.745,6.131,0.026342134095254464,30
B,14,6,42,1t,openfhe,4,2,120,432,6,5,3,mul_cp,605.206,11.867,0.01960819952214618,30
B,14,6,42,1t,openfhe,4,2,120,432,6,5,3,mul_cc,1826.155,34.181,0.018717469218111276,30
B,14,6,42,1t,openfhe,4,2,120,432,6,5,3,mul_cc_rlk,18268.861,121.675,0.006660240066416839,30
B,14,6,42,1t,openfhe,4,2,120,432,6,5,3,relin,17228.992,65.924,0.003826341088323682,30
B,14,6,42,1t,openfhe,4,2,120,432,6,5,3,rescale,3119.749,14.72,0.004718328301411428,30
B,14,6,42,1t,openfhe,4,2,120,432,6,5,3,rot1,16877.628,80.679,0.004780233336106235,30
B,14,6,42,1t,openfhe,4,2,120,432,6,4,3,add_cc,241.61,6.565,0.027171888580770662,30
B,14,6,42,1t,openfhe,4,2,120,432,6,4,3,add_cp,187.836,4.967,0.026443280308354092,30
B,14,6,42,1t,openfhe,4,2,120,432,6,4,3,mul_cp,497.189,9.165,0.01843363388972805,30
B,14,6,42,1t,openfhe,4,2,120,432,6,4,3,mul_cc,1511.183,18.486,0.012232800395451776,30
B,14,6,42,1t,openfhe,4,2,120,432,6,4,3,mul_cc_rlk,15798.932,59.424,0.0037612669008259543,30
B,14,6,42,1t,openfhe,4,2,120,432,6,4,3,relin,14988.611,74.97,0.005001797698265703,30
B,14,6,42,1t,openfhe,4,2,120,432,6,4,3,rescale,2621.063,14.473,0.005521805465950266,30
B,14,6,42,1t,openfhe,4,2,120,432,6,4,3,rot1,14724.314,102.825,0.0069833474075600395,30
B,14,6,42,1t,openfhe,4,2,120,432,6,3,2,add_cc,186.422,5.767,0.030935190052676188,30
B,14,6,42,1t,openfhe,4,2,120,432,6,3,2,add_cp,147.613,4.21,0.028520523260146462,30
B,14,6,42,1t,openfhe,4,2,120,432,6,3,2,mul_cp,390.956,8.756,0.02239638220157767,30
B,14,6,42,1t,openfhe,4,2,120,432,6,3,2,mul_cc,1197.04,16.228,0.013556773374323332,30
B,14,6,42,1t,openfhe,4,2,120,432,6,3,2,mul_cc_rlk,10908.722,62.092,0.005691959149751914,30
B,14,6,42,1t,openfhe,4,2,120,432,6,3,2,relin,10267.084,78.322,0.007628456141977605,30
B,14,6,42,1t,openfhe,4,2,120,432,6,3,2,rescale,1995.601,12.67,0.006348964547522275,30
B,14,6,42,1t,openfhe,4,2,120,432,6,3,2,rot1,9992.07,21.082,0.0021098731293916076,30
B,14,6,42,1t,openfhe,4,2,120,432,6,2,2,add_cc,128.066,3.59,0.028032420783033748,30
B,14,6,42,1t,openfhe,4,2,120,432,6,2,2,add_cp,108.748,3.1,0.028506271379703536,30
B,14,6,42,1t,openfhe,4,2,120,432,6,2,2,mul_cp,283.715,8.194,0.028881095465519983,30
B,14,6,42,1t,openfhe,4,2,120,432,6,2,2,mul_cc,785.263,12.749,0.016235324980293227,30
B,14,6,42,1t,openfhe,4,2,120,432,6,2,2,mul_cc_rlk,8817.475,36.32,0.004119093051015171,30
B,14,6,42,1t,openfhe,4,2,120,432,6,2,2,relin,8368.869,21.897,0.002616482585639708,30
B,14,6,42,1t,openfhe,4,2,120,432,6,2,2,rescale,1497.185,9.825,0.006562315278339016,30
B,14,6,42,1t,openfhe,4,2,120,432,6,2,2,rot1,8131.118,36.83,0.004529512423752797,30
B,14,6,42,1t,openfhe,4,2,120,432,6,1,1,add_cc,76.957,2.416,0.0313941551775667,30
B,14,6,42,1t,openfhe,4,2,120,432,6,1,1,add_cp,57.602,2.01,0.0348946217145238,30
B,14,6,42,1t,openfhe,4,2,120,432,6,1,1,mul_cp,179.382,4.379,0.024411590906556955,30
B,14,6,42,1t,openfhe,4,2,120,432,6,1,1,mul_cc,444.521,9.085,0.020437729601076215,30
B,14,6,42,1t,openfhe,4,2,120,432,6,1,1,mul_cc_rlk,4783.395,38.096,0.007964217882905342,30
B,14,6,42,1t,openfhe,4,2,120,432,6,1,1,relin,4631.639,32.135,0.006938148676958631,30
B,14,6,42,1t,openfhe,4,2,120,432,6,1,1,rescale,874.067,16.564,0.018950492353560996,30
B,14,6,42,1t,openfhe,4,2,120,432,6,1,1,rot1,4415.544,14.823,0.0033570042558742482,30
B,14,6,42,1t,lattigo,4,2,120,432,6,6,4,add_cc,160.805,7.496,0.04661546593700445,30
B,14,6,42,1t,lattigo,4,2,120,432,6,6,4,add_cp,132.075,5.231,0.03960628430815825,30
B,14,6,42,1t,lattigo,4,2,120,432,6,6,4,mul_cp,318.806,11.444,0.035896438586475794,30
B,14,6,42,1t,lattigo,4,2,120,432,6,6,4,mul_cc,704.318,18.539,0.02632191708858783,30
B,14,6,42,1t,lattigo,4,2,120,432,6,6,4,mul_cc_rlk,13217.463,80.846,0.006116604979336806,30
B,14,6,42,1t,lattigo,4,2,120,432,6,6,4,relin,12464.495,82.318,0.006604198565605746,30
B,14,6,42,1t,lattigo,4,2,120,432,6,6,4,rescale,2251.843,22.411,0.009952292411149446,30
B,14,6,42,1t,lattigo,4,2,120,432,6,6,4,rot1,12448.57,28.83,0.002315928656865809,30
B,14,6,42,1t,lattigo,4,2,120,432,6,5,3,add_cc,143.825,7.095,0.049330783938814536,30
B,14,6,42,1t,lattigo,4,2,120,432,6,5,3,add_cp,116.543,4.634,0.03976214787674936,30
B,14,6,42,1t,lattigo,4,2,120,432,6,5,3,mul_cp,328.966,9.109,0.027689791650200933,30
B,14,6,42,1t,lattigo,4,2,120,432,6,5,3,mul_cc,721.245,14.421,0.019994592683484805,30
B,14,6,42,1t,lattigo,4,2,120,432,6,5,3,mul_cc_rlk,9958.943,251.902,0.025294049780182494,30
B,14,6,42,1t,lattigo,4,2,120,432,6,5,3,relin,9139.184,45.852,0.005017078111131147,30
B,14,6,42,1t,lattigo,4,2,120,432,6,5,3,rescale,1929.194,22.664,0.011747911303891677,30
B,14,6,42,1t,lattigo,4,2,120,432,6,5,3,rot1,9142.004,28.844,0.0031551069109136244,30
B,14,6,42,1t,lattigo,4,2,120,432,6,4,3,add_cc,120.004,6.374,0.05311489617012766,30
B,14,6,42,1t,lattigo,4,2,120,432,6,4,3,add_cp,94.726,4.377,0.046206954795937755,30
B,14,6,42,1t,lattigo,4,2,120,432,6,4,3,mul_cp,273.528,9.431,0.03447910268784182,30
B,14,6,42,1t,lattigo,4,2,120,432,6,4,3,mul_cc,599.594,18.109,0.030202103423316445,30
B,14,6,42,1t,lattigo,4,2,120,432,6,4,3,mul_cc_rlk,8972.593,84.046,0.009366968946434994,30
B,14,6,42,1t,lattigo,4,2,120,432,6,4,3,relin,8385.348,71.581,0.008536437605213285,30
B,14,6,42,1t,lattigo,4,2,120,432,6,4,3,rescale,1665.963,21.091,0.012659945028791156,30
B,14,6,42,1t,lattigo,4,2,120,432,6,4,3,rot1,8373.038,25.53,0.003049072511076625,30
B,14,6,42,1t,lattigo,4,2,120,432,6,3,2,add_cc,93.399,4.599,0.049240355892461375,30
B,14,6,42,1t,lattigo,4,2,120,432,6,3,2,add_cp,65.724,3.366,0.051214168340332294,30
B,14,6,42,1t,lattigo,4,2,120,432,6,3,2,mul_cp,214.674,8.276,0.038551478055097496,30
B,14,6,42,1t,lattigo,4,2,120,432,6,3,2,mul_cc,475.169,14.072,0.029614726549922237,30
B,14,6,42,1t,lattigo,4,2,120,432,6,3,2,mul_cc_rlk,6153.158,24.309,0.003950654281915075,30
B,14,6,42,1t,lattigo,4,2,120,432,6,3,2,relin,5702.686,82.98,0.014551037879343174,30
B,14,6,42,1t,lattigo,4,2,120,432,6,3,2,rescale,1331.502,19.02,0.01428461992546763,30
B,14,6,42,1t,lattigo,4,2,120,432,6,3,2,rot1,5679.188,25.433,0.004478281050037435,30
B,14,6,42,1t,lattigo,4,2,120,432,6,2,2,add_cc,60.6,6.547,0.10803630363036303,30
B,14,6,42,1t,lattigo,4,2,120,432,6,2,2,add_cp,38.829,3.41,0.08782095856189961,30
B,14,6,42,1t,lattigo,4,2,120,432,6,2,2,mul_cp,155.664,5.608,0.036026313084592455,30
B,14,6,42,1t,lattigo,4,2,120,432,6,2,2,mul_cc,351.089,12.222,0.0348116859257909,30
B,14,6,42,1t,lattigo,4,2,120,432,6,2,2,mul_cc_rlk,5182.047,26.882,0.005187525315768075,30
B,14,6,42,1t,lattigo,4,2,120,432,6,2,2,relin,4820.997,29.835,0.006188553944339729,30
B,14,6,42,1t,lattigo,4,2,120,432,6,2,2,rescale,1000.379,16.675,0.016668682569306235,30
B,14,6,42,1t,lattigo,4,2,120,432,6,2,2,rot1,4827.544,53.873,0.011159504708812596,30
B,14,6,42,1t,lattigo,4,2,120,432,6,1,1,add_cc,32.184,3.039,0.09442580164056676,30
B,14,6,42,1t,lattigo,4,2,120,432,6,1,1,add_cp,21.444,2.54,0.11844805073680284,30
B,14,6,42,1t,lattigo,4,2,120,432,6,1,1,mul_cp,101.576,3.583,0.03527408049145468,30
B,14,6,42,1t,lattigo,4,2,120,432,6,1,1,mul_cc,226.641,6.96,0.030709359736323084,30
B,14,6,42,1t,lattigo,4,2,120,432,6,1,1,mul_cc_rlk,3049.852,21.687,0.007110836853722739,30
B,14,6,42,1t,lattigo,4,2,120,432,6,1,1,relin,2808.503,26.944,0.009593723061716507,30
B,14,6,42,1t,lattigo,4,2,120,432,6,1,1,rescale,664.15,12.343,0.01858465708047881,30
B,14,6,42,1t,lattigo,4,2,120,432,6,1,1,rot1,2809.364,15.649,0.005570299897058551,30
B,14,6,42,1t,seal,7,1,60,372,66,6,7,add_cc,273.398,12.088,0.044213929875127095,30
B,14,6,42,1t,seal,7,1,60,372,66,6,7,add_cp,170.875,5.211,0.03049597659107535,30
B,14,6,42,1t,seal,7,1,60,372,66,6,7,mul_cp,813.22,12.648,0.015552986891616044,30
B,14,6,42,1t,seal,7,1,60,372,66,6,7,mul_cc,1661.359,15.09,0.009082925484497932,30
B,14,6,42,1t,seal,7,1,60,372,66,6,7,mul_cc_rlk,15595.148,316.427,0.020290092790398655,30
B,14,6,42,1t,seal,7,1,60,372,66,6,7,relin,14038.717,66.251,0.004719163439223115,30
B,14,6,42,1t,seal,7,1,60,372,66,6,7,rescale,2579.484,21.874,0.008479990571757762,30
B,14,6,42,1t,seal,7,1,60,372,66,6,7,rot1,14043.72,44.878,0.0031955920511089657,30
B,14,6,42,1t,seal,7,1,60,372,66,5,6,add_cc,230.996,8.3,0.03593135811875531,30
B,14,6,42,1t,seal,7,1,60,372,66,5,6,add_cp,147.005,5.332,0.03627087514030135,30
B,14,6,42,1t,seal,7,1,60,372,66,5,6,mul_cp,692.848,14.189,0.02047923931367342,30
B,14,6,42,1t,seal,7,1,60,372,66,5,6,mul_cc,1422.123,12.971,0.009120870698244807,30
B,14,6,42,1t,seal,7,1,60,372,66,5,6,mul_cc_rlk,12422.418,256.023,0.020609755685245822,30
B,14,6,42,1t,seal,7,1,60,372,66,5,6,relin,10899.563,52.09,0.0047790906846448804,30
B,14,6,42,1t,seal,7,1,60,372,66,5,6,rescale,2250.169,101.248,0.04499573143172802,30
B,14,6,42,1t,seal,7,1,60,372,66,5,6,rot1,10973.23,33.951,0.0030939841778582972,30
B,14,6,42,1t,seal,7,1,60,372,66,4,5,add_cc,185.791,6.582,0.0354269044248645,30
B,14,6,42,1t,seal,7,1,60,372,66,4,5,add_cp,118.651,4.745,0.03999123479785253,30
B,14,6,42,1t,seal,7,1,60,372,66,4,5,mul_cp,566.395,11.379,0.02009021972298484,30
B,14,6,42,1t,seal,7,1,60,372,66,4,5,mul_cc,1182.493,11.202,0.009473206183884387,30
B,14,6,42,1t,seal,7,1,60,372,66,4,5,mul_cc_rlk,9902.941,1003.143,0.10129748324260439,30
B,14,6,42,1t,seal,7,1,60,372,66,4,5,relin,8211.271,32.893,0.004005835393814185,30
B,14,6,42,1t,seal,7,1,60,372,66,4,5,rescale,1788.91,17.322,0.00968299131873599,30
B,14,6,42,1t,seal,7,1,60,372,66,4,5,rot1,8261.48,20.918,0.0025319918464972377,30
B,14,6,42,1t,seal,7,1,60,372,66,3,4,add_cc,140.433,5.95,0.042368958862945325,30
B,14,6,42,1t,seal,7,1,60,372,66,3,4,add_cp,87.266,3.693,0.04231888708087915,30
B,14,6,42,1t,seal,7,1,60,372,66,3,4,mul_cp,442.498,9.011,0.02036393384828858,30
B,14,6,42,1t,seal,7,1,60,372,66,3,4,mul_cc,940.513,7.658,0.008142364858327316,30
B,14,6,42,1t,seal,7,1,60,372,66,3,4,mul_cc_rlk,6768.02,30.137,0.00445285327171019,30
B,14,6,42,1t,seal,7,1,60,372,66,3,4,relin,5907.157,21.139,0.003578540404461909,30
B,14,6,42,1t,seal,7,1,60,372,66,3,4,rescale,1402.72,7.723,0.005505731721227329,30
B,14,6,42,1t,seal,7,1,60,372,66,3,4,rot1,5958.566,13.651,0.0022909874624196494,30
B,14,6,42,1t,seal,7,1,60,372,66,2,3,add_cc,97.367,4.955,0.05088993190711432,30
B,14,6,42,1t,seal,7,1,60,372,66,2,3,add_cp,58.035,2.735,0.047126733867493754,30
B,14,6,42,1t,seal,7,1,60,372,66,2,3,mul_cp,322.575,6.994,0.021681779431140046,30
B,14,6,42,1t,seal,7,1,60,372,66,2,3,mul_cc,696.211,6.911,0.0099265883474981,30
B,14,6,42,1t,seal,7,1,60,372,66,2,3,mul_cc_rlk,4614.352,72.971,0.015813921434688988,30
B,14,6,42,1t,seal,7,1,60,372,66,2,3,relin,3970.931,22.694,0.005715032570447585,30
B,14,6,42,1t,seal,7,1,60,372,66,2,3,rescale,1019.255,6.925,0.006794178100671569,30
B,14,6,42,1t,seal,7,1,60,372,66,2,3,rot1,4005.611,35.462,0.008853081340150105,30
B,14,6,42,1t,seal,7,1,60,372,66,1,2,add_cc,58.128,1.497,0.025753509496284063,30
B,14,6,42,1t,seal,7,1,60,372,66,1,2,add_cp,35.604,1.816,0.05100550499943827,30
B,14,6,42,1t,seal,7,1,60,372,66,1,2,mul_cp,210.384,4.084,0.019412122594874133,30
B,14,6,42,1t,seal,7,1,60,372,66,1,2,mul_cc,452.016,4.379,0.009687710169551519,30
B,14,6,42,1t,seal,7,1,60,372,66,1,2,mul_cc_rlk,2824.497,46.008,0.016288917991415817,30
B,14,6,42,1t,seal,7,1,60,372,66,1,2,relin,2382.597,11.73,0.004923199349281477,30
B,14,6,42,1t,seal,7,1,60,372,66,1,2,rescale,646.956,9.948,0.015376625303730084,30
B,14,6,42,1t,seal,7,1,60,372,66,1,2,rot1,2410.519,14.863,0.006165892075523985,30
B,14,6,42,mt,openfhe,4,2,120,432,6,6,4,add_cc,384.104,12.993,0.03382677608147794,30
B,14,6,42,mt,openfhe,4,2,120,432,6,6,4,add_cp,335.076,8.01,0.023905024531748018,30
B,14,6,42,mt,openfhe,4,2,120,432,6,6,4,mul_cp,367.094,6.231,0.016973854108212064,30
B,14,6,42,mt,openfhe,4,2,120,432,6,6,4,mul_cc,2198.619,102.571,0.046652466843959774,30
B,14,6,42,mt,openfhe,4,2,120,432,6,6,4,mul_cc_rlk,12654.275,4295.336,0.3394375418583839,30
B,14,6,42,mt,openfhe,4,2,120,432,6,6,4,relin,11004.049,2479.919,0.22536422729488023,30
B,14,6,42,mt,openfhe,4,2,120,432,6,6,4,rescale,1247.366,33.987,0.02724701490981797,30
B,14,6,42,mt,openfhe,4,2,120,432,6,6,4,rot1,10974.357,3801.563,0.34640416746056285,30
B,14,6,42,mt,openfhe,4,2,120,432,6,5,3,add_cc,327.494,6.695,0.02044312262209384,30
B,14,6,42,mt,openfhe,4,2,120,432,6,5,3,add_cp,275.871,6.478,0.023481989770581177,30
B,14,6,42,mt,openfhe,4,2,120,432,6,5,3,mul_cp,334.126,5.439,0.016278290225842946,30
B,14,6,42,mt,openfhe,4,2,120,432,6,5,3,mul_cc,1862.535,23.747,0.012749827520019758,30
B,14,6,42,mt,openfhe,4,2,120,432,6,5,3,mul_cc_rlk,9385.091,2605.713,0.2776438715405104,30
B,14,6,42,mt,openfhe,4,2,120,432,6,5,3,relin,8675.1,3112.676,0.3588057774550149,30
B,14,6,42,mt,openfhe,4,2,120,432,6,5,3,rescale,1169.955,80.829,0.06908727258740721,30
B,14,6,42,mt,openfhe,4,2,120,432,6,5,3,rot1,7328.897,389.059,0.053085614383719684,30
B,14,6,42,mt,openfhe,4,2,120,432,6,4,3,add_cc,258.06,9.824,0.03806866620165853,30
B,14,6,42,mt,openfhe,4,2,120,432,6,4,3,add_cp,212.888,6.579,0.030903573710119873,30
B,14,6,42,mt,openfhe,4,2,120,432,6,4,3,mul_cp,273.731,6.661,0.024334109034051678,30
B,14,6,42,mt,openfhe,4,2,120,432,6,4,3,mul_cc,1552.711,30.573,0.0196900775482366,30
B,14,6,42,mt,openfhe,4,2,120,432,6,4,3,mul_cc_rlk,9010.581,3303.203,0.3665915660710447,30
B,14,6,42,mt,openfhe,4,2,120,432,6,4,3,relin,7337.987,1325.578,0.1806460000542383,30
B,14,6,42,mt,openfhe,4,2,120,432,6,4,3,rescale,1196.018,24.431,0.020426950096068788,30
B,14,6,42,mt,openfhe,4,2,120,432,6,4,3,rot1,7234.997,2253.146,0.3114232113710621,30
B,14,6,42,mt,openfhe,4,2,120,432,6,3,2,add_cc,247.999,8.398,0.03386303977032165,30
B,14,6,42,mt,openfhe,4,2,120,432,6,3,2,add_cp,187.511,7.012,0.037395139485150206,30
B,14,6,42,mt,openfhe,4,2,120,432,6,3,2,mul_cp,253.294,5.636,0.0222508231541213,30
B,14,6,42,mt,openfhe,4,2,120,432,6,3,2,mul_cc,1246.172,15.623,0.012536792673884503,30
B,14,6,42,mt,openfhe,4,2,120,432,6,3,2,mul_cc_rlk,6226.009,143.247,0.023007836962651358,30
B,14,6,42,mt,openfhe,4,2,120,432,6,3,2,relin,5922.193,2367.136,0.39970598729220747,30
B,14,6,42,mt,openfhe,4,2,120,432,6,3,2,rescale,1109.352,15.714,0.014165026069272873,30
B,14,6,42,mt,openfhe,4,2,120,432,6,3,2,rot1,5261.192,316.421,0.06014245440957106,30
B,14,6,42,mt,openfhe,4,2,120,432,6,2,2,add_cc,174.679,5.436,0.031119940004236343,30
B,14,6,42,mt,openfhe,4,2,120,432,6,2,2,add_cp,126.692,7.134,0.056309790673444264,30
B,14,6,42,mt,openfhe,4,2,120,432,6,2,2,mul_cp,197.202,4.958,0.0251417328424661,30
B,14,6,42,mt,openfhe,4,2,120,432,6,2,2,mul_cc,919.154,15.285,0.016629422273090257,30
B,14,6,42,mt,openfhe,4,2,120,432,6,2,2,mul_cc_rlk,6070.252,1394.792,0.22977497474569422,30
B,14,6,42,mt,openfhe,4,2,120,432,6,2,2,relin,6343.38,3426.172,0.5401177290340481,30
B,14,6,42,mt,openfhe,4,2,120,432,6,2,2,rescale,1046.065,23.099,0.022081801800079345,30
B,14,6,42,mt,openfhe,4,2,120,432,6,2,2,rot1,6280.976,5659.314,0.9010246178300952,30
B,14,6,42,mt,openfhe,4,2,120,432,6,1,1,add_cc,79.709,2.918,0.036608162189966,30
B,14,6,42,mt,openfhe,4,2,120,432,6,1,1,add_cp,60.666,2.446,0.04031912438598227,30
B,14,6,42,mt,openfhe,4,2,120,432,6,1,1,mul_cp,124.777,3.047,0.024419564503073483,30
B,14,6,42,mt,openfhe,4,2,120,432,6,1,1,mul_cc,576.142,22.875,0.03970375358852505,30
B,14,6,42,mt,openfhe,4,2,120,432,6,1,1,mul_cc_rlk,4219.706,1787.391,0.4235818798750434,30
B,14,6,42,mt,openfhe,4,2,120,432,6,1,1,relin,3925.37,1616.401,0.41178309305874355,30
B,14,6,42,mt,openfhe,4,2,120,432,6,1,1,rescale,904.288,58.063,0.06420852648713685,30
B,14,6,42,mt,openfhe,4,2,120,432,6,1,1,rot1,3994.164,1897.016,0.4749469475965433,30
B,14,6,42,mt,lattigo,4,2,120,432,6,6,4,add_cc,363.604,1097.828,3.0192957173188413,30
B,14,6,42,mt,lattigo,4,2,120,432,6,6,4,add_cp,134.429,4.007,0.029807556405239938,30
B,14,6,42,mt,lattigo,4,2,120,432,6,6,4,mul_cp,325.447,10.625,0.032647404953802,30
B,14,6,42,mt,lattigo,4,2,120,432,6,6,4,mul_cc,719.066,18.297,0.025445508479054774,30
B,14,6,42,mt,lattigo,4,2,120,432,6,6,4,mul_cc_rlk,13327.99,255.262,0.019152325294361717,30
B,14,6,42,mt,lattigo,4,2,120,432,6,6,4,relin,12597.688,289.776,0.023002315980519602,30
B,14,6,42,mt,lattigo,4,2,120,432,6,6,4,rescale,2259.536,22.015,0.009743150806183216,30
B,14,6,42,mt,lattigo,4,2,120,432,6,6,4,rot1,12572.757,166.5,0.01324291879656944,30
B,14,6,42,mt,lattigo,4,2,120,432,6,5,3,add_cc,139.228,6.358,0.045666101646220585,30
B,14,6,42,mt,lattigo,4,2,120,432,6,5,3,add_cp,127.876,4.446,0.034768056554787444,30
B,14,6,42,mt,lattigo,4,2,120,432,6,5,3,mul_cp,289.54,13.898,0.048000276300338464,30
B,14,6,42,mt,lattigo,4,2,120,432,6,5,3,mul_cc,597.859,15.623,0.02613157951958572,30
B,14,6,42,mt,lattigo,4,2,120,432,6,5,3,mul_cc_rlk,10829.123,2112.046,0.19503389147948544,30
B,14,6,42,mt,lattigo,4,2,120,432,6,5,3,relin,9205.968,67.474,0.007329375900502804,30
B,14,6,42,mt,lattigo,4,2,120,432,6,5,3,rescale,1993.072,279.375,0.1401730594780319,30
B,14,6,42,mt,lattigo,4,2,120,432,6,5,3,rot1,9216.882,50.994,0.005532673630843923,30
B,14,6,42,mt,lattigo,4,2,120,432,6,4,3,add_cc,114.985,5.385,0.04683219550376136,30
B,14,6,42,mt,lattigo,4,2,120,432,6,4,3,add_cp,94.291,7.544,0.08000763593556119,30
B,14,6,42,mt,lattigo,4,2,120,432,6,4,3,mul_cp,231.504,9.082,0.039230423664385936,30
B,14,6,42,mt,lattigo,4,2,120,432,6,4,3,mul_cc,486.695,13.287,0.02730046538386464,30
B,14,6,42,mt,lattigo,4,2,120,432,6,4,3,mul_cc_rlk,8682.084,205.167,0.02363107751549052,30
B,14,6,42,mt,lattigo,4,2,120,432,6,4,3,relin,8125.781,88.91,0.010941717479218306,30
B,14,6,42,mt,lattigo,4,2,120,432,6,4,3,rescale,1618.651,22.523,0.013914673391608196,30
B,14,6,42,mt,lattigo,4,2,120,432,6,4,3,rot1,8140.139,33.295,0.004090224994929448,30
B,14,6,42,mt,lattigo,4,2,120,432,6,3,2,add_cc,90.133,6.706,0.07440116272619353,30
B,14,6,42,mt,lattigo,4,2,120,432,6,3,2,add_cp,66.969,3.068,0.04581224148486614,30
B,14,6,42,mt,lattigo,4,2,120,432,6,3,2,mul_cp,181.564,5.052,0.02782489920909431,30
B,14,6,42,mt,lattigo,4,2,120,432,6,3,2,mul_cc,392.221,9.866,0.025154186032874323,30
B,14,6,42,mt,lattigo,4,2,120,432,6,3,2,mul_cc_rlk,5942.513,93.645,0.015758484668018394,30
B,14,6,42,mt,lattigo,4,2,120,432,6,3,2,relin,5517.225,54.111,0.009807647866454602,30
B,14,6,42,mt,lattigo,4,2,120,432,6,3,2,rescale,1291.774,18.72,0.01449169901236594,30
B,14,6,42,mt,lattigo,4,2,120,432,6,3,2,rot1,5543.552,137.764,0.02485121452815812,30
B,14,6,42,mt,lattigo,4,2,120,432,6,2,2,add_cc,62.122,3.871,0.06231286822703712,30
B,14,6,42,mt,lattigo,4,2,120,432,6,2,2,add_cp,42.231,3.762,0.08908148042906869,30
B,14,6,42,mt,lattigo,4,2,120,432,6,2,2,mul_cp,157.368,4.733,0.030076000203345023,30
B,14,6,42,mt,lattigo,4,2,120,432,6,2,2,mul_cc,317.53,29.399,0.09258652725726704,30
B,14,6,42,mt,lattigo,4,2,120,432,6,2,2,mul_cc_rlk,4977.083,30.614,0.006150992458835829,30
B,14,6,42,mt,lattigo,4,2,120,432,6,2,2,relin,4687.637,129.421,0.02760900641410587,30
B,14,6,42,mt,lattigo,4,2,120,432,6,2,2,rescale,971.292,18.217,0.018755430910580958,30
B,14,6,42,mt,lattigo,4,2,120,432,6,2,2,rot1,4672.804,19.166,0.004101605802426123,30
B,14,6,42,mt,lattigo,4,2,120,432,6,1,1,add_cc,34.238,3.791,0.11072492552135055,30
B,14,6,42,mt,lattigo,4,2,120,432,6,1,1,add_cp,22.066,1.321,0.05986585697453095,30
B,14,6,42,mt,lattigo,4,2,120,432,6,1,1,mul_cp,91.501,3.829,0.041846537196314794,30
B,14,6,42,mt,lattigo,4,2,120,432,6,1,1,mul_cc,192.589,7.296,0.03788378360134795,30
B,14,6,42,mt,lattigo,4,2,120,432,6,1,1,mul_cc_rlk,2916.437,28.615,0.009811629738615988,30
B,14,6,42,mt,lattigo,4,2,120,432,6,1,1,relin,2704.555,22.078,0.00816326530612245,30
B,14,6,42,mt,lattigo,4,2,120,432,6,1,1,rescale,647.057,12.01,0.018560961399073032,30
B,14,6,42,mt,lattigo,4,2,120,432,6,1,1,rot1,2737.151,94.653,0.03458084701940083,30
B,14,6,42,mt,seal,7,1,60,372,66,6,7,add_cc,279.323,15.06,0.053916075654349985,30
B,14,6,42,mt,seal,7,1,60,372,66,6,7,add_cp,177.97,6.915,0.0388548631791875,30
B,14,6,42,mt,seal,7,1,60,372,66,6,7,mul_cp,819.125,11.239,0.013720738593010836,30
B,14,6,42,mt,seal,7,1,60,372,66,6,7,mul_cc,1672.414,27.761,0.016599358771213348,30
B,14,6,42,mt,seal,7,1,60,372,66,6,7,mul_cc_rlk,15671.62,93.925,0.005993317857375306,30
B,14,6,42,mt,seal,7,1,60,372,66,6,7,relin,14070.235,50.522,0.0035907005106879876,30
B,14,6,42,mt,seal,7,1,60,372,66,6,7,rescale,2609.499,47.384,0.01815827482593402,30
B,14,6,42,mt,seal,7,1,60,372,66,6,7,rot1,14208.719,177.969,0.012525337435415536,30
B,14,6,42,mt,seal,7,1,60,372,66,5,6,add_cc,238.154,11.298,0.0474398918346952,30
B,14,6,42,mt,seal,7,1,60,372,66,5,6,add_cp,145.612,6.54,0.044913880724116145,30
B,14,6,42,mt,seal,7,1,60,372,66,5,6,mul_cp,696.55,16.604,0.023837484746249374,30
B,14,6,42,mt,seal,7,1,60,372,66,5,6,mul_cc,1428.054,12.811,0.00897094927782843,30
B,14,6,42,mt,seal,7,1,60,372,66,5,6,mul_cc_rlk,12206.147,71.452,0.005853771874122112,30
B,14,6,42,mt,seal,7,1,60,372,66,5,6,relin,10968.173,54.978,0.005012502993889684,30
B,14,6,42,mt,seal,7,1,60,372,66,5,6,rescale,2191.239,17.398,0.007939800268250063,30
B,14,6,42,mt,seal,7,1,60,372,66,5,6,rot1,10999.063,45.094,0.00409980377419422,30
B,14,6,42,mt,seal,7,1,60,372,66,4,5,add_cc,195.754,9.194,0.04696711178315642,30
B,14,6,42,mt,seal,7,1,60,372,66,4,5,add_cp,121.004,3.895,0.03218901854484149,30
B,14,6,42,mt,seal,7,1,60,372,66,4,5,mul_cp,571.338,12.236,0.02141639449852802,30
B,14,6,42,mt,seal,7,1,60,372,66,4,5,mul_cc,1188.925,14.894,0.012527283049813908,30
B,14,6,42,mt,seal,7,1,60,372,66,4,5,mul_cc_rlk,9317.667,29.734,0.0031911421603712607,30
B,14,6,42,mt,seal,7,1,60,372,66,4,5,relin,8251.645,25.687,0.003112955053204543,30
B,14,6,42,mt,seal,7,1,60,372,66,4,5,rescale,1799.855,29.86,0.01659022532370663,30
B,14,6,42,mt,seal,7,1,60,372,66,4,5,rot1,8286.772,21.695,0.0026180278641671326,30
B,14,6,42,mt,seal,7,1,60,372,66,3,4,add_cc,142.607,6.478,0.04542554012075144,30
B,14,6,42,mt,seal,7,1,60,372,66,3,4,add_cp,89.141,5.243,0.05881693048092348,30
B,14,6,42,mt,seal,7,1,60,372,66,3,4,mul_cp,450.681,25.565,0.0567252668739086,30
B,14,6,42,mt,seal,7,1,60,372,66,3,4,mul_cc,944.17,6.504,0.006888589978499634,30
B,14,6,42,mt,seal,7,1,60,372,66,3,4,mul_cc_rlk,6790.278,32.809,0.004831760938211955,30
B,14,6,42,mt,seal,7,1,60,372,66,3,4,relin,5933.472,14.649,0.002468874884721795,30
B,14,6,42,mt,seal,7,1,60,372,66,3,4,rescale,1402.744,14.743,0.010510114461370002,30
B,14,6,42,mt,seal,7,1,60,372,66,3,4,rot1,5984.257,24.229,0.004048790016872604,30
B,14,6,42,mt,seal,7,1,60,372,66,2,3,add_cc,96.502,6.542,0.0677913411121013,30
B,14,6,42,mt,seal,7,1,60,372,66,2,3,add_cp,55.487,2.285,0.04118081712833637,30
B,14,6,42,mt,seal,7,1,60,372,66,2,3,mul_cp,321.125,7.957,0.02477851304009342,30
B,14,6,42,mt,seal,7,1,60,372,66,2,3,mul_cc,696.645,9.661,0.013867895413015236,30
B,14,6,42,mt,seal,7,1,60,372,66,2,3,mul_cc_rlk,4641.0,46.452,0.010009049773755656,30
B,14,6,42,mt,seal,7,1,60,372,66,2,3,relin,3987.372,27.003,0.006772129613188837,30
B,14,6,42,mt,seal,7,1,60,372,66,2,3,rescale,1019.088,9.681,0.00949967029343884,30
B,14,6,42,mt,seal,7,1,60,372,66,2,3,rot1,4012.929,20.641,0.005143624519646372,30
B,14,6,42,mt,seal,7,1,60,372,66,1,2,add_cc,61.715,4.287,0.0694644737908126,30
B,14,6,42,mt,seal,7,1,60,372,66,1,2,add_cp,33.348,1.531,0.04590979968813722,30
B,14,6,42,mt,seal,7,1,60,372,66,1,2,mul_cp,210.314,5.643,0.026831309375505197,30
B,14,6,42,mt,seal,7,1,60,372,66,1,2,mul_cc,451.973,6.615,0.014635830016394786,30
B,14,6,42,mt,seal,7,1,60,372,66,1,2,mul_cc_rlk,2817.39,24.366,0.008648429929828672,30
B,14,6,42,mt,seal,7,1,60,372,66,1,2,relin,2391.207,16.199,0.006774403052516993,30
B,14,6,42,mt,seal,7,1,60,372,66,1,2,rescale,645.781,10.208,0.015807216378307818,30
B,14,6,42,mt,seal,7,1,60,372,66,1,2,rot1,2413.427,13.943,0.0057772619598603974,30
C,15,10,48,1t,openfhe,2,5,300,840,41,10,2,add_cc,1159.094,16.833,0.014522549508495426,30
C,15,10,48,1t,openfhe,2,5,300,840,41,10,2,add_cp,1104.017,99.154,0.08981202282211233,30
C,15,10,48,1t,openfhe,2,5,300,840,41,10,2,mul_cp,2304.977,19.703,0.008548024557294932,30
C,15,10,48,1t,openfhe,2,5,300,840,41,10,2,mul_cc,7070.827,112.754,0.0159463666696979,30
C,15,10,48,1t,openfhe,2,5,300,840,41,10,2,mul_cc_rlk,64434.694,781.557,0.012129443805537432,30
C,15,10,48,1t,openfhe,2,5,300,840,41,10,2,relin,60164.042,410.632,0.006825206325067056,30
C,15,10,48,1t,openfhe,2,5,300,840,41,10,2,rescale,12643.432,18.21,0.0014402734953610696,30
C,15,10,48,1t,openfhe,2,5,300,840,41,10,2,rot1,58530.232,495.221,0.008460943739296983,30
C,15,10,48,1t,openfhe,2,5,300,840,41,9,2,add_cc,1034.602,15.359,0.014845322162532064,30
C,15,10,48,1t,openfhe,2,5,300,840,41,9,2,add_cp,972.395,13.084,0.0134554373479913,30
C,15,10,48,1t,openfhe,2,5,300,840,41,9,2,mul_cp,2088.519,18.432,0.008825392538923515,30
C,15,10,48,1t,openfhe,2,5,300,840,41,9,2,mul_cc,6255.591,33.259,0.005316683907243935,30
C,15,10,48,1t,openfhe,2,5,300,840,41,9,2,mul_cc_rlk,59577.791,438.849,0.007365983072450605,30
C,15,10,48,1t,openfhe,2,5,300,840,41,9,2,relin,55925.191,417.016,0.007456675472060525,30
C,15,10,48,1t,openfhe,2,5,300,840,41,9,2,rescale,11309.77,30.61,0.002706509504614152,30
C,15,10,48,1t,openfhe,2,5,300,840,41,9,2,rot1,54601.188,540.752,0.00990366729749543,30
C,15,10,48,1t,openfhe,2,5,300,840,41,8,2,add_cc,932.655,12.581,0.01348944679436662,30
C,15,10,48,1t,openfhe,2,5,300,840,41,8,2,add_cp,877.279,23.873,0.027212551537196265,30
C,15,10,48,1t,openfhe,2,5,300,840,41,8,2,mul_cp,1881.192,18.583,0.009878311198431631,30
C,15,10,48,1t,openfhe,2,5,300,840,41,8,2,mul_cc,5604.096,135.143,0.024115040142067518,30
C,15,10,48,1t,openfhe,2,5,300,840,41,8,2,mul_cc_rlk,54738.842,492.019,0.008988480245891939,30
C,15,10,48,1t,openfhe,2,5,300,840,41,8,2,relin,51889.228,630.85,0.012157629325300427,30
C,15,10,48,1t,openfhe,2,5,300,840,41,8,2,rescale,10292.565,99.752,0.009691656064353248,30
C,15,10,48,1t,openfhe,2,5,300,840,41,8,2,rot1,50996.176,1045.727,0.02050598852745351,30
C,15,10,48,1t,openfhe,2,5,300,840,41,7,2,add_cc,826.006,16.793,0.02033036079641068,30
C,15,10,48,1t,openfhe,2,5,300,840,41,7,2,add_cp,776.756,12.212,0.015721796806204266,30
C,15,10,48,1t,openfhe,2,5,300,840,41,7,2,mul_cp,1673.774,28.096,0.016786017706094135,30
C,15,10,48,1t,openfhe,2,5,300,840,41,7,2,mul_cc,4956.654,101.745,0.020526952254484577,30
C,15,10,48,1t,openfhe,2,5,300,840,41,7,2,mul_cc_rlk,50119.276,375.95,0.00750110596170623,30
C,15,10,48,1t,openfhe,2,5,300,840,41,7,2,relin,47253.751,358.522,0.00758716487924948,30
C,15,10,48,1t,openfhe,2,5,300,840,41,7,2,rescale,8972.636,23.069,0.0025710393244527023,30
C,15,10,48,1t,openfhe,2,5,300,840,41,7,2,rot1,46074.68,497.709,0.010802223694228587,30
C,15,10,48,1t,openfhe,2,5,300,840,41,6,2,add_cc,718.122,10.644,0.014821994034439831,30
C,15,10,48,1t,openfhe,2,5,300,840,41,6,2,add_cp,677.565,14.058,0.020747824931925347,30
C,15,10,48,1t,openfhe,2,5,300,840,41,6,2,mul_cp,1477.716,90.389,0.06116804582206595,30
C,15,10,48,1t,openfhe,2,5,300,840,41,6,2,mul_cc,4309.484,23.2,0.005383475144588075,30
C,15,10,48,1t,openfhe,2,5,300,840,41,6,2,mul_cc_rlk,45271.095,363.49,0.008029185068309038,30
C,15,10,48,1t,openfhe,2,5,300,840,41,6,2,relin,43038.863,327.246,0.007603500120344722,30
C,15,10,48,1t,openfhe,2,5,300,840,41,6,2,rescale,7922.083,27.141,0.003425992885961937,30
C,15,10,48,1t,openfhe,2,5,300,840,41,6,2,rot1,42238.674,460.83,0.010910143628088325,30
C,15,10,48,1t,openfhe,2,5,300,840,41,5,1,add_cc,613.74,11.664,0.019004790302082315,30
C,15,10,48,1t,openfhe,2,5,300,840,41,5,1,add_cp,574.281,10.783,0.018776522294834758,30
C,15,10,48,1t,openfhe,2,5,300,840,41,5,1,mul_cp,1249.276,18.345,0.014684505265449746,30
C,15,10,48,1t,openfhe,2,5,300,840,41,5,1,mul_cc,3678.108,13.934,0.003788360755040363,30
C,15,10,48,1t,openfhe,2,5,300,840,41,5,1,mul_cc_rlk,30615.824,284.282,0.009285459702146184,30
C,15,10,48,1t,openfhe,2,5,300,840,41,5,1,relin,28600.963,247.08,0.00863886995693117,30
C,15,10,48,1t,openfhe,2,5,300,840,41,5,1,rescale,6614.669,64.577,0.009762695608805218,30
C,15,10,48,1t,openfhe,2,5,300,840,41,5,1,rot1,27659.505,134.226,0.004852798341835835,30
C,15,10,48,1t,openfhe,2,5,300,840,41,4,1,add_cc,507.612,10.22,0.02013348778200673,30
C,15,10,48,1t,openfhe,2,5,300,840,41,4,1,add_cp,457.586,10.217,0.022328043253071556,30
C,15,10,48,1t,openfhe,2,5,300,840,41,4,1,mul_cp,1056.735,86.832,0.08217008048375421,30
C,15,10,48,1t,openfhe,2,5,300,840,41,4,1,mul_cc,3069.321,47.197,0.015377016610514183,30
C,15,10,48,1t,openfhe,2,5,300,840,41,4,1,mul_cc_rlk,27504.111,192.719,0.0070069161660960425,30
C,15,10,48,1t,openfhe,2,5,300,840,41,4,1,relin,25543.543,174.846,0.006845017545138511,30
C,15,10,48,1t,openfhe,2,5,300,840,41,4,1,rescale,5595.077,67.227,0.012015384238679825,30
C,15,10,48,1t,openfhe,2,5,300,840,41,4,1,rot1,24975.381,224.91,0.009005268027743,30
C,15,10,48,1t,openfhe,2,5,300,840,41,3,1,add_cc,397.079,10.048,0.025304788215946953,30
C,15,10,48,1t,openfhe,2,5,300,840,41,3,1,add_cp,351.698,11.183,0.031797166887500075,30
C,15,10,48,1t,openfhe,2,5,300,840,41,3,1,mul_cp,834.382,90.326,0.10825497194330654,30
C,15,10,48,1t,openfhe,2,5,300,840,41,3,1,mul_cc,1938.61,19.394,0.010004075084725653,30
C,15,10,48,1t,openfhe,2,5,300,840,41,3,1,mul_cc_rlk,23070.464,166.995,0.007238476001176223,30
C,15,10,48,1t,openfhe,2,5,300,840,41,3,1,relin,22273.254,159.101,0.0071431412760793725,30
C,15,10,48,1t,openfhe,2,5,300,840,41,3,1,rescale,4232.674,24.774,0.005853037583333846,30
C,15,10,48,1t,openfhe,2,5,300,840,41,3,1,rot1,21337.158,356.401,0.016703302286087022,30
C,15,10,48,1t,openfhe,2,5,300,840,41,2,1,add_cc,295.389,8.02,0.027150638649374212,30
C,15,10,48,1t,openfhe,2,5,300,840,41,2,1,add_cp,232.929,7.119,0.03056296124570148,30
C,15,10,48,1t,openfhe,2,5,300,840,41,2,1,mul_cp,606.182,12.839,0.021180107624442824,30
C,15,10,48,1t,openfhe,2,5,300,840,41,2,1,mul_cc,1447.95,19.584,0.013525328913291204,30
C,15,10,48,1t,openfhe,2,5,300,840,41,2,1,mul_cc_rlk,19111.114,138.744,0.0072598593676956764,30
C,15,10,48,1t,openfhe,2,5,300,840,41,2,1,relin,18454.402,85.026,0.004607356011861018,30
C,15,10,48,1t,openfhe,2,5,300,840,41,2,1,rescale,3182.658,62.318,0.019580489012642893,30
C,15,10,48,1t,openfhe,2,5,300,840,41,2,1,rot1,17668.713,90.155,0.005102522181440154,30
C,15,10,48,1t,openfhe,2,5,300,840,41,1,1,add_cc,183.542,5.851,0.0318782621961186,30
C,15,10,48,1t,openfhe,2,5,300,840,41,1,1,add_cp,149.429,5.919,0.03961078505510978,30
C,15,10,48,1t,openfhe,2,5,300,840,41,1,1,mul_cp,388.198,9.182,0.023652878170418192,30
C,15,10,48,1t,openfhe,2,5,300,840,41,1,1,mul_cc,950.517,15.511,0.016318487728257357,30
C,15,10,48,1t,openfhe,2,5,300,840,41,1,1,mul_cc_rlk,15600.844,115.119,0.007379023852812066,30
C,15,10,48,1t,openfhe,2,5,300,840,41,1,1,relin,14705.098,133.867,0.009103441541158039,30
C,15,10,48,1t,openfhe,2,5,300,840,41,1,1,rescale,1866.23,20.095,0.010767697443509106,30
C,15,10,48,1t,openfhe,2,5,300,840,41,1,1,rot1,14886.656,93.902,0.006307796727485339,30
C,15,10,48,1t,lattigo,3,4,240,780,101,10,3,add_cc,531.164,12.542,0.02361229300178476,30
C,15,10,48,1t,lattigo,3,4,240,780,101,10,3,add_cp,431.04,11.33,0.026285263548626578,30
C,15,10,48,1t,lattigo,3,4,240,780,101,10,3,mul_cp,1061.413,17.074,0.016086104089548556,30
C,15,10,48,1t,lattigo,3,4,240,780,101,10,3,mul_cc,2361.864,23.16,0.00980581439066771,30
C,15,10,48,1t,lattigo,3,4,240,780,101,10,3,mul_cc_rlk,43637.735,317.111,0.0072668987059021275,30
C,15,10,48,1t,lattigo,3,4,240,780,101,10,3,relin,39667.503,169.038,0.004261372337956338,30
C,15,10,48,1t,lattigo,3,4,240,780,101,10,3,rescale,7467.109,90.197,0.012079239770036837,30
C,15,10,48,1t,lattigo,3,4,240,780,101,10,3,rot1,39625.579,309.472,0.007809904809214271,30
C,15,10,48,1t,lattigo,3,4,240,780,101,9,3,add_cc,476.245,12.266,0.025755650977963025,30
C,15,10,48,1t,lattigo,3,4,240,780,101,9,3,add_cp,390.381,9.274,0.023756279122190884,30
C,15,10,48,1t,lattigo,3,4,240,780,101,9,3,mul_cp,950.937,16.35,0.017193568028165906,30
C,15,10,48,1t,lattigo,3,4,240,780,101,9,3,mul_cc,2107.422,95.756,0.045437506109360155,30
C,15,10,48,1t,lattigo,3,4,240,780,101,9,3,mul_cc_rlk,39971.27,285.318,0.007138076923750484,30
C,15,10,48,1t,lattigo,3,4,240,780,101,9,3,relin,36676.027,348.721,0.009508145470609453,30
C,15,10,48,1t,lattigo,3,4,240,780,101,9,3,rescale,6787.482,84.018,0.012378375368067275,30
C,15,10,48,1t,lattigo,3,4,240,780,101,9,3,rot1,36560.165,197.494,0.00540189028140327,30
C,15,10,48,1t,lattigo,3,4,240,780,101,8,3,add_cc,468.272,10.994,0.023477807769843168,30
C,15,10,48,1t,lattigo,3,4,240,780,101,8,3,add_cp,369.014,10.049,0.027232029137105908,30
C,15,10,48,1t,lattigo,3,4,240,780,101,8,3,mul_cp,1032.631,15.758,0.015260049330302885,30
C,15,10,48,1t,lattigo,3,4,240,780,101,8,3,mul_cc,2044.394,179.609,0.08785439597259628,30
C,15,10,48,1t,lattigo,3,4,240,780,101,8,3,mul_cc_rlk,38271.44,341.93,0.008934338504116908,30
C,15,10,48,1t,lattigo,3,4,240,780,101,8,3,relin,35313.052,246.155,0.006970652097700306,30
C,15,10,48,1t,lattigo,3,4,240,780,101,8,3,rescale,6098.774,31.126,0.005103648700542109,30
C,15,10,48,1t,lattigo,3,4,240,780,101,8,3,rot1,35349.551,253.228,0.007163542190394442,30
C,15,10,48,1t,lattigo,3,4,240,780,101,7,2,add_cc,430.652,14.645,0.03400657607534622,30
C,15,10,48,1t,lattigo,3,4,240,780,101,7,2,add_cp,333.61,7.774,0.02330265879320164,30
C,15,10,48,1t,lattigo,3,4,240,780,101,7,2,mul_cp,925.607,15.276,0.016503764556663896,30
C,15,10,48,1t,lattigo,3,4,240,780,101,7,2,mul_cc,2014.837,20.177,0.010014209586184887,30
C,15,10,48,1t,lattigo,3,4,240,780,101,7,2,mul_cc_rlk,27948.148,761.241,0.02723761875026567,30
C,15,10,48,1t,lattigo,3,4,240,780,101,7,2,relin,24911.758,371.937,0.014930178753342096,30
C,15,10,48,1t,lattigo,3,4,240,780,101,7,2,rescale,5426.024,15.636,0.002881668050122889,30
C,15,10,48,1t,lattigo,3,4,240,780,101,7,2,rot1,24776.465,133.927,0.0054054119504134265,30
C,15,10,48,1t,lattigo,3,4,240,780,101,6,2,add_cc,331.267,7.987,0.02411046074616548,30
C,15,10,48,1t,lattigo,3,4,240,780,101,6,2,add_cp,273.498,6.512,0.023810046142933403,30
C,15,10,48,1t,lattigo,3,4,240,780,101,6,2,mul_cp,653.369,12.59,0.019269356213716903,30
C,15,10,48,1t,lattigo,3,4,240,780,101,6,2,mul_cc,1435.778,20.146,0.014031417113230598,30
C,15,10,48,1t,lattigo,3,4,240,780,101,6,2,mul_cc_rlk,24355.205,129.934,0.00533495817423832,30
C,15,10,48,1t,lattigo,3,4,240,780,101,6,2,relin,22453.536,189.358,0.008433326492539972,30
C,15,10,48,1t,lattigo,3,4,240,780,101,6,2,rescale,4750.986,70.705,0.0148821739318954,30
C,15,10,48,1t,lattigo,3,4,240,780,101,6,2,rot1,22341.746,116.982,0.005236027658715662,30
C,15,10,48,1t,lattigo,3,4,240,780,101,5,2,add_cc,316.648,8.435,0.02663841236957126,30
C,15,10,48,1t,lattigo,3,4,240,780,101,5,2,add_cp,243.209,8.581,0.035282411423919344,30
C,15,10,48,1t,lattigo,3,4,240,780,101,5,2,mul_cp,685.296,15.323,0.02235968107212066,30
C,15,10,48,1t,lattigo,3,4,240,780,101,5,2,mul_cc,1348.981,145.693,0.10800226244847037,30
C,15,10,48,1t,lattigo,3,4,240,780,101,5,2,mul_cc_rlk,21676.985,274.653,0.01267025834081631,30
C,15,10,48,1t,lattigo,3,4,240,780,101,5,2,relin,19984.737,127.301,0.006369911197730548,30
C,15,10,48,1t,lattigo,3,4,240,780,101,5,2,rescale,4080.104,43.289,0.010609778574271637,30
C,15,10,48,1t,lattigo,3,4,240,780,101,5,2,rot1,20042.917,180.901,0.009025682239765798,30
C,15,10,48,1t,lattigo,3,4,240,780,101,4,2,add_cc,256.264,8.957,0.03495223675584554,30
C,15,10,48,1t,lattigo,3,4,240,780,101,4,2,add_cp,196.99,4.744,0.02408244073303213,30
C,15,10,48,1t,lattigo,3,4,240,780,101,4,2,mul_cp,566.178,14.465,0.025548502414435036,30
C,15,10,48,1t,lattigo,3,4,240,780,101,4,2,mul_cc,1239.364,18.128,0.014626857000848823,30
C,15,10,48,1t,lattigo,3,4,240,780,101,4,2,mul_cc_rlk,20052.911,620.407,0.030938500649606435,30
C,15,10,48,1t,lattigo,3,4,240,780,101,4,2,relin,18024.565,166.92,0.009260695056995828,30
C,15,10,48,1t,lattigo,3,4,240,780,101,4,2,rescale,3389.755,12.989,0.0038318403542438907,30
C,15,10,48,1t,lattigo,3,4,240,780,101,4,2,rot1,18053.646,247.182,0.013691528016002971,30
C,15,10,48,1t,lattigo,3,4,240,780,101,3,1,add_cc,197.585,5.005,0.025330870258369814,30
C,15,10,48,1t,lattigo,3,4,240,780,101,3,1,add_cp,157.279,8.969,0.05702604925005881,30
C,15,10,48,1t,lattigo,3,4,240,780,101,3,1,mul_cp,442.598,9.318,0.021052964541186357,30
C,15,10,48,1t,lattigo,3,4,240,780,101,3,1,mul_cc,981.589,18.436,0.018781791564493895,30
C,15,10,48,1t,lattigo,3,4,240,780,101,3,1,mul_cc_rlk,13246.839,328.133,0.024770664156180955,30
C,15,10,48,1t,lattigo,3,4,240,780,101,3,1,relin,11787.991,105.963,0.008989063530842532,30
C,15,10,48,1t,lattigo,3,4,240,780,101,3,1,rescale,2719.046,26.145,0.009615504849862783,30
C,15,10,48,1t,lattigo,3,4,240,780,101,3,1,rot1,11774.227,142.438,0.012097439602616798,30
C,15,10,48,1t,lattigo,3,4,240,780,101,2,1,add_cc,143.052,4.637,0.032414786231580124,30
C,15,10,48,1t,lattigo,3,4,240,780,101,2,1,add_cp,115.326,4.328,0.03752839775939511,30
C,15,10,48,1t,lattigo,3,4,240,780,101,2,1,mul_cp,331.114,9.871,0.029811484866239427,30
C,15,10,48,1t,lattigo,3,4,240,780,101,2,1,mul_cc,737.509,95.862,0.12998078667514565,30
C,15,10,48,1t,lattigo,3,4,240,780,101,2,1,mul_cc_rlk,10855.838,290.039,0.02671732942219661,30
C,15,10,48,1t,lattigo,3,4,240,780,101,2,1,relin,10108.1,22.385,0.00221456059991492,30
C,15,10,48,1t,lattigo,3,4,240,780,101,2,1,rescale,2043.661,18.87,0.009233429614794234,30
C,15,10,48,1t,lattigo,3,4,240,780,101,2,1,rot1,10131.139,89.752,0.00885902364975942,30
C,15,10,48,1t,lattigo,3,4,240,780,101,1,1,add_cc,92.538,3.577,0.03865439062871469,30
C,15,10,48,1t,lattigo,3,4,240,780,101,1,1,add_cp,66.071,2.641,0.0399721511707103,30
C,15,10,48,1t,lattigo,3,4,240,780,101,1,1,mul_cp,213.292,5.238,0.02455788308984866,30
C,15,10,48,1t,lattigo,3,4,240,780,101,1,1,mul_cc,474.297,11.061,0.023320830618789493,30
C,15,10,48,1t,lattigo,3,4,240,780,101,1,1,mul_cc_rlk,8956.258,282.422,0.03153348195194913,30
C,15,10,48,1t,lattigo,3,4,240,780,101,1,1,relin,8508.006,21.544,0.00253220319778806,30
C,15,10,48,1t,lattigo,3,4,240,780,101,1,1,rescale,1382.615,96.858,0.07005420887231804,30
C,15,10,48,1t,lattigo,3,4,240,780,101,1,1,rot1,8515.562,13.707,0.0016096412661900648,30
C,15,10,48,1t,seal,11,1,60,600,281,10,11,add_cc,878.977,24.779,0.028190726264737304,30
C,15,10,48,1t,seal,11,1,60,600,281,10,11,add_cp,599.408,14.553,0.024278955235832688,30
C,15,10,48,1t,seal,11,1,60,600,281,10,11,mul_cp,2556.973,20.786,0.008129143326894732,30
C,15,10,48,1t,seal,11,1,60,600,281,10,11,mul_cc,5236.268,13.252,0.002530810111323561,30
C,15,10,48,1t,seal,11,1,60,600,281,10,11,mul_cc_rlk,71669.054,383.036,0.0053445103377533065,30
C,15,10,48,1t,seal,11,1,60,600,281,10,11,relin,66798.291,178.054,0.0026655472368297566,30
C,15,10,48,1t,seal,11,1,60,600,281,10,11,rescale,8694.253,13.812,0.0015886356194143418,30
C,15,10,48,1t,seal,11,1,60,600,281,10,11,rot1,67359.833,472.118,0.0070088950487748386,30
C,15,10,48,1t,seal,11,1,60,600,281,9,10,add_cc,791.707,20.232,0.025554908570973856,30
C,15,10,48,1t,seal,11,1,60,600,281,9,10,add_cp,540.193,12.886,0.02385443721040443,30
C,15,10,48,1t,seal,11,1,60,600,281,9,10,mul_cp,2323.155,18.849,0.0081135352570104,30
C,15,10,48,1t,seal,11,1,60,600,281,9,10,mul_cc,4760.925,9.952,0.002090350089530921,30
C,15,10,48,1t,seal,11,1,60,600,281,9,10,mul_cc_rlk,60964.038,329.783,0.005409467791487172,30
C,15,10,48,1t,seal,11,1,60,600,281,9,10,relin,56380.979,278.867,0.004946118441824148,30
C,15,10,48,1t,seal,11,1,60,600,281,9,10,rescale,7876.368,16.859,0.0021404535694624733,30
C,15,10,48,1t,seal,11,1,60,600,281,9,10,rot1,56781.215,289.396,0.005096685585188694,30
C,15,10,48,1t,seal,11,1,60,600,281,8,9,add_cc,714.595,20.645,0.028890490417649156,30
C,15,10,48,1t,seal,11,1,60,600,281,8,9,add_cp,492.888,18.225,0.036975945853824806,30
C,15,10,48,1t,seal,11,1,60,600,281,8,9,mul_cp,2093.298,22.745,0.01086562926062128,30
C,15,10,48,1t,seal,11,1,60,600,281,8,9,mul_cc,4293.012,10.841,0.0025252666426276004,30
C,15,10,48,1t,seal,11,1,60,600,281,8,9,mul_cc_rlk,50802.721,257.839,0.0050752990179403976,30
C,15,10,48,1t,seal,11,1,60,600,281,8,9,relin,46958.876,318.562,0.006783850618571024,30
C,15,10,48,1t,seal,11,1,60,600,281,8,9,rescale,7071.978,29.099,0.004114690402034622,30
C,15,10,48,1t,seal,11,1,60,600,281,8,9,rot1,47203.858,167.51,0.0035486506208878095,30
C,15,10,48,1t,seal,11,1,60,600,281,7,8,add_cc,624.241,13.651,0.02186815668948371,30
C,15,10,48,1t,seal,11,1,60,600,281,7,8,add_cp,429.826,10.215,0.023765430662640228,30
C,15,10,48,1t,seal,11,1,60,600,281,7,8,mul_cp,1861.346,18.869,0.010137287747683665,30
C,15,10,48,1t,seal,11,1,60,600,281,7,8,mul_cc,3816.16,12.627,0.003308823529411765,30
C,15,10,48,1t,seal,11,1,60,600,281,7,8,mul_cc_rlk,41787.842,185.359,0.004435716015198871,30
C,15,10,48,1t,seal,11,1,60,600,281,7,8,relin,38196.16,112.85,0.0029544854770741347,30
C,15,10,48,1t,seal,11,1,60,600,281,7,8,rescale,6270.328,16.477,0.002627773220156904,30
C,15,10,48,1t,seal,11,1,60,600,281,7,8,rot1,38614.95,268.314,0.006948448722580245,30
C,15,10,48,1t,seal,11,1,60,600,281,6,7,add_cc,545.917,15.441,0.028284519441600098,30
C,15,10,48,1t,seal,11,1,60,600,281,6,7,add_cp,374.188,11.867,0.031714004724897646,30
C,15,10,48,1t,seal,11,1,60,600,281,6,7,mul_cp,1630.879,19.163,0.011750105311307584,30
C,15,10,48,1t,seal,11,1,60,600,281,6,7,mul_cc,3333.828,17.055,0.005115740824061709,30
C,15,10,48,1t,seal,11,1,60,600,281,6,7,mul_cc_rlk,33613.051,225.99,0.006723281382579642,30
C,15,10,48,1t,seal,11,1,60,600,281,6,7,relin,30432.414,127.885,0.004202262758386502,30
C,15,10,48,1t,seal,11,1,60,600,281,6,7,rescale,5458.181,12.513,0.0022925219958810457,30
C,15,10,48,1t,seal,11,1,60,600,281,6,7,rot1,30637.935,111.28,0.0036320985732230322,30
C,15,10,48,1t,seal,11,1,60,600,281,5,6,add_cc,470.848,13.044,0.02770320782927824,30
C,15,10,48,1t,seal,11,1,60,600,281,5,6,add_cp,319.47,8.244,0.025805239928631794,30
C,15,10,48,1t,seal,11,1,60,600,281,5,6,mul_cp,1400.603,14.995,0.010706103014201739,30
C,15,10,48,1t,seal,11,1,60,600,281,5,6,mul_cc,2856.924,24.12,0.008442646706737736,30
C,15,10,48,1t,seal,11,1,60,600,281,5,6,mul_cc_rlk,26184.965,108.809,0.004155399864005928,30
C,15,10,48,1t,seal,11,1,60,600,281,5,6,relin,23496.23,75.959,0.0032328164986468043,30
C,15,10,48,1t,seal,11,1,60,600,281,5,6,rescale,4651.536,11.417,0.002454458054285724,30
C,15,10,48,1t,seal,11,1,60,600,281,5,6,rot1,23772.997,172.042,0.007236866264695192,30
C,15,10,48,1t,seal,11,1,60,600,281,4,5,add_cc,389.684,12.765,0.032757311052031904,30
C,15,10,48,1t,seal,11,1,60,600,281,4,5,add_cp,263.017,9.018,0.03428675712976728,30
C,15,10,48,1t,seal,11,1,60,600,281,4,5,mul_cp,1163.938,16.919,0.014535997621866456,30
C,15,10,48,1t,seal,11,1,60,600,281,4,5,mul_cc,2384.857,10.376,0.004350784973690246,30
C,15,10,48,1t,seal,11,1,60,600,281,4,5,mul_cc_rlk,19706.128,115.668,0.0058696462339024695,30
C,15,10,48,1t,seal,11,1,60,600,281,4,5,relin,17468.457,57.766,0.003306874785792472,30
C,15,10,48,1t,seal,11,1,60,600,281,4,5,rescale,3837.814,14.353,0.003739889426637143,30
C,15,10,48,1t,seal,11,1,60,600,281,4,5,rot1,17616.655,54.139,0.0030731713824219188,30
C,15,10,48,1t,seal,11,1,60,600,281,3,4,add_cc,309.594,13.865,0.04478445964715078,30
C,15,10,48,1t,seal,11,1,60,600,281,3,4,add_cp,198.622,7.309,0.0367985419540635,30
C,15,10,48,1t,seal,11,1,60,600,281,3,4,mul_cp,929.794,15.438,0.01660367780390065,30
C,15,10,48,1t,seal,11,1,60,600,281,3,4,mul_cc,1904.491,23.585,0.012383886298228767,30
C,15,10,48,1t,seal,11,1,60,600,281,3,4,mul_cc_rlk,14235.588,65.002,0.004566161931632188,30
C,15,10,48,1t,seal,11,1,60,600,281,3,4,relin,12487.09,36.109,0.002891706554529518,30
C,15,10,48,1t,seal,11,1,60,600,281,3,4,rescale,3024.545,21.74,0.0071878580083946505,30
C,15,10,48,1t,seal,11,1,60,600,281,3,4,rot1,12627.902,39.969,0.003165133844085898,30
C,15,10,48,1t,seal,11,1,60,600,281,2,3,add_cc,226.709,6.951,0.03066045018062803,30
C,15,10,48,1t,seal,11,1,60,600,281,2,3,add_cp,144.984,5.484,0.03782486343320642,30
C,15,10,48,1t,seal,11,1,60,600,281,2,3,mul_cp,691.039,13.743,0.019887444847541166,30
C,15,10,48,1t,seal,11,1,60,600,281,2,3,mul_cc,1418.975,10.979,0.007737275145791857,30
C,15,10,48,1t,seal,11,1,60,600,281,2,3,mul_cc_rlk,9628.567,21.291,0.002211232471041641,30
C,15,10,48,1t,seal,11,1,60,600,281,2,3,relin,8368.228,50.97,0.006090895228954087,30
C,15,10,48,1t,seal,11,1,60,600,281,2,3,rescale,2205.68,7.608,0.00344927641362301,30
C,15,10,48,1t,seal,11,1,60,600,281,2,3,rot1,8441.941,26.596,0.0031504603029090107,30
C,15,10,48,1t,seal,11,1,60,600,281,1,2,add_cc,141.068,5.335,0.03781864065557036,30
C,15,10,48,1t,seal,11,1,60,600,281,1,2,add_cp,85.391,3.594,0.04208874471548523,30
C,15,10,48,1t,seal,11,1,60,600,281,1,2,mul_cp,442.728,8.137,0.018379230588532913,30
C,15,10,48,1t,seal,11,1,60,600,281,1,2,mul_cc,939.115,8.74,0.009306634437741917,30
C,15,10,48,1t,seal,11,1,60,600,281,1,2,mul_cc_rlk,5903.844,18.825,0.003188600511802141,30
C,15,10,48,1t,seal,11,1,60,600,281,1,2,relin,5056.436,9.11,0.0018016642552184977,30
C,15,10,48,1t,seal,11,1,60,600,281,1,2,rescale,1387.348,10.606,0.007644801448519045,30
C,15,10,48,1t,seal,11,1,60,600,281,1,2,rot1,5109.156,11.174,0.0021870539869990268,30
C,15,10,48,mt,openfhe,2,5,300,840,41,10,2,add_cc,1253.319,12.982,0.01035809718036669,30
C,15,10,48,mt,openfhe,2,5,300,840,41,10,2,add_cp,1145.406,28.166,0.024590407244243526,30
C,15,10,48,mt,openfhe,2,5,300,840,41,10,2,mul_cp,1149.886,30.155,0.026224338760538004,30
C,15,10,48,mt,openfhe,2,5,300,840,41,10,2,mul_cc,7412.197,212.166,0.02862390192813278,30
C,15,10,48,mt,openfhe,2,5,300,840,41,10,2,mul_cc_rlk,30244.998,7333.016,0.2424538431115122,30
C,15,10,48,mt,openfhe,2,5,300,840,41,10,2,relin,24979.599,7345.701,0.29406801125990856,30
C,15,10,48,mt,openfhe,2,5,300,840,41,10,2,rescale,3702.257,33.966,0.009174403613795585,30
C,15,10,48,mt,openfhe,2,5,300,840,41,10,2,rot1,23729.056,8744.223,0.3685027756687834,30
C,15,10,48,mt,openfhe,2,5,300,840,41,9,2,add_cc,1230.057,12.414,0.010092215238806006,30
C,15,10,48,mt,openfhe,2,5,300,840,41,9,2,add_cp,1079.428,14.931,0.013832326009701433,30
C,15,10,48,mt,openfhe,2,5,300,840,41,9,2,mul_cp,1150.977,12.24,0.010634443607474346,30
C,15,10,48,mt,openfhe,2,5,300,840,41,9,2,mul_cc,6520.319,102.307,0.01569048998983025,30
C,15,10,48,mt,openfhe,2,5,300,840,41,9,2,mul_cc_rlk,31796.526,8392.365,0.26393968322199723,30
C,15,10,48,mt,openfhe,2,5,300,840,41,9,2,relin,22849.115,5159.062,0.2257882635716963,30
C,15,10,48,mt,openfhe,2,5,300,840,41,9,2,rescale,2848.54,40.723,0.014296095543682026,30
C,15,10,48,mt,openfhe,2,5,300,840,41,9,2,rot1,22196.473,6059.975,0.27301522183276594,30
C,15,10,48,mt,openfhe,2,5,300,840,41,8,2,add_cc,1172.062,10.757,0.009177842127805527,30
C,15,10,48,mt,openfhe,2,5,300,840,41,8,2,add_cp,963.643,12.217,0.01267793155764116,30
C,15,10,48,mt,openfhe,2,5,300,840,41,8,2,mul_cp,1130.771,16.322,0.014434399184273385,30
C,15,10,48,mt,openfhe,2,5,300,840,41,8,2,mul_cc,5961.672,109.243,0.0183242217954963,30
C,15,10,48,mt,openfhe,2,5,300,840,41,8,2,mul_cc_rlk,29588.82,8816.252,0.2979588912298632,30
C,15,10,48,mt,openfhe,2,5,300,840,41,8,2,relin,23947.239,6197.133,0.2587827765864783,30
C,15,10,48,mt,openfhe,2,5,300,840,41,8,2,rescale,3639.031,52.03,0.014297762233957336,30
C,15,10,48,mt,openfhe,2,5,300,840,41,8,2,rot1,23529.952,5634.851,0.23947566913863655,30
C,15,10,48,mt,openfhe,2,5,300,840,41,7,2,add_cc,1057.645,7.857,0.0074287686321970045,30
C,15,10,48,mt,openfhe,2,5,300,840,41,7,2,add_cp,904.468,11.863,0.013115997470336153,30
C,15,10,48,mt,openfhe,2,5,300,840,41,7,2,mul_cp,1054.078,10.707,0.010157692314989973,30
C,15,10,48,mt,openfhe,2,5,300,840,41,7,2,mul_cc,5338.188,91.343,0.017111236996523914,30
C,15,10,48,mt,openfhe,2,5,300,840,41,7,2,mul_cc_rlk,27043.818,5449.955,0.20152313552768325,30
C,15,10,48,mt,openfhe,2,5,300,840,41,7,2,relin,22269.194,5451.228,0.24478784458925637,30
C,15,10,48,mt,openfhe,2,5,300,840,41,7,2,rescale,3608.596,62.599,0.017347189876616834,30
C,15,10,48,mt,openfhe,2,5,300,840,41,7,2,rot1,21791.52,6376.77,0.2926262142337937,30
C,15,10,48,mt,openfhe,2,5,300,840,41,6,2,add_cc,919.088,6.421,0.006986273349233153,30
C,15,10,48,mt,openfhe,2,5,300,840,41,6,2,add_cp,779.476,10.342,0.013267887657862461,30
C,15,10,48,mt,openfhe,2,5,300,840,41,6,2,mul_cp,941.084,7.227,0.00767944200517701,30
C,15,10,48,mt,openfhe,2,5,300,840,41,6,2,mul_cc,4575.027,36.806,0.008044979843834801,30
C,15,10,48,mt,openfhe,2,5,300,840,41,6,2,mul_cc_rlk,25934.455,5785.198,0.22306996618976568,30
C,15,10,48,mt,openfhe,2,5,300,840,41,6,2,relin,21721.986,6563.188,0.30214493278837395,30
C,15,10,48,mt,openfhe,2,5,300,840,41,6,2,rescale,3592.41,13.489,0.003754860942932461,30
C,15,10,48,mt,openfhe,2,5,300,840,41,6,2,rot1,20173.281,6049.045,0.2998542973748296,30
C,15,10,48,mt,openfhe,2,5,300,840,41,5,1,add_cc,768.734,8.432,0.010968683575853287,30
C,15,10,48,mt,openfhe,2,5,300,840,41,5,1,add_cp,662.733,8.825,0.01331607147976636,30
C,15,10,48,mt,openfhe,2,5,300,840,41,5,1,mul_cp,846.94,13.876,0.016383687156114952,30
C,15,10,48,mt,openfhe,2,5,300,840,41,5,1,mul_cc,3851.36,101.521,0.02635977940260064,30
C,15,10,48,mt,openfhe,2,5,300,840,41,5,1,mul_cc_rlk,17520.084,2781.462,0.15875848540452203,30
C,15,10,48,mt,openfhe,2,5,300,840,41,5,1,relin,19578.469,6114.462,0.31230542081712315,30
C,15,10,48,mt,openfhe,2,5,300,840,41,5,1,rescale,3373.452,17.263,0.0051173101025299905,30
C,15,10,48,mt,openfhe,2,5,300,840,41,5,1,rot1,15221.327,4884.348,0.32088844816223977,30
C,15,10,48,mt,openfhe,2,5,300,840,41,4,1,add_cc,674.25,5.861,0.008692621431219873,30
C,15,10,48,mt,openfhe,2,5,300,840,41,4,1,add_cp,684.203,6.843,0.01000141770790248,30
C,15,10,48,mt,openfhe,2,5,300,840,41,4,1,mul_cp,785.233,6.605,0.008411516072299561,30
C,15,10,48,mt,openfhe,2,5,300,840,41,4,1,mul_cc,5058.425,23.342,0.004614479803496147,30
C,15,10,48,mt,openfhe,2,5,300,840,41,4,1,mul_cc_rlk,19407.153,3840.348,0.19788312072358064,30
C,15,10,48,mt,openfhe,2,5,300,840,41,4,1,relin,14830.643,3477.348,0.23447048115176125,30
C,15,10,48,mt,openfhe,2,5,300,840,41,4,1,rescale,3863.619,14.831,0.0038386290159562833,30
C,15,10,48,mt,openfhe,2,5,300,840,41,4,1,rot1,16120.235,4114.055,0.255210609522752,30
C,15,10,48,mt,openfhe,2,5,300,840,41,3,1,add_cc,501.154,3.889,0.007760089712942528,30
C,15,10,48,mt,openfhe,2,5,300,840,41,3,1,add_cp,503.363,4.605,0.009148467408212365,30
C,15,10,48,mt,openfhe,2,5,300,840,41,3,1,mul_cp,634.537,5.341,0.00841716085902004,30
C,15,10,48,mt,openfhe,2,5,300,840,41,3,1,mul_cc,3938.223,36.025,0.009147526689067632,30
C,15,10,48,mt,openfhe,2,5,300,840,41,3,1,mul_cc_rlk,16943.379,3333.299,0.19673165547438912,30
C,15,10,48,mt,openfhe,2,5,300,840,41,3,1,relin,15820.195,4308.995,0.2723730649337761,30
C,15,10,48,mt,openfhe,2,5,300,840,41,3,1,rescale,3708.322,12.144,0.003274796525220841,30
C,15,10,48,mt,openfhe,2,5,300,840,41,3,1,rot1,13915.597,2968.771,0.21334126017015298,30
C,15,10,48,mt,openfhe,2,5,300,840,41,2,1,add_cc,441.561,6.166,0.013964095560975722,30
C,15,10,48,mt,openfhe,2,5,300,840,41,2,1,add_cp,383.998,5.359,0.013955801853134652,30
C,15,10,48,mt,openfhe,2,5,300,840,41,2,1,mul_cp,560.628,6.245,0.01113929379196187,30
C,15,10,48,mt,openfhe,2,5,300,840,41,2,1,mul_cc,2972.618,15.504,0.005215604561366445,30
C,15,10,48,mt,openfhe,2,5,300,840,41,2,1,mul_cc_rlk,15730.329,5967.263,0.37934762839353203,30
C,15,10,48,mt,openfhe,2,5,300,840,41,2,1,relin,13266.189,4334.673,0.3267459102233505,30
C,15,10,48,mt,openfhe,2,5,300,840,41,2,1,rescale,3126.358,20.405,0.006526763729553685,30
C,15,10,48,mt,openfhe,2,5,300,840,41,2,1,rot1,11316.179,1300.065,0.11488551038296585,30
C,15,10,48,mt,openfhe,2,5,300,840,41,1,1,add_cc,169.905,5.006,0.02946352373385127,30
C,15,10,48,mt,openfhe,2,5,300,840,41,1,1,add_cp,143.347,4.375,0.030520345734476477,30
C,15,10,48,mt,openfhe,2,5,300,840,41,1,1,mul_cp,257.592,5.491,0.021316655796763874,30
C,15,10,48,mt,openfhe,2,5,300,840,41,1,1,mul_cc,947.213,14.442,0.015246834661264152,30
C,15,10,48,mt,openfhe,2,5,300,840,41,1,1,mul_cc_rlk,9848.408,2507.188,0.2545779987993999,30
C,15,10,48,mt,openfhe,2,5,300,840,41,1,1,relin,9678.066,4025.39,0.4159291742792413,30
C,15,10,48,mt,openfhe,2,5,300,840,41,1,1,rescale,1860.499,21.436,0.011521640162128546,30
C,15,10,48,mt,openfhe,2,5,300,840,41,1,1,rot1,9541.742,3591.993,0.3764504426969415,30
C,15,10,48,mt,lattigo,3,4,240,780,101,10,3,add_cc,565.456,11.529,0.020388854305197927,30
C,15,10,48,mt,lattigo,3,4,240,780,101,10,3,add_cp,459.937,8.132,0.01768068235432244,30
C,15,10,48,mt,lattigo,3,4,240,780,101,10,3,mul_cp,1161.812,210.042,0.18078828588446325,30
C,15,10,48,mt,lattigo,3,4,240,780,101,10,3,mul_cc,2436.045,22.816,0.009366001038568663,30
C,15,10,48,mt,lattigo,3,4,240,780,101,10,3,mul_cc_rlk,44782.914,1174.997,0.026237618213053312,30
C,15,10,48,mt,lattigo,3,4,240,780,101,10,3,relin,40572.522,716.697,0.01766459082824578,30
C,15,10,48,mt,lattigo,3,4,240,780,101,10,3,rescale,7504.112,108.353,0.014439150161937881,30
C,15,10,48,mt,lattigo,3,4,240,780,101,10,3,rot1,40549.51,750.379,0.018505254440805818,30
C,15,10,48,mt,lattigo,3,4,240,780,101,9,3,add_cc,553.161,8.551,0.01545842892033242,30
C,15,10,48,mt,lattigo,3,4,240,780,101,9,3,add_cp,437.293,7.781,0.017793561753789794,30
C,15,10,48,mt,lattigo,3,4,240,780,101,9,3,mul_cp,1191.449,16.7,0.014016546239075276,30
C,15,10,48,mt,lattigo,3,4,240,780,101,9,3,mul_cc,2591.509,32.666,0.012605011211614545,30
C,15,10,48,mt,lattigo,3,4,240,780,101,9,3,mul_cc_rlk,43982.705,1510.019,0.03433210849582807,30
C,15,10,48,mt,lattigo,3,4,240,780,101,9,3,relin,37517.88,848.748,0.02262249359505388,30
C,15,10,48,mt,lattigo,3,4,240,780,101,9,3,rescale,6984.402,152.357,0.021813893301101513,30
C,15,10,48,mt,lattigo,3,4,240,780,101,9,3,rot1,37514.843,983.025,0.026203628254555137,30
C,15,10,48,mt,lattigo,3,4,240,780,101,8,3,add_cc,510.837,11.857,0.02321092638160509,30
C,15,10,48,mt,lattigo,3,4,240,780,101,8,3,add_cp,400.924,7.76,0.019355289281759138,30
C,15,10,48,mt,lattigo,3,4,240,780,101,8,3,mul_cp,1084.298,15.398,0.014200893112410056,30
C,15,10,48,mt,lattigo,3,4,240,780,101,8,3,mul_cc,2341.141,26.538,0.011335498374510549,30
C,15,10,48,mt,lattigo,3,4,240,780,101,8,3,mul_cc_rlk,42297.548,2447.517,0.05786427619870541,30
C,15,10,48,mt,lattigo,3,4,240,780,101,8,3,relin,36099.205,310.563,0.008603042643182861,30
C,15,10,48,mt,lattigo,3,4,240,780,101,8,3,rescale,6174.96,223.664,0.036221125319030406,30
C,15,10,48,mt,lattigo,3,4,240,780,101,8,3,rot1,36377.348,1120.274,0.03079592278139682,30
C,15,10,48,mt,lattigo,3,4,240,780,101,7,2,add_cc,402.818,5.71,0.014175136165712556,30
C,15,10,48,mt,lattigo,3,4,240,780,101,7,2,add_cp,332.725,7.58,0.022781576376887817,30
C,15,10,48,mt,lattigo,3,4,240,780,101,7,2,mul_cp,776.698,11.257,0.014493406703763883,30
C,15,10,48,mt,lattigo,3,4,240,780,101,7,2,mul_cc,1700.419,26.849,0.015789637730465256,30
C,15,10,48,mt,lattigo,3,4,240,780,101,7,2,mul_cc_rlk,28411.31,1085.128,0.03819352222759175,30
C,15,10,48,mt,lattigo,3,4,240,780,101,7,2,relin,25747.861,919.618,0.03571628726751321,30
C,15,10,48,mt,lattigo,3,4,240,780,101,7,2,rescale,5440.506,45.698,0.008399586362003829,30
C,15,10,48,mt,lattigo,3,4,240,780,101,7,2,rot1,25458.591,227.771,0.008946724506474062,30
C,15,10,48,mt,lattigo,3,4,240,780,101,6,2,add_cc,352.152,6.612,0.018775983098207594,30
C,15,10,48,mt,lattigo,3,4,240,780,101,6,2,add_cp,290.685,7.106,0.02444570583277431,30
C,15,10,48,mt,lattigo,3,4,240,780,101,6,2,mul_cp,691.822,17.902,0.02587659831575174,30
C,15,10,48,mt,lattigo,3,4,240,780,101,6,2,mul_cc,1496.715,44.212,0.029539357860380904,30
C,15,10,48,mt,lattigo,3,4,240,780,101,6,2,mul_cc_rlk,25025.323,1014.121,0.04052379263995913,30
C,15,10,48,mt,lattigo,3,4,240,780,101,6,2,relin,22899.435,704.803,0.03077818295516898,30
C,15,10,48,mt,lattigo,3,4,240,780,101,6,2,rescale,4765.018,35.625,0.007476362103983658,30
C,15,10,48,mt,lattigo,3,4,240,780,101,6,2,rot1,22775.926,283.255,0.01243659643081032,30
C,15,10,48,mt,lattigo,3,4,240,780,101,5,2,add_cc,338.733,10.369,0.03061113030026599,30
C,15,10,48,mt,lattigo,3,4,240,780,101,5,2,add_cp,258.068,5.767,0.022346823317885213,30
C,15,10,48,mt,lattigo,3,4,240,780,101,5,2,mul_cp,715.984,19.466,0.027187758385662248,30
C,15,10,48,mt,lattigo,3,4,240,780,101,5,2,mul_cc,1552.0,18.855,0.012148840206185568,30
C,15,10,48,mt,lattigo,3,4,240,780,101,5,2,mul_cc_rlk,22957.888,1012.666,0.044109719500330345,30
C,15,10,48,mt,lattigo,3,4,240,780,101,5,2,relin,20372.09,80.737,0.00396311816804265,30
C,15,10,48,mt,lattigo,3,4,240,780,101,5,2,rescale,4084.385,21.105,0.00516724060048208,30
C,15,10,48,mt,lattigo,3,4,240,780,101,5,2,rot1,20415.827,368.069,0.01802861084197079,30
C,15,10,48,mt,lattigo,3,4,240,780,101,4,2,add_cc,265.285,9.381,0.03536196920293269,30
C,15,10,48,mt,lattigo,3,4,240,780,101,4,2,add_cp,212.406,11.372,0.053538977241697504,30
C,15,10,48,mt,lattigo,3,4,240,780,101,4,2,mul_cp,589.875,32.995,0.05593557957194321,30
C,15,10,48,mt,lattigo,3,4,240,780,101,4,2,mul_cc,1288.868,109.367,0.08485508213408977,30
C,15,10,48,mt,lattigo,3,4,240,780,101,4,2,mul_cc_rlk,20702.787,778.973,0.03762647995170892,30
C,15,10,48,mt,lattigo,3,4,240,780,101,4,2,relin,18472.035,546.161,0.029566910196954475,30
C,15,10,48,mt,lattigo,3,4,240,780,101,4,2,rescale,3409.643,34.92,0.010241541416506069,30
C,15,10,48,mt,lattigo,3,4,240,780,101,4,2,rot1,18579.901,1092.776,0.05881495278150298,30
C,15,10,48,mt,lattigo,3,4,240,780,101,3,1,add_cc,210.65,8.099,0.038447661998575834,30
C,15,10,48,mt,lattigo,3,4,240,780,101,3,1,add_cp,165.066,5.016,0.030387844862055178,30
C,15,10,48,mt,lattigo,3,4,240,780,101,3,1,mul_cp,462.036,13.022,0.028183951034118554,30
C,15,10,48,mt,lattigo,3,4,240,780,101,3,1,mul_cc,1003.912,16.196,0.0161328881415901,30
C,15,10,48,mt,lattigo,3,4,240,780,101,3,1,mul_cc_rlk,13482.007,601.797,0.04463704847505272,30
C,15,10,48,mt,lattigo,3,4,240,780,101,3,1,relin,11945.28,46.807,0.003918451472045862,30
C,15,10,48,mt,lattigo,3,4,240,780,101,3,1,rescale,2728.725,26.58,0.00974081301706841,30
C,15,10,48,mt,lattigo,3,4,240,780,101,3,1,rot1,12150.323,554.099,0.04560364362330121,30
C,15,10,48,mt,lattigo,3,4,240,780,101,2,1,add_cc,152.083,8.807,0.05790916802009429,30
C,15,10,48,mt,lattigo,3,4,240,780,101,2,1,add_cp,124.137,7.195,0.05796015692339915,30
C,15,10,48,mt,lattigo,3,4,240,780,101,2,1,mul_cp,340.062,10.386,0.030541489493092433,30
C,15,10,48,mt,lattigo,3,4,240,780,101,2,1,mul_cc,741.795,19.998,0.026958930701878554,30
C,15,10,48,mt,lattigo,3,4,240,780,101,2,1,mul_cc_rlk,11700.25,356.866,0.03050071579667101,30
C,15,10,48,mt,lattigo,3,4,240,780,101,2,1,relin,10836.055,328.081,0.03027679353786964,30
C,15,10,48,mt,lattigo,3,4,240,780,101,2,1,rescale,2142.135,43.271,0.020199940713353733,30
C,15,10,48,mt,lattigo,3,4,240,780,101,2,1,rot1,10910.525,163.766,0.0150099101555608,30
C,15,10,48,mt,lattigo,3,4,240,780,101,1,1,add_cc,97.966,3.157,0.03222546597799237,30
C,15,10,48,mt,lattigo,3,4,240,780,101,1,1,add_cp,72.216,15.797,0.21874653816328793,30
C,15,10,48,mt,lattigo,3,4,240,780,101,1,1,mul_cp,463.862,784.356,1.6909253183058754,30
C,15,10,48,mt,lattigo,3,4,240,780,101,1,1,mul_cc,482.764,16.928,0.03506475213561906,30
C,15,10,48,mt,lattigo,3,4,240,780,101,1,1,mul_cc_rlk,9556.752,123.234,0.012894966825549097,30
C,15,10,48,mt,lattigo,3,4,240,780,101,1,1,relin,9122.092,243.133,0.02665320630399255,30
C,15,10,48,mt,lattigo,3,4,240,780,101,1,1,rescale,1430.165,20.67,0.014452877814797595,30
C,15,10,48,mt,lattigo,3,4,240,780,101,1,1,rot1,9049.893,30.346,0.0033531888167075566,30
C,15,10,48,mt,seal,11,1,60,600,281,10,11,add_cc,908.875,13.975,0.015376151836061063,30
C,15,10,48,mt,seal,11,1,60,600,281,10,11,add_cp,628.024,12.196,0.019419640013757435,30
C,15,10,48,mt,seal,11,1,60,600,281,10,11,mul_cp,2620.743,26.024,0.00993000839838168,30
C,15,10,48,mt,seal,11,1,60,600,281,10,11,mul_cc,5402.665,235.818,0.043648458677337944,30
C,15,10,48,mt,seal,11,1,60,600,281,10,11,mul_cc_rlk,73698.859,1382.091,0.018753221131958094,30
C,15,10,48,mt,seal,11,1,60,600,281,10,11,relin,68797.777,1108.555,0.016113238658859573,30
C,15,10,48,mt,seal,11,1,60,600,281,10,11,rescale,8883.897,29.952,0.0033714933885433383,30
C,15,10,48,mt,seal,11,1,60,600,281,10,11,rot1,69160.561,1034.56,0.014958814460744468,30
C,15,10,48,mt,seal,11,1,60,600,281,9,10,add_cc,838.523,21.188,0.025268239511617448,30
C,15,10,48,mt,seal,11,1,60,600,281,9,10,add_cp,566.7,14.041,0.024776777836597846,30
C,15,10,48,mt,seal,11,1,60,600,281,9,10,mul_cp,2371.91,22.518,0.00949361485047915,30
C,15,10,48,mt,seal,11,1,60,600,281,9,10,mul_cc,4849.267,16.264,0.003353908951600314,30
C,15,10,48,mt,seal,11,1,60,600,281,9,10,mul_cc_rlk,62453.559,900.316,0.01441576772270096,30
C,15,10,48,mt,seal,11,1,60,600,281,9,10,relin,57787.861,697.85,0.012076065594468015,30
C,15,10,48,mt,seal,11,1,60,600,281,9,10,rescale,8102.14,27.547,0.0033999659349258343,30
C,15,10,48,mt,seal,11,1,60,600,281,9,10,rot1,58413.787,773.811,0.013247061006334002,30
C,15,10,48,mt,seal,11,1,60,600,281,8,9,add_cc,750.951,20.672,0.027527761465128885,30
C,15,10,48,mt,seal,11,1,60,600,281,8,9,add_cp,511.837,20.695,0.04043279403403818,30
C,15,10,48,mt,seal,11,1,60,600,281,8,9,mul_cp,2118.828,32.553,0.01536368218656729,30
C,15,10,48,mt,seal,11,1,60,600,281,8,9,mul_cc,4281.466,10.673,0.0024928377336174102,30
C,15,10,48,mt,seal,11,1,60,600,281,8,9,mul_cc_rlk,51994.133,526.462,0.010125411649810566,30
C,15,10,48,mt,seal,11,1,60,600,281,8,9,relin,48060.742,562.595,0.01170591581794555,30
C,15,10,48,mt,seal,11,1,60,600,281,8,9,rescale,7265.714,49.783,0.006851769832944154,30
C,15,10,48,mt,seal,11,1,60,600,281,8,9,rot1,48539.451,600.81,0.012377766695383513,30
C,15,10,48,mt,seal,11,1,60,600,281,7,8,add_cc,667.809,21.857,0.03272941814201366,30
C,15,10,48,mt,seal,11,1,60,600,281,7,8,add_cp,455.983,14.267,0.031288447157021206,30
C,15,10,48,mt,seal,11,1,60,600,281,7,8,mul_cp,1904.047,20.061,0.010535979416474488,30
C,15,10,48,mt,seal,11,1,60,600,281,7,8,mul_cc,3889.481,16.672,0.004286433074232783,30
C,15,10,48,mt,seal,11,1,60,600,281,7,8,mul_cc_rlk,43025.74,705.993,0.0164086195844627,30
C,15,10,48,mt,seal,11,1,60,600,281,7,8,relin,39135.354,660.946,0.01688871908505031,30
C,15,10,48,mt,seal,11,1,60,600,281,7,8,rescale,6418.917,29.873,0.00465390033863968,30
C,15,10,48,mt,seal,11,1,60,600,281,7,8,rot1,39068.514,541.051,0.013848773464995367,30
C,15,10,48,mt,seal,11,1,60,600,281,6,7,add_cc,587.221,15.893,0.02706476777908147,30
C,15,10,48,mt,seal,11,1,60,600,281,6,7,add_cp,399.606,10.815,0.027064158195822884,30
C,15,10,48,mt,seal,11,1,60,600,281,6,7,mul_cp,1668.667,24.919,0.014933476841095318,30
C,15,10,48,mt,seal,11,1,60,600,281,6,7,mul_cc,3400.77,21.69,0.006377967342690039,30
C,15,10,48,mt,seal,11,1,60,600,281,6,7,mul_cc_rlk,34569.919,520.3,0.015050657191299752,30
C,15,10,48,mt,seal,11,1,60,600,281,6,7,relin,31047.263,355.809,0.011460237251831186,30
C,15,10,48,mt,seal,11,1,60,600,281,6,7,rescale,5514.018,31.12,0.005643797318035596,30
C,15,10,48,mt,seal,11,1,60,600,281,6,7,rot1,31034.804,340.019,0.01095605437044165,30
C,15,10,48,mt,seal,11,1,60,600,281,5,6,add_cc,482.489,16.566,0.03433446151103963,30
C,15,10,48,mt,seal,11,1,60,600,281,5,6,add_cp,335.049,8.8,0.026264814997209368,30
C,15,10,48,mt,seal,11,1,60,600,281,5,6,mul_cp,1430.241,17.567,0.012282545389203639,30
C,15,10,48,mt,seal,11,1,60,600,281,5,6,mul_cc,2920.546,30.519,0.01044975836709985,30
C,15,10,48,mt,seal,11,1,60,600,281,5,6,mul_cc_rlk,26970.65,348.625,0.012926088173625774,30
C,15,10,48,mt,seal,11,1,60,600,281,5,6,relin,24368.64,511.877,0.02100556288738313,30
C,15,10,48,mt,seal,11,1,60,600,281,5,6,rescale,4782.19,17.519,0.003663384349011645,30
C,15,10,48,mt,seal,11,1,60,600,281,5,6,rot1,24390.075,451.86,0.018526388295238946,30
C,15,10,48,mt,seal,11,1,60,600,281,4,5,add_cc,400.148,13.653,0.034119875646010975,30
C,15,10,48,mt,seal,11,1,60,600,281,4,5,add_cp,273.817,10.52,0.03841982053707403,30
C,15,10,48,mt,seal,11,1,60,600,281,4,5,mul_cp,1194.657,17.718,0.014831035184157461,30
C,15,10,48,mt,seal,11,1,60,600,281,4,5,mul_cc,2429.003,13.113,0.005398511241031813,30
C,15,10,48,mt,seal,11,1,60,600,281,4,5,mul_cc_rlk,20299.072,289.319,0.014252819045126793,30
C,15,10,48,mt,seal,11,1,60,600,281,4,5,relin,17933.599,75.922,0.004233506057540375,30
C,15,10,48,mt,seal,11,1,60,600,281,4,5,rescale,3873.941,16.708,0.004312920614949995,30
C,15,10,48,mt,seal,11,1,60,600,281,4,5,rot1,18059.807,394.31,0.021833566659931636,30
C,15,10,48,mt,seal,11,1,60,600,281,3,4,add_cc,321.743,12.304,0.038241702228175904,30
C,15,10,48,mt,seal,11,1,60,600,281,3,4,add_cp,211.742,9.398,0.044384203417366416,30
C,15,10,48,mt,seal,11,1,60,600,281,3,4,mul_cp,954.431,16.4,0.017183012705999697,30
C,15,10,48,mt,seal,11,1,60,600,281,3,4,mul_cc,1942.381,20.652,0.010632311580477774,30
C,15,10,48,mt,seal,11,1,60,600,281,3,4,mul_cc_rlk,14623.718,291.231,0.01991497647862192,30
C,15,10,48,mt,seal,11,1,60,600,281,3,4,relin,12834.914,288.169,0.02245196189082373,30
C,15,10,48,mt,seal,11,1,60,600,281,3,4,rescale,3087.153,23.378,0.0075726729449431245,30
C,15,10,48,mt,seal,11,1,60,600,281,3,4,rot1,12905.663,57.461,0.004452386522102739,30
C,15,10,48,mt,seal,11,1,60,600,281,2,3,add_cc,235.87,9.603,0.04071310467630474,30
C,15,10,48,mt,seal,11,1,60,600,281,2,3,add_cp,149.96,7.116,0.04745265404107762,30
C,15,10,48,mt,seal,11,1,60,600,281,2,3,mul_cp,707.209,16.086,0.02274575125599363,30
C,15,10,48,mt,seal,11,1,60,600,281,2,3,mul_cc,1446.857,14.456,0.009991312202933669,30
C,15,10,48,mt,seal,11,1,60,600,281,2,3,mul_cc_rlk,10104.679,955.717,0.09458162896614529,30
C,15,10,48,mt,seal,11,1,60,600,281,2,3,relin,8554.697,71.666,0.008377386130683529,30
C,15,10,48,mt,seal,11,1,60,600,281,2,3,rescale,2352.09,344.026,0.14626396098788735,30
C,15,10,48,mt,seal,11,1,60,600,281,2,3,rot1,8696.181,161.68,0.0185920693233041,30
C,15,10,48,mt,seal,11,1,60,600,281,1,2,add_cc,143.255,7.737,0.05400858608774563,30
C,15,10,48,mt,seal,11,1,60,600,281,1,2,add_cp,92.038,5.122,0.05565092679110802,30
C,15,10,48,mt,seal,11,1,60,600,281,1,2,mul_cp,450.426,12.098,0.02685901790749202,30
C,15,10,48,mt,seal,11,1,60,600,281,1,2,mul_cc,957.636,9.768,0.010200117790058019,30
C,15,10,48,mt,seal,11,1,60,600,281,1,2,mul_cc_rlk,6024.583,23.285,0.0038649977932082606,30
C,15,10,48,mt,seal,11,1,60,600,281,1,2,relin,5154.289,20.263,0.003931289068191559,30
C,15,10,48,mt,seal,11,1,60,600,281,1,2,rescale,1414.887,19.214,0.013579883057798961,30
C,15,10,48,mt,seal,11,1,60,600,281,1,2,rot1,5241.111,153.522,0.029291881053463663,30
D,14,4,42,1t,openfhe,2,3,180,408,30,4,2,add_cc,243.757,5.564,0.02282601115044901,30
D,14,4,42,1t,openfhe,2,3,180,408,30,4,2,add_cp,189.403,4.112,0.021710321378225268,30
D,14,4,42,1t,openfhe,2,3,180,408,30,4,2,mul_cp,499.511,7.541,0.015096764635813826,30
D,14,4,42,1t,openfhe,2,3,180,408,30,4,2,mul_cc,1505.726,12.989,0.008626403475798386,30
D,14,4,42,1t,openfhe,2,3,180,408,30,4,2,mul_cc_rlk,14409.472,107.044,0.007428724661111802,30
D,14,4,42,1t,openfhe,2,3,180,408,30,4,2,relin,13567.017,75.511,0.005565777650311782,30
D,14,4,42,1t,openfhe,2,3,180,408,30,4,2,rescale,2629.856,18.295,0.006956654660939611,30
D,14,4,42,1t,openfhe,2,3,180,408,30,4,2,rot1,13217.81,91.045,0.006888054829052619,30
D,14,4,42,1t,openfhe,2,3,180,408,30,3,2,add_cc,182.568,3.603,0.01973511239647693,30
D,14,4,42,1t,openfhe,2,3,180,408,30,3,2,add_cp,148.485,3.634,0.02447385257770145,30
D,14,4,42,1t,openfhe,2,3,180,408,30,3,2,mul_cp,387.529,6.592,0.01701033987133866,30
D,14,4,42,1t,openfhe,2,3,180,408,30,3,2,mul_cc,1189.707,13.489,0.011338085763973818,30
D,14,4,42,1t,openfhe,2,3,180,408,30,3,2,mul_cc_rlk,12327.836,54.336,0.004407586213833474,30
D,14,4,42,1t,openfhe,2,3,180,408,30,3,2,relin,11892.229,352.895,0.029674420161266656,30
D,14,4,42,1t,openfhe,2,3,180,408,30,3,2,rescale,1998.528,12.719,0.006364184039453037,30
D,14,4,42,1t,openfhe,2,3,180,408,30,3,2,rot1,11507.49,128.924,0.011203485729729073,30
D,14,4,42,1t,openfhe,2,3,180,408,30,2,1,add_cc,128.905,3.602,0.027943058841782706,30
D,14,4,42,1t,openfhe,2,3,180,408,30,2,1,add_cp,107.207,4.871,0.04543546596770734,30
D,14,4,42,1t,openfhe,2,3,180,408,30,2,1,mul_cp,283.33,4.977,0.017566089012811918,30
D,14,4,42,1t,openfhe,2,3,180,408,30,2,1,mul_cc,877.95,14.917,0.016990717011219316,30
D,14,4,42,1t,openfhe,2,3,180,408,30,2,1,mul_cc_rlk,7890.855,29.286,0.0037113848879494053,30
D,14,4,42,1t,openfhe,2,3,180,408,30,2,1,relin,7399.274,62.943,0.008506645381695556,30
D,14,4,42,1t,openfhe,2,3,180,408,30,2,1,rescale,1500.794,11.636,0.007753229290628826,30
D,14,4,42,1t,openfhe,2,3,180,408,30,2,1,rot1,7215.203,21.444,0.0029720577508352847,30
D,14,4,42,1t,openfhe,2,3,180,408,30,1,1,add_cc,76.273,2.699,0.0353860474873153,30
D,14,4,42,1t,openfhe,2,3,180,408,30,1,1,add_cp,59.11,2.552,0.04317374386736593,30
D,14,4,42,1t,openfhe,2,3,180,408,30,1,1,mul_cp,185.328,9.61,0.051854010187343515,30
D,14,4,42,1t,openfhe,2,3,180,408,30,1,1,mul_cc,451.489,22.705,0.05028915433155625,30
D,14,4,42,1t,openfhe,2,3,180,408,30,1,1,mul_cc_rlk,6167.775,12.245,0.0019853188548544652,30
D,14,4,42,1t,openfhe,2,3,180,408,30,1,1,relin,5992.852,28.711,0.0047908741947907275,30
D,14,4,42,1t,openfhe,2,3,180,408,30,1,1,rescale,875.406,14.342,0.016383255312392195,30
D,14,4,42,1t,openfhe,2,3,180,408,30,1,1,rot1,5795.185,78.361,0.013521742619088088,30
D,14,4,42,1t,lattigo,2,3,180,408,30,4,2,add_cc,113.908,5.021,0.04407943252449345,30
D,14,4,42,1t,lattigo,2,3,180,408,30,4,2,add_cp,93.445,4.735,0.050671518005243735,30
D,14,4,42,1t,lattigo,2,3,180,408,30,4,2,mul_cp,225.282,6.942,0.03081471222734173,30
D,14,4,42,1t,lattigo,2,3,180,408,30,4,2,mul_cc,492.697,11.129,0.022587919147061986,30
D,14,4,42,1t,lattigo,2,3,180,408,30,4,2,mul_cc_rlk,7893.329,23.668,0.002998481375855485,30
D,14,4,42,1t,lattigo,2,3,180,408,30,4,2,relin,7400.932,23.042,0.00311339166472547,30
D,14,4,42,1t,lattigo,2,3,180,408,30,4,2,rescale,1608.388,11.149,0.006931785116526609,30
D,14,4,42,1t,lattigo,2,3,180,408,30,4,2,rot1,7419.551,30.966,0.004173567915363072,30
D,14,4,42,1t,lattigo,2,3,180,408,30,3,2,add_cc,91.573,3.679,0.04017559761064943,30
D,14,4,42,1t,lattigo,2,3,180,408,30,3,2,add_cp,67.175,2.58,0.03840714551544474,30
D,14,4,42,1t,lattigo,2,3,180,408,30,3,2,mul_cp,214.097,5.841,0.027282026371224257,30
D,14,4,42,1t,lattigo,2,3,180,408,30,3,2,mul_cc,472.77,8.69,0.018381030945279944,30
D,14,4,42,1t,lattigo,2,3,180,408,30,3,2,mul_cc_rlk,7286.258,31.014,0.004256505877228064,30
D,14,4,42,1t,lattigo,2,3,180,408,30,3,2,relin,6809.929,24.82,0.003644678233796564,30
D,14,4,42,1t,lattigo,2,3,180,408,30,3,2,rescale,1331.775,12.671,0.009514369919843816,30
D,14,4,42,1t,lattigo,2,3,180,408,30,3,2,rot1,6813.522,32.064,0.004705936225053651,30
D,14,4,42,1t,lattigo,2,3,180,408,30,2,1,add_cc,60.52,2.898,0.04788499669530734,30
D,14,4,42,1t,lattigo,2,3,180,408,30,2,1,add_cp,38.687,1.766,0.0456484090262879,30
D,14,4,42,1t,lattigo,2,3,180,408,30,2,1,mul_cp,157.097,4.903,0.031210016741249035,30
D,14,4,42,1t,lattigo,2,3,180,408,30,2,1,mul_cc,350.102,8.216,0.023467446629839305,30
D,14,4,42,1t,lattigo,2,3,180,408,30,2,1,mul_cc_rlk,4415.714,14.185,0.0032123910198894223,30
D,14,4,42,1t,lattigo,2,3,180,408,30,2,1,relin,4126.843,11.972,0.0029010068955858024,30
D,14,4,42,1t,lattigo,2,3,180,408,30,2,1,rescale,965.678,11.822,0.012242175963416375,30
D,14,4,42,1t,lattigo,2,3,180,408,30,2,1,rot1,4127.945,13.725,0.00332489895093079,30
D,14,4,42,1t,lattigo,2,3,180,408,30,1,1,add_cc,33.166,3.397,0.10242416933003679,30
D,14,4,42,1t,lattigo,2,3,180,408,30,1,1,add_cp,23.159,2.137,0.09227514141370526,30
D,14,4,42,1t,lattigo,2,3,180,408,30,1,1,mul_cp,100.557,3.785,0.03764034328788647,30
D,14,4,42,1t,lattigo,2,3,180,408,30,1,1,mul_cc,225.691,4.869,0.021573744633148862,30
D,14,4,42,1t,lattigo,2,3,180,408,30,1,1,mul_cc_rlk,3779.941,23.95,0.006336077732430215,30
D,14,4,42,1t,lattigo,2,3,180,408,30,1,1,relin,3532.989,20.119,0.005694611559786911,30
D,14,4,42,1t,lattigo,2,3,180,408,30,1,1,rescale,664.966,8.477,0.012748020199528998,30
D,14,4,42,1t,lattigo,2,3,180,408,30,1,1,rot1,3537.647,14.305,0.004043648221543868,30
D,14,4,42,1t,seal,5,1,60,288,150,4,5,add_cc,191.41,8.414,0.043957995924977795,30
D,14,4,42,1t,seal,5,1,60,288,150,4,5,add_cp,120.134,4.546,0.037841077463499094,30
D,14,4,42,1t,seal,5,1,60,288,150,4,5,mul_cp,567.896,11.197,0.019716638257709158,30
D,14,4,42,1t,seal,5,1,60,288,150,4,5,mul_cc,1186.432,15.667,0.013205139443305642,30
D,14,4,42,1t,seal,5,1,60,288,150,4,5,mul_cc_rlk,9272.027,28.886,0.0031153921359374816,30
D,14,4,42,1t,seal,5,1,60,288,150,4,5,relin,8211.478,25.734,0.0031339059789236485,30
D,14,4,42,1t,seal,5,1,60,288,150,4,5,rescale,1786.099,14.809,0.008291253732295913,30
D,14,4,42,1t,seal,5,1,60,288,150,4,5,rot1,8286.533,65.301,0.0078803765096935,30
D,14,4,42,1t,seal,5,1,60,288,150,3,4,add_cc,152.022,5.905,0.03884306218836748,30
D,14,4,42,1t,seal,5,1,60,288,150,3,4,add_cp,89.059,4.112,0.04617163902581435,30
D,14,4,42,1t,seal,5,1,60,288,150,3,4,mul_cp,442.017,7.072,0.015999384639052344,30
D,14,4,42,1t,seal,5,1,60,288,150,3,4,mul_cc,940.835,8.062,0.008568983934483729,30
D,14,4,42,1t,seal,5,1,60,288,150,3,4,mul_cc_rlk,6739.863,26.599,0.003946519387708622,30
D,14,4,42,1t,seal,5,1,60,288,150,3,4,relin,5904.894,32.187,0.005450902251589952,30
D,14,4,42,1t,seal,5,1,60,288,150,3,4,rescale,1402.236,10.253,0.007311893290430426,30
D,14,4,42,1t,seal,5,1,60,288,150,3,4,rot1,5933.543,11.824,0.0019927385712044223,30
D,14,4,42,1t,seal,5,1,60,288,150,2,3,add_cc,98.235,5.387,0.054837888736193816,30
D,14,4,42,1t,seal,5,1,60,288,150,2,3,add_cp,59.99,3.492,0.05820970161693615,30
D,14,4,42,1t,seal,5,1,60,288,150,2,3,mul_cp,320.667,5.306,0.01654676034640297,30
D,14,4,42,1t,seal,5,1,60,288,150,2,3,mul_cc,697.578,11.843,0.016977312931313774,30
D,14,4,42,1t,seal,5,1,60,288,150,2,3,mul_cc_rlk,4603.387,24.676,0.005360400939569061,30
D,14,4,42,1t,seal,5,1,60,288,150,2,3,relin,3964.414,27.252,0.006874155928215367,30
D,14,4,42,1t,seal,5,1,60,288,150,2,3,rescale,1018.882,8.317,0.008162868712961855,30
D,14,4,42,1t,seal,5,1,60,288,150,2,3,rot1,3998.965,22.115,0.005530180934316754,30
D,14,4,42,1t,seal,5,1,60,288,150,1,2,add_cc,59.893,3.327,0.05554906249478236,30
D,14,4,42,1t,seal,5,1,60,288,150,1,2,add_cp,34.662,2.459,0.0709422422249149,30
D,14,4,42,1t,seal,5,1,60,288,150,1,2,mul_cp,208.664,2.669,0.01279089828624008,30
D,14,4,42,1t,seal,5,1,60,288,150,1,2,mul_cc,450.529,6.685,0.014838112529937029,30
D,14,4,42,1t,seal,5,1,60,288,150,1,2,mul_cc_rlk,2805.131,17.129,0.006106310186583087,30
D,14,4,42,1t,seal,5,1,60,288,150,1,2,relin,2383.303,14.096,0.005914480869616662,30
D,14,4,42,1t,seal,5,1,60,288,150,1,2,rescale,641.993,6.528,0.010168335168763521,30
D,14,4,42,1t,seal,5,1,60,288,150,1,2,rot1,2405.417,14.505,0.006030139472698497,30
D,14,4,42,mt,openfhe,2,3,180,408,30,4,2,add_cc,268.971,7.213,0.026817017447977664,30
D,14,4,42,mt,openfhe,2,3,180,408,30,4,2,add_cp,237.76,45.257,0.19034740915208614,30
D,14,4,42,mt,openfhe,2,3,180,408,30,4,2,mul_cp,283.062,7.963,0.028131646070472194,30
D,14,4,42,mt,openfhe,2,3,180,408,30,4,2,mul_cc,1584.679,19.884,0.012547651606413664,30
D,14,4,42,mt,openfhe,2,3,180,408,30,4,2,mul_cc_rlk,11768.558,8763.384,0.7446438212736003,30
D,14,4,42,mt,openfhe,2,3,180,408,30,4,2,relin,7996.965,3596.256,0.4497026059261232,30
D,14,4,42,mt,openfhe,2,3,180,408,30,4,2,rescale,1287.442,332.24,0.2580621107591643,30
D,14,4,42,mt,openfhe,2,3,180,408,30,4,2,rot1,6727.317,287.671,0.04276162398769078,30
D,14,4,42,mt,openfhe,2,3,180,408,30,3,2,add_cc,210.66,9.951,0.04723725434349189,30
D,14,4,42,mt,openfhe,2,3,180,408,30,3,2,add_cp,168.273,4.483,0.026641231807836074,30
D,14,4,42,mt,openfhe,2,3,180,408,30,3,2,mul_cp,336.914,157.265,0.46678084021441674,30
D,14,4,42,mt,openfhe,2,3,180,408,30,3,2,mul_cc,1287.861,12.819,0.009953713948943248,30
D,14,4,42,mt,openfhe,2,3,180,408,30,3,2,mul_cc_rlk,7847.855,1906.883,0.24298142613491205,30
D,14,4,42,mt,openfhe,2,3,180,408,30,3,2,relin,7232.088,2729.077,0.37735671911071883,30
D,14,4,42,mt,openfhe,2,3,180,408,30,3,2,rescale,1125.98,11.623,0.010322563455834028,30
D,14,4,42,mt,openfhe,2,3,180,408,30,3,2,rot1,6640.3,1751.35,0.2637456139029863,30
D,14,4,42,mt,openfhe,2,3,180,408,30,2,1,add_cc,211.411,5.649,0.026720463930448274,30
D,14,4,42,mt,openfhe,2,3,180,408,30,2,1,add_cp,154.277,5.206,0.033744498531861525,30
D,14,4,42,mt,openfhe,2,3,180,408,30,2,1,mul_cp,224.82,8.022,0.035681878836402454,30
D,14,4,42,mt,openfhe,2,3,180,408,30,2,1,mul_cc,947.788,11.672,0.012314990272086164,30
D,14,4,42,mt,openfhe,2,3,180,408,30,2,1,mul_cc_rlk,5495.943,1579.042,0.2873104761093774,30
D,14,4,42,mt,openfhe,2,3,180,408,30,2,1,relin,5052.214,1431.573,0.2833555744075766,30
D,14,4,42,mt,openfhe,2,3,180,408,30,2,1,rescale,1160.773,30.027,0.02586810685637933,30
D,14,4,42,mt,openfhe,2,3,180,408,30,2,1,rot1,4690.692,285.745,0.06091745098590997,30
D,14,4,42,mt,openfhe,2,3,180,408,30,1,1,add_cc,138.275,4.044,0.029246067618875424,30
D,14,4,42,mt,openfhe,2,3,180,408,30,1,1,add_cp,90.585,4.028,0.044466523155047746,30
D,14,4,42,mt,openfhe,2,3,180,408,30,1,1,mul_cp,168.287,4.546,0.02701337595892731,30
D,14,4,42,mt,openfhe,2,3,180,408,30,1,1,mul_cc,486.896,7.027,0.014432240149847194,30
D,14,4,42,mt,openfhe,2,3,180,408,30,1,1,mul_cc_rlk,5697.272,3202.114,0.5620433779535188,30
D,14,4,42,mt,openfhe,2,3,180,408,30,1,1,relin,4651.011,298.332,0.06414347332225187,30
D,14,4,42,mt,openfhe,2,3,180,408,30,1,1,rescale,878.329,11.134,0.012676343374749098,30
D,14,4,42,mt,openfhe,2,3,180,408,30,1,1,rot1,5333.092,4095.433,0.7679284362617409,30
D,14,4,42,mt,lattigo,2,3,180,408,30,4,2,add_cc,120.901,19.979,0.16525090776751225,30
D,14,4,42,mt,lattigo,2,3,180,408,30,4,2,add_cp,93.123,6.184,0.06640679531372486,30
D,14,4,42,mt,lattigo,2,3,180,408,30,4,2,mul_cp,357.192,695.459,1.9470172904208378,30
D,14,4,42,mt,lattigo,2,3,180,408,30,4,2,mul_cc,495.737,10.633,0.021448873091982238,30
D,14,4,42,mt,lattigo,2,3,180,408,30,4,2,mul_cc_rlk,7924.07,29.919,0.0037757112191083623,30
D,14,4,42,mt,lattigo,2,3,180,408,30,4,2,relin,7467.135,93.93,0.012579121711339089,30
D,14,4,42,mt,lattigo,2,3,180,408,30,4,2,rescale,1615.696,24.775,0.015333948960695577,30
D,14,4,42,mt,lattigo,2,3,180,408,30,4,2,rot1,7452.974,31.552,0.004233477803625774,30
D,14,4,42,mt,lattigo,2,3,180,408,30,3,2,add_cc,91.437,6.034,0.065990791473911,30
D,14,4,42,mt,lattigo,2,3,180,408,30,3,2,add_cp,67.206,4.404,0.06552986340505311,30
D,14,4,42,mt,lattigo,2,3,180,408,30,3,2,mul_cp,218.49,7.359,0.03368117533983248,30
D,14,4,42,mt,lattigo,2,3,180,408,30,3,2,mul_cc,480.396,14.062,0.029271684193873385,30
D,14,4,42,mt,lattigo,2,3,180,408,30,3,2,mul_cc_rlk,7406.421,714.908,0.09652543380939323,30
D,14,4,42,mt,lattigo,2,3,180,408,30,3,2,relin,6582.688,40.328,0.006126372691520546,30
D,14,4,42,mt,lattigo,2,3,180,408,30,3,2,rescale,1291.247,22.18,0.01717719382891112,30
D,14,4,42,mt,lattigo,2,3,180,408,30,3,2,rot1,6592.555,31.074,0.004713498787647582,30
D,14,4,42,mt,lattigo,2,3,180,408,30,2,1,add_cc,60.545,3.354,0.055396812288380545,30
D,14,4,42,mt,lattigo,2,3,180,408,30,2,1,add_cp,38.409,3.75,0.09763336717956729,30
D,14,4,42,mt,lattigo,2,3,180,408,30,2,1,mul_cp,160.464,10.881,0.06780960215375412,30
D,14,4,42,mt,lattigo,2,3,180,408,30,2,1,mul_cc,302.803,40.88,0.1350052674511151,30
D,14,4,42,mt,lattigo,2,3,180,408,30,2,1,mul_cc_rlk,4437.122,27.28,0.0061481293505114346,30
D,14,4,42,mt,lattigo,2,3,180,408,30,2,1,relin,4144.742,15.994,0.0038588650391266814,30
D,14,4,42,mt,lattigo,2,3,180,408,30,2,1,rescale,968.477,15.257,0.01575360075665194,30
D,14,4,42,mt,lattigo,2,3,180,408,30,2,1,rot1,4145.916,16.031,0.003866696768579006,30
D,14,4,42,mt,lattigo,2,3,180,408,30,1,1,add_cc,33.159,4.343,0.13097499924605688,30
D,14,4,42,mt,lattigo,2,3,180,408,30,1,1,add_cp,22.615,2.461,0.10882157859827549,30
D,14,4,42,mt,lattigo,2,3,180,408,30,1,1,mul_cp,107.327,15.937,0.14849012829949593,30
D,14,4,42,mt,lattigo,2,3,180,408,30,1,1,mul_cc,427.906,1098.418,2.566960968063079,30
D,14,4,42,mt,lattigo,2,3,180,408,30,1,1,mul_cc_rlk,3641.419,90.709,0.024910344016988984,30
D,14,4,42,mt,lattigo,2,3,180,408,30,1,1,relin,3398.222,24.474,0.007202001517264028,30
D,14,4,42,mt,lattigo,2,3,180,408,30,1,1,rescale,645.756,12.66,0.019604928177206254,30
D,14,4,42,mt,lattigo,2,3,180,408,30,1,1,rot1,3397.603,19.973,0.005878556146789368,30
D,14,4,42,mt,seal,5,1,60,288,150,4,5,add_cc,196.353,7.343,0.03739693307461561,30
D,14,4,42,mt,seal,5,1,60,288,150,4,5,add_cp,123.508,5.675,0.04594844058684458,30
D,14,4,42,mt,seal,5,1,60,288,150,4,5,mul_cp,568.787,12.493,0.021964285400334394,30
D,14,4,42,mt,seal,5,1,60,288,150,4,5,mul_cc,1183.541,9.229,0.007797786472965448,30
D,14,4,42,mt,seal,5,1,60,288,150,4,5,mul_cc_rlk,9273.909,31.246,0.0033692372871029896,30
D,14,4,42,mt,seal,5,1,60,288,150,4,5,relin,8217.881,20.318,0.002472413509029883,30
D,14,4,42,mt,seal,5,1,60,288,150,4,5,rescale,1787.135,17.133,0.009586852699991886,30
D,14,4,42,mt,seal,5,1,60,288,150,4,5,rot1,8314.311,80.577,0.009691362278846679,30
D,14,4,42,mt,seal,5,1,60,288,150,3,4,add_cc,141.242,3.898,0.02759802325087439,30
D,14,4,42,mt,seal,5,1,60,288,150,3,4,add_cp,89.825,4.495,0.05004174784302811,30
D,14,4,42,mt,seal,5,1,60,288,150,3,4,mul_cp,444.799,10.262,0.02307109503393668,30
D,14,4,42,mt,seal,5,1,60,288,150,3,4,mul_cc,940.779,7.854,0.008348400633942722,30
D,14,4,42,mt,seal,5,1,60,288,150,3,4,mul_cc_rlk,6757.957,29.337,0.004341104863496468,30
D,14,4,42,mt,seal,5,1,60,288,150,3,4,relin,5924.144,90.158,0.015218738774749567,30
D,14,4,42,mt,seal,5,1,60,288,150,3,4,rescale,1396.972,12.87,0.00921278307653983,30
D,14,4,42,mt,seal,5,1,60,288,150,3,4,rot1,5967.074,17.641,0.0029563903514519844,30
D,14,4,42,mt,seal,5,1,60,288,150,2,3,add_cc,100.601,6.675,0.06635122911303068,30
D,14,4,42,mt,seal,5,1,60,288,150,2,3,add_cp,57.892,2.541,0.04389207489808609,30
D,14,4,42,mt,seal,5,1,60,288,150,2,3,mul_cp,321.071,8.452,0.026324395538681475,30
D,14,4,42,mt,seal,5,1,60,288,150,2,3,mul_cc,694.571,10.551,0.015190671651998139,30
D,14,4,42,mt,seal,5,1,60,288,150,2,3,mul_cc_rlk,4597.937,26.73,0.005813476783174715,30
D,14,4,42,mt,seal,5,1,60,288,150,2,3,relin,3967.427,19.312,0.004867638396371251,30
D,14,4,42,mt,seal,5,1,60,288,150,2,3,rescale,1015.697,7.844,0.007722775591539603,30
D,14,4,42,mt,seal,5,1,60,288,150,2,3,rot1,3991.955,24.263,0.006077974325862892,30
D,14,4,42,mt,seal,5,1,60,288,150,1,2,add_cc,58.788,4.193,0.07132407974416548,30
D,14,4,42,mt,seal,5,1,60,288,150,1,2,add_cp,36.446,2.966,0.081380672776162,30
D,14,4,42,mt,seal,5,1,60,288,150,1,2,mul_cp,209.624,5.561,0.026528450940731977,30
D,14,4,42,mt,seal,5,1,60,288,150,1,2,mul_cc,453.326,6.905,0.01523186404485955,30
D,14,4,42,mt,seal,5,1,60,288,150,1,2,mul_cc_rlk,2805.283,13.326,0.004750322872950787,30
D,14,4,42,mt,seal,5,1,60,288,150,1,2,relin,2375.354,14.673,0.006177184537546825,30
D,14,4,42,mt,seal,5,1,60,288,150,1,2,rescale,640.103,8.168,0.012760446365663026,30
D,14,4,42,mt,seal,5,1,60,288,150,1,2,rot1,2403.875,14.634,0.006087670947948625,30
