preset,logN,depth,delta,mode,library,dnum,PCount,logP,level,rep,enc_dec,rot1,ks_loss
A,15,12,42,1t,lattigo,3,5,300,1,0,33.6444,30.0788,3.5655999999999963
A,15,12,42,1t,lattigo,3,5,300,1,1,33.6268,30.0781,3.5487000000000037
A,15,12,42,1t,lattigo,3,5,300,1,2,33.6344,30.0829,3.5515000000000008
A,15,12,42,1t,lattigo,3,5,300,1,3,33.6266,30.0803,3.5463000000000022
A,15,12,42,1t,lattigo,3,5,300,1,4,33.6344,30.0811,3.5533
A,15,12,42,1t,lattigo,3,5,300,1,5,33.6288,30.0687,3.5600999999999985
A,15,12,42,1t,lattigo,3,5,300,1,6,33.6159,30.0794,3.5365000000000038
A,15,12,42,1t,lattigo,3,5,300,1,7,33.6291,30.0854,3.543700000000001
A,15,12,42,1t,lattigo,3,5,300,1,8,33.613,30.0676,3.5454000000000008
A,15,12,42,1t,lattigo,3,5,300,1,9,33.6242,30.0801,3.5441000000000003
A,15,12,42,1t,lattigo,3,5,300,1,10,33.6418,30.0726,3.569200000000002
A,15,12,42,1t,lattigo,3,5,300,1,11,33.6228,30.081,3.5417999999999985
A,15,12,42,1t,lattigo,3,5,300,2,0,33.6279,30.09,3.537899999999997
A,15,12,42,1t,lattigo,3,5,300,2,1,33.6207,30.0761,3.544599999999999
A,15,12,42,1t,lattigo,3,5,300,2,2,33.6243,30.0681,3.556199999999997
A,15,12,42,1t,lattigo,3,5,300,2,3,33.6245,30.079,3.545499999999997
A,15,12,42,1t,lattigo,3,5,300,2,4,33.6231,30.0791,3.5440000000000005
A,15,12,42,1t,lattigo,3,5,300,2,5,33.632,30.0663,3.5656999999999996
A,15,12,42,1t,lattigo,3,5,300,2,6,33.6284,30.0905,3.5379000000000005
A,15,12,42,1t,lattigo,3,5,300,2,7,33.6346,30.0728,3.561799999999998
A,15,12,42,1t,lattigo,3,5,300,2,8,33.6416,30.0716,3.5699999999999967
A,15,12,42,1t,lattigo,3,5,300,2,9,33.6335,30.0789,3.554599999999997
A,15,12,42,1t,lattigo,3,5,300,2,10,33.6213,30.0648,3.556499999999996
A,15,12,42,1t,lattigo,3,5,300,2,11,33.6187,30.0614,3.557299999999998
A,15,12,42,1t,lattigo,3,5,300,3,0,33.6282,30.0779,3.5503
A,15,12,42,1t,lattigo,3,5,300,3,1,33.6193,30.0894,3.5299000000000014
A,15,12,42,1t,lattigo,3,5,300,3,2,33.6281,30.0826,3.545500000000004
A,15,12,42,1t,lattigo,3,5,300,3,3,33.635,30.0695,3.5654999999999966
A,15,12,42,1t,lattigo,3,5,300,3,4,33.631,30.0778,3.5532000000000004
A,15,12,42,1t,lattigo,3,5,300,3,5,33.6303,30.0817,3.548599999999997
A,15,12,42,1t,lattigo,3,5,300,3,6,33.631,30.0749,3.5561000000000007
A,15,12,42,1t,lattigo,3,5,300,3,7,33.6216,30.0745,3.5471000000000004
A,15,12,42,1t,lattigo,3,5,300,3,8,33.641,30.0695,3.571499999999997
A,15,12,42,1t,lattigo,3,5,300,3,9,33.613,30.0797,3.5333000000000006
A,15,12,42,1t,lattigo,3,5,300,3,10,33.6371,30.0654,3.5716999999999963
A,15,12,42,1t,lattigo,3,5,300,3,11,33.6193,30.0853,3.5340000000000025
A,15,12,42,1t,lattigo,3,5,300,4,0,33.631,30.0771,3.5538999999999987
A,15,12,42,1t,lattigo,3,5,300,4,1,33.6313,30.0737,3.5576000000000043
A,15,12,42,1t,lattigo,3,5,300,4,2,33.6356,30.0613,3.5742999999999974
A,15,12,42,1t,lattigo,3,5,300,4,3,33.6264,30.0631,3.563299999999998
A,15,12,42,1t,lattigo,3,5,300,4,4,33.6253,30.0751,3.550200000000004
A,15,12,42,1t,lattigo,3,5,300,4,5,33.6385,30.0664,3.572099999999999
A,15,12,42,1t,lattigo,3,5,300,4,6,33.6368,30.08,3.5568000000000026
A,15,12,42,1t,lattigo,3,5,300,4,7,33.6199,30.0957,3.5242000000000004
A,15,12,42,1t,lattigo,3,5,300,4,8,33.6372,30.0763,3.5609
A,15,12,42,1t,lattigo,3,5,300,4,9,33.6202,30.0862,3.5339999999999954
A,15,12,42,1t,lattigo,3,5,300,4,10,33.6276,30.0782,3.549400000000002
A,15,12,42,1t,lattigo,3,5,300,4,11,33.6243,30.0729,3.5513999999999974
A,15,12,42,1t,lattigo,3,5,300,5,0,33.6378,30.0647,3.5731
A,15,12,42,1t,lattigo,3,5,300,5,1,33.6299,30.0649,3.5649999999999977
A,15,12,42,1t,lattigo,3,5,300,5,2,33.6279,30.0567,3.5711999999999975
A,15,12,42,1t,lattigo,3,5,300,5,3,33.632,30.0831,3.548899999999996
A,15,12,42,1t,lattigo,3,5,300,5,4,33.6315,30.085,3.5465000000000018
A,15,12,42,1t,lattigo,3,5,300,5,5,33.6251,30.0673,3.557800000000004
A,15,12,42,1t,lattigo,3,5,300,5,6,33.6337,30.0853,3.5483999999999973
A,15,12,42,1t,lattigo,3,5,300,5,7,33.633,30.0924,3.5406000000000013
A,15,12,42,1t,lattigo,3,5,300,5,8,33.637,30.0682,3.5687999999999995
A,15,12,42,1t,lattigo,3,5,300,5,9,33.6178,30.063,3.5548000000000037
A,15,12,42,1t,lattigo,3,5,300,5,10,33.6194,30.0736,3.5458
A,15,12,42,1t,lattigo,3,5,300,5,11,33.6215,30.0702,3.5512999999999977
A,15,12,42,1t,lattigo,3,5,300,6,0,33.6209,30.0767,3.5442
A,15,12,42,1t,lattigo,3,5,300,6,1,33.6392,30.0764,3.562800000000003
A,15,12,42,1t,lattigo,3,5,300,6,2,33.6251,30.0762,3.5489000000000033
A,15,12,42,1t,lattigo,3,5,300,6,3,33.642,30.0818,3.560200000000002
A,15,12,42,1t,lattigo,3,5,300,6,4,33.6238,30.0591,3.564700000000002
A,15,12,42,1t,lattigo,3,5,300,6,5,33.6314,30.0679,3.5634999999999977
A,15,12,42,1t,lattigo,3,5,300,6,6,33.6334,30.0707,3.562700000000003
A,15,12,42,1t,lattigo,3,5,300,6,7,33.6323,30.075,3.5573000000000015
A,15,12,42,1t,lattigo,3,5,300,6,8,33.6255,30.0814,3.544100000000004
A,15,12,42,1t,lattigo,3,5,300,6,9,33.6325,30.0647,3.567800000000002
A,15,12,42,1t,lattigo,3,5,300,6,10,33.6104,30.0676,3.5427999999999997
A,15,12,42,1t,lattigo,3,5,300,6,11,33.6293,30.0723,3.557000000000002
A,15,12,42,1t,lattigo,3,5,300,7,0,33.6343,30.0656,3.5687000000000033
A,15,12,42,1t,lattigo,3,5,300,7,1,33.626,30.0829,3.543099999999999
A,15,12,42,1t,lattigo,3,5,300,7,2,33.6491,30.0627,3.5863999999999976
A,15,12,42,1t,lattigo,3,5,300,7,3,33.624,30.0792,3.544800000000002
A,15,12,42,1t,lattigo,3,5,300,7,4,33.6364,30.0752,3.561200000000003
A,15,12,42,1t,lattigo,3,5,300,7,5,33.6312,30.0777,3.5534999999999997
A,15,12,42,1t,lattigo,3,5,300,7,6,33.6237,30.0776,3.546099999999999
A,15,12,42,1t,lattigo,3,5,300,7,7,33.6324,30.0825,3.5498999999999974
A,15,12,42,1t,lattigo,3,5,300,7,8,33.62,30.0734,3.546599999999998
A,15,12,42,1t,lattigo,3,5,300,7,9,33.6421,30.0723,3.5698000000000008
A,15,12,42,1t,lattigo,3,5,300,7,10,33.6282,30.078,3.5502000000000002
A,15,12,42,1t,lattigo,3,5,300,7,11,33.6212,30.0773,3.5439000000000007
A,15,12,42,1t,lattigo,3,5,300,8,0,33.622,30.0685,3.5534999999999997
A,15,12,42,1t,lattigo,3,5,300,8,1,33.6266,30.0797,3.5469000000000044
A,15,12,42,1t,lattigo,3,5,300,8,2,33.629,30.071,3.5579999999999963
A,15,12,42,1t,lattigo,3,5,300,8,3,33.6216,30.0624,3.5592000000000006
A,15,12,42,1t,lattigo,3,5,300,8,4,33.617,30.0753,3.5416999999999987
A,15,12,42,1t,lattigo,3,5,300,8,5,33.6298,30.0677,3.5621000000000045
A,15,12,42,1t,lattigo,3,5,300,8,6,33.6294,30.0651,3.564299999999996
A,15,12,42,1t,lattigo,3,5,300,8,7,33.6266,30.0858,3.5408000000000044
A,15,12,42,1t,lattigo,3,5,300,8,8,33.6288,30.0777,3.551099999999998
A,15,12,42,1t,lattigo,3,5,300,8,9,33.6372,30.082,3.5551999999999992
A,15,12,42,1t,lattigo,3,5,300,8,10,33.6289,30.0691,3.5598000000000027
A,15,12,42,1t,lattigo,3,5,300,8,11,33.6242,30.0756,3.5486000000000004
A,15,12,42,1t,lattigo,3,5,300,9,0,33.6179,30.0513,3.5665999999999976
A,15,12,42,1t,lattigo,3,5,300,9,1,33.6312,30.0661,3.565100000000001
A,15,12,42,1t,lattigo,3,5,300,9,2,33.6229,30.0808,3.5421000000000014
A,15,12,42,1t,lattigo,3,5,300,9,3,33.6328,30.0794,3.5534000000000034
A,15,12,42,1t,lattigo,3,5,300,9,4,33.6391,30.0737,3.5654000000000003
A,15,12,42,1t,lattigo,3,5,300,9,5,33.6426,30.071,3.5716
A,15,12,42,1t,lattigo,3,5,300,9,6,33.6339,30.0746,3.559299999999997
A,15,12,42,1t,lattigo,3,5,300,9,7,33.6392,30.0679,3.571300000000001
A,15,12,42,1t,lattigo,3,5,300,9,8,33.6252,30.0804,3.5447999999999986
A,15,12,42,1t,lattigo,3,5,300,9,9,33.6309,30.0802,3.5506999999999955
A,15,12,42,1t,lattigo,3,5,300,9,10,33.6357,30.0684,3.5672999999999995
A,15,12,42,1t,lattigo,3,5,300,9,11,33.6205,30.073,3.5474999999999994
A,15,12,42,1t,lattigo,3,5,300,10,0,33.6263,30.0731,3.5532000000000004
A,15,12,42,1t,lattigo,3,5,300,10,1,33.6387,30.0747,3.564
A,15,12,42,1t,lattigo,3,5,300,10,2,33.6291,30.0779,3.5512000000000015
A,15,12,42,1t,lattigo,3,5,300,10,3,33.6322,30.0863,3.545899999999996
A,15,12,42,1t,lattigo,3,5,300,10,4,33.6182,30.07,3.5482000000000014
A,15,12,42,1t,lattigo,3,5,300,10,5,33.6437,30.0824,3.561300000000003
A,15,12,42,1t,lattigo,3,5,300,10,6,33.6274,30.0793,3.5481000000000016
A,15,12,42,1t,lattigo,3,5,300,10,7,33.6285,30.0852,3.543300000000002
A,15,12,42,1t,lattigo,3,5,300,10,8,33.6271,30.0807,3.5463999999999984
A,15,12,42,1t,lattigo,3,5,300,10,9,33.6338,30.0917,3.5421000000000014
A,15,12,42,1t,lattigo,3,5,300,10,10,33.6261,30.0708,3.5553000000000026
A,15,12,42,1t,lattigo,3,5,300,10,11,33.6235,30.0876,3.5359000000000016
A,15,12,42,1t,lattigo,3,5,300,11,0,33.6235,30.0766,3.546900000000001
A,15,12,42,1t,lattigo,3,5,300,11,1,33.6307,30.0932,3.537499999999998
A,15,12,42,1t,lattigo,3,5,300,11,2,33.6348,30.0872,3.547599999999999
A,15,12,42,1t,lattigo,3,5,300,11,3,33.6408,30.0781,3.5626999999999995
A,15,12,42,1t,lattigo,3,5,300,11,4,33.6374,30.0664,3.570999999999998
A,15,12,42,1t,lattigo,3,5,300,11,5,33.63,30.0781,3.5519000000000034
A,15,12,42,1t,lattigo,3,5,300,11,6,33.6311,30.0839,3.5472000000000037
A,15,12,42,1t,lattigo,3,5,300,11,7,33.6298,30.0737,3.5561000000000043
A,15,12,42,1t,lattigo,3,5,300,11,8,33.6133,30.0659,3.547400000000003
A,15,12,42,1t,lattigo,3,5,300,11,9,33.6287,30.0791,3.5496000000000016
A,15,12,42,1t,lattigo,3,5,300,11,10,33.6252,30.0767,3.5485000000000007
A,15,12,42,1t,lattigo,3,5,300,11,11,33.6175,30.0816,3.535899999999998
A,15,12,42,1t,lattigo,3,5,300,12,0,33.6305,30.0823,3.548199999999998
A,15,12,42,1t,lattigo,3,5,300,12,1,33.6365,30.0909,3.5455999999999968
A,15,12,42,1t,lattigo,3,5,300,12,2,33.6274,30.0587,3.5686999999999998
A,15,12,42,1t,lattigo,3,5,300,12,3,33.6314,30.0824,3.5489999999999995
A,15,12,42,1t,lattigo,3,5,300,12,4,33.626,30.0718,3.554199999999998
A,15,12,42,1t,lattigo,3,5,300,12,5,33.6289,30.0944,3.5345000000000013
A,15,12,42,1t,lattigo,3,5,300,12,6,33.6412,30.0786,3.562599999999996
A,15,12,42,1t,lattigo,3,5,300,12,7,33.6298,30.0825,3.5473000000000035
A,15,12,42,1t,lattigo,3,5,300,12,8,33.6284,30.078,3.5504
A,15,12,42,1t,lattigo,3,5,300,12,9,33.6298,30.0878,3.5420000000000016
A,15,12,42,1t,lattigo,3,5,300,12,10,33.6282,30.0725,3.555699999999998
A,15,12,42,1t,lattigo,3,5,300,12,11,33.6161,30.0773,3.538800000000002
A,15,12,42,1t,openfhe,3,4,240,1,0,30.313,27.9268,2.3861999999999988
A,15,12,42,1t,openfhe,3,4,240,1,1,30.3213,27.4017,2.919599999999999
A,15,12,42,1t,openfhe,3,4,240,1,2,30.3216,27.0893,3.2322999999999986
A,15,12,42,1t,openfhe,3,4,240,1,3,30.3131,27.1766,3.136499999999998
A,15,12,42,1t,openfhe,3,4,240,1,4,30.3151,27.4932,2.8218999999999994
A,15,12,42,1t,openfhe,3,4,240,1,5,30.3157,28.136,2.1797000000000004
A,15,12,42,1t,openfhe,3,4,240,1,6,30.3178,27.8453,2.4724999999999966
A,15,12,42,1t,openfhe,3,4,240,1,7,30.3102,27.1861,3.1240999999999985
A,15,12,42,1t,openfhe,3,4,240,1,8,30.3215,26.0549,4.2666
A,15,12,42,1t,openfhe,3,4,240,1,9,30.3221,27.06,3.2621
A,15,12,42,1t,openfhe,3,4,240,1,10,30.3218,26.6063,3.7154999999999987
A,15,12,42,1t,openfhe,3,4,240,1,11,30.3194,27.7606,2.5588000000000015
A,15,12,42,1t,openfhe,3,4,240,2,0,30.3056,27.893,2.4125999999999976
A,15,12,42,1t,openfhe,3,4,240,2,1,30.3135,27.3948,2.918700000000001
A,15,12,42,1t,openfhe,3,4,240,2,2,30.315,27.0933,3.221700000000002
A,15,12,42,1t,openfhe,3,4,240,2,3,30.3025,27.1679,3.134599999999999
A,15,12,42,1t,openfhe,3,4,240,2,4,30.3292,27.4886,2.8405999999999985
A,15,12,42,1t,openfhe,3,4,240,2,5,30.3023,28.1365,2.1657999999999973
A,15,12,42,1t,openfhe,3,4,240,2,6,30.3138,27.838,2.4757999999999996
A,15,12,42,1t,openfhe,3,4,240,2,7,30.3218,27.1824,3.1393999999999984
A,15,12,42,1t,openfhe,3,4,240,2,8,30.3203,26.0503,4.27
A,15,12,42,1t,openfhe,3,4,240,2,9,30.3161,27.0531,3.262999999999998
A,15,12,42,1t,openfhe,3,4,240,2,10,30.3112,26.5985,3.712699999999998
A,15,12,42,1t,openfhe,3,4,240,2,11,30.3076,27.7542,2.5534
A,15,12,42,1t,openfhe,3,4,240,3,0,30.323,27.9198,2.403200000000002
A,15,12,42,1t,openfhe,3,4,240,3,1,30.3227,27.3919,2.9308000000000014
A,15,12,42,1t,openfhe,3,4,240,3,2,30.3228,27.1059,3.2169000000000025
A,15,12,42,1t,openfhe,3,4,240,3,3,30.3167,27.1693,3.147400000000001
A,15,12,42,1t,openfhe,3,4,240,3,4,30.3157,27.4861,2.8295999999999992
A,15,12,42,1t,openfhe,3,4,240,3,5,30.3204,28.1436,2.1768
A,15,12,42,1t,openfhe,3,4,240,3,6,30.3264,27.8563,2.4700999999999986
A,15,12,42,1t,openfhe,3,4,240,3,7,30.3192,27.1849,3.1342999999999996
A,15,12,42,1t,openfhe,3,4,240,3,8,30.323,26.0648,4.258199999999999
A,15,12,42,1t,openfhe,3,4,240,3,9,30.3124,27.0408,3.2715999999999994
A,15,12,42,1t,openfhe,3,4,240,3,10,30.3159,26.599,3.716899999999999
A,15,12,42,1t,openfhe,3,4,240,3,11,30.3233,27.7591,2.5641999999999996
A,15,12,42,1t,openfhe,3,4,240,4,0,30.3227,27.9302,2.392500000000002
A,15,12,42,1t,openfhe,3,4,240,4,1,30.3294,27.4007,2.928699999999999
A,15,12,42,1t,openfhe,3,4,240,4,2,30.313,27.1115,3.2014999999999993
A,15,12,42,1t,openfhe,3,4,240,4,3,30.3087,27.1631,3.1456000000000017
A,15,12,42,1t,openfhe,3,4,240,4,4,30.3324,27.4884,2.844000000000001
A,15,12,42,1t,openfhe,3,4,240,4,5,30.3184,28.1395,2.1788999999999987
A,15,12,42,1t,openfhe,3,4,240,4,6,30.2969,27.856,2.440899999999999
A,15,12,42,1t,openfhe,3,4,240,4,7,30.3323,27.2043,3.128
A,15,12,42,1t,openfhe,3,4,240,4,8,30.3123,26.0659,4.246400000000001
A,15,12,42,1t,openfhe,3,4,240,4,9,30.3304,27.0469,3.2835
A,15,12,42,1t,openfhe,3,4,240,4,10,30.3199,26.6183,3.701599999999999
A,15,12,42,1t,openfhe,3,4,240,4,11,30.3211,27.768,2.5531000000000006
A,15,12,42,1t,openfhe,3,4,240,5,0,30.3154,27.9039,2.4115
A,15,12,42,1t,openfhe,3,4,240,5,1,30.3192,27.3919,2.927299999999999
A,15,12,42,1t,openfhe,3,4,240,5,2,30.3217,27.0895,3.232199999999999
A,15,12,42,1t,openfhe,3,4,240,5,3,30.3226,27.1703,3.1523000000000003
A,15,12,42,1t,openfhe,3,4,240,5,4,30.3042,27.4955,2.8087000000000018
A,15,12,42,1t,openfhe,3,4,240,5,5,30.3239,28.1509,2.1729999999999983
A,15,12,42,1t,openfhe,3,4,240,5,6,30.3215,27.8309,2.4906000000000006
A,15,12,42,1t,openfhe,3,4,240,5,7,30.323,27.1564,3.166599999999999
A,15,12,42,1t,openfhe,3,4,240,5,8,30.2991,26.0511,4.2479999999999976
A,15,12,42,1t,openfhe,3,4,240,5,9,30.3152,27.0315,3.2836999999999996
A,15,12,42,1t,openfhe,3,4,240,5,10,30.3271,26.5827,3.7444000000000024
A,15,12,42,1t,openfhe,3,4,240,5,11,30.3363,27.7584,2.5778999999999996
A,15,12,42,1t,openfhe,3,4,240,6,0,30.3036,27.9336,2.370000000000001
A,15,12,42,1t,openfhe,3,4,240,6,1,30.3193,27.3973,2.921999999999997
A,15,12,42,1t,openfhe,3,4,240,6,2,30.321,27.0878,3.2332
A,15,12,42,1t,openfhe,3,4,240,6,3,30.3161,27.1696,3.1464999999999996
A,15,12,42,1t,openfhe,3,4,240,6,4,30.3091,27.4918,2.8172999999999995
A,15,12,42,1t,openfhe,3,4,240,6,5,30.3272,28.1375,2.189700000000002
A,15,12,42,1t,openfhe,3,4,240,6,6,30.3217,27.8591,2.4625999999999983
A,15,12,42,1t,openfhe,3,4,240,6,7,30.3248,27.2045,3.1203000000000003
A,15,12,42,1t,openfhe,3,4,240,6,8,30.31,26.0569,4.2531
A,15,12,42,1t,openfhe,3,4,240,6,9,30.34,27.0397,3.3003
A,15,12,42,1t,openfhe,3,4,240,6,10,30.3138,26.5969,3.716899999999999
A,15,12,42,1t,openfhe,3,4,240,6,11,30.3207,27.7448,2.575899999999997
A,15,12,42,1t,openfhe,3,4,240,7,0,30.3377,27.9088,2.4289000000000023
A,15,12,42,1t,openfhe,3,4,240,7,1,30.3276,27.4144,2.9132
A,15,12,42,1t,openfhe,3,4,240,7,2,30.316,27.1089,3.2071000000000005
A,15,12,42,1t,openfhe,3,4,240,7,3,30.3252,27.1628,3.162399999999998
A,15,12,42,1t,openfhe,3,4,240,7,4,30.3255,27.4865,2.839000000000002
A,15,12,42,1t,openfhe,3,4,240,7,5,30.3174,28.1509,2.166499999999999
A,15,12,42,1t,openfhe,3,4,240,7,6,30.3165,27.8548,2.4617000000000004
A,15,12,42,1t,openfhe,3,4,240,7,7,30.3066,27.1824,3.1241999999999983
A,15,12,42,1t,openfhe,3,4,240,7,8,30.3183,26.071,4.247299999999999
A,15,12,42,1t,openfhe,3,4,240,7,9,30.3049,27.0362,3.268699999999999
A,15,12,42,1t,openfhe,3,4,240,7,10,30.3146,26.625,3.6895999999999987
A,15,12,42,1t,openfhe,3,4,240,7,11,30.314,27.7598,2.5542000000000016
A,15,12,42,1t,openfhe,3,4,240,8,0,30.319,27.913,2.405999999999999
A,15,12,42,1t,openfhe,3,4,240,8,1,30.3062,27.4076,2.898600000000002
A,15,12,42,1t,openfhe,3,4,240,8,2,30.3162,27.0916,3.224599999999999
A,15,12,42,1t,openfhe,3,4,240,8,3,30.3128,27.1699,3.142900000000001
A,15,12,42,1t,openfhe,3,4,240,8,4,30.3225,27.4829,2.839600000000001
A,15,12,42,1t,openfhe,3,4,240,8,5,30.2977,28.1295,2.168199999999999
A,15,12,42,1t,openfhe,3,4,240,8,6,30.3309,27.839,2.491900000000001
A,15,12,42,1t,openfhe,3,4,240,8,7,30.3039,27.1789,3.125
A,15,12,42,1t,openfhe,3,4,240,8,8,30.3177,26.0499,4.267799999999998
A,15,12,42,1t,openfhe,3,4,240,8,9,30.3141,27.0493,3.264800000000001
A,15,12,42,1t,openfhe,3,4,240,8,10,30.322,26.6097,3.712299999999999
A,15,12,42,1t,openfhe,3,4,240,8,11,30.3098,27.777,2.532799999999998
A,15,12,42,1t,openfhe,3,4,240,9,0,30.3179,27.9108,2.4071000000000033
A,15,12,42,1t,openfhe,3,4,240,9,1,30.3039,27.403,2.9009
A,15,12,42,1t,openfhe,3,4,240,9,2,30.3049,27.0976,3.2073
A,15,12,42,1t,openfhe,3,4,240,9,3,30.339,27.1681,3.1708999999999996
A,15,12,42,1t,openfhe,3,4,240,9,4,30.3244,27.4925,2.831900000000001
A,15,12,42,1t,openfhe,3,4,240,9,5,30.312,28.1464,2.1656000000000013
A,15,12,42,1t,openfhe,3,4,240,9,6,30.3238,27.8712,2.452599999999997
A,15,12,42,1t,openfhe,3,4,240,9,7,30.3214,27.1779,3.1434999999999995
A,15,12,42,1t,openfhe,3,4,240,9,8,30.3135,26.046,4.267500000000002
A,15,12,42,1t,openfhe,3,4,240,9,9,30.3027,27.0437,3.2590000000000003
A,15,12,42,1t,openfhe,3,4,240,9,10,30.3166,26.6181,3.698500000000003
A,15,12,42,1t,openfhe,3,4,240,9,11,30.3196,27.7598,2.5598000000000027
A,15,12,42,1t,openfhe,3,4,240,10,0,30.3266,27.9062,2.4204000000000008
A,15,12,42,1t,openfhe,3,4,240,10,1,30.3181,27.4042,2.9139000000000017
A,15,12,42,1t,openfhe,3,4,240,10,2,30.312,27.1007,3.2113000000000014
A,15,12,42,1t,openfhe,3,4,240,10,3,30.3103,27.152,3.1583000000000006
A,15,12,42,1t,openfhe,3,4,240,10,4,30.3283,27.4774,2.8508999999999993
A,15,12,42,1t,openfhe,3,4,240,10,5,30.3181,28.1406,2.177500000000002
A,15,12,42,1t,openfhe,3,4,240,10,6,30.3088,27.8337,2.475100000000001
A,15,12,42,1t,openfhe,3,4,240,10,7,30.3208,27.1994,3.1213999999999977
A,15,12,42,1t,openfhe,3,4,240,10,8,30.3177,26.0599,4.2578
A,15,12,42,1t,openfhe,3,4,240,10,9,30.3239,27.0416,3.2822999999999993
A,15,12,42,1t,openfhe,3,4,240,10,10,30.3323,26.6012,3.7311000000000014
A,15,12,42,1t,openfhe,3,4,240,10,11,30.3201,27.7629,2.5572000000000017
A,15,12,42,1t,openfhe,3,4,240,11,0,30.3238,27.946,2.377799999999997
A,15,12,42,1t,openfhe,3,4,240,11,1,30.3207,27.3975,2.923199999999998
A,15,12,42,1t,openfhe,3,4,240,11,2,30.3183,27.1148,3.203500000000002
A,15,12,42,1t,openfhe,3,4,240,11,3,30.3178,27.1643,3.1534999999999975
A,15,12,42,1t,openfhe,3,4,240,11,4,30.3233,27.4906,2.832699999999999
A,15,12,42,1t,openfhe,3,4,240,11,5,30.3132,28.1339,2.179299999999998
A,15,12,42,1t,openfhe,3,4,240,11,6,30.3125,27.8553,2.4572000000000003
A,15,12,42,1t,openfhe,3,4,240,11,7,30.3225,27.1767,3.1458000000000013
A,15,12,42,1t,openfhe,3,4,240,11,8,30.3165,26.0619,4.2546
A,15,12,42,1t,openfhe,3,4,240,11,9,30.3381,27.0405,3.297599999999999
A,15,12,42,1t,openfhe,3,4,240,11,10,30.3179,26.5982,3.719700000000003
A,15,12,42,1t,openfhe,3,4,240,11,11,30.3159,27.7644,2.5515000000000008
A,15,12,42,1t,openfhe,3,4,240,12,0,30.3036,27.9146,2.3889999999999993
A,15,12,42,1t,openfhe,3,4,240,12,1,30.3257,27.4038,2.921900000000001
A,15,12,42,1t,openfhe,3,4,240,12,2,30.3143,27.0889,3.2254000000000005
A,15,12,42,1t,openfhe,3,4,240,12,3,30.321,27.1759,3.145100000000003
A,15,12,42,1t,openfhe,3,4,240,12,4,30.3188,27.4872,2.831599999999998
A,15,12,42,1t,openfhe,3,4,240,12,5,30.3125,28.1421,2.1704000000000008
A,15,12,42,1t,openfhe,3,4,240,12,6,30.3183,27.8537,2.464600000000001
A,15,12,42,1t,openfhe,3,4,240,12,7,30.3274,27.1871,3.1403
A,15,12,42,1t,openfhe,3,4,240,12,8,30.3149,26.052,4.262900000000002
A,15,12,42,1t,openfhe,3,4,240,12,9,30.3225,27.0475,3.275000000000002
A,15,12,42,1t,openfhe,3,4,240,12,10,30.3276,26.6093,3.7182999999999993
A,15,12,42,1t,openfhe,3,4,240,12,11,30.3197,27.7739,2.5458
A,15,12,42,1t,seal,13,1,60,1,0,33.6276,27.9559,5.671700000000001
A,15,12,42,1t,seal,13,1,60,1,1,33.6031,27.9736,5.629499999999997
A,15,12,42,1t,seal,13,1,60,1,2,33.6304,27.9841,5.6463
A,15,12,42,1t,seal,13,1,60,1,3,33.6247,27.9771,5.647599999999997
A,15,12,42,1t,seal,13,1,60,1,4,33.6158,27.9949,5.620899999999999
A,15,12,42,1t,seal,13,1,60,1,5,33.6246,27.921,5.703600000000002
A,15,12,42,1t,seal,13,1,60,1,6,33.6384,27.968,5.670399999999997
A,15,12,42,1t,seal,13,1,60,1,7,33.6189,27.963,5.6558999999999955
A,15,12,42,1t,seal,13,1,60,1,8,33.6095,27.9316,5.6778999999999975
A,15,12,42,1t,seal,13,1,60,1,9,33.6222,27.9823,5.639900000000001
A,15,12,42,1t,seal,13,1,60,1,10,33.607,27.9732,5.633800000000001
A,15,12,42,1t,seal,13,1,60,1,11,33.6157,27.9712,5.644499999999997
A,15,12,42,1t,seal,13,1,60,2,0,33.6239,27.9527,5.671199999999999
A,15,12,42,1t,seal,13,1,60,2,1,33.6197,27.9783,5.641400000000001
A,15,12,42,1t,seal,13,1,60,2,2,33.6131,27.9814,5.631700000000002
A,15,12,42,1t,seal,13,1,60,2,3,33.6191,27.9822,5.636900000000004
A,15,12,42,1t,seal,13,1,60,2,4,33.6208,27.992,5.628800000000002
A,15,12,42,1t,seal,13,1,60,2,5,33.6322,27.9268,5.705399999999997
A,15,12,42,1t,seal,13,1,60,2,6,33.6403,27.9773,5.663000000000004
A,15,12,42,1t,seal,13,1,60,2,7,33.6193,27.9435,5.675800000000002
A,15,12,42,1t,seal,13,1,60,2,8,33.6145,27.9363,5.6782
A,15,12,42,1t,seal,13,1,60,2,9,33.6285,27.9786,5.649900000000002
A,15,12,42,1t,seal,13,1,60,2,10,33.5965,27.9654,5.6311
A,15,12,42,1t,seal,13,1,60,2,11,33.6365,27.971,5.665499999999998
A,15,12,42,1t,seal,13,1,60,3,0,33.6349,27.9556,5.679300000000001
A,15,12,42,1t,seal,13,1,60,3,1,33.604,27.9662,5.637799999999999
A,15,12,42,1t,seal,13,1,60,3,2,33.6108,27.9883,5.622499999999999
A,15,12,42,1t,seal,13,1,60,3,3,33.6148,27.9747,5.640100000000004
A,15,12,42,1t,seal,13,1,60,3,4,33.5988,27.9816,5.617199999999997
A,15,12,42,1t,seal,13,1,60,3,5,33.6204,27.9319,5.688499999999998
A,15,12,42,1t,seal,13,1,60,3,6,33.5986,27.9726,5.625999999999998
A,15,12,42,1t,seal,13,1,60,3,7,33.6072,27.9591,5.6480999999999995
A,15,12,42,1t,seal,13,1,60,3,8,33.621,27.9374,5.683600000000002
A,15,12,42,1t,seal,13,1,60,3,9,33.6292,27.9653,5.663899999999998
A,15,12,42,1t,seal,13,1,60,3,10,33.6086,27.973,5.635600000000004
A,15,12,42,1t,seal,13,1,60,3,11,33.6216,27.9647,5.6569
A,15,12,42,1t,seal,13,1,60,4,0,33.6185,27.9523,5.666199999999996
A,15,12,42,1t,seal,13,1,60,4,1,33.6238,27.9673,5.656500000000001
A,15,12,42,1t,seal,13,1,60,4,2,33.6312,27.9855,5.6457000000000015
A,15,12,42,1t,seal,13,1,60,4,3,33.6247,27.9892,5.635499999999997
A,15,12,42,1t,seal,13,1,60,4,4,33.5974,27.9831,5.6143
A,15,12,42,1t,seal,13,1,60,4,5,33.6236,27.92,5.703600000000002
A,15,12,42,1t,seal,13,1,60,4,6,33.6214,27.968,5.653400000000001
A,15,12,42,1t,seal,13,1,60,4,7,33.6209,27.955,5.665900000000001
A,15,12,42,1t,seal,13,1,60,4,8,33.6389,27.9128,5.726099999999999
A,15,12,42,1t,seal,13,1,60,4,9,33.6197,27.9808,5.638900000000003
A,15,12,42,1t,seal,13,1,60,4,10,33.6156,27.9679,5.6477
A,15,12,42,1t,seal,13,1,60,4,11,33.6118,27.9411,5.670700000000004
A,15,12,42,1t,seal,13,1,60,5,0,33.6103,27.968,5.642300000000002
A,15,12,42,1t,seal,13,1,60,5,1,33.6115,27.9684,5.6431000000000004
A,15,12,42,1t,seal,13,1,60,5,2,33.6218,27.9753,5.6465
A,15,12,42,1t,seal,13,1,60,5,3,33.6257,27.9858,5.639900000000001
A,15,12,42,1t,seal,13,1,60,5,4,33.5987,28.0062,5.592500000000001
A,15,12,42,1t,seal,13,1,60,5,5,33.6251,27.925,5.700100000000003
A,15,12,42,1t,seal,13,1,60,5,6,33.6094,27.9722,5.6372
A,15,12,42,1t,seal,13,1,60,5,7,33.6077,27.9499,5.657800000000002
A,15,12,42,1t,seal,13,1,60,5,8,33.6228,27.9198,5.702999999999999
A,15,12,42,1t,seal,13,1,60,5,9,33.6169,27.9794,5.637500000000003
A,15,12,42,1t,seal,13,1,60,5,10,33.6202,27.9748,5.645399999999999
A,15,12,42,1t,seal,13,1,60,5,11,33.6184,27.9534,5.665000000000003
A,15,12,42,1t,seal,13,1,60,6,0,33.6126,27.9535,5.659100000000002
A,15,12,42,1t,seal,13,1,60,6,1,33.6195,27.9595,5.660000000000004
A,15,12,42,1t,seal,13,1,60,6,2,33.6285,27.9722,5.656300000000002
A,15,12,42,1t,seal,13,1,60,6,3,33.618,27.9778,5.640200000000004
A,15,12,42,1t,seal,13,1,60,6,4,33.6141,27.9924,5.621700000000001
A,15,12,42,1t,seal,13,1,60,6,5,33.6214,27.9304,5.6910000000000025
A,15,12,42,1t,seal,13,1,60,6,6,33.6128,27.9581,5.654699999999998
A,15,12,42,1t,seal,13,1,60,6,7,33.6307,27.9428,5.687899999999999
A,15,12,42,1t,seal,13,1,60,6,8,33.6137,27.9151,5.6986000000000026
A,15,12,42,1t,seal,13,1,60,6,9,33.6039,27.9738,5.630100000000002
A,15,12,42,1t,seal,13,1,60,6,10,33.6168,27.9702,5.646599999999999
A,15,12,42,1t,seal,13,1,60,6,11,33.6145,27.9639,5.650600000000001
A,15,12,42,1t,seal,13,1,60,7,0,33.6051,27.9571,5.648
A,15,12,42,1t,seal,13,1,60,7,1,33.6151,27.9643,5.650799999999997
A,15,12,42,1t,seal,13,1,60,7,2,33.6212,27.9896,5.631600000000002
A,15,12,42,1t,seal,13,1,60,7,3,33.6231,27.9761,5.647000000000002
A,15,12,42,1t,seal,13,1,60,7,4,33.6188,27.9973,5.621500000000001
A,15,12,42,1t,seal,13,1,60,7,5,33.6191,27.9267,5.692400000000003
A,15,12,42,1t,seal,13,1,60,7,6,33.6249,27.9749,5.649999999999995
A,15,12,42,1t,seal,13,1,60,7,7,33.6189,27.9533,5.665599999999998
A,15,12,42,1t,seal,13,1,60,7,8,33.6176,27.9378,5.679800000000004
A,15,12,42,1t,seal,13,1,60,7,9,33.6076,27.9846,5.6229999999999976
A,15,12,42,1t,seal,13,1,60,7,10,33.628,27.9675,5.660499999999999
A,15,12,42,1t,seal,13,1,60,7,11,33.6273,27.9655,5.6617999999999995
A,15,12,42,1t,seal,13,1,60,8,0,33.6215,27.9601,5.661399999999997
A,15,12,42,1t,seal,13,1,60,8,1,33.6113,27.9706,5.640699999999999
A,15,12,42,1t,seal,13,1,60,8,2,33.6027,27.9875,5.615199999999998
A,15,12,42,1t,seal,13,1,60,8,3,33.6106,27.9792,5.631399999999999
A,15,12,42,1t,seal,13,1,60,8,4,33.6067,27.9981,5.608599999999996
A,15,12,42,1t,seal,13,1,60,8,5,33.6203,27.9249,5.695399999999999
A,15,12,42,1t,seal,13,1,60,8,6,33.6165,27.9657,5.650800000000004
A,15,12,42,1t,seal,13,1,60,8,7,33.6106,27.9479,5.662699999999997
A,15,12,42,1t,seal,13,1,60,8,8,33.6154,27.9341,5.6813
A,15,12,42,1t,seal,13,1,60,8,9,33.6122,27.9818,5.630400000000002
A,15,12,42,1t,seal,13,1,60,8,10,33.6215,27.9708,5.650699999999997
A,15,12,42,1t,seal,13,1,60,8,11,33.6208,27.9449,5.675900000000002
A,15,12,42,1t,seal,13,1,60,9,0,33.6305,27.979,5.651499999999999
A,15,12,42,1t,seal,13,1,60,9,1,33.6197,27.9569,5.662800000000001
A,15,12,42,1t,seal,13,1,60,9,2,33.6083,27.979,5.629300000000001
A,15,12,42,1t,seal,13,1,60,9,3,33.63,27.9761,5.653900000000004
A,15,12,42,1t,seal,13,1,60,9,4,33.639,28.0065,5.632500000000004
A,15,12,42,1t,seal,13,1,60,9,5,33.624,27.9326,5.691400000000002
A,15,12,42,1t,seal,13,1,60,9,6,33.621,27.9698,5.651200000000003
A,15,12,42,1t,seal,13,1,60,9,7,33.6165,27.9491,5.667400000000001
A,15,12,42,1t,seal,13,1,60,9,8,33.6108,27.9274,5.683399999999999
A,15,12,42,1t,seal,13,1,60,9,9,33.6168,27.99,5.626799999999999
A,15,12,42,1t,seal,13,1,60,9,10,33.6083,27.9854,5.622900000000001
A,15,12,42,1t,seal,13,1,60,9,11,33.6319,27.9528,5.679100000000002
A,15,12,42,1t,seal,13,1,60,10,0,33.6277,27.9555,5.672199999999997
A,15,12,42,1t,seal,13,1,60,10,1,33.6277,27.9643,5.663399999999996
A,15,12,42,1t,seal,13,1,60,10,2,33.6207,27.9812,5.639499999999998
A,15,12,42,1t,seal,13,1,60,10,3,33.6081,27.9691,5.638999999999999
A,15,12,42,1t,seal,13,1,60,10,4,33.6251,28.0016,5.6235000000000035
A,15,12,42,1t,seal,13,1,60,10,5,33.6236,27.9449,5.678700000000003
A,15,12,42,1t,seal,13,1,60,10,6,33.6079,27.9722,5.6357
A,15,12,42,1t,seal,13,1,60,10,7,33.6289,27.9404,5.688500000000001
A,15,12,42,1t,seal,13,1,60,10,8,33.618,27.9348,5.683200000000003
A,15,12,42,1t,seal,13,1,60,10,9,33.6105,27.9666,5.643900000000002
A,15,12,42,1t,seal,13,1,60,10,10,33.6265,27.969,5.657499999999999
A,15,12,42,1t,seal,13,1,60,10,11,33.6308,27.9462,5.6846
A,15,12,42,1t,seal,13,1,60,11,0,33.6206,27.97,5.650600000000004
A,15,12,42,1t,seal,13,1,60,11,1,33.6085,27.9808,5.627700000000001
A,15,12,42,1t,seal,13,1,60,11,2,33.6061,27.9723,5.633799999999997
A,15,12,42,1t,seal,13,1,60,11,3,33.6261,27.9796,5.6465
A,15,12,42,1t,seal,13,1,60,11,4,33.6258,27.99,5.6358
A,15,12,42,1t,seal,13,1,60,11,5,33.6153,27.9279,5.687399999999997
A,15,12,42,1t,seal,13,1,60,11,6,33.6214,27.9546,5.666800000000002
A,15,12,42,1t,seal,13,1,60,11,7,33.6109,27.947,5.663900000000002
A,15,12,42,1t,seal,13,1,60,11,8,33.6396,27.9287,5.710900000000002
A,15,12,42,1t,seal,13,1,60,11,9,33.6144,27.9829,5.631500000000003
A,15,12,42,1t,seal,13,1,60,11,10,33.627,27.9672,5.659800000000004
A,15,12,42,1t,seal,13,1,60,11,11,33.6042,27.9549,5.6493
A,15,12,42,1t,seal,13,1,60,12,0,33.6055,27.9492,5.656299999999998
A,15,12,42,1t,seal,13,1,60,12,1,33.6155,27.9749,5.640599999999996
A,15,12,42,1t,seal,13,1,60,12,2,33.6198,27.9825,5.637299999999996
A,15,12,42,1t,seal,13,1,60,12,3,33.6163,27.984,5.632300000000001
A,15,12,42,1t,seal,13,1,60,12,4,33.6197,28.0011,5.618600000000001
A,15,12,42,1t,seal,13,1,60,12,5,33.6186,27.9221,5.6965
A,15,12,42,1t,seal,13,1,60,12,6,33.6104,27.957,5.653399999999998
A,15,12,42,1t,seal,13,1,60,12,7,33.6327,27.9443,5.6884000000000015
A,15,12,42,1t,seal,13,1,60,12,8,33.6034,27.9137,5.689700000000002
A,15,12,42,1t,seal,13,1,60,12,9,33.6102,27.9647,5.645499999999998
A,15,12,42,1t,seal,13,1,60,12,10,33.615,27.9716,5.643400000000003
A,15,12,42,1t,seal,13,1,60,12,11,33.6052,27.9645,5.6407000000000025
A,15,12,42,mt,lattigo,3,5,300,1,0,33.6236,30.0546,3.5690000000000026
A,15,12,42,mt,lattigo,3,5,300,1,1,33.6249,30.0687,3.556199999999997
A,15,12,42,mt,lattigo,3,5,300,1,2,33.6252,30.0927,3.532499999999999
A,15,12,42,mt,lattigo,3,5,300,1,3,33.6337,30.0644,3.5692999999999984
A,15,12,42,mt,lattigo,3,5,300,1,4,33.6217,30.0825,3.5391999999999975
A,15,12,42,mt,lattigo,3,5,300,1,5,33.6292,30.0841,3.545099999999998
A,15,12,42,mt,lattigo,3,5,300,1,6,33.6332,30.0879,3.545300000000001
A,15,12,42,mt,lattigo,3,5,300,1,7,33.63,30.0987,3.5313000000000017
A,15,12,42,mt,lattigo,3,5,300,1,8,33.6233,30.1011,3.5222000000000016
A,15,12,42,mt,lattigo,3,5,300,1,9,33.6308,30.0763,3.554500000000001
A,15,12,42,mt,lattigo,3,5,300,1,10,33.6264,30.0832,3.5431999999999952
A,15,12,42,mt,lattigo,3,5,300,1,11,33.6183,30.0709,3.547399999999996
A,15,12,42,mt,lattigo,3,5,300,2,0,33.6267,30.0522,3.5745000000000005
A,15,12,42,mt,lattigo,3,5,300,2,1,33.633,30.0619,3.5711000000000013
A,15,12,42,mt,lattigo,3,5,300,2,2,33.6189,30.0684,3.550499999999996
A,15,12,42,mt,lattigo,3,5,300,2,3,33.6441,30.0625,3.5816000000000017
A,15,12,42,mt,lattigo,3,5,300,2,4,33.63,30.0666,3.5634000000000015
A,15,12,42,mt,lattigo,3,5,300,2,5,33.6316,30.0732,3.558399999999999
A,15,12,42,mt,lattigo,3,5,300,2,6,33.6248,30.0868,3.5380000000000003
A,15,12,42,mt,lattigo,3,5,300,2,7,33.6346,30.0763,3.558299999999999
A,15,12,42,mt,lattigo,3,5,300,2,8,33.6222,30.0944,3.527799999999999
A,15,12,42,mt,lattigo,3,5,300,2,9,33.6399,30.0723,3.5675999999999988
A,15,12,42,mt,lattigo,3,5,300,2,10,33.632,30.0853,3.5466999999999977
A,15,12,42,mt,lattigo,3,5,300,2,11,33.6321,30.0824,3.5497000000000014
A,15,12,42,mt,lattigo,3,5,300,3,0,33.6343,30.0541,3.580200000000005
A,15,12,42,mt,lattigo,3,5,300,3,1,33.6315,30.0798,3.551700000000004
A,15,12,42,mt,lattigo,3,5,300,3,2,33.6342,30.0772,3.5569999999999986
A,15,12,42,mt,lattigo,3,5,300,3,3,33.6223,30.0697,3.5526000000000018
A,15,12,42,mt,lattigo,3,5,300,3,4,33.6385,30.075,3.5635000000000012
A,15,12,42,mt,lattigo,3,5,300,3,5,33.6341,30.077,3.557099999999995
A,15,12,42,mt,lattigo,3,5,300,3,6,33.6314,30.069,3.5624000000000002
A,15,12,42,mt,lattigo,3,5,300,3,7,33.639,30.0791,3.5599000000000025
A,15,12,42,mt,lattigo,3,5,300,3,8,33.6312,30.0915,3.5397
A,15,12,42,mt,lattigo,3,5,300,3,9,33.6367,30.0775,3.559199999999997
A,15,12,42,mt,lattigo,3,5,300,3,10,33.6199,30.095,3.5249000000000024
A,15,12,42,mt,lattigo,3,5,300,3,11,33.6354,30.0806,3.5547999999999966
A,15,12,42,mt,lattigo,3,5,300,4,0,33.6355,30.0667,3.5687999999999995
A,15,12,42,mt,lattigo,3,5,300,4,1,33.631,30.0895,3.541499999999999
A,15,12,42,mt,lattigo,3,5,300,4,2,33.635,30.0757,3.559299999999997
A,15,12,42,mt,lattigo,3,5,300,4,3,33.6438,30.0867,3.5570999999999984
A,15,12,42,mt,lattigo,3,5,300,4,4,33.6318,30.0812,3.5505999999999993
A,15,12,42,mt,lattigo,3,5,300,4,5,33.6228,30.0913,3.5314999999999976
A,15,12,42,mt,lattigo,3,5,300,4,6,33.6402,30.0675,3.572700000000001
A,15,12,42,mt,lattigo,3,5,300,4,7,33.6402,30.0808,3.5594
A,15,12,42,mt,lattigo,3,5,300,4,8,33.6463,30.0876,3.558699999999998
A,15,12,42,mt,lattigo,3,5,300,4,9,33.6306,30.0873,3.543300000000002
A,15,12,42,mt,lattigo,3,5,300,4,10,33.6217,30.0692,3.5524999999999984
A,15,12,42,mt,lattigo,3,5,300,4,11,33.6379,30.0545,3.583400000000001
A,15,12,42,mt,lattigo,3,5,300,5,0,33.6347,30.0653,3.5694000000000017
A,15,12,42,mt,lattigo,3,5,300,5,1,33.627,30.0862,3.540800000000001
A,15,12,42,mt,lattigo,3,5,300,5,2,33.6216,30.0846,3.5370000000000026
A,15,12,42,mt,lattigo,3,5,300,5,3,33.6125,30.0875,3.5249999999999986
A,15,12,42,mt,lattigo,3,5,300,5,4,33.6286,30.0825,3.546099999999999
A,15,12,42,mt,lattigo,3,5,300,5,5,33.6186,30.0845,3.5341000000000022
A,15,12,42,mt,lattigo,3,5,300,5,6,33.6244,30.0774,3.5470000000000006
A,15,12,42,mt,lattigo,3,5,300,5,7,33.6419,30.0825,3.5594
A,15,12,42,mt,lattigo,3,5,300,5,8,33.6361,30.0973,3.5387999999999984
A,15,12,42,mt,lattigo,3,5,300,5,9,33.6299,30.0756,3.554299999999998
A,15,12,42,mt,lattigo,3,5,300,5,10,33.6255,30.0793,3.5462000000000025
A,15,12,42,mt,lattigo,3,5,300,5,11,33.6155,30.0762,3.5392999999999972
A,15,12,42,mt,lattigo,3,5,300,6,0,33.6256,30.0668,3.558799999999998
A,15,12,42,mt,lattigo,3,5,300,6,1,33.6323,30.0754,3.5569000000000024
A,15,12,42,mt,lattigo,3,5,300,6,2,33.623,30.0832,3.539799999999996
A,15,12,42,mt,lattigo,3,5,300,6,3,33.6526,30.0653,3.587299999999999
A,15,12,42,mt,lattigo,3,5,300,6,4,33.6294,30.077,3.552399999999995
A,15,12,42,mt,lattigo,3,5,300,6,5,33.6239,30.0767,3.5472
A,15,12,42,mt,lattigo,3,5,300,6,6,33.6331,30.0759,3.557199999999998
A,15,12,42,mt,lattigo,3,5,300,6,7,33.6256,30.087,3.538599999999999
A,15,12,42,mt,lattigo,3,5,300,6,8,33.6352,30.0878,3.547399999999996
A,15,12,42,mt,lattigo,3,5,300,6,9,33.6166,30.0699,3.5466999999999977
A,15,12,42,mt,lattigo,3,5,300,6,10,33.6312,30.0857,3.5455000000000005
A,15,12,42,mt,lattigo,3,5,300,6,11,33.6446,30.0684,3.5761999999999965
A,15,12,42,mt,lattigo,3,5,300,7,0,33.6369,30.0863,3.5505999999999958
A,15,12,42,mt,lattigo,3,5,300,7,1,33.6137,30.0703,3.543400000000002
A,15,12,42,mt,lattigo,3,5,300,7,2,33.6321,30.0684,3.5637000000000008
A,15,12,42,mt,lattigo,3,5,300,7,3,33.627,30.0731,3.5539000000000023
A,15,12,42,mt,lattigo,3,5,300,7,4,33.6318,30.0754,3.5564
A,15,12,42,mt,lattigo,3,5,300,7,5,33.6305,30.0764,3.5540999999999983
A,15,12,42,mt,lattigo,3,5,300,7,6,33.6404,30.084,3.5564
A,15,12,42,mt,lattigo,3,5,300,7,7,33.6363,30.0679,3.568399999999997
A,15,12,42,mt,lattigo,3,5,300,7,8,33.6244,30.0857,3.538700000000002
A,15,12,42,mt,lattigo,3,5,300,7,9,33.6235,30.0771,3.5463999999999984
A,15,12,42,mt,lattigo,3,5,300,7,10,33.6316,30.0743,3.557299999999998
A,15,12,42,mt,lattigo,3,5,300,7,11,33.6344,30.075,3.5594
A,15,12,42,mt,lattigo,3,5,300,8,0,33.6424,30.0522,3.590200000000003
A,15,12,42,mt,lattigo,3,5,300,8,1,33.6213,30.075,3.5462999999999987
A,15,12,42,mt,lattigo,3,5,300,8,2,33.6269,30.0714,3.5554999999999986
A,15,12,42,mt,lattigo,3,5,300,8,3,33.6271,30.0803,3.5467999999999975
A,15,12,42,mt,lattigo,3,5,300,8,4,33.6267,30.0631,3.563600000000001
A,15,12,42,mt,lattigo,3,5,300,8,5,33.6278,30.0917,3.536100000000001
A,15,12,42,mt,lattigo,3,5,300,8,6,33.6181,30.0875,3.5305999999999997
A,15,12,42,mt,lattigo,3,5,300,8,7,33.63,30.0775,3.552500000000002
A,15,12,42,mt,lattigo,3,5,300,8,8,33.6292,30.0897,3.5394999999999968
A,15,12,42,mt,lattigo,3,5,300,8,9,33.6278,30.0803,3.5474999999999994
A,15,12,42,mt,lattigo,3,5,300,8,10,33.6167,30.0905,3.526200000000003
A,15,12,42,mt,lattigo,3,5,300,8,11,33.6286,30.0677,3.5609
A,15,12,42,mt,lattigo,3,5,300,9,0,33.6345,30.0696,3.5649000000000015
A,15,12,42,mt,lattigo,3,5,300,9,1,33.6414,30.0771,3.564299999999996
A,15,12,42,mt,lattigo,3,5,300,9,2,33.6381,30.0839,3.5542000000000016
A,15,12,42,mt,lattigo,3,5,300,9,3,33.6274,30.0856,3.541800000000002
A,15,12,42,mt,lattigo,3,5,300,9,4,33.6178,30.0718,3.546000000000003
A,15,12,42,mt,lattigo,3,5,300,9,5,33.6332,30.0665,3.566700000000001
A,15,12,42,mt,lattigo,3,5,300,9,6,33.6381,30.0699,3.568200000000001
A,15,12,42,mt,lattigo,3,5,300,9,7,33.6361,30.0597,3.5763999999999996
A,15,12,42,mt,lattigo,3,5,300,9,8,33.6388,30.0775,3.561300000000003
A,15,12,42,mt,lattigo,3,5,300,9,9,33.6398,30.0967,3.5431000000000026
A,15,12,42,mt,lattigo,3,5,300,9,10,33.6221,30.0585,3.5636000000000045
A,15,12,42,mt,lattigo,3,5,300,9,11,33.6138,30.0706,3.543199999999999
A,15,12,42,mt,lattigo,3,5,300,10,0,33.6615,30.0783,3.583199999999998
A,15,12,42,mt,lattigo,3,5,300,10,1,33.6364,30.0668,3.569600000000001
A,15,12,42,mt,lattigo,3,5,300,10,2,33.6423,30.0809,3.561399999999999
A,15,12,42,mt,lattigo,3,5,300,10,3,33.6313,30.0827,3.548600000000004
A,15,12,42,mt,lattigo,3,5,300,10,4,33.6293,30.0576,3.5717
A,15,12,42,mt,lattigo,3,5,300,10,5,33.634,30.0742,3.559799999999999
A,15,12,42,mt,lattigo,3,5,300,10,6,33.6332,30.0669,3.566300000000002
A,15,12,42,mt,lattigo,3,5,300,10,7,33.6398,30.0776,3.5622000000000007
A,15,12,42,mt,lattigo,3,5,300,10,8,33.6293,30.0856,3.543700000000001
A,15,12,42,mt,lattigo,3,5,300,10,9,33.6353,30.0669,3.5684000000000005
A,15,12,42,mt,lattigo,3,5,300,10,10,33.6339,30.0774,3.556499999999996
A,15,12,42,mt,lattigo,3,5,300,10,11,33.6181,30.0767,3.5413999999999994
A,15,12,42,mt,lattigo,3,5,300,11,0,33.6357,30.064,3.5717
A,15,12,42,mt,lattigo,3,5,300,11,1,33.6343,30.0687,3.5656000000000034
A,15,12,42,mt,lattigo,3,5,300,11,2,33.624,30.0756,3.548400000000001
A,15,12,42,mt,lattigo,3,5,300,11,3,33.6246,30.0701,3.554500000000001
A,15,12,42,mt,lattigo,3,5,300,11,4,33.6421,30.0741,3.567999999999998
A,15,12,42,mt,lattigo,3,5,300,11,5,33.633,30.0931,3.539900000000003
A,15,12,42,mt,lattigo,3,5,300,11,6,33.6321,30.0672,3.5649000000000015
A,15,12,42,mt,lattigo,3,5,300,11,7,33.6253,30.0745,3.5508000000000024
A,15,12,42,mt,lattigo,3,5,300,11,8,33.6254,30.0845,3.5409000000000006
A,15,12,42,mt,lattigo,3,5,300,11,9,33.6408,30.0722,3.5686
A,15,12,42,mt,lattigo,3,5,300,11,10,33.6259,30.0827,3.5432000000000023
A,15,12,42,mt,lattigo,3,5,300,11,11,33.6315,30.0866,3.544900000000002
A,15,12,42,mt,lattigo,3,5,300,12,0,33.6244,30.0565,3.5679000000000016
A,15,12,42,mt,lattigo,3,5,300,12,1,33.6299,30.096,3.533899999999999
A,15,12,42,mt,lattigo,3,5,300,12,2,33.6315,30.0831,3.548400000000001
A,15,12,42,mt,lattigo,3,5,300,12,3,33.6416,30.0586,3.5829999999999984
A,15,12,42,mt,lattigo,3,5,300,12,4,33.6345,30.0611,3.573400000000003
A,15,12,42,mt,lattigo,3,5,300,12,5,33.6411,30.0698,3.571300000000001
A,15,12,42,mt,lattigo,3,5,300,12,6,33.6457,30.0808,3.564899999999998
A,15,12,42,mt,lattigo,3,5,300,12,7,33.6338,30.0837,3.5501000000000005
A,15,12,42,mt,lattigo,3,5,300,12,8,33.6513,30.0845,3.5668000000000006
A,15,12,42,mt,lattigo,3,5,300,12,9,33.6298,30.074,3.5558000000000014
A,15,12,42,mt,lattigo,3,5,300,12,10,33.6293,30.074,3.555299999999999
A,15,12,42,mt,lattigo,3,5,300,12,11,33.634,30.0711,3.562899999999999
A,15,12,42,mt,openfhe,3,4,240,1,0,30.324,27.1123,3.2117000000000004
A,15,12,42,mt,openfhe,3,4,240,1,1,30.3225,26.7668,3.5557000000000016
A,15,12,42,mt,openfhe,3,4,240,1,2,30.3012,27.2029,3.098300000000002
A,15,12,42,mt,openfhe,3,4,240,1,3,30.3143,26.1941,4.1202000000000005
A,15,12,42,mt,openfhe,3,4,240,1,4,30.3116,27.0687,3.242899999999999
A,15,12,42,mt,openfhe,3,4,240,1,5,30.312,27.9376,2.3744000000000014
A,15,12,42,mt,openfhe,3,4,240,1,6,30.3194,27.0992,3.220200000000002
A,15,12,42,mt,openfhe,3,4,240,1,7,30.3221,27.6727,2.6494
A,15,12,42,mt,openfhe,3,4,240,1,8,30.3076,27.6674,2.6402
A,15,12,42,mt,openfhe,3,4,240,1,9,30.3196,27.3643,2.955300000000001
A,15,12,42,mt,openfhe,3,4,240,1,10,30.3224,27.8381,2.4842999999999975
A,15,12,42,mt,openfhe,3,4,240,1,11,30.3258,26.013,4.312799999999999
A,15,12,42,mt,openfhe,3,4,240,2,0,30.3222,27.1138,3.2083999999999975
A,15,12,42,mt,openfhe,3,4,240,2,1,30.3242,26.7682,3.556000000000001
A,15,12,42,mt,openfhe,3,4,240,2,2,30.3152,27.2175,3.0976999999999997
A,15,12,42,mt,openfhe,3,4,240,2,3,30.3126,26.1952,4.1174
A,15,12,42,mt,openfhe,3,4,240,2,4,30.3256,27.0681,3.2575000000000003
A,15,12,42,mt,openfhe,3,4,240,2,5,30.3157,27.9351,2.380600000000001
A,15,12,42,mt,openfhe,3,4,240,2,6,30.3296,27.0748,3.2547999999999995
A,15,12,42,mt,openfhe,3,4,240,2,7,30.326,27.6737,2.6523000000000003
A,15,12,42,mt,openfhe,3,4,240,2,8,30.3172,27.6692,2.6479999999999997
A,15,12,42,mt,openfhe,3,4,240,2,9,30.3189,27.3725,2.9464000000000006
A,15,12,42,mt,openfhe,3,4,240,2,10,30.3305,27.8351,2.4954
A,15,12,42,mt,openfhe,3,4,240,2,11,30.3097,26.0121,4.297599999999999
A,15,12,42,mt,openfhe,3,4,240,3,0,30.3067,27.1137,3.192999999999998
A,15,12,42,mt,openfhe,3,4,240,3,1,30.3224,26.7724,3.549999999999997
A,15,12,42,mt,openfhe,3,4,240,3,2,30.3111,27.2127,3.098399999999998
A,15,12,42,mt,openfhe,3,4,240,3,3,30.3099,26.1957,4.1142
A,15,12,42,mt,openfhe,3,4,240,3,4,30.3266,27.0504,3.2761999999999993
A,15,12,42,mt,openfhe,3,4,240,3,5,30.3019,27.937,2.3648999999999987
A,15,12,42,mt,openfhe,3,4,240,3,6,30.3345,27.0815,3.253
A,15,12,42,mt,openfhe,3,4,240,3,7,30.3099,27.6825,2.627399999999998
A,15,12,42,mt,openfhe,3,4,240,3,8,30.3092,27.685,2.624200000000002
A,15,12,42,mt,openfhe,3,4,240,3,9,30.3171,27.3791,2.937999999999999
A,15,12,42,mt,openfhe,3,4,240,3,10,30.3133,27.836,2.477300000000003
A,15,12,42,mt,openfhe,3,4,240,3,11,30.3135,26.0149,4.2986
A,15,12,42,mt,openfhe,3,4,240,4,0,30.304,27.1173,3.1866999999999983
A,15,12,42,mt,openfhe,3,4,240,4,1,30.3272,26.7683,3.5589000000000013
A,15,12,42,mt,openfhe,3,4,240,4,2,30.3212,27.2206,3.1006
A,15,12,42,mt,openfhe,3,4,240,4,3,30.3113,26.2079,4.103400000000001
A,15,12,42,mt,openfhe,3,4,240,4,4,30.3146,27.0477,3.2668999999999997
A,15,12,42,mt,openfhe,3,4,240,4,5,30.3245,27.9423,2.382200000000001
A,15,12,42,mt,openfhe,3,4,240,4,6,30.3276,27.0914,3.2362
A,15,12,42,mt,openfhe,3,4,240,4,7,30.3351,27.6854,2.6496999999999993
A,15,12,42,mt,openfhe,3,4,240,4,8,30.313,27.6576,2.6554
A,15,12,42,mt,openfhe,3,4,240,4,9,30.3379,27.3794,2.958500000000001
A,15,12,42,mt,openfhe,3,4,240,4,10,30.3201,27.8381,2.4819999999999993
A,15,12,42,mt,openfhe,3,4,240,4,11,30.3259,26.0107,4.315200000000001
A,15,12,42,mt,openfhe,3,4,240,5,0,30.3231,27.1081,3.215
A,15,12,42,mt,openfhe,3,4,240,5,1,30.3149,26.7536,3.561300000000003
A,15,12,42,mt,openfhe,3,4,240,5,2,30.3229,27.226,3.0969000000000015
A,15,12,42,mt,openfhe,3,4,240,5,3,30.3077,26.2081,4.099599999999999
A,15,12,42,mt,openfhe,3,4,240,5,4,30.3183,27.0363,3.282
A,15,12,42,mt,openfhe,3,4,240,5,5,30.3223,27.9467,2.3755999999999986
A,15,12,42,mt,openfhe,3,4,240,5,6,30.3092,27.0894,3.2197999999999993
A,15,12,42,mt,openfhe,3,4,240,5,7,30.3082,27.682,2.6262000000000008
A,15,12,42,mt,openfhe,3,4,240,5,8,30.3146,27.685,2.6296
A,15,12,42,mt,openfhe,3,4,240,5,9,30.3201,27.374,2.9461000000000013
A,15,12,42,mt,openfhe,3,4,240,5,10,30.3206,27.8386,2.4819999999999993
A,15,12,42,mt,openfhe,3,4,240,5,11,30.3244,26.0195,4.3049
A,15,12,42,mt,openfhe,3,4,240,6,0,30.3141,27.1055,3.2086000000000006
A,15,12,42,mt,openfhe,3,4,240,6,1,30.3242,26.7487,3.5755000000000017
A,15,12,42,mt,openfhe,3,4,240,6,2,30.3287,27.2079,3.1208000000000027
A,15,12,42,mt,openfhe,3,4,240,6,3,30.3127,26.2035,4.109200000000001
A,15,12,42,mt,openfhe,3,4,240,6,4,30.3169,27.0706,3.2463000000000015
A,15,12,42,mt,openfhe,3,4,240,6,5,30.3268,27.9387,2.388099999999998
A,15,12,42,mt,openfhe,3,4,240,6,6,30.3162,27.0934,3.2227999999999994
A,15,12,42,mt,openfhe,3,4,240,6,7,30.3173,27.7004,2.616900000000001
A,15,12,42,mt,openfhe,3,4,240,6,8,30.3156,27.682,2.6336000000000013
A,15,12,42,mt,openfhe,3,4,240,6,9,30.3012,27.3688,2.9324000000000012
A,15,12,42,mt,openfhe,3,4,240,6,10,30.314,27.8274,2.4865999999999993
A,15,12,42,mt,openfhe,3,4,240,6,11,30.3147,26.0091,4.305599999999998
A,15,12,42,mt,openfhe,3,4,240,7,0,30.3223,27.1028,3.2195
A,15,12,42,mt,openfhe,3,4,240,7,1,30.3066,26.7663,3.5402999999999984
A,15,12,42,mt,openfhe,3,4,240,7,2,30.3133,27.2047,3.1086000000000027
A,15,12,42,mt,openfhe,3,4,240,7,3,30.3276,26.196,4.131599999999999
A,15,12,42,mt,openfhe,3,4,240,7,4,30.3122,27.0377,3.2744999999999997
A,15,12,42,mt,openfhe,3,4,240,7,5,30.3197,27.9265,2.3932
A,15,12,42,mt,openfhe,3,4,240,7,6,30.3244,27.0932,3.231200000000001
A,15,12,42,mt,openfhe,3,4,240,7,7,30.3133,27.6963,2.617000000000001
A,15,12,42,mt,openfhe,3,4,240,7,8,30.3225,27.6707,2.6518000000000015
A,15,12,42,mt,openfhe,3,4,240,7,9,30.3189,27.376,2.942899999999998
A,15,12,42,mt,openfhe,3,4,240,7,10,30.3171,27.8413,2.4757999999999996
A,15,12,42,mt,openfhe,3,4,240,7,11,30.3106,26.0151,4.2955000000000005
A,15,12,42,mt,openfhe,3,4,240,8,0,30.3145,27.127,3.1875
A,15,12,42,mt,openfhe,3,4,240,8,1,30.3323,26.766,3.566300000000002
A,15,12,42,mt,openfhe,3,4,240,8,2,30.3175,27.2069,3.110599999999998
A,15,12,42,mt,openfhe,3,4,240,8,3,30.3188,26.1847,4.1341
A,15,12,42,mt,openfhe,3,4,240,8,4,30.3196,27.0593,3.260300000000001
A,15,12,42,mt,openfhe,3,4,240,8,5,30.3177,27.9373,2.380399999999998
A,15,12,42,mt,openfhe,3,4,240,8,6,30.3077,27.0782,3.2295000000000016
A,15,12,42,mt,openfhe,3,4,240,8,7,30.3295,27.6915,2.637999999999998
A,15,12,42,mt,openfhe,3,4,240,8,8,30.3125,27.6966,2.6159
A,15,12,42,mt,openfhe,3,4,240,8,9,30.3191,27.373,2.9460999999999977
A,15,12,42,mt,openfhe,3,4,240,8,10,30.2984,27.8213,2.4771
A,15,12,42,mt,openfhe,3,4,240,8,11,30.322,26.0179,4.304099999999998
A,15,12,42,mt,openfhe,3,4,240,9,0,30.3118,27.1032,3.2086000000000006
A,15,12,42,mt,openfhe,3,4,240,9,1,30.3382,26.7681,3.5701
A,15,12,42,mt,openfhe,3,4,240,9,2,30.3299,27.2248,3.1051
A,15,12,42,mt,openfhe,3,4,240,9,3,30.3314,26.1945,4.136899999999997
A,15,12,42,mt,openfhe,3,4,240,9,4,30.3257,27.052,3.2737000000000016
A,15,12,42,mt,openfhe,3,4,240,9,5,30.3312,27.9326,2.3985999999999983
A,15,12,42,mt,openfhe,3,4,240,9,6,30.3176,27.0703,3.247299999999999
A,15,12,42,mt,openfhe,3,4,240,9,7,30.3105,27.6902,2.6203000000000003
A,15,12,42,mt,openfhe,3,4,240,9,8,30.3248,27.6749,2.649899999999999
A,15,12,42,mt,openfhe,3,4,240,9,9,30.3287,27.3846,2.9441000000000024
A,15,12,42,mt,openfhe,3,4,240,9,10,30.3045,27.8347,2.4697999999999993
A,15,12,42,mt,openfhe,3,4,240,9,11,30.3052,26.0166,4.288599999999999
A,15,12,42,mt,openfhe,3,4,240,10,0,30.3364,27.1049,3.2315000000000005
A,15,12,42,mt,openfhe,3,4,240,10,1,30.3191,26.7734,3.5457
A,15,12,42,mt,openfhe,3,4,240,10,2,30.3188,27.2166,3.1022
A,15,12,42,mt,openfhe,3,4,240,10,3,30.3225,26.2055,4.117000000000001
A,15,12,42,mt,openfhe,3,4,240,10,4,30.3321,27.0417,3.2904000000000018
A,15,12,42,mt,openfhe,3,4,240,10,5,30.319,27.9246,2.3943999999999974
A,15,12,42,mt,openfhe,3,4,240,10,6,30.3136,27.0789,3.2347
A,15,12,42,mt,openfhe,3,4,240,10,7,30.3064,27.6862,2.6202000000000005
A,15,12,42,mt,openfhe,3,4,240,10,8,30.3092,27.6694,2.639800000000001
A,15,12,42,mt,openfhe,3,4,240,10,9,30.3257,27.3935,2.9322000000000017
A,15,12,42,mt,openfhe,3,4,240,10,10,30.3115,27.8486,2.4628999999999976
A,15,12,42,mt,openfhe,3,4,240,10,11,30.3048,26.0198,4.285
A,15,12,42,mt,openfhe,3,4,240,11,0,30.3318,27.108,3.2238000000000007
A,15,12,42,mt,openfhe,3,4,240,11,1,30.3175,26.7649,3.552599999999998
A,15,12,42,mt,openfhe,3,4,240,11,2,30.3141,27.2026,3.1114999999999995
A,15,12,42,mt,openfhe,3,4,240,11,3,30.3138,26.1771,4.136700000000001
A,15,12,42,mt,openfhe,3,4,240,11,4,30.303,27.0401,3.262900000000002
A,15,12,42,mt,openfhe,3,4,240,11,5,30.3135,27.9452,2.3683000000000014
A,15,12,42,mt,openfhe,3,4,240,11,6,30.3165,27.085,3.2315000000000005
A,15,12,42,mt,openfhe,3,4,240,11,7,30.3235,27.6965,2.626999999999999
A,15,12,42,mt,openfhe,3,4,240,11,8,30.3141,27.6843,2.6297999999999995
A,15,12,42,mt,openfhe,3,4,240,11,9,30.326,27.3718,2.9542
A,15,12,42,mt,openfhe,3,4,240,11,10,30.3049,27.8435,2.461400000000001
A,15,12,42,mt,openfhe,3,4,240,11,11,30.3149,25.9992,4.315700000000003
A,15,12,42,mt,openfhe,3,4,240,12,0,30.3182,27.1094,3.2088
A,15,12,42,mt,openfhe,3,4,240,12,1,30.3224,26.7518,3.570599999999999
A,15,12,42,mt,openfhe,3,4,240,12,2,30.3357,27.2193,3.1163999999999987
A,15,12,42,mt,openfhe,3,4,240,12,3,30.3094,26.2054,4.103999999999999
A,15,12,42,mt,openfhe,3,4,240,12,4,30.3301,27.0453,3.2848000000000006
A,15,12,42,mt,openfhe,3,4,240,12,5,30.3255,27.9319,2.393600000000003
A,15,12,42,mt,openfhe,3,4,240,12,6,30.319,27.0868,3.232199999999999
A,15,12,42,mt,openfhe,3,4,240,12,7,30.3178,27.688,2.6297999999999995
A,15,12,42,mt,openfhe,3,4,240,12,8,30.3204,27.6973,2.623100000000001
A,15,12,42,mt,openfhe,3,4,240,12,9,30.3117,27.3828,2.9288999999999987
A,15,12,42,mt,openfhe,3,4,240,12,10,30.3258,27.8347,2.4910999999999994
A,15,12,42,mt,openfhe,3,4,240,12,11,30.3187,26.0074,4.311299999999999
A,15,12,42,mt,seal,13,1,60,1,0,33.611,27.9728,5.638199999999998
A,15,12,42,mt,seal,13,1,60,1,1,33.6133,27.9895,5.623800000000003
A,15,12,42,mt,seal,13,1,60,1,2,33.6178,27.9465,5.671300000000002
A,15,12,42,mt,seal,13,1,60,1,3,33.6209,27.9323,5.688599999999997
A,15,12,42,mt,seal,13,1,60,1,4,33.6236,27.9486,5.675000000000004
A,15,12,42,mt,seal,13,1,60,1,5,33.631,27.9579,5.673100000000002
A,15,12,42,mt,seal,13,1,60,1,6,33.6069,27.9879,5.619000000000003
A,15,12,42,mt,seal,13,1,60,1,7,33.6139,27.9773,5.636600000000001
A,15,12,42,mt,seal,13,1,60,1,8,33.6168,27.9811,5.635699999999996
A,15,12,42,mt,seal,13,1,60,1,9,33.6189,27.9929,5.625999999999998
A,15,12,42,mt,seal,13,1,60,1,10,33.6267,27.9667,5.66
A,15,12,42,mt,seal,13,1,60,1,11,33.6328,27.9542,5.678600000000003
A,15,12,42,mt,seal,13,1,60,2,0,33.6068,27.9538,5.652999999999999
A,15,12,42,mt,seal,13,1,60,2,1,33.6119,27.9799,5.631999999999998
A,15,12,42,mt,seal,13,1,60,2,2,33.6206,27.9398,5.680800000000001
A,15,12,42,mt,seal,13,1,60,2,3,33.6111,27.9311,5.68
A,15,12,42,mt,seal,13,1,60,2,4,33.6118,27.9461,5.665700000000001
A,15,12,42,mt,seal,13,1,60,2,5,33.6071,27.9472,5.659900000000004
A,15,12,42,mt,seal,13,1,60,2,6,33.6019,27.9747,5.627200000000002
A,15,12,42,mt,seal,13,1,60,2,7,33.6196,27.96,5.6595999999999975
A,15,12,42,mt,seal,13,1,60,2,8,33.6199,27.9858,5.6341
A,15,12,42,mt,seal,13,1,60,2,9,33.626,27.9835,5.642499999999998
A,15,12,42,mt,seal,13,1,60,2,10,33.6102,27.974,5.636199999999999
A,15,12,42,mt,seal,13,1,60,2,11,33.6163,27.9518,5.664500000000004
A,15,12,42,mt,seal,13,1,60,3,0,33.6175,27.9711,5.6464
A,15,12,42,mt,seal,13,1,60,3,1,33.6164,27.9985,5.617899999999999
A,15,12,42,mt,seal,13,1,60,3,2,33.6075,27.9317,5.675800000000002
A,15,12,42,mt,seal,13,1,60,3,3,33.6158,27.9274,5.6884000000000015
A,15,12,42,mt,seal,13,1,60,3,4,33.6185,27.9443,5.674199999999999
A,15,12,42,mt,seal,13,1,60,3,5,33.6083,27.9364,5.671900000000001
A,15,12,42,mt,seal,13,1,60,3,6,33.6216,27.9939,5.627700000000001
A,15,12,42,mt,seal,13,1,60,3,7,33.6161,27.9789,5.6372000000000035
A,15,12,42,mt,seal,13,1,60,3,8,33.6078,27.9825,5.625299999999996
A,15,12,42,mt,seal,13,1,60,3,9,33.6216,27.9764,5.645199999999999
A,15,12,42,mt,seal,13,1,60,3,10,33.6222,27.9963,5.625899999999998
A,15,12,42,mt,seal,13,1,60,3,11,33.6057,27.9538,5.651899999999998
A,15,12,42,mt,seal,13,1,60,4,0,33.6161,27.9691,5.647000000000002
A,15,12,42,mt,seal,13,1,60,4,1,33.6152,27.9868,5.628400000000003
A,15,12,42,mt,seal,13,1,60,4,2,33.6039,27.949,5.654900000000001
A,15,12,42,mt,seal,13,1,60,4,3,33.63,27.9315,5.698500000000003
A,15,12,42,mt,seal,13,1,60,4,4,33.6272,27.9417,5.685500000000001
A,15,12,42,mt,seal,13,1,60,4,5,33.6196,27.9262,5.693399999999997
A,15,12,42,mt,seal,13,1,60,4,6,33.6375,27.9813,5.656200000000002
A,15,12,42,mt,seal,13,1,60,4,7,33.6226,27.9817,5.6408999999999985
A,15,12,42,mt,seal,13,1,60,4,8,33.6047,27.9818,5.622900000000001
A,15,12,42,mt,seal,13,1,60,4,9,33.6086,27.9742,5.634400000000003
A,15,12,42,mt,seal,13,1,60,4,10,33.6195,27.9756,5.643900000000002
A,15,12,42,mt,seal,13,1,60,4,11,33.6102,27.9645,5.645699999999998
A,15,12,42,mt,seal,13,1,60,5,0,33.6248,27.9682,5.656600000000001
A,15,12,42,mt,seal,13,1,60,5,1,33.6162,27.9965,5.619699999999998
A,15,12,42,mt,seal,13,1,60,5,2,33.6128,27.9454,5.667400000000001
A,15,12,42,mt,seal,13,1,60,5,3,33.6182,27.925,5.693200000000001
A,15,12,42,mt,seal,13,1,60,5,4,33.6169,27.9382,5.678700000000003
A,15,12,42,mt,seal,13,1,60,5,5,33.618,27.9427,5.675300000000004
A,15,12,42,mt,seal,13,1,60,5,6,33.6146,27.9813,5.633300000000002
A,15,12,42,mt,seal,13,1,60,5,7,33.6253,27.9724,5.6529000000000025
A,15,12,42,mt,seal,13,1,60,5,8,33.6266,27.9791,5.647500000000004
A,15,12,42,mt,seal,13,1,60,5,9,33.6164,27.9818,5.634599999999999
A,15,12,42,mt,seal,13,1,60,5,10,33.6131,27.9817,5.631400000000003
A,15,12,42,mt,seal,13,1,60,5,11,33.6181,27.9645,5.653599999999997
A,15,12,42,mt,seal,13,1,60,6,0,33.6161,27.971,5.645100000000003
A,15,12,42,mt,seal,13,1,60,6,1,33.6164,27.9887,5.627699999999997
A,15,12,42,mt,seal,13,1,60,6,2,33.5991,27.9348,5.664300000000001
A,15,12,42,mt,seal,13,1,60,6,3,33.6315,27.9428,5.688700000000004
A,15,12,42,mt,seal,13,1,60,6,4,33.6195,27.9303,5.689200000000003
A,15,12,42,mt,seal,13,1,60,6,5,33.6074,27.9493,5.6580999999999975
A,15,12,42,mt,seal,13,1,60,6,6,33.6171,27.9776,5.639500000000002
A,15,12,42,mt,seal,13,1,60,6,7,33.639,27.9664,5.672600000000003
A,15,12,42,mt,seal,13,1,60,6,8,33.6261,27.9768,5.6493
A,15,12,42,mt,seal,13,1,60,6,9,33.6248,27.9999,5.6249
A,15,12,42,mt,seal,13,1,60,6,10,33.6289,27.9849,5.644000000000002
A,15,12,42,mt,seal,13,1,60,6,11,33.6187,27.9543,5.664399999999997
A,15,12,42,mt,seal,13,1,60,7,0,33.637,27.9756,5.6614
A,15,12,42,mt,seal,13,1,60,7,1,33.6061,27.9949,5.611199999999997
A,15,12,42,mt,seal,13,1,60,7,2,33.6098,27.9356,5.674199999999999
A,15,12,42,mt,seal,13,1,60,7,3,33.6096,27.9262,5.683399999999999
A,15,12,42,mt,seal,13,1,60,7,4,33.6288,27.9509,5.6778999999999975
A,15,12,42,mt,seal,13,1,60,7,5,33.6271,27.9543,5.672799999999999
A,15,12,42,mt,seal,13,1,60,7,6,33.6256,27.989,5.636599999999998
A,15,12,42,mt,seal,13,1,60,7,7,33.6135,27.9818,5.631700000000002
A,15,12,42,mt,seal,13,1,60,7,8,33.5961,27.9726,5.6235
A,15,12,42,mt,seal,13,1,60,7,9,33.6215,27.985,5.636499999999998
A,15,12,42,mt,seal,13,1,60,7,10,33.596,27.9715,5.624499999999998
A,15,12,42,mt,seal,13,1,60,7,11,33.6233,27.9596,5.663700000000002
A,15,12,42,mt,seal,13,1,60,8,0,33.6238,27.9712,5.652600000000003
A,15,12,42,mt,seal,13,1,60,8,1,33.6196,27.9912,5.628399999999999
A,15,12,42,mt,seal,13,1,60,8,2,33.6146,27.9432,5.671400000000002
A,15,12,42,mt,seal,13,1,60,8,3,33.6134,27.9503,5.6631
A,15,12,42,mt,seal,13,1,60,8,4,33.6158,27.946,5.669799999999999
A,15,12,42,mt,seal,13,1,60,8,5,33.6264,27.9317,5.694699999999997
A,15,12,42,mt,seal,13,1,60,8,6,33.6085,27.979,5.6295
A,15,12,42,mt,seal,13,1,60,8,7,33.6174,27.9697,5.647700000000004
A,15,12,42,mt,seal,13,1,60,8,8,33.616,27.9659,5.650099999999998
A,15,12,42,mt,seal,13,1,60,8,9,33.6128,27.9854,5.6274000000000015
A,15,12,42,mt,seal,13,1,60,8,10,33.6245,27.9818,5.642699999999998
A,15,12,42,mt,seal,13,1,60,8,11,33.6372,27.9899,5.647300000000001
A,15,12,42,mt,seal,13,1,60,9,0,33.6165,27.978,5.6385000000000005
A,15,12,42,mt,seal,13,1,60,9,1,33.6127,27.9827,5.6299999999999955
A,15,12,42,mt,seal,13,1,60,9,2,33.6107,27.954,5.656700000000001
A,15,12,42,mt,seal,13,1,60,9,3,33.6163,27.9391,5.677200000000003
A,15,12,42,mt,seal,13,1,60,9,4,33.6119,27.9445,5.667399999999997
A,15,12,42,mt,seal,13,1,60,9,5,33.6181,27.942,5.676099999999998
A,15,12,42,mt,seal,13,1,60,9,6,33.6147,27.9808,5.633900000000001
A,15,12,42,mt,seal,13,1,60,9,7,33.6144,27.9577,5.656700000000004
A,15,12,42,mt,seal,13,1,60,9,8,33.6088,27.975,5.633800000000001
A,15,12,42,mt,seal,13,1,60,9,9,33.6191,27.9964,5.622700000000002
A,15,12,42,mt,seal,13,1,60,9,10,33.6179,27.975,5.642899999999997
A,15,12,42,mt,seal,13,1,60,9,11,33.6209,27.9586,5.662299999999998
A,15,12,42,mt,seal,13,1,60,10,0,33.6108,27.9648,5.645999999999997
A,15,12,42,mt,seal,13,1,60,10,1,33.6261,27.9903,5.6358
A,15,12,42,mt,seal,13,1,60,10,2,33.6076,27.9383,5.669299999999996
A,15,12,42,mt,seal,13,1,60,10,3,33.6147,27.9391,5.675599999999999
A,15,12,42,mt,seal,13,1,60,10,4,33.6261,27.9441,5.682000000000002
A,15,12,42,mt,seal,13,1,60,10,5,33.6187,27.9312,5.6874999999999964
A,15,12,42,mt,seal,13,1,60,10,6,33.6109,27.9718,5.639099999999999
A,15,12,42,mt,seal,13,1,60,10,7,33.6097,27.9489,5.660799999999998
A,15,12,42,mt,seal,13,1,60,10,8,33.6166,27.9783,5.638299999999997
A,15,12,42,mt,seal,13,1,60,10,9,33.6127,27.9666,5.646099999999997
A,15,12,42,mt,seal,13,1,60,10,10,33.6146,27.9773,5.637300000000003
A,15,12,42,mt,seal,13,1,60,10,11,33.6193,27.9475,5.671800000000001
A,15,12,42,mt,seal,13,1,60,11,0,33.6086,27.9806,5.628000000000004
A,15,12,42,mt,seal,13,1,60,11,1,33.6301,27.9996,5.630499999999998
A,15,12,42,mt,seal,13,1,60,11,2,33.6226,27.9355,5.687099999999997
A,15,12,42,mt,seal,13,1,60,11,3,33.6389,27.9319,5.707000000000001
A,15,12,42,mt,seal,13,1,60,11,4,33.6129,27.9348,5.678100000000004
A,15,12,42,mt,seal,13,1,60,11,5,33.6133,27.9379,5.675400000000003
A,15,12,42,mt,seal,13,1,60,11,6,33.6159,27.9726,5.6433000000000035
A,15,12,42,mt,seal,13,1,60,11,7,33.6076,27.9673,5.640299999999996
A,15,12,42,mt,seal,13,1,60,11,8,33.6258,27.9864,5.639399999999998
A,15,12,42,mt,seal,13,1,60,11,9,33.6151,27.9912,5.623899999999999
A,15,12,42,mt,seal,13,1,60,11,10,33.6194,27.9729,5.6465
A,15,12,42,mt,seal,13,1,60,11,11,33.6126,27.9648,5.6478
A,15,12,42,mt,seal,13,1,60,12,0,33.6128,27.9832,5.6296
A,15,12,42,mt,seal,13,1,60,12,1,33.6252,27.9795,5.645699999999998
A,15,12,42,mt,seal,13,1,60,12,2,33.6242,27.9421,5.682100000000002
A,15,12,42,mt,seal,13,1,60,12,3,33.6165,27.9287,5.687800000000003
A,15,12,42,mt,seal,13,1,60,12,4,33.607,27.9437,5.6633
A,15,12,42,mt,seal,13,1,60,12,5,33.6254,27.9493,5.676099999999998
A,15,12,42,mt,seal,13,1,60,12,6,33.6165,27.9825,5.634
A,15,12,42,mt,seal,13,1,60,12,7,33.6224,27.9673,5.655099999999997
A,15,12,42,mt,seal,13,1,60,12,8,33.6191,27.9753,5.643800000000002
A,15,12,42,mt,seal,13,1,60,12,9,33.6086,27.9771,5.631500000000003
A,15,12,42,mt,seal,13,1,60,12,10,33.6211,27.9722,5.648899999999998
A,15,12,42,mt,seal,13,1,60,12,11,33.6113,27.9525,5.658799999999999
B,14,6,42,1t,lattigo,4,2,120,1,0,34.1094,31.0516,3.0578000000000003
B,14,6,42,1t,lattigo,4,2,120,1,1,34.1444,31.073,3.071399999999997
B,14,6,42,1t,lattigo,4,2,120,1,2,34.1256,31.0588,3.066799999999997
B,14,6,42,1t,lattigo,4,2,120,1,3,34.1329,31.0494,3.083500000000001
B,14,6,42,1t,lattigo,4,2,120,1,4,34.1365,31.0746,3.061899999999998
B,14,6,42,1t,lattigo,4,2,120,1,5,34.1381,31.0761,3.062000000000001
B,14,6,42,1t,lattigo,4,2,120,1,6,34.1309,31.0726,3.0582999999999956
B,14,6,42,1t,lattigo,4,2,120,1,7,34.1318,31.0629,3.0688999999999993
B,14,6,42,1t,lattigo,4,2,120,1,8,34.1345,31.0719,3.0626000000000033
B,14,6,42,1t,lattigo,4,2,120,1,9,34.1323,31.0707,3.061600000000002
B,14,6,42,1t,lattigo,4,2,120,1,10,34.1287,31.0556,3.0731000000000037
B,14,6,42,1t,lattigo,4,2,120,1,11,34.1269,31.0547,3.0721999999999987
B,14,6,42,1t,lattigo,4,2,120,2,0,34.1193,31.0722,3.047100000000004
B,14,6,42,1t,lattigo,4,2,120,2,1,34.1194,31.0759,3.043499999999998
B,14,6,42,1t,lattigo,4,2,120,2,2,34.1597,31.0645,3.095200000000002
B,14,6,42,1t,lattigo,4,2,120,2,3,34.129,31.0546,3.074399999999997
B,14,6,42,1t,lattigo,4,2,120,2,4,34.1195,31.088,3.031500000000001
B,14,6,42,1t,lattigo,4,2,120,2,5,34.1472,31.0724,3.0747999999999998
B,14,6,42,1t,lattigo,4,2,120,2,6,34.1515,31.0758,3.0756999999999977
B,14,6,42,1t,lattigo,4,2,120,2,7,34.13,31.059,3.0710000000000015
B,14,6,42,1t,lattigo,4,2,120,2,8,34.1172,31.0704,3.0467999999999975
B,14,6,42,1t,lattigo,4,2,120,2,9,34.1345,31.0537,3.0808000000000035
B,14,6,42,1t,lattigo,4,2,120,2,10,34.1152,31.0644,3.0508000000000024
B,14,6,42,1t,lattigo,4,2,120,2,11,34.1227,31.0595,3.063200000000002
B,14,6,42,1t,lattigo,4,2,120,3,0,34.1422,31.0693,3.072900000000004
B,14,6,42,1t,lattigo,4,2,120,3,1,34.1143,31.0665,3.0477999999999987
B,14,6,42,1t,lattigo,4,2,120,3,2,34.1292,31.0739,3.055299999999999
B,14,6,42,1t,lattigo,4,2,120,3,3,34.1333,31.0575,3.0757999999999974
B,14,6,42,1t,lattigo,4,2,120,3,4,34.1578,31.0869,3.0709000000000017
B,14,6,42,1t,lattigo,4,2,120,3,5,34.1342,31.07,3.0641999999999996
B,14,6,42,1t,lattigo,4,2,120,3,6,34.1121,31.0881,3.0239999999999974
B,14,6,42,1t,lattigo,4,2,120,3,7,34.1261,31.0782,3.047900000000002
B,14,6,42,1t,lattigo,4,2,120,3,8,34.1017,31.0749,3.0268000000000015
B,14,6,42,1t,lattigo,4,2,120,3,9,34.1289,31.0623,3.066600000000001
B,14,6,42,1t,lattigo,4,2,120,3,10,34.1391,31.0582,3.0808999999999997
B,14,6,42,1t,lattigo,4,2,120,3,11,34.1122,31.0675,3.0447000000000024
B,14,6,42,1t,lattigo,4,2,120,4,0,34.129,31.0851,3.043899999999997
B,14,6,42,1t,lattigo,4,2,120,4,1,34.1398,31.0901,3.0497000000000014
B,14,6,42,1t,lattigo,4,2,120,4,2,34.1204,31.0688,3.051599999999997
B,14,6,42,1t,lattigo,4,2,120,4,3,34.1182,31.0719,3.0463000000000022
B,14,6,42,1t,lattigo,4,2,120,4,4,34.1493,31.0648,3.084499999999995
B,14,6,42,1t,lattigo,4,2,120,4,5,34.1262,31.0768,3.0493999999999986
B,14,6,42,1t,lattigo,4,2,120,4,6,34.1164,31.044,3.0723999999999982
B,14,6,42,1t,lattigo,4,2,120,4,7,34.1266,31.0574,3.069200000000002
B,14,6,42,1t,lattigo,4,2,120,4,8,34.1241,31.0681,3.0559999999999974
B,14,6,42,1t,lattigo,4,2,120,4,9,34.1102,31.06,3.0502000000000002
B,14,6,42,1t,lattigo,4,2,120,4,10,34.1386,31.0583,3.0802999999999976
B,14,6,42,1t,lattigo,4,2,120,4,11,34.1331,31.0818,3.0512999999999977
B,14,6,42,1t,lattigo,4,2,120,5,0,34.1153,31.0861,3.0291999999999994
B,14,6,42,1t,lattigo,4,2,120,5,1,34.1591,31.075,3.084100000000003
B,14,6,42,1t,lattigo,4,2,120,5,2,34.1305,31.0752,3.055299999999999
B,14,6,42,1t,lattigo,4,2,120,5,3,34.1396,31.0724,3.0672000000000033
B,14,6,42,1t,lattigo,4,2,120,5,4,34.1378,31.0647,3.0731
B,14,6,42,1t,lattigo,4,2,120,5,5,34.143,31.0598,3.0832000000000015
B,14,6,42,1t,lattigo,4,2,120,5,6,34.1261,31.0648,3.0612999999999992
B,14,6,42,1t,lattigo,4,2,120,5,7,34.1294,31.0663,3.0630999999999986
B,14,6,42,1t,lattigo,4,2,120,5,8,34.1184,31.0698,3.0486000000000004
B,14,6,42,1t,lattigo,4,2,120,5,9,34.1332,31.0726,3.060600000000001
B,14,6,42,1t,lattigo,4,2,120,5,10,34.1433,31.0713,3.0720000000000027
B,14,6,42,1t,lattigo,4,2,120,5,11,34.125,31.0674,3.0576000000000008
B,14,6,42,1t,lattigo,4,2,120,6,0,34.135,31.0771,3.0578999999999965
B,14,6,42,1t,lattigo,4,2,120,6,1,34.1388,31.0715,3.067300000000003
B,14,6,42,1t,lattigo,4,2,120,6,2,34.1358,31.0689,3.066900000000004
B,14,6,42,1t,lattigo,4,2,120,6,3,34.1021,31.0755,3.0265999999999984
B,14,6,42,1t,lattigo,4,2,120,6,4,34.125,31.0526,3.0723999999999982
B,14,6,42,1t,lattigo,4,2,120,6,5,34.1337,31.0454,3.0882999999999967
B,14,6,42,1t,lattigo,4,2,120,6,6,34.1475,31.081,3.0665000000000013
B,14,6,42,1t,lattigo,4,2,120,6,7,34.1329,31.062,3.070899999999998
B,14,6,42,1t,lattigo,4,2,120,6,8,34.1285,31.0713,3.0572000000000017
B,14,6,42,1t,lattigo,4,2,120,6,9,34.1562,31.0518,3.1043999999999983
B,14,6,42,1t,lattigo,4,2,120,6,10,34.1021,31.0543,3.0477999999999987
B,14,6,42,1t,lattigo,4,2,120,6,11,34.1268,31.0664,3.0604000000000013
B,14,6,42,1t,openfhe,4,2,120,1,0,31.3188,29.3133,2.005499999999998
B,14,6,42,1t,openfhe,4,2,120,1,1,31.3241,29.1147,2.2094000000000023
B,14,6,42,1t,openfhe,4,2,120,1,2,31.3149,29.1472,2.1677
B,14,6,42,1t,openfhe,4,2,120,1,3,31.325,28.9497,2.3752999999999993
B,14,6,42,1t,openfhe,4,2,120,1,4,31.3018,28.5934,2.708400000000001
B,14,6,42,1t,openfhe,4,2,120,1,5,31.3023,28.6708,2.631499999999999
B,14,6,42,1t,openfhe,4,2,120,1,6,31.2946,29.3889,1.9056999999999995
B,14,6,42,1t,openfhe,4,2,120,1,7,31.3014,29.2685,2.0329000000000015
B,14,6,42,1t,openfhe,4,2,120,1,8,31.3162,29.242,2.0741999999999976
B,14,6,42,1t,openfhe,4,2,120,1,9,31.2936,29.044,2.249600000000001
B,14,6,42,1t,openfhe,4,2,120,1,10,31.3168,28.5901,2.726700000000001
B,14,6,42,1t,openfhe,4,2,120,1,11,31.3239,28.8484,2.4754999999999967
B,14,6,42,1t,openfhe,4,2,120,2,0,31.2996,29.3342,1.9654000000000025
B,14,6,42,1t,openfhe,4,2,120,2,1,31.3339,29.0905,2.243400000000001
B,14,6,42,1t,openfhe,4,2,120,2,2,31.3059,29.15,2.1559000000000026
B,14,6,42,1t,openfhe,4,2,120,2,3,31.3236,28.961,2.3626000000000005
B,14,6,42,1t,openfhe,4,2,120,2,4,31.3174,28.5813,2.7361000000000004
B,14,6,42,1t,openfhe,4,2,120,2,5,31.3022,28.6615,2.640699999999999
B,14,6,42,1t,openfhe,4,2,120,2,6,31.3034,29.3927,1.9106999999999985
B,14,6,42,1t,openfhe,4,2,120,2,7,31.3197,29.2552,2.0645000000000024
B,14,6,42,1t,openfhe,4,2,120,2,8,31.3145,29.2289,2.0855999999999995
B,14,6,42,1t,openfhe,4,2,120,2,9,31.3212,29.0575,2.2637
B,14,6,42,1t,openfhe,4,2,120,2,10,31.3028,28.6045,2.6982999999999997
B,14,6,42,1t,openfhe,4,2,120,2,11,31.3093,28.8286,2.480699999999999
B,14,6,42,1t,openfhe,4,2,120,3,0,31.3299,29.3411,1.9887999999999977
B,14,6,42,1t,openfhe,4,2,120,3,1,31.286,29.1081,2.177900000000001
B,14,6,42,1t,openfhe,4,2,120,3,2,31.3267,29.159,2.1677
B,14,6,42,1t,openfhe,4,2,120,3,3,31.3047,28.9581,2.3465999999999987
B,14,6,42,1t,openfhe,4,2,120,3,4,31.3177,28.5878,2.729899999999997
B,14,6,42,1t,openfhe,4,2,120,3,5,31.3041,28.6714,2.6327
B,14,6,42,1t,openfhe,4,2,120,3,6,31.3217,29.3936,1.9281000000000006
B,14,6,42,1t,openfhe,4,2,120,3,7,31.3084,29.2612,2.0472
B,14,6,42,1t,openfhe,4,2,120,3,8,31.317,29.2393,2.0777
B,14,6,42,1t,openfhe,4,2,120,3,9,31.325,29.0488,2.2761999999999993
B,14,6,42,1t,openfhe,4,2,120,3,10,31.3384,28.6147,2.723700000000001
B,14,6,42,1t,openfhe,4,2,120,3,11,31.2989,28.866,2.4329
B,14,6,42,1t,openfhe,4,2,120,4,0,31.3114,29.3217,1.9896999999999991
B,14,6,42,1t,openfhe,4,2,120,4,1,31.3219,29.1104,2.211500000000001
B,14,6,42,1t,openfhe,4,2,120,4,2,31.3048,29.1326,2.1722
B,14,6,42,1t,openfhe,4,2,120,4,3,31.2989,28.9574,2.3415
B,14,6,42,1t,openfhe,4,2,120,4,4,31.3163,28.5627,2.7535999999999987
B,14,6,42,1t,openfhe,4,2,120,4,5,31.2977,28.6545,2.6432
B,14,6,42,1t,openfhe,4,2,120,4,6,31.3039,29.4127,1.8911999999999978
B,14,6,42,1t,openfhe,4,2,120,4,7,31.3154,29.256,2.0594
B,14,6,42,1t,openfhe,4,2,120,4,8,31.2918,29.2365,2.055299999999999
B,14,6,42,1t,openfhe,4,2,120,4,9,31.3297,29.0417,2.2880000000000003
B,14,6,42,1t,openfhe,4,2,120,4,10,31.2933,28.607,2.6862999999999992
B,14,6,42,1t,openfhe,4,2,120,4,11,31.3152,28.8424,2.4727999999999994
B,14,6,42,1t,openfhe,4,2,120,5,0,31.3092,29.3418,1.9674000000000014
B,14,6,42,1t,openfhe,4,2,120,5,1,31.318,29.0927,2.2253000000000007
B,14,6,42,1t,openfhe,4,2,120,5,2,31.2949,29.191,2.1038999999999994
B,14,6,42,1t,openfhe,4,2,120,5,3,31.2995,28.9598,2.339699999999997
B,14,6,42,1t,openfhe,4,2,120,5,4,31.3009,28.5596,2.741299999999999
B,14,6,42,1t,openfhe,4,2,120,5,5,31.3111,28.6543,2.6568000000000005
B,14,6,42,1t,openfhe,4,2,120,5,6,31.3261,29.3765,1.9496000000000002
B,14,6,42,1t,openfhe,4,2,120,5,7,31.302,29.2569,2.045099999999998
B,14,6,42,1t,openfhe,4,2,120,5,8,31.3008,29.236,2.064799999999998
B,14,6,42,1t,openfhe,4,2,120,5,9,31.3139,29.0407,2.273199999999999
B,14,6,42,1t,openfhe,4,2,120,5,10,31.3367,28.5919,2.7448000000000015
B,14,6,42,1t,openfhe,4,2,120,5,11,31.3051,28.8402,2.4649
B,14,6,42,1t,openfhe,4,2,120,6,0,31.3214,29.3002,2.0212000000000003
B,14,6,42,1t,openfhe,4,2,120,6,1,31.3077,29.0946,2.2131000000000007
B,14,6,42,1t,openfhe,4,2,120,6,2,31.3106,29.1554,2.1552000000000007
B,14,6,42,1t,openfhe,4,2,120,6,3,31.3176,28.9462,2.3713999999999977
B,14,6,42,1t,openfhe,4,2,120,6,4,31.3114,28.5882,2.7231999999999985
B,14,6,42,1t,openfhe,4,2,120,6,5,31.3099,28.6704,2.639499999999998
B,14,6,42,1t,openfhe,4,2,120,6,6,31.3244,29.3883,1.9360999999999997
B,14,6,42,1t,openfhe,4,2,120,6,7,31.3229,29.2782,2.0447000000000024
B,14,6,42,1t,openfhe,4,2,120,6,8,31.2981,29.2446,2.053500000000003
B,14,6,42,1t,openfhe,4,2,120,6,9,31.3178,29.0279,2.2898999999999994
B,14,6,42,1t,openfhe,4,2,120,6,10,31.3164,28.6028,2.713600000000003
B,14,6,42,1t,openfhe,4,2,120,6,11,31.3125,28.8431,2.4694000000000003
B,14,6,42,1t,seal,7,1,60,1,0,34.1121,28.9438,5.168299999999999
B,14,6,42,1t,seal,7,1,60,1,1,34.1148,28.9792,5.135600000000004
B,14,6,42,1t,seal,7,1,60,1,2,34.1256,28.9875,5.138099999999998
B,14,6,42,1t,seal,7,1,60,1,3,34.0926,28.9441,5.1484999999999985
B,14,6,42,1t,seal,7,1,60,1,4,34.1122,28.9505,5.1617
B,14,6,42,1t,seal,7,1,60,1,5,34.1219,28.9546,5.167299999999997
B,14,6,42,1t,seal,7,1,60,1,6,34.1227,28.9446,5.178100000000001
B,14,6,42,1t,seal,7,1,60,1,7,34.1261,28.9557,5.170400000000001
B,14,6,42,1t,seal,7,1,60,1,8,34.1025,28.8885,5.213999999999999
B,14,6,42,1t,seal,7,1,60,1,9,34.1173,28.9439,5.173400000000001
B,14,6,42,1t,seal,7,1,60,1,10,34.1397,28.9709,5.168799999999997
B,14,6,42,1t,seal,7,1,60,1,11,34.1369,28.9664,5.170499999999997
B,14,6,42,1t,seal,7,1,60,2,0,34.0787,28.9649,5.113799999999998
B,14,6,42,1t,seal,7,1,60,2,1,34.0997,28.9841,5.115599999999997
B,14,6,42,1t,seal,7,1,60,2,2,34.0888,28.9629,5.125899999999998
B,14,6,42,1t,seal,7,1,60,2,3,34.1151,28.9185,5.1965999999999966
B,14,6,42,1t,seal,7,1,60,2,4,34.136,28.9639,5.172100000000004
B,14,6,42,1t,seal,7,1,60,2,5,34.132,28.9437,5.188299999999998
B,14,6,42,1t,seal,7,1,60,2,6,34.1088,28.9496,5.159200000000002
B,14,6,42,1t,seal,7,1,60,2,7,34.1321,28.9466,5.185500000000001
B,14,6,42,1t,seal,7,1,60,2,8,34.131,28.9126,5.218399999999999
B,14,6,42,1t,seal,7,1,60,2,9,34.1054,28.9757,5.129700000000003
B,14,6,42,1t,seal,7,1,60,2,10,34.1171,28.994,5.123100000000001
B,14,6,42,1t,seal,7,1,60,2,11,34.1072,28.9624,5.1448
B,14,6,42,1t,seal,7,1,60,3,0,34.1043,28.9511,5.153200000000002
B,14,6,42,1t,seal,7,1,60,3,1,34.1388,28.9782,5.160600000000002
B,14,6,42,1t,seal,7,1,60,3,2,34.1206,28.9727,5.1479000000000035
B,14,6,42,1t,seal,7,1,60,3,3,34.1312,28.9345,5.1967
B,14,6,42,1t,seal,7,1,60,3,4,34.1061,28.9745,5.131599999999999
B,14,6,42,1t,seal,7,1,60,3,5,34.1089,28.9592,5.149699999999999
B,14,6,42,1t,seal,7,1,60,3,6,34.1271,28.9285,5.198599999999999
B,14,6,42,1t,seal,7,1,60,3,7,34.1268,28.9392,5.187600000000003
B,14,6,42,1t,seal,7,1,60,3,8,34.1307,28.8967,5.233999999999998
B,14,6,42,1t,seal,7,1,60,3,9,34.1159,28.9566,5.159300000000002
B,14,6,42,1t,seal,7,1,60,3,10,34.1198,29.0051,5.114699999999999
B,14,6,42,1t,seal,7,1,60,3,11,34.11,28.9654,5.1446000000000005
B,14,6,42,1t,seal,7,1,60,4,0,34.1217,28.9441,5.177599999999998
B,14,6,42,1t,seal,7,1,60,4,1,34.1153,28.9852,5.130099999999999
B,14,6,42,1t,seal,7,1,60,4,2,34.1053,28.9802,5.1251
B,14,6,42,1t,seal,7,1,60,4,3,34.1167,28.922,5.194700000000001
B,14,6,42,1t,seal,7,1,60,4,4,34.087,28.9501,5.136900000000004
B,14,6,42,1t,seal,7,1,60,4,5,34.1112,28.9555,5.155699999999996
B,14,6,42,1t,seal,7,1,60,4,6,34.1161,28.9232,5.192900000000002
B,14,6,42,1t,seal,7,1,60,4,7,34.1105,28.957,5.153500000000001
B,14,6,42,1t,seal,7,1,60,4,8,34.1177,28.8935,5.2242
B,14,6,42,1t,seal,7,1,60,4,9,34.119,28.9687,5.150300000000001
B,14,6,42,1t,seal,7,1,60,4,10,34.1079,28.9785,5.1294
B,14,6,42,1t,seal,7,1,60,4,11,34.0942,28.9568,5.1373999999999995
B,14,6,42,1t,seal,7,1,60,5,0,34.117,28.9474,5.169599999999999
B,14,6,42,1t,seal,7,1,60,5,1,34.1179,28.9836,5.1343
B,14,6,42,1t,seal,7,1,60,5,2,34.1089,28.967,5.1419
B,14,6,42,1t,seal,7,1,60,5,3,34.1124,28.9318,5.180600000000002
B,14,6,42,1t,seal,7,1,60,5,4,34.1359,28.9695,5.166399999999999
B,14,6,42,1t,seal,7,1,60,5,5,34.1163,28.9605,5.155800000000003
B,14,6,42,1t,seal,7,1,60,5,6,34.0872,28.951,5.136200000000002
B,14,6,42,1t,seal,7,1,60,5,7,34.1114,28.9625,5.148900000000005
B,14,6,42,1t,seal,7,1,60,5,8,34.1217,28.9183,5.2033999999999985
B,14,6,42,1t,seal,7,1,60,5,9,34.1108,28.9772,5.133599999999998
B,14,6,42,1t,seal,7,1,60,5,10,34.1191,28.9967,5.1224000000000025
B,14,6,42,1t,seal,7,1,60,5,11,34.1309,28.9539,5.176999999999996
B,14,6,42,1t,seal,7,1,60,6,0,34.1207,28.9461,5.174599999999998
B,14,6,42,1t,seal,7,1,60,6,1,34.1283,28.9644,5.163900000000002
B,14,6,42,1t,seal,7,1,60,6,2,34.1464,28.9665,5.1799
B,14,6,42,1t,seal,7,1,60,6,3,34.1181,28.9394,5.178699999999999
B,14,6,42,1t,seal,7,1,60,6,4,34.1254,28.966,5.159399999999998
B,14,6,42,1t,seal,7,1,60,6,5,34.1116,28.9433,5.168300000000002
B,14,6,42,1t,seal,7,1,60,6,6,34.1109,28.9495,5.1614
B,14,6,42,1t,seal,7,1,60,6,7,34.1189,28.9499,5.168999999999997
B,14,6,42,1t,seal,7,1,60,6,8,34.1324,28.9009,5.231499999999997
B,14,6,42,1t,seal,7,1,60,6,9,34.1066,28.9631,5.1434999999999995
B,14,6,42,1t,seal,7,1,60,6,10,34.1112,28.9819,5.129299999999997
B,14,6,42,1t,seal,7,1,60,6,11,34.1197,28.9535,5.1662000000000035
B,14,6,42,mt,lattigo,4,2,120,1,0,34.1095,31.0716,3.037899999999997
B,14,6,42,mt,lattigo,4,2,120,1,1,34.1275,31.0789,3.048599999999997
B,14,6,42,mt,lattigo,4,2,120,1,2,34.1413,31.0529,3.0884
B,14,6,42,mt,lattigo,4,2,120,1,3,34.1549,31.0598,3.0950999999999986
B,14,6,42,mt,lattigo,4,2,120,1,4,34.1385,31.0666,3.0718999999999994
B,14,6,42,mt,lattigo,4,2,120,1,5,34.1484,31.087,3.0614000000000026
B,14,6,42,mt,lattigo,4,2,120,1,6,34.1299,31.056,3.0738999999999983
B,14,6,42,mt,lattigo,4,2,120,1,7,34.1174,31.0758,3.0416000000000025
B,14,6,42,mt,lattigo,4,2,120,1,8,34.1346,31.0711,3.0634999999999977
B,14,6,42,mt,lattigo,4,2,120,1,9,34.126,31.0714,3.054599999999997
B,14,6,42,mt,lattigo,4,2,120,1,10,34.1486,31.0673,3.0813000000000024
B,14,6,42,mt,lattigo,4,2,120,1,11,34.1472,31.0652,3.081999999999997
B,14,6,42,mt,lattigo,4,2,120,2,0,34.1224,31.0609,3.0614999999999988
B,14,6,42,mt,lattigo,4,2,120,2,1,34.1356,31.0768,3.058799999999998
B,14,6,42,mt,lattigo,4,2,120,2,2,34.1412,31.0547,3.0864999999999974
B,14,6,42,mt,lattigo,4,2,120,2,3,34.1348,31.0553,3.0794999999999995
B,14,6,42,mt,lattigo,4,2,120,2,4,34.1453,31.0454,3.099899999999998
B,14,6,42,mt,lattigo,4,2,120,2,5,34.1156,31.0703,3.045300000000001
B,14,6,42,mt,lattigo,4,2,120,2,6,34.1262,31.0734,3.0527999999999977
B,14,6,42,mt,lattigo,4,2,120,2,7,34.1186,31.0868,3.0318000000000005
B,14,6,42,mt,lattigo,4,2,120,2,8,34.1317,31.0818,3.049900000000001
B,14,6,42,mt,lattigo,4,2,120,2,9,34.1343,31.0741,3.060200000000002
B,14,6,42,mt,lattigo,4,2,120,2,10,34.1218,31.0625,3.0593000000000004
B,14,6,42,mt,lattigo,4,2,120,2,11,34.1209,31.0982,3.0227000000000004
B,14,6,42,mt,lattigo,4,2,120,3,0,34.1383,31.0765,3.0618000000000016
B,14,6,42,mt,lattigo,4,2,120,3,1,34.1189,31.0687,3.0501999999999967
B,14,6,42,mt,lattigo,4,2,120,3,2,34.1359,31.066,3.0699000000000005
B,14,6,42,mt,lattigo,4,2,120,3,3,34.1412,31.0677,3.0734999999999992
B,14,6,42,mt,lattigo,4,2,120,3,4,34.1464,31.0594,3.0869999999999997
B,14,6,42,mt,lattigo,4,2,120,3,5,34.1288,31.0819,3.0468999999999973
B,14,6,42,mt,lattigo,4,2,120,3,6,34.1386,31.0824,3.056199999999997
B,14,6,42,mt,lattigo,4,2,120,3,7,34.129,31.0677,3.0612999999999992
B,14,6,42,mt,lattigo,4,2,120,3,8,34.1228,31.0751,3.047699999999999
B,14,6,42,mt,lattigo,4,2,120,3,9,34.1299,31.09,3.0398999999999994
B,14,6,42,mt,lattigo,4,2,120,3,10,34.1262,31.0659,3.060299999999998
B,14,6,42,mt,lattigo,4,2,120,3,11,34.1437,31.0633,3.080400000000001
B,14,6,42,mt,lattigo,4,2,120,4,0,34.1255,31.049,3.076500000000003
B,14,6,42,mt,lattigo,4,2,120,4,1,34.1163,31.0664,3.049900000000001
B,14,6,42,mt,lattigo,4,2,120,4,2,34.1204,31.0621,3.0582999999999956
B,14,6,42,mt,lattigo,4,2,120,4,3,34.1422,31.08,3.0622000000000043
B,14,6,42,mt,lattigo,4,2,120,4,4,34.1437,31.0644,3.0793000000000035
B,14,6,42,mt,lattigo,4,2,120,4,5,34.1178,31.074,3.043800000000001
B,14,6,42,mt,lattigo,4,2,120,4,6,34.1545,31.0574,3.0970999999999975
B,14,6,42,mt,lattigo,4,2,120,4,7,34.1259,31.0855,3.0404000000000018
B,14,6,42,mt,lattigo,4,2,120,4,8,34.1451,31.079,3.0660999999999987
B,14,6,42,mt,lattigo,4,2,120,4,9,34.1183,31.0701,3.048199999999998
B,14,6,42,mt,lattigo,4,2,120,4,10,34.1215,31.0734,3.048099999999998
B,14,6,42,mt,lattigo,4,2,120,4,11,34.1495,31.0811,3.068400000000004
B,14,6,42,mt,lattigo,4,2,120,5,0,34.1374,31.0665,3.070899999999998
B,14,6,42,mt,lattigo,4,2,120,5,1,34.1388,31.0775,3.061300000000003
B,14,6,42,mt,lattigo,4,2,120,5,2,34.1216,31.0742,3.0473999999999997
B,14,6,42,mt,lattigo,4,2,120,5,3,34.1391,31.0698,3.0692999999999984
B,14,6,42,mt,lattigo,4,2,120,5,4,34.1343,31.067,3.067300000000003
B,14,6,42,mt,lattigo,4,2,120,5,5,34.1223,31.0558,3.0665000000000013
B,14,6,42,mt,lattigo,4,2,120,5,6,34.1248,31.0813,3.0435000000000016
B,14,6,42,mt,lattigo,4,2,120,5,7,34.1301,31.0463,3.0838
B,14,6,42,mt,lattigo,4,2,120,5,8,34.1303,31.068,3.062299999999997
B,14,6,42,mt,lattigo,4,2,120,5,9,34.1285,31.0678,3.060700000000004
B,14,6,42,mt,lattigo,4,2,120,5,10,34.1251,31.0807,3.044400000000003
B,14,6,42,mt,lattigo,4,2,120,5,11,34.1142,31.0841,3.0300999999999974
B,14,6,42,mt,lattigo,4,2,120,6,0,34.1329,31.0959,3.036999999999999
B,14,6,42,mt,lattigo,4,2,120,6,1,34.124,31.0641,3.0599000000000025
B,14,6,42,mt,lattigo,4,2,120,6,2,34.1407,31.0744,3.066300000000002
B,14,6,42,mt,lattigo,4,2,120,6,3,34.1263,31.068,3.058299999999999
B,14,6,42,mt,lattigo,4,2,120,6,4,34.1198,31.0506,3.0691999999999986
B,14,6,42,mt,lattigo,4,2,120,6,5,34.1279,31.0824,3.045499999999997
B,14,6,42,mt,lattigo,4,2,120,6,6,34.1439,31.0801,3.0638000000000005
B,14,6,42,mt,lattigo,4,2,120,6,7,34.1298,31.082,3.0478000000000023
B,14,6,42,mt,lattigo,4,2,120,6,8,34.1312,31.0713,3.059899999999999
B,14,6,42,mt,lattigo,4,2,120,6,9,34.1271,31.073,3.0540999999999983
B,14,6,42,mt,lattigo,4,2,120,6,10,34.126,31.0495,3.0764999999999993
B,14,6,42,mt,lattigo,4,2,120,6,11,34.1349,31.0632,3.0717000000000034
B,14,6,42,mt,openfhe,4,2,120,1,0,31.312,28.9003,2.4116999999999997
B,14,6,42,mt,openfhe,4,2,120,1,1,31.2919,29.3942,1.8976999999999968
B,14,6,42,mt,openfhe,4,2,120,1,2,31.3032,28.4924,2.8108000000000004
B,14,6,42,mt,openfhe,4,2,120,1,3,31.3096,28.5173,2.792300000000001
B,14,6,42,mt,openfhe,4,2,120,1,4,31.3,29.1141,2.1859
B,14,6,42,mt,openfhe,4,2,120,1,5,31.3007,29.4439,1.8567999999999998
B,14,6,42,mt,openfhe,4,2,120,1,6,31.3009,28.1817,3.1191999999999993
B,14,6,42,mt,openfhe,4,2,120,1,7,31.3011,28.6603,2.6408000000000023
B,14,6,42,mt,openfhe,4,2,120,1,8,31.3079,28.5452,2.762699999999999
B,14,6,42,mt,openfhe,4,2,120,1,9,31.3276,28.7302,2.5974000000000004
B,14,6,42,mt,openfhe,4,2,120,1,10,31.3076,29.0717,2.235900000000001
B,14,6,42,mt,openfhe,4,2,120,1,11,31.33,29.6115,1.7184999999999988
B,14,6,42,mt,openfhe,4,2,120,2,0,31.3178,28.9334,2.3843999999999994
B,14,6,42,mt,openfhe,4,2,120,2,1,31.2992,29.3658,1.933399999999999
B,14,6,42,mt,openfhe,4,2,120,2,2,31.3161,28.5062,2.809899999999999
B,14,6,42,mt,openfhe,4,2,120,2,3,31.3179,28.502,2.8159000000000027
B,14,6,42,mt,openfhe,4,2,120,2,4,31.3173,29.1114,2.2058999999999997
B,14,6,42,mt,openfhe,4,2,120,2,5,31.2997,29.4644,1.8353000000000002
B,14,6,42,mt,openfhe,4,2,120,2,6,31.3064,28.1779,3.128499999999999
B,14,6,42,mt,openfhe,4,2,120,2,7,31.3049,28.6592,2.6457000000000015
B,14,6,42,mt,openfhe,4,2,120,2,8,31.2978,28.5406,2.7571999999999974
B,14,6,42,mt,openfhe,4,2,120,2,9,31.3128,28.7123,2.6005000000000003
B,14,6,42,mt,openfhe,4,2,120,2,10,31.3066,29.0559,2.2506999999999984
B,14,6,42,mt,openfhe,4,2,120,2,11,31.3114,29.6098,1.7015999999999991
B,14,6,42,mt,openfhe,4,2,120,3,0,31.3186,28.9194,2.3992000000000004
B,14,6,42,mt,openfhe,4,2,120,3,1,31.3147,29.3677,1.9469999999999992
B,14,6,42,mt,openfhe,4,2,120,3,2,31.3222,28.498,2.8241999999999976
B,14,6,42,mt,openfhe,4,2,120,3,3,31.32,28.5253,2.794699999999999
B,14,6,42,mt,openfhe,4,2,120,3,4,31.2912,29.1148,2.176400000000001
B,14,6,42,mt,openfhe,4,2,120,3,5,31.3128,29.4894,1.8233999999999995
B,14,6,42,mt,openfhe,4,2,120,3,6,31.3065,28.1633,3.1432
B,14,6,42,mt,openfhe,4,2,120,3,7,31.3394,28.6676,2.671800000000001
B,14,6,42,mt,openfhe,4,2,120,3,8,31.3128,28.545,2.7677999999999976
B,14,6,42,mt,openfhe,4,2,120,3,9,31.2891,28.6957,2.5934000000000026
B,14,6,42,mt,openfhe,4,2,120,3,10,31.3114,29.0542,2.2571999999999974
B,14,6,42,mt,openfhe,4,2,120,3,11,31.3251,29.6195,1.7056000000000004
B,14,6,42,mt,openfhe,4,2,120,4,0,31.3027,28.9043,2.3984000000000023
B,14,6,42,mt,openfhe,4,2,120,4,1,31.3267,29.3669,1.9597999999999978
B,14,6,42,mt,openfhe,4,2,120,4,2,31.3087,28.5074,2.8013000000000012
B,14,6,42,mt,openfhe,4,2,120,4,3,31.3038,28.505,2.7988
B,14,6,42,mt,openfhe,4,2,120,4,4,31.3014,29.1272,2.1742000000000026
B,14,6,42,mt,openfhe,4,2,120,4,5,31.3259,29.4612,1.8646999999999991
B,14,6,42,mt,openfhe,4,2,120,4,6,31.314,28.175,3.1389999999999993
B,14,6,42,mt,openfhe,4,2,120,4,7,31.3081,28.6295,2.6785999999999994
B,14,6,42,mt,openfhe,4,2,120,4,8,31.3259,28.5299,2.7959999999999994
B,14,6,42,mt,openfhe,4,2,120,4,9,31.3358,28.7258,2.6099999999999994
B,14,6,42,mt,openfhe,4,2,120,4,10,31.2956,29.0595,2.2361000000000004
B,14,6,42,mt,openfhe,4,2,120,4,11,31.3435,29.6168,1.7266999999999975
B,14,6,42,mt,openfhe,4,2,120,5,0,31.3171,28.9297,2.3873999999999995
B,14,6,42,mt,openfhe,4,2,120,5,1,31.2851,29.3794,1.9056999999999995
B,14,6,42,mt,openfhe,4,2,120,5,2,31.2936,28.509,2.784600000000001
B,14,6,42,mt,openfhe,4,2,120,5,3,31.3007,28.5258,2.774899999999999
B,14,6,42,mt,openfhe,4,2,120,5,4,31.3233,29.1184,2.2048999999999985
B,14,6,42,mt,openfhe,4,2,120,5,5,31.3066,29.4438,1.8628
B,14,6,42,mt,openfhe,4,2,120,5,6,31.2823,28.1919,3.090399999999999
B,14,6,42,mt,openfhe,4,2,120,5,7,31.3279,28.6475,2.680399999999999
B,14,6,42,mt,openfhe,4,2,120,5,8,31.3126,28.5101,2.8024999999999984
B,14,6,42,mt,openfhe,4,2,120,5,9,31.3051,28.7283,2.5767999999999986
B,14,6,42,mt,openfhe,4,2,120,5,10,31.3187,29.0515,2.267199999999999
B,14,6,42,mt,openfhe,4,2,120,5,11,31.3106,29.6092,1.7013999999999996
B,14,6,42,mt,openfhe,4,2,120,6,0,31.3159,28.9246,2.3912999999999975
B,14,6,42,mt,openfhe,4,2,120,6,1,31.3015,29.3509,1.9506000000000014
B,14,6,42,mt,openfhe,4,2,120,6,2,31.3228,28.486,2.8368
B,14,6,42,mt,openfhe,4,2,120,6,3,31.3247,28.5178,2.806899999999999
B,14,6,42,mt,openfhe,4,2,120,6,4,31.318,29.0936,2.224400000000003
B,14,6,42,mt,openfhe,4,2,120,6,5,31.3163,29.444,1.8722999999999992
B,14,6,42,mt,openfhe,4,2,120,6,6,31.2865,28.1919,3.0946
B,14,6,42,mt,openfhe,4,2,120,6,7,31.3039,28.6517,2.652199999999997
B,14,6,42,mt,openfhe,4,2,120,6,8,31.3064,28.5313,2.7750999999999983
B,14,6,42,mt,openfhe,4,2,120,6,9,31.315,28.7321,2.582900000000002
B,14,6,42,mt,openfhe,4,2,120,6,10,31.3087,29.0675,2.2412000000000027
B,14,6,42,mt,openfhe,4,2,120,6,11,31.3139,29.598,1.7159000000000013
B,14,6,42,mt,seal,7,1,60,1,0,34.1288,28.9353,5.193499999999997
B,14,6,42,mt,seal,7,1,60,1,1,34.1372,28.9593,5.177900000000001
B,14,6,42,mt,seal,7,1,60,1,2,34.1173,28.908,5.209299999999999
B,14,6,42,mt,seal,7,1,60,1,3,34.1319,28.9503,5.181600000000003
B,14,6,42,mt,seal,7,1,60,1,4,34.1115,28.9561,5.1554
B,14,6,42,mt,seal,7,1,60,1,5,34.1263,28.9304,5.195900000000002
B,14,6,42,mt,seal,7,1,60,1,6,34.1001,28.9371,5.162999999999997
B,14,6,42,mt,seal,7,1,60,1,7,34.1238,28.9484,5.175400000000003
B,14,6,42,mt,seal,7,1,60,1,8,34.1075,28.9362,5.171300000000002
B,14,6,42,mt,seal,7,1,60,1,9,34.1181,28.9437,5.174399999999999
B,14,6,42,mt,seal,7,1,60,1,10,34.1151,28.9763,5.1388
B,14,6,42,mt,seal,7,1,60,1,11,34.1184,28.9379,5.180500000000002
B,14,6,42,mt,seal,7,1,60,2,0,34.1227,28.9288,5.193900000000003
B,14,6,42,mt,seal,7,1,60,2,1,34.1107,28.964,5.146700000000003
B,14,6,42,mt,seal,7,1,60,2,2,34.0913,28.9372,5.154099999999996
B,14,6,42,mt,seal,7,1,60,2,3,34.1204,28.9363,5.184099999999997
B,14,6,42,mt,seal,7,1,60,2,4,34.1355,28.992,5.1434999999999995
B,14,6,42,mt,seal,7,1,60,2,5,34.1073,28.9615,5.145800000000001
B,14,6,42,mt,seal,7,1,60,2,6,34.1376,28.9142,5.223399999999998
B,14,6,42,mt,seal,7,1,60,2,7,34.1095,28.9467,5.162799999999997
B,14,6,42,mt,seal,7,1,60,2,8,34.1163,28.94,5.176300000000001
B,14,6,42,mt,seal,7,1,60,2,9,34.1335,28.9653,5.168199999999999
B,14,6,42,mt,seal,7,1,60,2,10,34.1275,28.9513,5.176199999999998
B,14,6,42,mt,seal,7,1,60,2,11,34.1096,28.9407,5.168900000000001
B,14,6,42,mt,seal,7,1,60,3,0,34.1363,28.9158,5.220499999999998
B,14,6,42,mt,seal,7,1,60,3,1,34.1234,28.9565,5.166899999999998
B,14,6,42,mt,seal,7,1,60,3,2,34.1005,28.9211,5.179399999999998
B,14,6,42,mt,seal,7,1,60,3,3,34.1245,28.9289,5.195599999999999
B,14,6,42,mt,seal,7,1,60,3,4,34.1232,28.9758,5.1473999999999975
B,14,6,42,mt,seal,7,1,60,3,5,34.1292,28.9357,5.193499999999997
B,14,6,42,mt,seal,7,1,60,3,6,34.1174,28.9229,5.194500000000005
B,14,6,42,mt,seal,7,1,60,3,7,34.1077,28.9838,5.123900000000003
B,14,6,42,mt,seal,7,1,60,3,8,34.1357,28.9382,5.197500000000002
B,14,6,42,mt,seal,7,1,60,3,9,34.1212,28.9531,5.168100000000003
B,14,6,42,mt,seal,7,1,60,3,10,34.0963,28.9585,5.137799999999999
B,14,6,42,mt,seal,7,1,60,3,11,34.1141,28.9393,5.174800000000001
B,14,6,42,mt,seal,7,1,60,4,0,34.1423,28.9208,5.221499999999999
B,14,6,42,mt,seal,7,1,60,4,1,34.1214,28.9487,5.1727000000000025
B,14,6,42,mt,seal,7,1,60,4,2,34.1429,28.9215,5.221399999999996
B,14,6,42,mt,seal,7,1,60,4,3,34.1284,28.9302,5.1982
B,14,6,42,mt,seal,7,1,60,4,4,34.1392,28.9681,5.171100000000003
B,14,6,42,mt,seal,7,1,60,4,5,34.1176,28.9614,5.156200000000002
B,14,6,42,mt,seal,7,1,60,4,6,34.1441,28.8991,5.245000000000001
B,14,6,42,mt,seal,7,1,60,4,7,34.1173,28.9427,5.174600000000002
B,14,6,42,mt,seal,7,1,60,4,8,34.1219,28.9237,5.198199999999996
B,14,6,42,mt,seal,7,1,60,4,9,34.1279,28.9493,5.178599999999996
B,14,6,42,mt,seal,7,1,60,4,10,34.1243,28.9579,5.166399999999999
B,14,6,42,mt,seal,7,1,60,4,11,34.1025,28.9356,5.166899999999998
B,14,6,42,mt,seal,7,1,60,5,0,34.0985,28.9279,5.1706
B,14,6,42,mt,seal,7,1,60,5,1,34.1311,28.9265,5.204600000000003
B,14,6,42,mt,seal,7,1,60,5,2,34.1163,28.9065,5.209800000000001
B,14,6,42,mt,seal,7,1,60,5,3,34.1121,28.9455,5.166599999999999
B,14,6,42,mt,seal,7,1,60,5,4,34.1258,28.9729,5.152899999999999
B,14,6,42,mt,seal,7,1,60,5,5,34.1079,28.9497,5.158200000000001
B,14,6,42,mt,seal,7,1,60,5,6,34.1218,28.9084,5.2134
B,14,6,42,mt,seal,7,1,60,5,7,34.1217,28.9619,5.159799999999997
B,14,6,42,mt,seal,7,1,60,5,8,34.1109,28.9445,5.166399999999999
B,14,6,42,mt,seal,7,1,60,5,9,34.1096,28.9617,5.1479
B,14,6,42,mt,seal,7,1,60,5,10,34.1217,28.9554,5.166299999999996
B,14,6,42,mt,seal,7,1,60,5,11,34.1161,28.9516,5.164500000000004
B,14,6,42,mt,seal,7,1,60,6,0,34.1142,28.9122,5.201999999999998
B,14,6,42,mt,seal,7,1,60,6,1,34.1152,28.9379,5.1773000000000025
B,14,6,42,mt,seal,7,1,60,6,2,34.1268,28.923,5.203800000000005
B,14,6,42,mt,seal,7,1,60,6,3,34.111,28.9481,5.162899999999997
B,14,6,42,mt,seal,7,1,60,6,4,34.1072,28.9689,5.138299999999997
B,14,6,42,mt,seal,7,1,60,6,5,34.1196,28.9394,5.180199999999999
B,14,6,42,mt,seal,7,1,60,6,6,34.126,28.9228,5.203199999999999
B,14,6,42,mt,seal,7,1,60,6,7,34.1189,28.9555,5.163399999999996
B,14,6,42,mt,seal,7,1,60,6,8,34.1063,28.9305,5.175799999999999
B,14,6,42,mt,seal,7,1,60,6,9,34.1126,28.9388,5.1738
B,14,6,42,mt,seal,7,1,60,6,10,34.1289,28.9606,5.168300000000002
B,14,6,42,mt,seal,7,1,60,6,11,34.1118,28.9331,5.178700000000003
C,15,10,48,1t,lattigo,3,4,240,1,0,39.6353,36.0869,3.548400000000001
C,15,10,48,1t,lattigo,3,4,240,1,1,39.6389,36.0876,3.5512999999999977
C,15,10,48,1t,lattigo,3,4,240,1,2,39.6268,36.0802,3.546600000000005
C,15,10,48,1t,lattigo,3,4,240,1,3,39.623,36.0888,3.5341999999999985
C,15,10,48,1t,lattigo,3,4,240,1,4,39.63,36.0942,3.535800000000002
C,15,10,48,1t,lattigo,3,4,240,1,5,39.6313,36.088,3.543300000000002
C,15,10,48,1t,lattigo,3,4,240,1,6,39.6281,36.0654,3.5627000000000066
C,15,10,48,1t,lattigo,3,4,240,1,7,39.6451,36.0797,3.565399999999997
C,15,10,48,1t,lattigo,3,4,240,1,8,39.6461,36.0747,3.571399999999997
C,15,10,48,1t,lattigo,3,4,240,1,9,39.6225,36.0936,3.5289
C,15,10,48,1t,lattigo,3,4,240,1,10,39.6307,36.0613,3.5693999999999946
C,15,10,48,1t,lattigo,3,4,240,1,11,39.6477,36.0698,3.5778999999999996
C,15,10,48,1t,lattigo,3,4,240,2,0,39.6392,36.0771,3.562100000000001
C,15,10,48,1t,lattigo,3,4,240,2,1,39.6238,36.0722,3.5516000000000005
C,15,10,48,1t,lattigo,3,4,240,2,2,39.6364,36.0907,3.5457000000000036
C,15,10,48,1t,lattigo,3,4,240,2,3,39.6412,36.0744,3.5668000000000006
C,15,10,48,1t,lattigo,3,4,240,2,4,39.6428,36.0953,3.5474999999999994
C,15,10,48,1t,lattigo,3,4,240,2,5,39.6078,36.0908,3.516999999999996
C,15,10,48,1t,lattigo,3,4,240,2,6,39.6167,36.076,3.540700000000001
C,15,10,48,1t,lattigo,3,4,240,2,7,39.63,36.0751,3.5549000000000035
C,15,10,48,1t,lattigo,3,4,240,2,8,39.6346,36.0751,3.5595
C,15,10,48,1t,lattigo,3,4,240,2,9,39.6125,36.0711,3.541399999999996
C,15,10,48,1t,lattigo,3,4,240,2,10,39.6321,36.0728,3.5593000000000004
C,15,10,48,1t,lattigo,3,4,240,2,11,39.6377,36.0854,3.5523000000000025
C,15,10,48,1t,lattigo,3,4,240,3,0,39.6202,36.071,3.549199999999999
C,15,10,48,1t,lattigo,3,4,240,3,1,39.6313,36.0871,3.5442000000000036
C,15,10,48,1t,lattigo,3,4,240,3,2,39.6226,36.0907,3.5319000000000003
C,15,10,48,1t,lattigo,3,4,240,3,3,39.6493,36.0748,3.5744999999999933
C,15,10,48,1t,lattigo,3,4,240,3,4,39.6133,36.1002,3.5131000000000014
C,15,10,48,1t,lattigo,3,4,240,3,5,39.629,36.0843,3.544699999999999
C,15,10,48,1t,lattigo,3,4,240,3,6,39.619,36.0862,3.5328000000000017
C,15,10,48,1t,lattigo,3,4,240,3,7,39.6319,36.0811,3.5508000000000024
C,15,10,48,1t,lattigo,3,4,240,3,8,39.6398,36.0914,3.548400000000001
C,15,10,48,1t,lattigo,3,4,240,3,9,39.6177,36.0905,3.5272000000000006
C,15,10,48,1t,lattigo,3,4,240,3,10,39.6405,36.088,3.552500000000002
C,15,10,48,1t,lattigo,3,4,240,3,11,39.6415,36.0822,3.5593000000000004
C,15,10,48,1t,lattigo,3,4,240,4,0,39.6198,36.0661,3.553699999999999
C,15,10,48,1t,lattigo,3,4,240,4,1,39.6294,36.0846,3.544799999999995
C,15,10,48,1t,lattigo,3,4,240,4,2,39.6397,36.0666,3.5730999999999966
C,15,10,48,1t,lattigo,3,4,240,4,3,39.6395,36.0923,3.5471999999999966
C,15,10,48,1t,lattigo,3,4,240,4,4,39.6343,36.0869,3.547400000000003
C,15,10,48,1t,lattigo,3,4,240,4,5,39.6379,36.0904,3.5474999999999994
C,15,10,48,1t,lattigo,3,4,240,4,6,39.6427,36.0675,3.5751999999999953
C,15,10,48,1t,lattigo,3,4,240,4,7,39.626,36.0773,3.5486999999999966
C,15,10,48,1t,lattigo,3,4,240,4,8,39.624,36.0752,3.5488
C,15,10,48,1t,lattigo,3,4,240,4,9,39.6271,36.1011,3.5259999999999962
C,15,10,48,1t,lattigo,3,4,240,4,10,39.6214,36.0936,3.527799999999999
C,15,10,48,1t,lattigo,3,4,240,4,11,39.6362,36.0842,3.5519999999999996
C,15,10,48,1t,lattigo,3,4,240,5,0,39.6224,36.0846,3.537799999999997
C,15,10,48,1t,lattigo,3,4,240,5,1,39.6218,36.0806,3.5412000000000035
C,15,10,48,1t,lattigo,3,4,240,5,2,39.6423,36.0707,3.5715999999999966
C,15,10,48,1t,lattigo,3,4,240,5,3,39.6226,36.0783,3.5443
C,15,10,48,1t,lattigo,3,4,240,5,4,39.6358,36.0864,3.5494000000000057
C,15,10,48,1t,lattigo,3,4,240,5,5,39.623,36.0815,3.541499999999999
C,15,10,48,1t,lattigo,3,4,240,5,6,39.6213,36.0804,3.5409000000000006
C,15,10,48,1t,lattigo,3,4,240,5,7,39.6541,36.0806,3.573500000000003
C,15,10,48,1t,lattigo,3,4,240,5,8,39.6372,36.0768,3.5604000000000013
C,15,10,48,1t,lattigo,3,4,240,5,9,39.6289,36.0972,3.5317000000000007
C,15,10,48,1t,lattigo,3,4,240,5,10,39.6346,36.0797,3.5548999999999964
C,15,10,48,1t,lattigo,3,4,240,5,11,39.6294,36.0734,3.5559999999999974
C,15,10,48,1t,lattigo,3,4,240,6,0,39.6342,36.084,3.5501999999999967
C,15,10,48,1t,lattigo,3,4,240,6,1,39.6369,36.0737,3.563199999999995
C,15,10,48,1t,lattigo,3,4,240,6,2,39.6209,36.0825,3.5383999999999958
C,15,10,48,1t,lattigo,3,4,240,6,3,39.6252,36.0906,3.5345999999999975
C,15,10,48,1t,lattigo,3,4,240,6,4,39.6431,36.078,3.565099999999994
C,15,10,48,1t,lattigo,3,4,240,6,5,39.6318,36.0832,3.5486000000000004
C,15,10,48,1t,lattigo,3,4,240,6,6,39.6229,36.0725,3.5504000000000033
C,15,10,48,1t,lattigo,3,4,240,6,7,39.6375,36.0869,3.550600000000003
C,15,10,48,1t,lattigo,3,4,240,6,8,39.6379,36.0781,3.5598000000000027
C,15,10,48,1t,lattigo,3,4,240,6,9,39.643,36.0967,3.5463000000000022
C,15,10,48,1t,lattigo,3,4,240,6,10,39.6254,36.078,3.547399999999996
C,15,10,48,1t,lattigo,3,4,240,6,11,39.6249,36.0823,3.5426
C,15,10,48,1t,lattigo,3,4,240,7,0,39.6285,36.0718,3.5566999999999993
C,15,10,48,1t,lattigo,3,4,240,7,1,39.632,36.0737,3.5582999999999956
C,15,10,48,1t,lattigo,3,4,240,7,2,39.6329,36.0797,3.553199999999997
C,15,10,48,1t,lattigo,3,4,240,7,3,39.62,36.0771,3.542899999999996
C,15,10,48,1t,lattigo,3,4,240,7,4,39.6275,36.0866,3.5409000000000006
C,15,10,48,1t,lattigo,3,4,240,7,5,39.6115,36.0922,3.519300000000001
C,15,10,48,1t,lattigo,3,4,240,7,6,39.6308,36.0885,3.5422999999999973
C,15,10,48,1t,lattigo,3,4,240,7,7,39.6373,36.0796,3.557700000000004
C,15,10,48,1t,lattigo,3,4,240,7,8,39.6409,36.0845,3.5564000000000036
C,15,10,48,1t,lattigo,3,4,240,7,9,39.6225,36.0925,3.530000000000001
C,15,10,48,1t,lattigo,3,4,240,7,10,39.625,36.077,3.548000000000002
C,15,10,48,1t,lattigo,3,4,240,7,11,39.628,36.0629,3.565100000000001
C,15,10,48,1t,lattigo,3,4,240,8,0,39.6321,36.0902,3.5418999999999983
C,15,10,48,1t,lattigo,3,4,240,8,1,39.6349,36.0747,3.560200000000002
C,15,10,48,1t,lattigo,3,4,240,8,2,39.6449,36.0812,3.563699999999997
C,15,10,48,1t,lattigo,3,4,240,8,3,39.6388,36.0722,3.566600000000001
C,15,10,48,1t,lattigo,3,4,240,8,4,39.6188,36.0791,3.5397000000000034
C,15,10,48,1t,lattigo,3,4,240,8,5,39.6267,36.0674,3.5593000000000004
C,15,10,48,1t,lattigo,3,4,240,8,6,39.6297,36.0789,3.5508000000000024
C,15,10,48,1t,lattigo,3,4,240,8,7,39.6287,36.082,3.5467000000000013
C,15,10,48,1t,lattigo,3,4,240,8,8,39.626,36.0628,3.563199999999995
C,15,10,48,1t,lattigo,3,4,240,8,9,39.6278,36.0846,3.543199999999999
C,15,10,48,1t,lattigo,3,4,240,8,10,39.6325,36.0879,3.5446000000000026
C,15,10,48,1t,lattigo,3,4,240,8,11,39.6291,36.0608,3.5683000000000007
C,15,10,48,1t,lattigo,3,4,240,9,0,39.6316,36.0612,3.5703999999999994
C,15,10,48,1t,lattigo,3,4,240,9,1,39.6169,36.0877,3.529200000000003
C,15,10,48,1t,lattigo,3,4,240,9,2,39.6342,36.0704,3.5638000000000005
C,15,10,48,1t,lattigo,3,4,240,9,3,39.6187,36.0928,3.5259
C,15,10,48,1t,lattigo,3,4,240,9,4,39.6215,36.066,3.555499999999995
C,15,10,48,1t,lattigo,3,4,240,9,5,39.6275,36.0621,3.565399999999997
C,15,10,48,1t,lattigo,3,4,240,9,6,39.6309,36.0716,3.5593000000000004
C,15,10,48,1t,lattigo,3,4,240,9,7,39.6206,36.078,3.5426
C,15,10,48,1t,lattigo,3,4,240,9,8,39.639,36.0846,3.554400000000001
C,15,10,48,1t,lattigo,3,4,240,9,9,39.6269,36.0987,3.5281999999999982
C,15,10,48,1t,lattigo,3,4,240,9,10,39.6264,36.0941,3.5322999999999993
C,15,10,48,1t,lattigo,3,4,240,9,11,39.6227,36.065,3.557700000000004
C,15,10,48,1t,lattigo,3,4,240,10,0,39.627,36.0745,3.552500000000002
C,15,10,48,1t,lattigo,3,4,240,10,1,39.6282,36.0724,3.555799999999998
C,15,10,48,1t,lattigo,3,4,240,10,2,39.6276,36.0728,3.5548
C,15,10,48,1t,lattigo,3,4,240,10,3,39.6356,36.0849,3.550699999999999
C,15,10,48,1t,lattigo,3,4,240,10,4,39.6195,36.0868,3.5327000000000055
C,15,10,48,1t,lattigo,3,4,240,10,5,39.626,36.092,3.533999999999999
C,15,10,48,1t,lattigo,3,4,240,10,6,39.6252,36.0739,3.5512999999999977
C,15,10,48,1t,lattigo,3,4,240,10,7,39.6227,36.063,3.5596999999999994
C,15,10,48,1t,lattigo,3,4,240,10,8,39.6386,36.0849,3.553699999999999
C,15,10,48,1t,lattigo,3,4,240,10,9,39.632,36.0879,3.5441000000000003
C,15,10,48,1t,lattigo,3,4,240,10,10,39.632,36.0722,3.5597999999999956
C,15,10,48,1t,lattigo,3,4,240,10,11,39.6357,36.083,3.5527000000000015
C,15,10,48,1t,openfhe,2,5,300,1,0,36.3156,33.1654,3.150200000000005
C,15,10,48,1t,openfhe,2,5,300,1,1,36.321,31.9484,4.3725999999999985
C,15,10,48,1t,openfhe,2,5,300,1,2,36.302,32.6729,3.629100000000001
C,15,10,48,1t,openfhe,2,5,300,1,3,36.3183,32.6793,3.639000000000003
C,15,10,48,1t,openfhe,2,5,300,1,4,36.3225,33.5871,2.7353999999999985
C,15,10,48,1t,openfhe,2,5,300,1,5,36.3172,33.7403,2.576900000000002
C,15,10,48,1t,openfhe,2,5,300,1,6,36.3148,33.8439,2.4709000000000003
C,15,10,48,1t,openfhe,2,5,300,1,7,36.3166,33.3228,2.9938000000000002
C,15,10,48,1t,openfhe,2,5,300,1,8,36.3255,32.9719,3.3536
C,15,10,48,1t,openfhe,2,5,300,1,9,36.3138,32.1589,4.154899999999998
C,15,10,48,1t,openfhe,2,5,300,1,10,36.3199,33.7395,2.5803999999999974
C,15,10,48,1t,openfhe,2,5,300,1,11,36.3246,32.5752,3.7493999999999943
C,15,10,48,1t,openfhe,2,5,300,2,0,36.3201,33.1716,3.1484999999999985
C,15,10,48,1t,openfhe,2,5,300,2,1,36.3155,31.9518,4.3637000000000015
C,15,10,48,1t,openfhe,2,5,300,2,2,36.3104,32.6772,3.633200000000002
C,15,10,48,1t,openfhe,2,5,300,2,3,36.3144,32.7088,3.6056000000000026
C,15,10,48,1t,openfhe,2,5,300,2,4,36.3235,33.5969,2.726600000000005
C,15,10,48,1t,openfhe,2,5,300,2,5,36.3207,33.7586,2.562100000000001
C,15,10,48,1t,openfhe,2,5,300,2,6,36.3194,33.8224,2.497
C,15,10,48,1t,openfhe,2,5,300,2,7,36.3209,33.3155,3.0054000000000016
C,15,10,48,1t,openfhe,2,5,300,2,8,36.3084,32.9887,3.3196999999999974
C,15,10,48,1t,openfhe,2,5,300,2,9,36.3224,32.1448,4.177600000000005
C,15,10,48,1t,openfhe,2,5,300,2,10,36.3184,33.7438,2.5745999999999967
C,15,10,48,1t,openfhe,2,5,300,2,11,36.3192,32.571,3.748200000000004
C,15,10,48,1t,openfhe,2,5,300,3,0,36.3108,33.168,3.142800000000001
C,15,10,48,1t,openfhe,2,5,300,3,1,36.3308,31.9582,4.372600000000002
C,15,10,48,1t,openfhe,2,5,300,3,2,36.3205,32.6792,3.641300000000001
C,15,10,48,1t,openfhe,2,5,300,3,3,36.3168,32.6988,3.618000000000002
C,15,10,48,1t,openfhe,2,5,300,3,4,36.3032,33.5926,2.7105999999999995
C,15,10,48,1t,openfhe,2,5,300,3,5,36.3258,33.7591,2.5667000000000044
C,15,10,48,1t,openfhe,2,5,300,3,6,36.3129,33.8476,2.465299999999999
C,15,10,48,1t,openfhe,2,5,300,3,7,36.3187,33.315,3.003700000000002
C,15,10,48,1t,openfhe,2,5,300,3,8,36.3101,32.9669,3.343199999999996
C,15,10,48,1t,openfhe,2,5,300,3,9,36.3255,32.1684,4.1571
C,15,10,48,1t,openfhe,2,5,300,3,10,36.321,33.7409,2.5800999999999945
C,15,10,48,1t,openfhe,2,5,300,3,11,36.322,32.5601,3.7619000000000042
C,15,10,48,1t,openfhe,2,5,300,4,0,36.3063,33.1667,3.1396000000000015
C,15,10,48,1t,openfhe,2,5,300,4,1,36.3222,31.9396,4.382600000000004
C,15,10,48,1t,openfhe,2,5,300,4,2,36.3205,32.6801,3.6403999999999996
C,15,10,48,1t,openfhe,2,5,300,4,3,36.3378,32.705,3.632800000000003
C,15,10,48,1t,openfhe,2,5,300,4,4,36.3258,33.5879,2.7379000000000033
C,15,10,48,1t,openfhe,2,5,300,4,5,36.3269,33.7551,2.571800000000003
C,15,10,48,1t,openfhe,2,5,300,4,6,36.3245,33.8496,2.474899999999998
C,15,10,48,1t,openfhe,2,5,300,4,7,36.3229,33.3137,3.0092
C,15,10,48,1t,openfhe,2,5,300,4,8,36.3301,32.985,3.345100000000002
C,15,10,48,1t,openfhe,2,5,300,4,9,36.3151,32.1542,4.160899999999998
C,15,10,48,1t,openfhe,2,5,300,4,10,36.3084,33.7398,2.5685999999999964
C,15,10,48,1t,openfhe,2,5,300,4,11,36.3185,32.5666,3.751899999999999
C,15,10,48,1t,openfhe,2,5,300,5,0,36.3217,32.853,3.4686999999999983
C,15,10,48,1t,openfhe,2,5,300,5,1,36.3185,32.8284,3.490099999999998
C,15,10,48,1t,openfhe,2,5,300,5,2,36.3248,31.9613,4.363500000000002
C,15,10,48,1t,openfhe,2,5,300,5,3,36.3142,31.3106,5.003599999999999
C,15,10,48,1t,openfhe,2,5,300,5,4,36.316,32.2018,4.114200000000004
C,15,10,48,1t,openfhe,2,5,300,5,5,36.3282,32.3955,3.932700000000004
C,15,10,48,1t,openfhe,2,5,300,5,6,36.3096,33.1579,3.1517000000000053
C,15,10,48,1t,openfhe,2,5,300,5,7,36.3268,30.7112,5.615599999999997
C,15,10,48,1t,openfhe,2,5,300,5,8,36.3143,31.562,4.752300000000002
C,15,10,48,1t,openfhe,2,5,300,5,9,36.3038,33.0163,3.2875000000000014
C,15,10,48,1t,openfhe,2,5,300,5,10,36.3284,32.3894,3.939
C,15,10,48,1t,openfhe,2,5,300,5,11,36.3206,32.3621,3.958500000000001
C,15,10,48,1t,openfhe,2,5,300,6,0,36.3097,32.8278,3.481899999999996
C,15,10,48,1t,openfhe,2,5,300,6,1,36.3277,32.8243,3.503399999999999
C,15,10,48,1t,openfhe,2,5,300,6,2,36.326,31.9464,4.3796
C,15,10,48,1t,openfhe,2,5,300,6,3,36.311,31.3345,4.9765000000000015
C,15,10,48,1t,openfhe,2,5,300,6,4,36.3203,32.1972,4.123100000000001
C,15,10,48,1t,openfhe,2,5,300,6,5,36.3223,32.3946,3.9277000000000015
C,15,10,48,1t,openfhe,2,5,300,6,6,36.3047,33.1429,3.1617999999999995
C,15,10,48,1t,openfhe,2,5,300,6,7,36.3103,30.7215,5.588799999999999
C,15,10,48,1t,openfhe,2,5,300,6,8,36.3067,31.5421,4.764599999999998
C,15,10,48,1t,openfhe,2,5,300,6,9,36.3401,33.0327,3.3074000000000012
C,15,10,48,1t,openfhe,2,5,300,6,10,36.3323,32.3822,3.950099999999999
C,15,10,48,1t,openfhe,2,5,300,6,11,36.3124,32.3779,3.9345
C,15,10,48,1t,openfhe,2,5,300,7,0,36.3259,32.8438,3.4820999999999955
C,15,10,48,1t,openfhe,2,5,300,7,1,36.3286,32.8342,3.494399999999999
C,15,10,48,1t,openfhe,2,5,300,7,2,36.3134,31.9454,4.368000000000002
C,15,10,48,1t,openfhe,2,5,300,7,3,36.3281,31.3364,4.991699999999998
C,15,10,48,1t,openfhe,2,5,300,7,4,36.3292,32.2018,4.1274000000000015
C,15,10,48,1t,openfhe,2,5,300,7,5,36.3202,32.391,3.9292000000000016
C,15,10,48,1t,openfhe,2,5,300,7,6,36.3144,33.1652,3.1492000000000004
C,15,10,48,1t,openfhe,2,5,300,7,7,36.3257,30.7362,5.5894999999999975
C,15,10,48,1t,openfhe,2,5,300,7,8,36.3068,31.5431,4.763700000000004
C,15,10,48,1t,openfhe,2,5,300,7,9,36.3237,33.0009,3.322800000000001
C,15,10,48,1t,openfhe,2,5,300,7,10,36.3303,32.3898,3.9405
C,15,10,48,1t,openfhe,2,5,300,7,11,36.3303,32.3759,3.9543999999999997
C,15,10,48,1t,openfhe,2,5,300,8,0,36.3075,32.8423,3.465199999999996
C,15,10,48,1t,openfhe,2,5,300,8,1,36.331,32.8193,3.5117000000000047
C,15,10,48,1t,openfhe,2,5,300,8,2,36.3124,31.9405,4.371899999999997
C,15,10,48,1t,openfhe,2,5,300,8,3,36.3052,31.3277,4.977499999999999
C,15,10,48,1t,openfhe,2,5,300,8,4,36.3312,32.2334,4.097799999999999
C,15,10,48,1t,openfhe,2,5,300,8,5,36.3142,32.397,3.917200000000001
C,15,10,48,1t,openfhe,2,5,300,8,6,36.3165,33.1292,3.1873000000000005
C,15,10,48,1t,openfhe,2,5,300,8,7,36.3148,30.744,5.570799999999998
C,15,10,48,1t,openfhe,2,5,300,8,8,36.3116,31.5525,4.7591
C,15,10,48,1t,openfhe,2,5,300,8,9,36.329,33.0467,3.2822999999999993
C,15,10,48,1t,openfhe,2,5,300,8,10,36.3119,32.3874,3.924500000000002
C,15,10,48,1t,openfhe,2,5,300,8,11,36.3249,32.3822,3.942700000000002
C,15,10,48,1t,openfhe,2,5,300,9,0,36.3206,32.8372,3.483399999999996
C,15,10,48,1t,openfhe,2,5,300,9,1,36.3198,32.8055,3.5142999999999986
C,15,10,48,1t,openfhe,2,5,300,9,2,36.3175,31.9603,4.357200000000002
C,15,10,48,1t,openfhe,2,5,300,9,3,36.3152,31.3353,4.979899999999997
C,15,10,48,1t,openfhe,2,5,300,9,4,36.3148,32.2165,4.098299999999995
C,15,10,48,1t,openfhe,2,5,300,9,5,36.32,32.399,3.9209999999999994
C,15,10,48,1t,openfhe,2,5,300,9,6,36.3102,33.1298,3.180399999999999
C,15,10,48,1t,openfhe,2,5,300,9,7,36.316,30.73,5.586000000000002
C,15,10,48,1t,openfhe,2,5,300,9,8,36.3207,31.5508,4.769900000000003
C,15,10,48,1t,openfhe,2,5,300,9,9,36.3141,33.0323,3.281800000000004
C,15,10,48,1t,openfhe,2,5,300,9,10,36.3192,32.3756,3.9436000000000035
C,15,10,48,1t,openfhe,2,5,300,9,11,36.3238,32.3694,3.9543999999999997
C,15,10,48,1t,openfhe,2,5,300,10,0,36.3188,32.8374,3.4814000000000007
C,15,10,48,1t,openfhe,2,5,300,10,1,36.3113,32.8067,3.5046000000000035
C,15,10,48,1t,openfhe,2,5,300,10,2,36.3246,31.9622,4.362399999999997
C,15,10,48,1t,openfhe,2,5,300,10,3,36.3186,31.3278,4.990800000000004
C,15,10,48,1t,openfhe,2,5,300,10,4,36.3222,32.2032,4.119
C,15,10,48,1t,openfhe,2,5,300,10,5,36.3107,32.3922,3.9184999999999945
C,15,10,48,1t,openfhe,2,5,300,10,6,36.3335,33.1348,3.1987000000000023
C,15,10,48,1t,openfhe,2,5,300,10,7,36.3146,30.7319,5.582699999999999
C,15,10,48,1t,openfhe,2,5,300,10,8,36.3197,31.5479,4.771799999999999
C,15,10,48,1t,openfhe,2,5,300,10,9,36.3125,33.0183,3.2941999999999965
C,15,10,48,1t,openfhe,2,5,300,10,10,36.3311,32.3999,3.931199999999997
C,15,10,48,1t,openfhe,2,5,300,10,11,36.313,32.3679,3.9451000000000036
C,15,10,48,1t,seal,11,1,60,1,0,39.6189,33.8761,5.7427999999999955
C,15,10,48,1t,seal,11,1,60,1,1,39.6089,33.9499,5.658999999999999
C,15,10,48,1t,seal,11,1,60,1,2,39.6309,33.9907,5.6402
C,15,10,48,1t,seal,11,1,60,1,3,39.6143,33.9236,5.6907
C,15,10,48,1t,seal,11,1,60,1,4,39.6235,33.9542,5.6693
C,15,10,48,1t,seal,11,1,60,1,5,39.6079,33.979,5.628900000000002
C,15,10,48,1t,seal,11,1,60,1,6,39.6109,33.9684,5.642499999999998
C,15,10,48,1t,seal,11,1,60,1,7,39.6208,33.948,5.672800000000002
C,15,10,48,1t,seal,11,1,60,1,8,39.6082,33.9564,5.651799999999994
C,15,10,48,1t,seal,11,1,60,1,9,39.6283,33.9914,5.636900000000004
C,15,10,48,1t,seal,11,1,60,1,10,39.6098,33.9209,5.688899999999997
C,15,10,48,1t,seal,11,1,60,1,11,39.6242,33.9735,5.6507000000000005
C,15,10,48,1t,seal,11,1,60,2,0,39.6343,33.8791,5.755200000000002
C,15,10,48,1t,seal,11,1,60,2,1,39.6113,33.9616,5.649700000000003
C,15,10,48,1t,seal,11,1,60,2,2,39.6133,33.98,5.6333000000000055
C,15,10,48,1t,seal,11,1,60,2,3,39.6267,33.9211,5.705599999999997
C,15,10,48,1t,seal,11,1,60,2,4,39.6328,33.9615,5.671300000000002
C,15,10,48,1t,seal,11,1,60,2,5,39.6134,33.962,5.651399999999995
C,15,10,48,1t,seal,11,1,60,2,6,39.6045,33.9721,5.632400000000004
C,15,10,48,1t,seal,11,1,60,2,7,39.6326,33.9481,5.6845
C,15,10,48,1t,seal,11,1,60,2,8,39.6172,33.949,5.668199999999999
C,15,10,48,1t,seal,11,1,60,2,9,39.6149,33.9828,5.632100000000001
C,15,10,48,1t,seal,11,1,60,2,10,39.6037,33.9082,5.695500000000003
C,15,10,48,1t,seal,11,1,60,2,11,39.6258,33.9769,5.648899999999998
C,15,10,48,1t,seal,11,1,60,3,0,39.5999,33.8791,5.720799999999997
C,15,10,48,1t,seal,11,1,60,3,1,39.6245,33.9564,5.6680999999999955
C,15,10,48,1t,seal,11,1,60,3,2,39.6136,33.9989,5.614699999999999
C,15,10,48,1t,seal,11,1,60,3,3,39.615,33.9326,5.682400000000001
C,15,10,48,1t,seal,11,1,60,3,4,39.619,33.9639,5.655099999999997
C,15,10,48,1t,seal,11,1,60,3,5,39.6175,33.9657,5.6518000000000015
C,15,10,48,1t,seal,11,1,60,3,6,39.6112,33.968,5.643199999999993
C,15,10,48,1t,seal,11,1,60,3,7,39.6143,33.9694,5.6449
C,15,10,48,1t,seal,11,1,60,3,8,39.6163,33.9685,5.647800000000004
C,15,10,48,1t,seal,11,1,60,3,9,39.6272,33.9755,5.651700000000005
C,15,10,48,1t,seal,11,1,60,3,10,39.6156,33.901,5.714599999999997
C,15,10,48,1t,seal,11,1,60,3,11,39.6277,33.9666,5.661099999999998
C,15,10,48,1t,seal,11,1,60,4,0,39.6175,33.8811,5.736399999999996
C,15,10,48,1t,seal,11,1,60,4,1,39.6147,33.9492,5.6655000000000015
C,15,10,48,1t,seal,11,1,60,4,2,39.618,33.9804,5.637599999999999
C,15,10,48,1t,seal,11,1,60,4,3,39.6193,33.9353,5.684000000000005
C,15,10,48,1t,seal,11,1,60,4,4,39.6356,33.9701,5.665499999999994
C,15,10,48,1t,seal,11,1,60,4,5,39.6113,33.9745,5.636800000000001
C,15,10,48,1t,seal,11,1,60,4,6,39.6179,33.9643,5.653599999999997
C,15,10,48,1t,seal,11,1,60,4,7,39.6134,33.9488,5.6646
C,15,10,48,1t,seal,11,1,60,4,8,39.6302,33.9571,5.673100000000005
C,15,10,48,1t,seal,11,1,60,4,9,39.6089,33.9805,5.628399999999999
C,15,10,48,1t,seal,11,1,60,4,10,39.6114,33.919,5.692400000000006
C,15,10,48,1t,seal,11,1,60,4,11,39.6034,33.984,5.619399999999999
C,15,10,48,1t,seal,11,1,60,5,0,39.6186,33.8913,5.7273
C,15,10,48,1t,seal,11,1,60,5,1,39.6222,33.9316,5.690599999999996
C,15,10,48,1t,seal,11,1,60,5,2,39.6306,34.0018,5.628799999999998
C,15,10,48,1t,seal,11,1,60,5,3,39.6069,33.929,5.677900000000001
C,15,10,48,1t,seal,11,1,60,5,4,39.6169,33.9709,5.646000000000001
C,15,10,48,1t,seal,11,1,60,5,5,39.6204,33.9822,5.638199999999998
C,15,10,48,1t,seal,11,1,60,5,6,39.6099,33.9732,5.636700000000005
C,15,10,48,1t,seal,11,1,60,5,7,39.6187,33.9533,5.665399999999998
C,15,10,48,1t,seal,11,1,60,5,8,39.6332,33.9522,5.6810000000000045
C,15,10,48,1t,seal,11,1,60,5,9,39.629,33.9969,5.632100000000001
C,15,10,48,1t,seal,11,1,60,5,10,39.6149,33.9193,5.695599999999999
C,15,10,48,1t,seal,11,1,60,5,11,39.6155,33.9702,5.645299999999999
C,15,10,48,1t,seal,11,1,60,6,0,39.6107,33.8918,5.718899999999998
C,15,10,48,1t,seal,11,1,60,6,1,39.6055,33.9573,5.648200000000003
C,15,10,48,1t,seal,11,1,60,6,2,39.605,33.9817,5.6233
C,15,10,48,1t,seal,11,1,60,6,3,39.6045,33.9268,5.6777000000000015
C,15,10,48,1t,seal,11,1,60,6,4,39.6146,33.9735,5.641100000000002
C,15,10,48,1t,seal,11,1,60,6,5,39.6203,33.9758,5.644500000000001
C,15,10,48,1t,seal,11,1,60,6,6,39.6269,33.9747,5.652200000000001
C,15,10,48,1t,seal,11,1,60,6,7,39.6171,33.9764,5.6407000000000025
C,15,10,48,1t,seal,11,1,60,6,8,39.6083,33.946,5.662300000000002
C,15,10,48,1t,seal,11,1,60,6,9,39.6184,33.9802,5.638199999999998
C,15,10,48,1t,seal,11,1,60,6,10,39.6184,33.9077,5.710700000000003
C,15,10,48,1t,seal,11,1,60,6,11,39.6221,33.9761,5.646000000000001
C,15,10,48,1t,seal,11,1,60,7,0,39.6138,33.8818,5.731999999999999
C,15,10,48,1t,seal,11,1,60,7,1,39.6112,33.9631,5.6480999999999995
C,15,10,48,1t,seal,11,1,60,7,2,39.6088,33.9879,5.620899999999999
C,15,10,48,1t,seal,11,1,60,7,3,39.6145,33.9302,5.6843
C,15,10,48,1t,seal,11,1,60,7,4,39.629,33.9633,5.665700000000001
C,15,10,48,1t,seal,11,1,60,7,5,39.6208,33.9768,5.6440000000000055
C,15,10,48,1t,seal,11,1,60,7,6,39.6217,33.9636,5.6580999999999975
C,15,10,48,1t,seal,11,1,60,7,7,39.6222,33.9546,5.6676
C,15,10,48,1t,seal,11,1,60,7,8,39.6089,33.9446,5.664299999999997
C,15,10,48,1t,seal,11,1,60,7,9,39.629,33.9821,5.646899999999995
C,15,10,48,1t,seal,11,1,60,7,10,39.6044,33.9109,5.6935
C,15,10,48,1t,seal,11,1,60,7,11,39.6265,33.97,5.656500000000001
C,15,10,48,1t,seal,11,1,60,8,0,39.6181,33.8862,5.731899999999996
C,15,10,48,1t,seal,11,1,60,8,1,39.6164,33.9334,5.683
C,15,10,48,1t,seal,11,1,60,8,2,39.6064,34.0132,5.593200000000003
C,15,10,48,1t,seal,11,1,60,8,3,39.6241,33.9304,5.6937
C,15,10,48,1t,seal,11,1,60,8,4,39.6016,33.9741,5.627499999999998
C,15,10,48,1t,seal,11,1,60,8,5,39.6178,33.9681,5.649700000000003
C,15,10,48,1t,seal,11,1,60,8,6,39.6254,33.9578,5.6676
C,15,10,48,1t,seal,11,1,60,8,7,39.6202,33.9649,5.655299999999997
C,15,10,48,1t,seal,11,1,60,8,8,39.6378,33.9545,5.683299999999996
C,15,10,48,1t,seal,11,1,60,8,9,39.6301,33.9863,5.643799999999999
C,15,10,48,1t,seal,11,1,60,8,10,39.6019,33.9272,5.674700000000001
C,15,10,48,1t,seal,11,1,60,8,11,39.613,33.965,5.647999999999996
C,15,10,48,1t,seal,11,1,60,9,0,39.6253,33.8889,5.736400000000003
C,15,10,48,1t,seal,11,1,60,9,1,39.6224,33.9456,5.6768
C,15,10,48,1t,seal,11,1,60,9,2,39.6287,33.9922,5.636500000000005
C,15,10,48,1t,seal,11,1,60,9,3,39.6238,33.9189,5.704900000000002
C,15,10,48,1t,seal,11,1,60,9,4,39.6171,33.9711,5.646000000000001
C,15,10,48,1t,seal,11,1,60,9,5,39.6105,33.9828,5.627700000000004
C,15,10,48,1t,seal,11,1,60,9,6,39.6097,33.9645,5.6451999999999956
C,15,10,48,1t,seal,11,1,60,9,7,39.6196,33.9437,5.675899999999999
C,15,10,48,1t,seal,11,1,60,9,8,39.6056,33.9634,5.6422000000000025
C,15,10,48,1t,seal,11,1,60,9,9,39.6309,33.9856,5.645299999999999
C,15,10,48,1t,seal,11,1,60,9,10,39.619,33.9167,5.702300000000001
C,15,10,48,1t,seal,11,1,60,9,11,39.6146,33.9824,5.6322000000000045
C,15,10,48,1t,seal,11,1,60,10,0,39.6173,33.8897,5.7276000000000025
C,15,10,48,1t,seal,11,1,60,10,1,39.6195,33.9629,5.6566000000000045
C,15,10,48,1t,seal,11,1,60,10,2,39.6055,34.0023,5.603200000000001
C,15,10,48,1t,seal,11,1,60,10,3,39.6106,33.9097,5.700899999999997
C,15,10,48,1t,seal,11,1,60,10,4,39.6124,33.9599,5.652500000000003
C,15,10,48,1t,seal,11,1,60,10,5,39.6255,33.9618,5.663700000000006
C,15,10,48,1t,seal,11,1,60,10,6,39.6162,33.9795,5.636699999999998
C,15,10,48,1t,seal,11,1,60,10,7,39.6121,33.9615,5.650599999999997
C,15,10,48,1t,seal,11,1,60,10,8,39.6314,33.9598,5.671599999999998
C,15,10,48,1t,seal,11,1,60,10,9,39.6048,33.9858,5.619
C,15,10,48,1t,seal,11,1,60,10,10,39.6153,33.9168,5.698499999999996
C,15,10,48,1t,seal,11,1,60,10,11,39.6178,33.977,5.640800000000006
C,15,10,48,mt,lattigo,3,4,240,1,0,39.6419,36.072,3.569899999999997
C,15,10,48,mt,lattigo,3,4,240,1,1,39.6292,36.0785,3.550699999999999
C,15,10,48,mt,lattigo,3,4,240,1,2,39.6394,36.0739,3.5655
C,15,10,48,mt,lattigo,3,4,240,1,3,39.6483,36.0782,3.5700999999999965
C,15,10,48,mt,lattigo,3,4,240,1,4,39.6212,36.0775,3.543700000000001
C,15,10,48,mt,lattigo,3,4,240,1,5,39.6275,36.0721,3.555399999999999
C,15,10,48,mt,lattigo,3,4,240,1,6,39.6436,36.0865,3.5570999999999984
C,15,10,48,mt,lattigo,3,4,240,1,7,39.6324,36.0665,3.565899999999999
C,15,10,48,mt,lattigo,3,4,240,1,8,39.6297,36.0788,3.5508999999999986
C,15,10,48,mt,lattigo,3,4,240,1,9,39.6202,36.0684,3.5518
C,15,10,48,mt,lattigo,3,4,240,1,10,39.629,36.0831,3.545899999999996
C,15,10,48,mt,lattigo,3,4,240,1,11,39.6188,36.0732,3.5456000000000003
C,15,10,48,mt,lattigo,3,4,240,2,0,39.6325,36.088,3.5444999999999993
C,15,10,48,mt,lattigo,3,4,240,2,1,39.6237,36.0796,3.5441000000000003
C,15,10,48,mt,lattigo,3,4,240,2,2,39.6183,36.0774,3.5409000000000006
C,15,10,48,mt,lattigo,3,4,240,2,3,39.6206,36.0957,3.5249000000000024
C,15,10,48,mt,lattigo,3,4,240,2,4,39.6185,36.0749,3.543599999999998
C,15,10,48,mt,lattigo,3,4,240,2,5,39.6243,36.0843,3.539999999999999
C,15,10,48,mt,lattigo,3,4,240,2,6,39.6315,36.0714,3.5601000000000056
C,15,10,48,mt,lattigo,3,4,240,2,7,39.6265,36.0762,3.5503
C,15,10,48,mt,lattigo,3,4,240,2,8,39.6307,36.0768,3.5538999999999987
C,15,10,48,mt,lattigo,3,4,240,2,9,39.6229,36.0934,3.5294999999999987
C,15,10,48,mt,lattigo,3,4,240,2,10,39.6372,36.0717,3.5655
C,15,10,48,mt,lattigo,3,4,240,2,11,39.6403,36.0744,3.5659000000000063
C,15,10,48,mt,lattigo,3,4,240,3,0,39.638,36.0787,3.5593000000000004
C,15,10,48,mt,lattigo,3,4,240,3,1,39.6262,36.0699,3.5563000000000002
C,15,10,48,mt,lattigo,3,4,240,3,2,39.6354,36.0688,3.566599999999994
C,15,10,48,mt,lattigo,3,4,240,3,3,39.6259,36.0829,3.5429999999999993
C,15,10,48,mt,lattigo,3,4,240,3,4,39.6227,36.081,3.5416999999999987
C,15,10,48,mt,lattigo,3,4,240,3,5,39.6178,36.0823,3.535500000000006
C,15,10,48,mt,lattigo,3,4,240,3,6,39.6232,36.085,3.5381999999999962
C,15,10,48,mt,lattigo,3,4,240,3,7,39.6244,36.0848,3.5396
C,15,10,48,mt,lattigo,3,4,240,3,8,39.6155,36.0674,3.548099999999998
C,15,10,48,mt,lattigo,3,4,240,3,9,39.6385,36.0779,3.560600000000001
C,15,10,48,mt,lattigo,3,4,240,3,10,39.637,36.0792,3.5578000000000003
C,15,10,48,mt,lattigo,3,4,240,3,11,39.6288,36.0662,3.562599999999996
C,15,10,48,mt,lattigo,3,4,240,4,0,39.6384,36.0719,3.566499999999998
C,15,10,48,mt,lattigo,3,4,240,4,1,39.6304,36.0817,3.5487000000000037
C,15,10,48,mt,lattigo,3,4,240,4,2,39.6254,36.0713,3.5540999999999983
C,15,10,48,mt,lattigo,3,4,240,4,3,39.6288,36.0726,3.556199999999997
C,15,10,48,mt,lattigo,3,4,240,4,4,39.649,36.0778,3.5711999999999975
C,15,10,48,mt,lattigo,3,4,240,4,5,39.6278,36.0681,3.5596999999999994
C,15,10,48,mt,lattigo,3,4,240,4,6,39.629,36.089,3.539999999999999
C,15,10,48,mt,lattigo,3,4,240,4,7,39.6292,36.0723,3.556899999999999
C,15,10,48,mt,lattigo,3,4,240,4,8,39.6196,36.079,3.5405999999999977
C,15,10,48,mt,lattigo,3,4,240,4,9,39.629,36.0899,3.5390999999999977
C,15,10,48,mt,lattigo,3,4,240,4,10,39.6283,36.0602,3.568100000000001
C,15,10,48,mt,lattigo,3,4,240,4,11,39.6425,36.076,3.566499999999998
C,15,10,48,mt,lattigo,3,4,240,5,0,39.6195,36.0629,3.556600000000003
C,15,10,48,mt,lattigo,3,4,240,5,1,39.6265,36.0909,3.5356000000000023
C,15,10,48,mt,lattigo,3,4,240,5,2,39.6269,36.0828,3.5441000000000003
C,15,10,48,mt,lattigo,3,4,240,5,3,39.6293,36.0918,3.5375000000000014
C,15,10,48,mt,lattigo,3,4,240,5,4,39.6329,36.0787,3.5542000000000016
C,15,10,48,mt,lattigo,3,4,240,5,5,39.6339,36.0711,3.5627999999999957
C,15,10,48,mt,lattigo,3,4,240,5,6,39.6211,36.0744,3.5467000000000013
C,15,10,48,mt,lattigo,3,4,240,5,7,39.6254,36.0916,3.5337999999999994
C,15,10,48,mt,lattigo,3,4,240,5,8,39.6275,36.0778,3.5496999999999943
C,15,10,48,mt,lattigo,3,4,240,5,9,39.6301,36.0685,3.5615999999999985
C,15,10,48,mt,lattigo,3,4,240,5,10,39.6217,36.0826,3.5390999999999977
C,15,10,48,mt,lattigo,3,4,240,5,11,39.6323,36.0602,3.572099999999999
C,15,10,48,mt,lattigo,3,4,240,6,0,39.6214,36.0657,3.5557000000000016
C,15,10,48,mt,lattigo,3,4,240,6,1,39.624,36.0676,3.5564000000000036
C,15,10,48,mt,lattigo,3,4,240,6,2,39.6407,36.0678,3.572900000000004
C,15,10,48,mt,lattigo,3,4,240,6,3,39.6338,36.0777,3.5561000000000007
C,15,10,48,mt,lattigo,3,4,240,6,4,39.65,36.0766,3.5733999999999995
C,15,10,48,mt,lattigo,3,4,240,6,5,39.6207,36.0719,3.5488
C,15,10,48,mt,lattigo,3,4,240,6,6,39.6273,36.0686,3.5586999999999946
C,15,10,48,mt,lattigo,3,4,240,6,7,39.6261,36.087,3.5390999999999977
C,15,10,48,mt,lattigo,3,4,240,6,8,39.6387,36.0739,3.564799999999998
C,15,10,48,mt,lattigo,3,4,240,6,9,39.637,36.0882,3.5488
C,15,10,48,mt,lattigo,3,4,240,6,10,39.6239,36.0892,3.534700000000001
C,15,10,48,mt,lattigo,3,4,240,6,11,39.6433,36.0719,3.571400000000004
C,15,10,48,mt,lattigo,3,4,240,7,0,39.6233,36.0771,3.546199999999999
C,15,10,48,mt,lattigo,3,4,240,7,1,39.6341,36.0814,3.5526999999999944
C,15,10,48,mt,lattigo,3,4,240,7,2,39.6347,36.078,3.5566999999999993
C,15,10,48,mt,lattigo,3,4,240,7,3,39.6195,36.0694,3.5501000000000005
C,15,10,48,mt,lattigo,3,4,240,7,4,39.6413,36.0888,3.552500000000002
C,15,10,48,mt,lattigo,3,4,240,7,5,39.6348,36.0713,3.5634999999999977
C,15,10,48,mt,lattigo,3,4,240,7,6,39.6322,36.0681,3.5640999999999963
C,15,10,48,mt,lattigo,3,4,240,7,7,39.6369,36.0732,3.563699999999997
C,15,10,48,mt,lattigo,3,4,240,7,8,39.6285,36.0861,3.5424000000000007
C,15,10,48,mt,lattigo,3,4,240,7,9,39.6405,36.0875,3.5530000000000044
C,15,10,48,mt,lattigo,3,4,240,7,10,39.6367,36.0954,3.5412999999999997
C,15,10,48,mt,lattigo,3,4,240,7,11,39.6179,36.0877,3.5302000000000007
C,15,10,48,mt,lattigo,3,4,240,8,0,39.6252,36.0569,3.5683000000000007
C,15,10,48,mt,lattigo,3,4,240,8,1,39.6474,36.074,3.5733999999999995
C,15,10,48,mt,lattigo,3,4,240,8,2,39.6405,36.0722,3.5683000000000007
C,15,10,48,mt,lattigo,3,4,240,8,3,39.6238,36.0715,3.5523000000000025
C,15,10,48,mt,lattigo,3,4,240,8,4,39.6295,36.0843,3.5452000000000012
C,15,10,48,mt,lattigo,3,4,240,8,5,39.6582,36.0864,3.571800000000003
C,15,10,48,mt,lattigo,3,4,240,8,6,39.6388,36.0854,3.5534000000000034
C,15,10,48,mt,lattigo,3,4,240,8,7,39.6199,36.087,3.532899999999998
C,15,10,48,mt,lattigo,3,4,240,8,8,39.6264,36.0666,3.5597999999999956
C,15,10,48,mt,lattigo,3,4,240,8,9,39.6305,36.0709,3.559599999999996
C,15,10,48,mt,lattigo,3,4,240,8,10,39.6311,36.0811,3.5500000000000043
C,15,10,48,mt,lattigo,3,4,240,8,11,39.6304,36.0788,3.5516000000000005
C,15,10,48,mt,lattigo,3,4,240,9,0,39.6269,36.0626,3.564299999999996
C,15,10,48,mt,lattigo,3,4,240,9,1,39.618,36.0761,3.5419000000000054
C,15,10,48,mt,lattigo,3,4,240,9,2,39.6201,36.0804,3.5397000000000034
C,15,10,48,mt,lattigo,3,4,240,9,3,39.6303,36.0892,3.5411
C,15,10,48,mt,lattigo,3,4,240,9,4,39.6261,36.0729,3.553200000000004
C,15,10,48,mt,lattigo,3,4,240,9,5,39.6379,36.0623,3.5756000000000014
C,15,10,48,mt,lattigo,3,4,240,9,6,39.631,36.0714,3.559600000000003
C,15,10,48,mt,lattigo,3,4,240,9,7,39.6305,36.0837,3.5467999999999975
C,15,10,48,mt,lattigo,3,4,240,9,8,39.6211,36.082,3.5390999999999977
C,15,10,48,mt,lattigo,3,4,240,9,9,39.6396,36.0824,3.5572000000000017
C,15,10,48,mt,lattigo,3,4,240,9,10,39.627,36.0639,3.5631000000000057
C,15,10,48,mt,lattigo,3,4,240,9,11,39.6437,36.0751,3.5686000000000035
C,15,10,48,mt,lattigo,3,4,240,10,0,39.6381,36.0671,3.570999999999998
C,15,10,48,mt,lattigo,3,4,240,10,1,39.6499,36.0706,3.5793000000000035
C,15,10,48,mt,lattigo,3,4,240,10,2,39.6302,36.0721,3.558100000000003
C,15,10,48,mt,lattigo,3,4,240,10,3,39.6342,36.0902,3.543999999999997
C,15,10,48,mt,lattigo,3,4,240,10,4,39.6467,36.0785,3.5682000000000045
C,15,10,48,mt,lattigo,3,4,240,10,5,39.6318,36.0683,3.5634999999999977
C,15,10,48,mt,lattigo,3,4,240,10,6,39.6356,36.0732,3.5623999999999967
C,15,10,48,mt,lattigo,3,4,240,10,7,39.613,36.0736,3.5394000000000005
C,15,10,48,mt,lattigo,3,4,240,10,8,39.6206,36.0747,3.545900000000003
C,15,10,48,mt,lattigo,3,4,240,10,9,39.6227,36.0638,3.5589000000000013
C,15,10,48,mt,lattigo,3,4,240,10,10,39.6252,36.0801,3.545099999999998
C,15,10,48,mt,lattigo,3,4,240,10,11,39.6389,36.0566,3.5822999999999965
C,15,10,48,mt,openfhe,2,5,300,1,0,36.3117,33.6912,2.6205
C,15,10,48,mt,openfhe,2,5,300,1,1,36.3188,33.3192,2.999600000000001
C,15,10,48,mt,openfhe,2,5,300,1,2,36.3153,32.372,3.9433000000000007
C,15,10,48,mt,openfhe,2,5,300,1,3,36.3196,33.327,2.992600000000003
C,15,10,48,mt,openfhe,2,5,300,1,4,36.3197,33.1769,3.142799999999994
C,15,10,48,mt,openfhe,2,5,300,1,5,36.3179,33.1345,3.183399999999999
C,15,10,48,mt,openfhe,2,5,300,1,6,36.3214,32.7249,3.596499999999999
C,15,10,48,mt,openfhe,2,5,300,1,7,36.3207,32.2788,4.041900000000005
C,15,10,48,mt,openfhe,2,5,300,1,8,36.329,32.9127,3.4162999999999997
C,15,10,48,mt,openfhe,2,5,300,1,9,36.3231,32.7213,3.6017999999999972
C,15,10,48,mt,openfhe,2,5,300,1,10,36.3124,32.279,4.033399999999993
C,15,10,48,mt,openfhe,2,5,300,1,11,36.3366,33.554,2.782599999999995
C,15,10,48,mt,openfhe,2,5,300,2,0,36.308,33.6718,2.6362000000000023
C,15,10,48,mt,openfhe,2,5,300,2,1,36.329,33.3191,3.009900000000002
C,15,10,48,mt,openfhe,2,5,300,2,2,36.3148,32.3533,3.961500000000001
C,15,10,48,mt,openfhe,2,5,300,2,3,36.3281,33.3201,3.0080000000000027
C,15,10,48,mt,openfhe,2,5,300,2,4,36.3192,33.1875,3.131700000000002
C,15,10,48,mt,openfhe,2,5,300,2,5,36.3156,33.1368,3.1788000000000025
C,15,10,48,mt,openfhe,2,5,300,2,6,36.3074,32.7164,3.591000000000001
C,15,10,48,mt,openfhe,2,5,300,2,7,36.311,32.2563,4.054699999999997
C,15,10,48,mt,openfhe,2,5,300,2,8,36.3105,32.8967,3.413799999999995
C,15,10,48,mt,openfhe,2,5,300,2,9,36.3141,32.7277,3.5864000000000047
C,15,10,48,mt,openfhe,2,5,300,2,10,36.3148,32.2741,4.040700000000001
C,15,10,48,mt,openfhe,2,5,300,2,11,36.3157,33.5626,2.7530999999999963
C,15,10,48,mt,openfhe,2,5,300,3,0,36.3082,33.6923,2.6158999999999963
C,15,10,48,mt,openfhe,2,5,300,3,1,36.312,33.3346,2.977399999999996
C,15,10,48,mt,openfhe,2,5,300,3,2,36.3135,32.3666,3.9468999999999994
C,15,10,48,mt,openfhe,2,5,300,3,3,36.3162,33.3376,2.9786
C,15,10,48,mt,openfhe,2,5,300,3,4,36.3157,33.1787,3.1370000000000005
C,15,10,48,mt,openfhe,2,5,300,3,5,36.3226,33.1343,3.188299999999998
C,15,10,48,mt,openfhe,2,5,300,3,6,36.3182,32.7251,3.5930999999999997
C,15,10,48,mt,openfhe,2,5,300,3,7,36.3099,32.2661,4.043799999999997
C,15,10,48,mt,openfhe,2,5,300,3,8,36.3152,32.9106,3.404599999999995
C,15,10,48,mt,openfhe,2,5,300,3,9,36.336,32.7177,3.618299999999998
C,15,10,48,mt,openfhe,2,5,300,3,10,36.3198,32.2495,4.070300000000003
C,15,10,48,mt,openfhe,2,5,300,3,11,36.318,33.5564,2.7616000000000014
C,15,10,48,mt,openfhe,2,5,300,4,0,36.3161,33.6937,2.622399999999999
C,15,10,48,mt,openfhe,2,5,300,4,1,36.3119,33.3198,2.9921000000000006
C,15,10,48,mt,openfhe,2,5,300,4,2,36.3224,32.3725,3.9498999999999995
C,15,10,48,mt,openfhe,2,5,300,4,3,36.3264,33.3314,2.9949999999999974
C,15,10,48,mt,openfhe,2,5,300,4,4,36.3275,33.1881,3.139400000000002
C,15,10,48,mt,openfhe,2,5,300,4,5,36.3386,33.1446,3.1940000000000026
C,15,10,48,mt,openfhe,2,5,300,4,6,36.318,32.7193,3.598700000000001
C,15,10,48,mt,openfhe,2,5,300,4,7,36.3157,32.2612,4.054499999999997
C,15,10,48,mt,openfhe,2,5,300,4,8,36.3156,32.9187,3.3969000000000023
C,15,10,48,mt,openfhe,2,5,300,4,9,36.3177,32.7194,3.598300000000002
C,15,10,48,mt,openfhe,2,5,300,4,10,36.3198,32.2505,4.069299999999998
C,15,10,48,mt,openfhe,2,5,300,4,11,36.3207,33.5559,2.764800000000001
C,15,10,48,mt,openfhe,2,5,300,5,0,36.3266,31.5383,4.7883
C,15,10,48,mt,openfhe,2,5,300,5,1,36.3176,33.0612,3.2563999999999993
C,15,10,48,mt,openfhe,2,5,300,5,2,36.3247,31.6548,4.669899999999998
C,15,10,48,mt,openfhe,2,5,300,5,3,36.3024,32.547,3.7554000000000016
C,15,10,48,mt,openfhe,2,5,300,5,4,36.3214,32.2917,4.029699999999998
C,15,10,48,mt,openfhe,2,5,300,5,5,36.3256,32.4936,3.8320000000000007
C,15,10,48,mt,openfhe,2,5,300,5,6,36.3226,32.1107,4.2119
C,15,10,48,mt,openfhe,2,5,300,5,7,36.3184,30.8293,5.489099999999997
C,15,10,48,mt,openfhe,2,5,300,5,8,36.3047,31.6469,4.657799999999998
C,15,10,48,mt,openfhe,2,5,300,5,9,36.3158,31.6231,4.692700000000002
C,15,10,48,mt,openfhe,2,5,300,5,10,36.3164,31.4043,4.912100000000002
C,15,10,48,mt,openfhe,2,5,300,5,11,36.3048,32.5332,3.7715999999999994
C,15,10,48,mt,openfhe,2,5,300,6,0,36.3235,31.537,4.786500000000004
C,15,10,48,mt,openfhe,2,5,300,6,1,36.3113,33.0528,3.258500000000005
C,15,10,48,mt,openfhe,2,5,300,6,2,36.3206,31.6401,4.6804999999999986
C,15,10,48,mt,openfhe,2,5,300,6,3,36.3281,32.5549,3.7731999999999957
C,15,10,48,mt,openfhe,2,5,300,6,4,36.3017,32.2972,4.0045
C,15,10,48,mt,openfhe,2,5,300,6,5,36.3181,32.5062,3.8119000000000014
C,15,10,48,mt,openfhe,2,5,300,6,6,36.3146,32.0958,4.218800000000002
C,15,10,48,mt,openfhe,2,5,300,6,7,36.3075,30.8342,5.473299999999998
C,15,10,48,mt,openfhe,2,5,300,6,8,36.3348,31.6488,4.686
C,15,10,48,mt,openfhe,2,5,300,6,9,36.3186,31.6338,4.684800000000003
C,15,10,48,mt,openfhe,2,5,300,6,10,36.3218,31.4152,4.9066000000000045
C,15,10,48,mt,openfhe,2,5,300,6,11,36.3178,32.535,3.7828000000000017
C,15,10,48,mt,openfhe,2,5,300,7,0,36.3196,31.557,4.762600000000003
C,15,10,48,mt,openfhe,2,5,300,7,1,36.3092,33.0659,3.243299999999998
C,15,10,48,mt,openfhe,2,5,300,7,2,36.3274,31.6458,4.681599999999996
C,15,10,48,mt,openfhe,2,5,300,7,3,36.3214,32.547,3.7744
C,15,10,48,mt,openfhe,2,5,300,7,4,36.3211,32.3042,4.0169
C,15,10,48,mt,openfhe,2,5,300,7,5,36.3279,32.5035,3.824399999999997
C,15,10,48,mt,openfhe,2,5,300,7,6,36.3135,32.1229,4.190599999999996
C,15,10,48,mt,openfhe,2,5,300,7,7,36.3239,30.8433,5.480600000000003
C,15,10,48,mt,openfhe,2,5,300,7,8,36.3214,31.6501,4.671299999999999
C,15,10,48,mt,openfhe,2,5,300,7,9,36.3128,31.6368,4.676000000000002
C,15,10,48,mt,openfhe,2,5,300,7,10,36.3254,31.4038,4.9216000000000015
C,15,10,48,mt,openfhe,2,5,300,7,11,36.3184,32.5405,3.7778999999999954
C,15,10,48,mt,openfhe,2,5,300,8,0,36.3263,31.5615,4.764800000000005
C,15,10,48,mt,openfhe,2,5,300,8,1,36.3266,33.0658,3.260799999999996
C,15,10,48,mt,openfhe,2,5,300,8,2,36.314,31.6503,4.663699999999999
C,15,10,48,mt,openfhe,2,5,300,8,3,36.3234,32.5511,3.7723000000000013
C,15,10,48,mt,openfhe,2,5,300,8,4,36.32,32.3058,4.014200000000002
C,15,10,48,mt,openfhe,2,5,300,8,5,36.3269,32.5015,3.825400000000002
C,15,10,48,mt,openfhe,2,5,300,8,6,36.311,32.099,4.212000000000003
C,15,10,48,mt,openfhe,2,5,300,8,7,36.3183,30.8102,5.508100000000002
C,15,10,48,mt,openfhe,2,5,300,8,8,36.3133,31.6394,4.6739
C,15,10,48,mt,openfhe,2,5,300,8,9,36.3205,31.6377,4.682800000000004
C,15,10,48,mt,openfhe,2,5,300,8,10,36.3318,31.4069,4.924900000000001
C,15,10,48,mt,openfhe,2,5,300,8,11,36.3165,32.5424,3.774099999999997
C,15,10,48,mt,openfhe,2,5,300,9,0,36.3315,31.5384,4.793099999999999
C,15,10,48,mt,openfhe,2,5,300,9,1,36.3241,33.0614,3.2627000000000024
C,15,10,48,mt,openfhe,2,5,300,9,2,36.3109,31.6607,4.650199999999998
C,15,10,48,mt,openfhe,2,5,300,9,3,36.3143,32.5443,3.770000000000003
C,15,10,48,mt,openfhe,2,5,300,9,4,36.3059,32.3019,4.003999999999998
C,15,10,48,mt,openfhe,2,5,300,9,5,36.3255,32.497,3.8284999999999982
C,15,10,48,mt,openfhe,2,5,300,9,6,36.304,32.1005,4.203500000000005
C,15,10,48,mt,openfhe,2,5,300,9,7,36.3305,30.842,5.488500000000002
C,15,10,48,mt,openfhe,2,5,300,9,8,36.3129,31.6367,4.676199999999998
C,15,10,48,mt,openfhe,2,5,300,9,9,36.3257,31.6369,4.688799999999997
C,15,10,48,mt,openfhe,2,5,300,9,10,36.3214,31.421,4.900399999999998
C,15,10,48,mt,openfhe,2,5,300,9,11,36.3236,32.534,3.7896
C,15,10,48,mt,openfhe,2,5,300,10,0,36.324,31.5658,4.758199999999999
C,15,10,48,mt,openfhe,2,5,300,10,1,36.3072,33.0482,3.2590000000000003
C,15,10,48,mt,openfhe,2,5,300,10,2,36.3052,31.639,4.6662
C,15,10,48,mt,openfhe,2,5,300,10,3,36.3186,32.5486,3.770000000000003
C,15,10,48,mt,openfhe,2,5,300,10,4,36.3195,32.2918,4.027699999999996
C,15,10,48,mt,openfhe,2,5,300,10,5,36.3154,32.4951,3.820299999999996
C,15,10,48,mt,openfhe,2,5,300,10,6,36.3186,32.1252,4.193400000000004
C,15,10,48,mt,openfhe,2,5,300,10,7,36.3234,30.8439,5.479499999999998
C,15,10,48,mt,openfhe,2,5,300,10,8,36.3168,31.6462,4.6706
C,15,10,48,mt,openfhe,2,5,300,10,9,36.3168,31.6359,4.680900000000001
C,15,10,48,mt,openfhe,2,5,300,10,10,36.3116,31.4165,4.895099999999999
C,15,10,48,mt,openfhe,2,5,300,10,11,36.3234,32.5383,3.7851
C,15,10,48,mt,seal,11,1,60,1,0,39.6223,33.9728,5.649500000000003
C,15,10,48,mt,seal,11,1,60,1,1,39.6166,33.9552,5.6614
C,15,10,48,mt,seal,11,1,60,1,2,39.6206,33.9693,5.651300000000006
C,15,10,48,mt,seal,11,1,60,1,3,39.6159,33.9938,5.622100000000003
C,15,10,48,mt,seal,11,1,60,1,4,39.629,33.9877,5.641300000000001
C,15,10,48,mt,seal,11,1,60,1,5,39.6163,33.9362,5.680100000000003
C,15,10,48,mt,seal,11,1,60,1,6,39.6131,33.9649,5.648200000000003
C,15,10,48,mt,seal,11,1,60,1,7,39.602,33.9294,5.672599999999996
C,15,10,48,mt,seal,11,1,60,1,8,39.6119,33.9644,5.647500000000001
C,15,10,48,mt,seal,11,1,60,1,9,39.6181,33.9453,5.672799999999995
C,15,10,48,mt,seal,11,1,60,1,10,39.6169,33.9771,5.639800000000001
C,15,10,48,mt,seal,11,1,60,1,11,39.61,33.961,5.649000000000001
C,15,10,48,mt,seal,11,1,60,2,0,39.6238,33.9898,5.634
C,15,10,48,mt,seal,11,1,60,2,1,39.616,33.9463,5.669699999999999
C,15,10,48,mt,seal,11,1,60,2,2,39.6164,33.9686,5.647799999999997
C,15,10,48,mt,seal,11,1,60,2,3,39.6042,33.9754,5.628799999999998
C,15,10,48,mt,seal,11,1,60,2,4,39.6035,33.977,5.6265
C,15,10,48,mt,seal,11,1,60,2,5,39.6113,33.9347,5.6766000000000005
C,15,10,48,mt,seal,11,1,60,2,6,39.6209,33.9671,5.653799999999997
C,15,10,48,mt,seal,11,1,60,2,7,39.6246,33.9344,5.690200000000004
C,15,10,48,mt,seal,11,1,60,2,8,39.6133,33.9695,5.643800000000006
C,15,10,48,mt,seal,11,1,60,2,9,39.6078,33.9687,5.639099999999999
C,15,10,48,mt,seal,11,1,60,2,10,39.6284,33.9631,5.665300000000002
C,15,10,48,mt,seal,11,1,60,2,11,39.6086,33.9898,5.6188
C,15,10,48,mt,seal,11,1,60,3,0,39.6223,33.9873,5.635000000000005
C,15,10,48,mt,seal,11,1,60,3,1,39.6172,33.9471,5.670099999999998
C,15,10,48,mt,seal,11,1,60,3,2,39.6346,33.9691,5.6655000000000015
C,15,10,48,mt,seal,11,1,60,3,3,39.6356,33.9702,5.665399999999998
C,15,10,48,mt,seal,11,1,60,3,4,39.6171,34.0001,5.616999999999997
C,15,10,48,mt,seal,11,1,60,3,5,39.6122,33.9451,5.667100000000005
C,15,10,48,mt,seal,11,1,60,3,6,39.6088,33.9679,5.640900000000002
C,15,10,48,mt,seal,11,1,60,3,7,39.6048,33.9416,5.663199999999996
C,15,10,48,mt,seal,11,1,60,3,8,39.6177,33.9592,5.6584999999999965
C,15,10,48,mt,seal,11,1,60,3,9,39.6351,33.9722,5.6629000000000005
C,15,10,48,mt,seal,11,1,60,3,10,39.6353,33.9688,5.666499999999999
C,15,10,48,mt,seal,11,1,60,3,11,39.6213,33.9794,5.6419
C,15,10,48,mt,seal,11,1,60,4,0,39.6069,33.9795,5.6274000000000015
C,15,10,48,mt,seal,11,1,60,4,1,39.6246,33.9498,5.674799999999998
C,15,10,48,mt,seal,11,1,60,4,2,39.6266,33.9699,5.656700000000001
C,15,10,48,mt,seal,11,1,60,4,3,39.6155,33.9769,5.638599999999997
C,15,10,48,mt,seal,11,1,60,4,4,39.6122,33.9808,5.631399999999999
C,15,10,48,mt,seal,11,1,60,4,5,39.6109,33.9409,5.670000000000002
C,15,10,48,mt,seal,11,1,60,4,6,39.6284,33.9656,5.662799999999997
C,15,10,48,mt,seal,11,1,60,4,7,39.6092,33.934,5.675200000000004
C,15,10,48,mt,seal,11,1,60,4,8,39.6129,33.9693,5.643600000000006
C,15,10,48,mt,seal,11,1,60,4,9,39.623,33.9638,5.6591999999999985
C,15,10,48,mt,seal,11,1,60,4,10,39.6243,33.9653,5.658999999999999
C,15,10,48,mt,seal,11,1,60,4,11,39.6208,33.9694,5.651400000000002
C,15,10,48,mt,seal,11,1,60,5,0,39.6137,33.9794,5.634300000000003
C,15,10,48,mt,seal,11,1,60,5,1,39.6032,33.9526,5.650600000000004
C,15,10,48,mt,seal,11,1,60,5,2,39.6179,33.9507,5.667200000000001
C,15,10,48,mt,seal,11,1,60,5,3,39.6157,33.9927,5.6229999999999976
C,15,10,48,mt,seal,11,1,60,5,4,39.616,33.9911,5.624899999999997
C,15,10,48,mt,seal,11,1,60,5,5,39.6121,33.944,5.6680999999999955
C,15,10,48,mt,seal,11,1,60,5,6,39.628,33.9527,5.6753
C,15,10,48,mt,seal,11,1,60,5,7,39.6176,33.9414,5.6762000000000015
C,15,10,48,mt,seal,11,1,60,5,8,39.6226,33.978,5.644599999999997
C,15,10,48,mt,seal,11,1,60,5,9,39.6156,33.9673,5.648299999999999
C,15,10,48,mt,seal,11,1,60,5,10,39.6249,33.9798,5.645099999999999
C,15,10,48,mt,seal,11,1,60,5,11,39.6277,33.9773,5.650399999999998
C,15,10,48,mt,seal,11,1,60,6,0,39.6179,33.9679,5.649999999999999
C,15,10,48,mt,seal,11,1,60,6,1,39.6096,33.9578,5.6518000000000015
C,15,10,48,mt,seal,11,1,60,6,2,39.6229,33.9667,5.656199999999998
C,15,10,48,mt,seal,11,1,60,6,3,39.6265,33.9749,5.651600000000002
C,15,10,48,mt,seal,11,1,60,6,4,39.6097,33.9824,5.627299999999998
C,15,10,48,mt,seal,11,1,60,6,5,39.6281,33.9268,5.701300000000003
C,15,10,48,mt,seal,11,1,60,6,6,39.6132,33.9742,5.638999999999996
C,15,10,48,mt,seal,11,1,60,6,7,39.6148,33.9268,5.688000000000002
C,15,10,48,mt,seal,11,1,60,6,8,39.6149,33.9621,5.652799999999999
C,15,10,48,mt,seal,11,1,60,6,9,39.6099,33.9593,5.650600000000004
C,15,10,48,mt,seal,11,1,60,6,10,39.6212,33.9785,5.642700000000005
C,15,10,48,mt,seal,11,1,60,6,11,39.6285,33.9817,5.646800000000006
C,15,10,48,mt,seal,11,1,60,7,0,39.6297,33.9747,5.655000000000001
C,15,10,48,mt,seal,11,1,60,7,1,39.614,33.9483,5.665699999999994
C,15,10,48,mt,seal,11,1,60,7,2,39.6257,33.9641,5.6616
C,15,10,48,mt,seal,11,1,60,7,3,39.6119,33.9906,5.621299999999998
C,15,10,48,mt,seal,11,1,60,7,4,39.6062,33.9912,5.615000000000002
C,15,10,48,mt,seal,11,1,60,7,5,39.6245,33.9333,5.691199999999995
C,15,10,48,mt,seal,11,1,60,7,6,39.6241,33.966,5.6580999999999975
C,15,10,48,mt,seal,11,1,60,7,7,39.6226,33.927,5.695599999999999
C,15,10,48,mt,seal,11,1,60,7,8,39.615,33.9735,5.641500000000001
C,15,10,48,mt,seal,11,1,60,7,9,39.6005,33.972,5.628499999999995
C,15,10,48,mt,seal,11,1,60,7,10,39.5957,33.9843,5.611400000000003
C,15,10,48,mt,seal,11,1,60,7,11,39.6185,33.9687,5.649799999999999
C,15,10,48,mt,seal,11,1,60,8,0,39.6069,33.9684,5.6385000000000005
C,15,10,48,mt,seal,11,1,60,8,1,39.609,33.9549,5.6541
C,15,10,48,mt,seal,11,1,60,8,2,39.6175,33.9852,5.632300000000001
C,15,10,48,mt,seal,11,1,60,8,3,39.6098,33.9737,5.636099999999999
C,15,10,48,mt,seal,11,1,60,8,4,39.6153,33.9899,5.625399999999999
C,15,10,48,mt,seal,11,1,60,8,5,39.6154,33.9453,5.670099999999998
C,15,10,48,mt,seal,11,1,60,8,6,39.6215,33.9596,5.661899999999996
C,15,10,48,mt,seal,11,1,60,8,7,39.6186,33.9471,5.671500000000002
C,15,10,48,mt,seal,11,1,60,8,8,39.6078,33.9572,5.650599999999997
C,15,10,48,mt,seal,11,1,60,8,9,39.6176,33.9811,5.636500000000005
C,15,10,48,mt,seal,11,1,60,8,10,39.6125,33.9725,5.640000000000001
C,15,10,48,mt,seal,11,1,60,8,11,39.6198,33.9816,5.638199999999998
C,15,10,48,mt,seal,11,1,60,9,0,39.6302,33.9824,5.647800000000004
C,15,10,48,mt,seal,11,1,60,9,1,39.6258,33.9501,5.675699999999999
C,15,10,48,mt,seal,11,1,60,9,2,39.6153,33.9757,5.639599999999994
C,15,10,48,mt,seal,11,1,60,9,3,39.6228,33.9996,5.623199999999997
C,15,10,48,mt,seal,11,1,60,9,4,39.632,33.9872,5.6447999999999965
C,15,10,48,mt,seal,11,1,60,9,5,39.6231,33.9277,5.695399999999999
C,15,10,48,mt,seal,11,1,60,9,6,39.6004,33.9719,5.6285000000000025
C,15,10,48,mt,seal,11,1,60,9,7,39.6123,33.9335,5.678799999999995
C,15,10,48,mt,seal,11,1,60,9,8,39.6098,33.9666,5.6432
C,15,10,48,mt,seal,11,1,60,9,9,39.6081,33.9745,5.633600000000001
C,15,10,48,mt,seal,11,1,60,9,10,39.6188,33.9815,5.637300000000003
C,15,10,48,mt,seal,11,1,60,9,11,39.6209,33.9724,5.6484999999999985
C,15,10,48,mt,seal,11,1,60,10,0,39.6405,33.9775,5.663000000000004
C,15,10,48,mt,seal,11,1,60,10,1,39.6089,33.9478,5.661099999999998
C,15,10,48,mt,seal,11,1,60,10,2,39.6104,33.9639,5.646499999999996
C,15,10,48,mt,seal,11,1,60,10,3,39.6325,33.9827,5.649799999999999
C,15,10,48,mt,seal,11,1,60,10,4,39.613,34.0,5.6129999999999995
C,15,10,48,mt,seal,11,1,60,10,5,39.6201,33.9364,5.683700000000002
C,15,10,48,mt,seal,11,1,60,10,6,39.6144,33.9597,5.654700000000005
C,15,10,48,mt,seal,11,1,60,10,7,39.628,33.9363,5.691699999999997
C,15,10,48,mt,seal,11,1,60,10,8,39.6106,33.9698,5.640799999999999
C,15,10,48,mt,seal,11,1,60,10,9,39.6155,33.9707,5.6447999999999965
C,15,10,48,mt,seal,11,1,60,10,10,39.6018,33.9651,5.636699999999998
C,15,10,48,mt,seal,11,1,60,10,11,39.6115,33.9793,5.632199999999997
D,14,4,42,1t,lattigo,2,3,180,1,0,34.1207,31.076,3.044699999999999
D,14,4,42,1t,lattigo,2,3,180,1,1,34.1385,31.101,3.0375000000000014
D,14,4,42,1t,lattigo,2,3,180,1,2,34.1282,31.0726,3.0555999999999983
D,14,4,42,1t,lattigo,2,3,180,1,3,34.1398,31.0609,3.078900000000001
D,14,4,42,1t,lattigo,2,3,180,1,4,34.1239,31.0555,3.0684000000000005
D,14,4,42,1t,lattigo,2,3,180,1,5,34.1089,31.0431,3.0657999999999994
D,14,4,42,1t,lattigo,2,3,180,1,6,34.132,31.0656,3.066399999999998
D,14,4,42,1t,lattigo,2,3,180,1,7,34.12,31.0821,3.037899999999997
D,14,4,42,1t,lattigo,2,3,180,1,8,34.1494,31.088,3.061399999999999
D,14,4,42,1t,lattigo,2,3,180,1,9,34.1343,31.0606,3.0737000000000023
D,14,4,42,1t,lattigo,2,3,180,1,10,34.1391,31.0791,3.0599999999999987
D,14,4,42,1t,lattigo,2,3,180,1,11,34.1247,31.0807,3.043999999999997
D,14,4,42,1t,lattigo,2,3,180,2,0,34.1201,31.0812,3.0389000000000017
D,14,4,42,1t,lattigo,2,3,180,2,1,34.1407,31.0763,3.0644000000000027
D,14,4,42,1t,lattigo,2,3,180,2,2,34.1325,31.0737,3.0588000000000015
D,14,4,42,1t,lattigo,2,3,180,2,3,34.127,31.0738,3.053200000000004
D,14,4,42,1t,lattigo,2,3,180,2,4,34.1276,31.0526,3.0749999999999993
D,14,4,42,1t,lattigo,2,3,180,2,5,34.1308,31.0684,3.0624000000000002
D,14,4,42,1t,lattigo,2,3,180,2,6,34.1479,31.0798,3.068100000000001
D,14,4,42,1t,lattigo,2,3,180,2,7,34.1368,31.0639,3.0729000000000006
D,14,4,42,1t,lattigo,2,3,180,2,8,34.1516,31.08,3.0716000000000037
D,14,4,42,1t,lattigo,2,3,180,2,9,34.1159,31.077,3.0389000000000017
D,14,4,42,1t,lattigo,2,3,180,2,10,34.1232,31.0674,3.055799999999998
D,14,4,42,1t,lattigo,2,3,180,2,11,34.119,31.062,3.0569999999999986
D,14,4,42,1t,lattigo,2,3,180,3,0,34.1537,31.0646,3.089100000000002
D,14,4,42,1t,lattigo,2,3,180,3,1,34.1338,31.0756,3.0581999999999994
D,14,4,42,1t,lattigo,2,3,180,3,2,34.1237,31.0691,3.0546000000000006
D,14,4,42,1t,lattigo,2,3,180,3,3,34.1293,31.0835,3.0458
D,14,4,42,1t,lattigo,2,3,180,3,4,34.1435,31.0592,3.0843000000000025
D,14,4,42,1t,lattigo,2,3,180,3,5,34.1311,31.0649,3.066200000000002
D,14,4,42,1t,lattigo,2,3,180,3,6,34.142,31.0844,3.0576000000000043
D,14,4,42,1t,lattigo,2,3,180,3,7,34.1475,31.0709,3.076599999999999
D,14,4,42,1t,lattigo,2,3,180,3,8,34.1268,31.059,3.067800000000002
D,14,4,42,1t,lattigo,2,3,180,3,9,34.1395,31.0755,3.0639999999999965
D,14,4,42,1t,lattigo,2,3,180,3,10,34.1405,31.0729,3.0676000000000023
D,14,4,42,1t,lattigo,2,3,180,3,11,34.1282,31.0651,3.0630999999999986
D,14,4,42,1t,lattigo,2,3,180,4,0,34.1358,31.0619,3.073900000000002
D,14,4,42,1t,lattigo,2,3,180,4,1,34.1243,31.0661,3.0581999999999994
D,14,4,42,1t,lattigo,2,3,180,4,2,34.1064,31.0559,3.0504999999999995
D,14,4,42,1t,lattigo,2,3,180,4,3,34.1178,31.0766,3.0412000000000035
D,14,4,42,1t,lattigo,2,3,180,4,4,34.1514,31.0592,3.092200000000002
D,14,4,42,1t,lattigo,2,3,180,4,5,34.1323,31.0641,3.068200000000001
D,14,4,42,1t,lattigo,2,3,180,4,6,34.1394,31.0659,3.073500000000003
D,14,4,42,1t,lattigo,2,3,180,4,7,34.1386,31.0872,3.0513999999999974
D,14,4,42,1t,lattigo,2,3,180,4,8,34.1226,31.0797,3.0428999999999995
D,14,4,42,1t,lattigo,2,3,180,4,9,34.1293,31.0702,3.059100000000001
D,14,4,42,1t,lattigo,2,3,180,4,10,34.1358,31.0605,3.075300000000002
D,14,4,42,1t,lattigo,2,3,180,4,11,34.144,31.0536,3.090399999999999
D,14,4,42,1t,openfhe,2,3,180,1,0,31.2996,28.2649,3.034700000000001
D,14,4,42,1t,openfhe,2,3,180,1,1,31.3121,28.5657,2.7464000000000013
D,14,4,42,1t,openfhe,2,3,180,1,2,31.3081,28.7848,2.523299999999999
D,14,4,42,1t,openfhe,2,3,180,1,3,31.3055,29.4021,1.9033999999999978
D,14,4,42,1t,openfhe,2,3,180,1,4,31.3091,28.9772,2.331900000000001
D,14,4,42,1t,openfhe,2,3,180,1,5,31.3182,29.3357,1.9825000000000017
D,14,4,42,1t,openfhe,2,3,180,1,6,31.2992,29.3716,1.9275999999999982
D,14,4,42,1t,openfhe,2,3,180,1,7,31.3045,28.334,2.9705000000000013
D,14,4,42,1t,openfhe,2,3,180,1,8,31.3183,28.9147,2.403600000000001
D,14,4,42,1t,openfhe,2,3,180,1,9,31.3098,29.0903,2.2195
D,14,4,42,1t,openfhe,2,3,180,1,10,31.3102,29.275,2.0351999999999997
D,14,4,42,1t,openfhe,2,3,180,1,11,31.327,29.2183,2.1087000000000025
D,14,4,42,1t,openfhe,2,3,180,2,0,31.3066,28.2604,3.046199999999999
D,14,4,42,1t,openfhe,2,3,180,2,1,31.317,28.5592,2.7577999999999996
D,14,4,42,1t,openfhe,2,3,180,2,2,31.3079,28.8281,2.479800000000001
D,14,4,42,1t,openfhe,2,3,180,2,3,31.3236,29.3824,1.9411999999999985
D,14,4,42,1t,openfhe,2,3,180,2,4,31.3056,28.992,2.3135999999999974
D,14,4,42,1t,openfhe,2,3,180,2,5,31.3306,29.3291,2.0015
D,14,4,42,1t,openfhe,2,3,180,2,6,31.2945,29.3757,1.918800000000001
D,14,4,42,1t,openfhe,2,3,180,2,7,31.3196,28.3335,2.9861000000000004
D,14,4,42,1t,openfhe,2,3,180,2,8,31.2991,28.8859,2.4132
D,14,4,42,1t,openfhe,2,3,180,2,9,31.3003,29.0991,2.2012
D,14,4,42,1t,openfhe,2,3,180,2,10,31.3114,29.3045,2.006899999999998
D,14,4,42,1t,openfhe,2,3,180,2,11,31.3152,29.2427,2.0725000000000016
D,14,4,42,1t,openfhe,2,3,180,3,0,31.3136,28.2949,3.0187000000000026
D,14,4,42,1t,openfhe,2,3,180,3,1,31.2982,28.5491,2.749100000000002
D,14,4,42,1t,openfhe,2,3,180,3,2,31.3027,28.7848,2.517900000000001
D,14,4,42,1t,openfhe,2,3,180,3,3,31.3159,29.3971,1.918800000000001
D,14,4,42,1t,openfhe,2,3,180,3,4,31.3158,28.9888,2.326999999999998
D,14,4,42,1t,openfhe,2,3,180,3,5,31.3121,29.3454,1.9666999999999994
D,14,4,42,1t,openfhe,2,3,180,3,6,31.3108,29.3583,1.9525000000000006
D,14,4,42,1t,openfhe,2,3,180,3,7,31.292,28.2968,2.9952000000000005
D,14,4,42,1t,openfhe,2,3,180,3,8,31.3073,28.873,2.4343000000000004
D,14,4,42,1t,openfhe,2,3,180,3,9,31.3122,29.0625,2.2497000000000007
D,14,4,42,1t,openfhe,2,3,180,3,10,31.3145,29.2933,2.0212000000000003
D,14,4,42,1t,openfhe,2,3,180,3,11,31.2953,29.244,2.0513000000000012
D,14,4,42,1t,openfhe,2,3,180,4,0,31.3129,28.2582,3.0547000000000004
D,14,4,42,1t,openfhe,2,3,180,4,1,31.2955,28.5512,2.744299999999999
D,14,4,42,1t,openfhe,2,3,180,4,2,31.3023,28.8288,2.473499999999998
D,14,4,42,1t,openfhe,2,3,180,4,3,31.3117,29.3943,1.917399999999997
D,14,4,42,1t,openfhe,2,3,180,4,4,31.317,28.9844,2.3325999999999993
D,14,4,42,1t,openfhe,2,3,180,4,5,31.295,29.3183,1.976700000000001
D,14,4,42,1t,openfhe,2,3,180,4,6,31.3111,29.3843,1.9268
D,14,4,42,1t,openfhe,2,3,180,4,7,31.2876,28.341,2.9466
D,14,4,42,1t,openfhe,2,3,180,4,8,31.3285,28.8851,2.443399999999997
D,14,4,42,1t,openfhe,2,3,180,4,9,31.3033,29.0828,2.2205000000000013
D,14,4,42,1t,openfhe,2,3,180,4,10,31.2969,29.2736,2.0233000000000025
D,14,4,42,1t,openfhe,2,3,180,4,11,31.3287,29.2762,2.052500000000002
D,14,4,42,1t,seal,5,1,60,1,0,34.1133,29.0093,5.104000000000003
D,14,4,42,1t,seal,5,1,60,1,1,34.1092,28.9823,5.126900000000003
D,14,4,42,1t,seal,5,1,60,1,2,34.1274,28.9425,5.1849000000000025
D,14,4,42,1t,seal,5,1,60,1,3,34.1097,28.9492,5.160499999999995
D,14,4,42,1t,seal,5,1,60,1,4,34.1298,28.9557,5.174100000000003
D,14,4,42,1t,seal,5,1,60,1,5,34.112,28.9587,5.1533000000000015
D,14,4,42,1t,seal,5,1,60,1,6,34.1075,28.987,5.120500000000003
D,14,4,42,1t,seal,5,1,60,1,7,34.1071,28.9552,5.151900000000001
D,14,4,42,1t,seal,5,1,60,1,8,34.1111,28.9379,5.173200000000001
D,14,4,42,1t,seal,5,1,60,1,9,34.1084,28.9509,5.157500000000002
D,14,4,42,1t,seal,5,1,60,1,10,34.117,28.9335,5.183499999999999
D,14,4,42,1t,seal,5,1,60,1,11,34.1214,28.9669,5.154500000000002
D,14,4,42,1t,seal,5,1,60,2,0,34.1161,28.9976,5.1185000000000045
D,14,4,42,1t,seal,5,1,60,2,1,34.1054,28.9664,5.139000000000003
D,14,4,42,1t,seal,5,1,60,2,2,34.1181,28.9491,5.168999999999997
D,14,4,42,1t,seal,5,1,60,2,3,34.1101,28.9145,5.195600000000002
D,14,4,42,1t,seal,5,1,60,2,4,34.1164,28.9638,5.1526
D,14,4,42,1t,seal,5,1,60,2,5,34.1238,28.9677,5.156100000000002
D,14,4,42,1t,seal,5,1,60,2,6,34.1226,28.9908,5.131799999999998
D,14,4,42,1t,seal,5,1,60,2,7,34.1225,28.9493,5.173200000000001
D,14,4,42,1t,seal,5,1,60,2,8,34.1028,28.9683,5.134500000000003
D,14,4,42,1t,seal,5,1,60,2,9,34.1069,28.9379,5.169000000000004
D,14,4,42,1t,seal,5,1,60,2,10,34.1026,28.9093,5.193300000000001
D,14,4,42,1t,seal,5,1,60,2,11,34.1128,28.9709,5.1419
D,14,4,42,1t,seal,5,1,60,3,0,34.1126,29.0095,5.103100000000001
D,14,4,42,1t,seal,5,1,60,3,1,34.1219,28.9729,5.148999999999997
D,14,4,42,1t,seal,5,1,60,3,2,34.1248,28.9321,5.192700000000002
D,14,4,42,1t,seal,5,1,60,3,3,34.113,28.942,5.170999999999999
D,14,4,42,1t,seal,5,1,60,3,4,34.1241,28.9865,5.137599999999999
D,14,4,42,1t,seal,5,1,60,3,5,34.1108,28.9553,5.155499999999996
D,14,4,42,1t,seal,5,1,60,3,6,34.1247,28.9631,5.161599999999996
D,14,4,42,1t,seal,5,1,60,3,7,34.1412,28.9464,5.194799999999997
D,14,4,42,1t,seal,5,1,60,3,8,34.1324,28.9436,5.188799999999997
D,14,4,42,1t,seal,5,1,60,3,9,34.1409,28.9306,5.210300000000004
D,14,4,42,1t,seal,5,1,60,3,10,34.1097,28.9226,5.187099999999997
D,14,4,42,1t,seal,5,1,60,3,11,34.1233,28.9748,5.148500000000002
D,14,4,42,1t,seal,5,1,60,4,0,34.1208,28.9991,5.121700000000004
D,14,4,42,1t,seal,5,1,60,4,1,34.1069,28.9929,5.114000000000004
D,14,4,42,1t,seal,5,1,60,4,2,34.1483,28.9419,5.206399999999999
D,14,4,42,1t,seal,5,1,60,4,3,34.133,28.9491,5.183900000000001
D,14,4,42,1t,seal,5,1,60,4,4,34.0992,28.9537,5.145500000000002
D,14,4,42,1t,seal,5,1,60,4,5,34.125,28.9716,5.153400000000001
D,14,4,42,1t,seal,5,1,60,4,6,34.1248,28.9604,5.1644000000000005
D,14,4,42,1t,seal,5,1,60,4,7,34.1167,28.9681,5.148600000000002
D,14,4,42,1t,seal,5,1,60,4,8,34.1135,28.9579,5.155600000000003
D,14,4,42,1t,seal,5,1,60,4,9,34.125,28.9421,5.1829
D,14,4,42,1t,seal,5,1,60,4,10,34.1156,28.9145,5.2011
D,14,4,42,1t,seal,5,1,60,4,11,34.1164,28.9562,5.1602
D,14,4,42,mt,lattigo,2,3,180,1,0,34.1233,31.0447,3.0786000000000016
D,14,4,42,mt,lattigo,2,3,180,1,1,34.1116,31.0938,3.017800000000001
D,14,4,42,mt,lattigo,2,3,180,1,2,34.1307,31.0882,3.042499999999997
D,14,4,42,mt,lattigo,2,3,180,1,3,34.1383,31.0849,3.0534
D,14,4,42,mt,lattigo,2,3,180,1,4,34.1162,31.0807,3.035499999999999
D,14,4,42,mt,lattigo,2,3,180,1,5,34.137,31.075,3.062000000000001
D,14,4,42,mt,lattigo,2,3,180,1,6,34.1087,31.0822,3.0264999999999986
D,14,4,42,mt,lattigo,2,3,180,1,7,34.1188,31.0734,3.0454000000000008
D,14,4,42,mt,lattigo,2,3,180,1,8,34.1428,31.0824,3.0604000000000013
D,14,4,42,mt,lattigo,2,3,180,1,9,34.1188,31.0699,3.0488999999999997
D,14,4,42,mt,lattigo,2,3,180,1,10,34.1206,31.0745,3.0461000000000027
D,14,4,42,mt,lattigo,2,3,180,1,11,34.1332,31.0766,3.056600000000003
D,14,4,42,mt,lattigo,2,3,180,2,0,34.1427,31.0584,3.084299999999999
D,14,4,42,mt,lattigo,2,3,180,2,1,34.1366,31.069,3.0676000000000023
D,14,4,42,mt,lattigo,2,3,180,2,2,34.1313,31.0667,3.064600000000002
D,14,4,42,mt,lattigo,2,3,180,2,3,34.1224,31.0788,3.043599999999998
D,14,4,42,mt,lattigo,2,3,180,2,4,34.1225,31.0928,3.029700000000002
D,14,4,42,mt,lattigo,2,3,180,2,5,34.1258,31.0719,3.0538999999999987
D,14,4,42,mt,lattigo,2,3,180,2,6,34.1211,31.077,3.0440999999999967
D,14,4,42,mt,lattigo,2,3,180,2,7,34.1289,31.0736,3.0553000000000026
D,14,4,42,mt,lattigo,2,3,180,2,8,34.129,31.0686,3.060399999999998
D,14,4,42,mt,lattigo,2,3,180,2,9,34.1199,31.0822,3.037700000000001
D,14,4,42,mt,lattigo,2,3,180,2,10,34.145,31.0798,3.0652000000000044
D,14,4,42,mt,lattigo,2,3,180,2,11,34.1278,31.0777,3.0501000000000005
D,14,4,42,mt,lattigo,2,3,180,3,0,34.1157,31.0618,3.053899999999995
D,14,4,42,mt,lattigo,2,3,180,3,1,34.1097,31.0552,3.0544999999999973
D,14,4,42,mt,lattigo,2,3,180,3,2,34.1416,31.0521,3.0894999999999975
D,14,4,42,mt,lattigo,2,3,180,3,3,34.1407,31.0819,3.0588000000000015
D,14,4,42,mt,lattigo,2,3,180,3,4,34.1142,31.0886,3.025599999999997
D,14,4,42,mt,lattigo,2,3,180,3,5,34.128,31.0773,3.050699999999999
D,14,4,42,mt,lattigo,2,3,180,3,6,34.1387,31.0701,3.0686
D,14,4,42,mt,lattigo,2,3,180,3,7,34.1404,31.0595,3.0808999999999997
D,14,4,42,mt,lattigo,2,3,180,3,8,34.1285,31.0676,3.0609000000000037
D,14,4,42,mt,lattigo,2,3,180,3,9,34.132,31.0512,3.0807999999999964
D,14,4,42,mt,lattigo,2,3,180,3,10,34.1487,31.0724,3.0763
D,14,4,42,mt,lattigo,2,3,180,3,11,34.1142,31.0807,3.0334999999999965
D,14,4,42,mt,lattigo,2,3,180,4,0,34.1272,31.0374,3.0898000000000003
D,14,4,42,mt,lattigo,2,3,180,4,1,34.1224,31.062,3.060399999999998
D,14,4,42,mt,lattigo,2,3,180,4,2,34.1199,31.0926,3.0273000000000003
D,14,4,42,mt,lattigo,2,3,180,4,3,34.1159,31.085,3.0309000000000026
D,14,4,42,mt,lattigo,2,3,180,4,4,34.1437,31.0659,3.0778000000000034
D,14,4,42,mt,lattigo,2,3,180,4,5,34.1231,31.0784,3.0447000000000024
D,14,4,42,mt,lattigo,2,3,180,4,6,34.1437,31.0656,3.0781000000000027
D,14,4,42,mt,lattigo,2,3,180,4,7,34.1294,31.0686,3.060799999999997
D,14,4,42,mt,lattigo,2,3,180,4,8,34.1291,31.07,3.059100000000001
D,14,4,42,mt,lattigo,2,3,180,4,9,34.1382,31.0806,3.057599999999997
D,14,4,42,mt,lattigo,2,3,180,4,10,34.1183,31.0701,3.048199999999998
D,14,4,42,mt,lattigo,2,3,180,4,11,34.1479,31.0656,3.0823
D,14,4,42,mt,openfhe,2,3,180,1,0,31.3223,28.3455,2.9767999999999972
D,14,4,42,mt,openfhe,2,3,180,1,1,31.3216,28.6812,2.6403999999999996
D,14,4,42,mt,openfhe,2,3,180,1,2,31.3063,27.9097,3.3965999999999994
D,14,4,42,mt,openfhe,2,3,180,1,3,31.3068,27.8529,3.4538999999999973
D,14,4,42,mt,openfhe,2,3,180,1,4,31.3174,28.2335,3.0839
D,14,4,42,mt,openfhe,2,3,180,1,5,31.3339,28.5942,2.739699999999999
D,14,4,42,mt,openfhe,2,3,180,1,6,31.3227,28.0835,3.2392000000000003
D,14,4,42,mt,openfhe,2,3,180,1,7,31.3149,28.6279,2.687000000000001
D,14,4,42,mt,openfhe,2,3,180,1,8,31.3068,28.3221,2.9847
D,14,4,42,mt,openfhe,2,3,180,1,9,31.3195,28.8702,2.449300000000001
D,14,4,42,mt,openfhe,2,3,180,1,10,31.297,28.9953,2.3017000000000003
D,14,4,42,mt,openfhe,2,3,180,1,11,31.3044,28.5993,2.7051000000000016
D,14,4,42,mt,openfhe,2,3,180,2,0,31.2753,28.3609,2.9144000000000005
D,14,4,42,mt,openfhe,2,3,180,2,1,31.3201,28.6689,2.6511999999999993
D,14,4,42,mt,openfhe,2,3,180,2,2,31.3159,27.9139,3.4019999999999975
D,14,4,42,mt,openfhe,2,3,180,2,3,31.2921,27.8381,3.4540000000000006
D,14,4,42,mt,openfhe,2,3,180,2,4,31.301,28.2407,3.060299999999998
D,14,4,42,mt,openfhe,2,3,180,2,5,31.2979,28.6094,2.6884999999999977
D,14,4,42,mt,openfhe,2,3,180,2,6,31.2953,28.0521,3.2432000000000016
D,14,4,42,mt,openfhe,2,3,180,2,7,31.2962,28.6085,2.6876999999999995
D,14,4,42,mt,openfhe,2,3,180,2,8,31.3086,28.3288,2.9797999999999973
D,14,4,42,mt,openfhe,2,3,180,2,9,31.3236,28.8584,2.4651999999999994
D,14,4,42,mt,openfhe,2,3,180,2,10,31.3288,28.9895,2.3393000000000015
D,14,4,42,mt,openfhe,2,3,180,2,11,31.3108,28.5775,2.7333
D,14,4,42,mt,openfhe,2,3,180,3,0,31.3274,28.3418,2.9856000000000016
D,14,4,42,mt,openfhe,2,3,180,3,1,31.3075,28.6548,2.6526999999999994
D,14,4,42,mt,openfhe,2,3,180,3,2,31.3233,27.9129,3.410399999999999
D,14,4,42,mt,openfhe,2,3,180,3,3,31.3155,27.8546,3.4608999999999988
D,14,4,42,mt,openfhe,2,3,180,3,4,31.3043,28.2089,3.0954000000000015
D,14,4,42,mt,openfhe,2,3,180,3,5,31.3197,28.5966,2.7231000000000023
D,14,4,42,mt,openfhe,2,3,180,3,6,31.3313,28.0782,3.2531
D,14,4,42,mt,openfhe,2,3,180,3,7,31.2983,28.6141,2.6842000000000006
D,14,4,42,mt,openfhe,2,3,180,3,8,31.322,28.3188,3.0031999999999996
D,14,4,42,mt,openfhe,2,3,180,3,9,31.2994,28.854,2.4453999999999994
D,14,4,42,mt,openfhe,2,3,180,3,10,31.2955,28.984,2.3114999999999988
D,14,4,42,mt,openfhe,2,3,180,3,11,31.3006,28.6068,2.6937999999999995
D,14,4,42,mt,openfhe,2,3,180,4,0,31.3094,28.3651,2.9442999999999984
D,14,4,42,mt,openfhe,2,3,180,4,1,31.3144,28.6707,2.643699999999999
D,14,4,42,mt,openfhe,2,3,180,4,2,31.3308,27.9396,3.3912000000000013
D,14,4,42,mt,openfhe,2,3,180,4,3,31.3099,27.8231,3.486799999999999
D,14,4,42,mt,openfhe,2,3,180,4,4,31.3075,28.2276,3.079900000000002
D,14,4,42,mt,openfhe,2,3,180,4,5,31.2852,28.5833,2.7018999999999984
D,14,4,42,mt,openfhe,2,3,180,4,6,31.3089,28.0523,3.2566000000000024
D,14,4,42,mt,openfhe,2,3,180,4,7,31.3015,28.6328,2.668700000000001
D,14,4,42,mt,openfhe,2,3,180,4,8,31.3122,28.3347,2.977499999999999
D,14,4,42,mt,openfhe,2,3,180,4,9,31.3131,28.852,2.4610999999999983
D,14,4,42,mt,openfhe,2,3,180,4,10,31.2945,28.9822,2.3123000000000005
D,14,4,42,mt,openfhe,2,3,180,4,11,31.3054,28.5893,2.7160999999999973
D,14,4,42,mt,seal,5,1,60,1,0,34.1195,28.9266,5.192900000000002
D,14,4,42,mt,seal,5,1,60,1,1,34.1115,28.9592,5.1523
D,14,4,42,mt,seal,5,1,60,1,2,34.133,28.9472,5.185800000000004
D,14,4,42,mt,seal,5,1,60,1,3,34.1044,28.948,5.156399999999998
D,14,4,42,mt,seal,5,1,60,1,4,34.112,28.863,5.249000000000002
D,14,4,42,mt,seal,5,1,60,1,5,34.1314,28.9611,5.170300000000001
D,14,4,42,mt,seal,5,1,60,1,6,34.1308,28.9446,5.1861999999999995
D,14,4,42,mt,seal,5,1,60,1,7,34.1246,28.9524,5.1722
D,14,4,42,mt,seal,5,1,60,1,8,34.1104,28.9646,5.145799999999998
D,14,4,42,mt,seal,5,1,60,1,9,34.1217,28.9591,5.162599999999998
D,14,4,42,mt,seal,5,1,60,1,10,34.1324,28.9144,5.217999999999996
D,14,4,42,mt,seal,5,1,60,1,11,34.1191,28.9606,5.158500000000004
D,14,4,42,mt,seal,5,1,60,2,0,34.1199,28.9591,5.160800000000002
D,14,4,42,mt,seal,5,1,60,2,1,34.13,28.9671,5.162900000000004
D,14,4,42,mt,seal,5,1,60,2,2,34.1394,28.9531,5.186300000000003
D,14,4,42,mt,seal,5,1,60,2,3,34.1045,28.9395,5.165000000000003
D,14,4,42,mt,seal,5,1,60,2,4,34.1058,28.8407,5.265100000000004
D,14,4,42,mt,seal,5,1,60,2,5,34.1193,28.9654,5.153900000000004
D,14,4,42,mt,seal,5,1,60,2,6,34.1421,28.9404,5.201699999999999
D,14,4,42,mt,seal,5,1,60,2,7,34.1076,28.9687,5.1389
D,14,4,42,mt,seal,5,1,60,2,8,34.1095,28.9545,5.154999999999998
D,14,4,42,mt,seal,5,1,60,2,9,34.1229,28.9537,5.1692
D,14,4,42,mt,seal,5,1,60,2,10,34.1303,28.9361,5.194199999999999
D,14,4,42,mt,seal,5,1,60,2,11,34.1076,28.9505,5.157099999999996
D,14,4,42,mt,seal,5,1,60,3,0,34.119,28.9407,5.1783
D,14,4,42,mt,seal,5,1,60,3,1,34.1138,28.944,5.169799999999999
D,14,4,42,mt,seal,5,1,60,3,2,34.1327,28.9621,5.1706
D,14,4,42,mt,seal,5,1,60,3,3,34.115,28.9713,5.143700000000003
D,14,4,42,mt,seal,5,1,60,3,4,34.1386,28.8619,5.276699999999998
D,14,4,42,mt,seal,5,1,60,3,5,34.1124,28.9585,5.1539
D,14,4,42,mt,seal,5,1,60,3,6,34.1163,28.9296,5.186700000000002
D,14,4,42,mt,seal,5,1,60,3,7,34.1217,28.9544,5.167299999999997
D,14,4,42,mt,seal,5,1,60,3,8,34.1222,28.9351,5.187100000000001
D,14,4,42,mt,seal,5,1,60,3,9,34.1337,28.9688,5.164899999999996
D,14,4,42,mt,seal,5,1,60,3,10,34.1297,28.9216,5.208099999999998
D,14,4,42,mt,seal,5,1,60,3,11,34.1272,28.9329,5.194300000000002
D,14,4,42,mt,seal,5,1,60,4,0,34.1058,28.9542,5.151600000000002
D,14,4,42,mt,seal,5,1,60,4,1,34.135,28.9773,5.157699999999998
D,14,4,42,mt,seal,5,1,60,4,2,34.1324,28.9614,5.170999999999996
D,14,4,42,mt,seal,5,1,60,4,3,34.115,28.9357,5.179300000000001
D,14,4,42,mt,seal,5,1,60,4,4,34.1375,28.8504,5.287100000000002
D,14,4,42,mt,seal,5,1,60,4,5,34.115,28.9579,5.157100000000003
D,14,4,42,mt,seal,5,1,60,4,6,34.124,28.9176,5.206400000000002
D,14,4,42,mt,seal,5,1,60,4,7,34.1284,28.9685,5.1599
D,14,4,42,mt,seal,5,1,60,4,8,34.1183,28.9562,5.162099999999999
D,14,4,42,mt,seal,5,1,60,4,9,34.1098,28.9705,5.139299999999999
D,14,4,42,mt,seal,5,1,60,4,10,34.1164,28.9279,5.188499999999998
D,14,4,42,mt,seal,5,1,60,4,11,34.1129,28.9264,5.186500000000002
