logN,q0,delta,depth,dnum_req,ok,err,auxBits,ksTech,QCount,logQ,logQ_bits,dnum,perPart,maxDigitBits,PCount,logP,logP_bits,logQP,logQP_bits,bound_tc128,margin,digits
14,60,40,4,1,1,,60,HYBRID,5,220,222,1,5,220,4,240,240,460,462,438,-22,L4=1;L3=1;L2=1;L1=1
14,60,40,4,2,1,,60,HYBRID,5,220,222,2,3,140,3,180,180,400,402,438,38,L4=2;L3=2;L2=1;L1=1
14,60,40,4,3,1,,60,HYBRID,5,220,222,3,2,100,2,120,120,340,342,438,98,L4=3;L3=2;L2=2;L1=1
14,60,40,4,4,0,/data/yja/openfhe-src/src/pke/lib/schemerns/rns-cryptoparameters.cpp:l.91:PrecomputeCRTTables(): HYBRID key switching parameters: Can't appropriately distribute 5 towers into 4 digits. Please select different number of digits.,,,,,,,,,,,,,,,
14,60,40,4,5,1,,60,HYBRID,5,220,222,5,1,60,1,60,60,280,282,438,158,L4=5;L3=4;L2=3;L1=2
14,60,41,4,1,1,,60,HYBRID,5,224,226,1,5,225,4,240,240,464,466,438,-26,L4=1;L3=1;L2=1;L1=1
14,60,41,4,2,1,,60,HYBRID,5,224,226,2,3,143,3,180,180,404,406,438,34,L4=2;L3=2;L2=1;L1=1
14,60,41,4,3,1,,60,HYBRID,5,224,226,3,2,101,2,120,120,344,346,438,94,L4=3;L3=2;L2=2;L1=1
14,60,41,4,4,0,/data/yja/openfhe-src/src/pke/lib/schemerns/rns-cryptoparameters.cpp:l.91:PrecomputeCRTTables(): HYBRID key switching parameters: Can't appropriately distribute 5 towers into 4 digits. Please select different number of digits.,,,,,,,,,,,,,,,
14,60,41,4,5,1,,60,HYBRID,5,224,226,5,1,60,1,60,60,284,286,438,154,L4=5;L3=4;L2=3;L1=2
14,60,42,4,1,1,,60,HYBRID,5,228,230,1,5,229,4,240,240,468,470,438,-30,L4=1;L3=1;L2=1;L1=1
14,60,42,4,2,1,,60,HYBRID,5,228,230,2,3,145,3,180,180,408,410,438,30,L4=2;L3=2;L2=1;L1=1
14,60,42,4,3,1,,60,HYBRID,5,228,230,3,2,102,2,120,120,348,350,438,90,L4=3;L3=2;L2=2;L1=1
14,60,42,4,4,0,/data/yja/openfhe-src/src/pke/lib/schemerns/rns-cryptoparameters.cpp:l.91:PrecomputeCRTTables(): HYBRID key switching parameters: Can't appropriately distribute 5 towers into 4 digits. Please select different number of digits.,,,,,,,,,,,,,,,
14,60,42,4,5,1,,60,HYBRID,5,228,230,5,1,60,1,60,60,288,290,438,150,L4=5;L3=4;L2=3;L1=2
14,60,43,4,1,1,,60,HYBRID,5,232,234,1,5,233,4,240,240,472,474,438,-34,L4=1;L3=1;L2=1;L1=1
14,60,43,4,2,1,,60,HYBRID,5,232,234,2,3,147,3,180,180,412,414,438,26,L4=2;L3=2;L2=1;L1=1
14,60,43,4,3,1,,60,HYBRID,5,232,234,3,2,103,2,120,120,352,354,438,86,L4=3;L3=2;L2=2;L1=1
14,60,43,4,4,0,/data/yja/openfhe-src/src/pke/lib/schemerns/rns-cryptoparameters.cpp:l.91:PrecomputeCRTTables(): HYBRID key switching parameters: Can't appropriately distribute 5 towers into 4 digits. Please select different number of digits.,,,,,,,,,,,,,,,
14,60,43,4,5,1,,60,HYBRID,5,232,234,5,1,60,1,60,60,292,294,438,146,L4=5;L3=4;L2=3;L1=2
14,60,44,4,1,1,,60,HYBRID,5,236,238,1,5,236,4,240,240,476,478,438,-38,L4=1;L3=1;L2=1;L1=1
14,60,44,4,2,1,,60,HYBRID,5,236,238,2,3,148,3,180,180,416,418,438,22,L4=2;L3=2;L2=1;L1=1
14,60,44,4,3,1,,60,HYBRID,5,236,238,3,2,104,2,120,120,356,358,438,82,L4=3;L3=2;L2=2;L1=1
14,60,44,4,4,0,/data/yja/openfhe-src/src/pke/lib/schemerns/rns-cryptoparameters.cpp:l.91:PrecomputeCRTTables(): HYBRID key switching parameters: Can't appropriately distribute 5 towers into 4 digits. Please select different number of digits.,,,,,,,,,,,,,,,
14,60,44,4,5,1,,60,HYBRID,5,236,238,5,1,60,1,60,60,296,298,438,142,L4=5;L3=4;L2=3;L1=2
14,60,45,4,1,1,,60,HYBRID,5,240,242,1,5,240,4,240,240,480,482,438,-42,L4=1;L3=1;L2=1;L1=1
14,60,45,4,2,1,,60,HYBRID,5,240,242,2,3,150,3,180,180,420,422,438,18,L4=2;L3=2;L2=1;L1=1
14,60,45,4,3,1,,60,HYBRID,5,240,242,3,2,105,2,120,120,360,362,438,78,L4=3;L3=2;L2=2;L1=1
14,60,45,4,4,0,/data/yja/openfhe-src/src/pke/lib/schemerns/rns-cryptoparameters.cpp:l.91:PrecomputeCRTTables(): HYBRID key switching parameters: Can't appropriately distribute 5 towers into 4 digits. Please select different number of digits.,,,,,,,,,,,,,,,
14,60,45,4,5,1,,60,HYBRID,5,240,242,5,1,60,1,60,60,300,302,438,138,L4=5;L3=4;L2=3;L1=2
14,60,46,4,1,1,,60,HYBRID,5,244,246,1,5,244,5,300,300,544,546,438,-106,L4=1;L3=1;L2=1;L1=1
14,60,46,4,2,1,,60,HYBRID,5,244,246,2,3,152,3,180,180,424,426,438,14,L4=2;L3=2;L2=1;L1=1
14,60,46,4,3,1,,60,HYBRID,5,244,246,3,2,106,2,120,120,364,366,438,74,L4=3;L3=2;L2=2;L1=1
14,60,46,4,4,0,/data/yja/openfhe-src/src/pke/lib/schemerns/rns-cryptoparameters.cpp:l.91:PrecomputeCRTTables(): HYBRID key switching parameters: Can't appropriately distribute 5 towers into 4 digits. Please select different number of digits.,,,,,,,,,,,,,,,
14,60,46,4,5,1,,60,HYBRID,5,244,246,5,1,60,1,60,60,304,306,438,134,L4=5;L3=4;L2=3;L1=2
14,60,47,4,1,1,,60,HYBRID,5,248,250,1,5,249,5,300,300,548,550,438,-110,L4=1;L3=1;L2=1;L1=1
14,60,47,4,2,1,,60,HYBRID,5,248,250,2,3,155,3,180,180,428,430,438,10,L4=2;L3=2;L2=1;L1=1
14,60,47,4,3,1,,60,HYBRID,5,248,250,3,2,107,2,120,120,368,370,438,70,L4=3;L3=2;L2=2;L1=1
14,60,47,4,4,0,/data/yja/openfhe-src/src/pke/lib/schemerns/rns-cryptoparameters.cpp:l.91:PrecomputeCRTTables(): HYBRID key switching parameters: Can't appropriately distribute 5 towers into 4 digits. Please select different number of digits.,,,,,,,,,,,,,,,
14,60,47,4,5,1,,60,HYBRID,5,248,250,5,1,60,1,60,60,308,310,438,130,L4=5;L3=4;L2=3;L1=2
14,60,48,4,1,1,,60,HYBRID,5,252,254,1,5,253,5,300,300,552,554,438,-114,L4=1;L3=1;L2=1;L1=1
14,60,48,4,2,1,,60,HYBRID,5,252,254,2,3,157,3,180,180,432,434,438,6,L4=2;L3=2;L2=1;L1=1
14,60,48,4,3,1,,60,HYBRID,5,252,254,3,2,108,2,120,120,372,374,438,66,L4=3;L3=2;L2=2;L1=1
14,60,48,4,4,0,/data/yja/openfhe-src/src/pke/lib/schemerns/rns-cryptoparameters.cpp:l.91:PrecomputeCRTTables(): HYBRID key switching parameters: Can't appropriately distribute 5 towers into 4 digits. Please select different number of digits.,,,,,,,,,,,,,,,
14,60,48,4,5,1,,60,HYBRID,5,252,254,5,1,60,1,60,60,312,314,438,126,L4=5;L3=4;L2=3;L1=2
14,60,49,4,1,1,,60,HYBRID,5,256,258,1,5,257,5,300,300,556,558,438,-118,L4=1;L3=1;L2=1;L1=1
14,60,49,4,2,1,,60,HYBRID,5,256,258,2,3,159,3,180,180,436,438,438,2,L4=2;L3=2;L2=1;L1=1
14,60,49,4,3,1,,60,HYBRID,5,256,258,3,2,109,2,120,120,376,378,438,62,L4=3;L3=2;L2=2;L1=1
14,60,49,4,4,0,/data/yja/openfhe-src/src/pke/lib/schemerns/rns-cryptoparameters.cpp:l.91:PrecomputeCRTTables(): HYBRID key switching parameters: Can't appropriately distribute 5 towers into 4 digits. Please select different number of digits.,,,,,,,,,,,,,,,
14,60,49,4,5,1,,60,HYBRID,5,256,258,5,1,60,1,60,60,316,318,438,122,L4=5;L3=4;L2=3;L1=2
14,60,50,4,1,1,,60,HYBRID,5,260,262,1,5,260,5,300,300,560,562,438,-122,L4=1;L3=1;L2=1;L1=1
14,60,50,4,2,1,,60,HYBRID,5,260,262,2,3,160,3,180,180,440,442,438,-2,L4=2;L3=2;L2=1;L1=1
14,60,50,4,3,1,,60,HYBRID,5,260,262,3,2,110,2,120,120,380,382,438,58,L4=3;L3=2;L2=2;L1=1
14,60,50,4,4,0,/data/yja/openfhe-src/src/pke/lib/schemerns/rns-cryptoparameters.cpp:l.91:PrecomputeCRTTables(): HYBRID key switching parameters: Can't appropriately distribute 5 towers into 4 digits. Please select different number of digits.,,,,,,,,,,,,,,,
14,60,50,4,5,1,,60,HYBRID,5,260,262,5,1,60,1,60,60,320,322,438,118,L4=5;L3=4;L2=3;L1=2
14,60,51,4,1,1,,60,HYBRID,5,264,266,1,5,264,5,300,300,564,566,438,-126,L4=1;L3=1;L2=1;L1=1
14,60,51,4,2,1,,60,HYBRID,5,264,266,2,3,162,3,180,180,444,446,438,-6,L4=2;L3=2;L2=1;L1=1
14,60,51,4,3,1,,60,HYBRID,5,264,266,3,2,111,2,120,120,384,386,438,54,L4=3;L3=2;L2=2;L1=1
14,60,51,4,4,0,/data/yja/openfhe-src/src/pke/lib/schemerns/rns-cryptoparameters.cpp:l.91:PrecomputeCRTTables(): HYBRID key switching parameters: Can't appropriately distribute 5 towers into 4 digits. Please select different number of digits.,,,,,,,,,,,,,,,
14,60,51,4,5,1,,60,HYBRID,5,264,266,5,1,60,1,60,60,324,326,438,114,L4=5;L3=4;L2=3;L1=2
14,60,52,4,1,1,,60,HYBRID,5,268,270,1,5,268,5,300,300,568,570,438,-130,L4=1;L3=1;L2=1;L1=1
14,60,52,4,2,1,,60,HYBRID,5,268,270,2,3,164,3,180,180,448,450,438,-10,L4=2;L3=2;L2=1;L1=1
14,60,52,4,3,1,,60,HYBRID,5,268,270,3,2,112,2,120,120,388,390,438,50,L4=3;L3=2;L2=2;L1=1
14,60,52,4,4,0,/data/yja/openfhe-src/src/pke/lib/schemerns/rns-cryptoparameters.cpp:l.91:PrecomputeCRTTables(): HYBRID key switching parameters: Can't appropriately distribute 5 towers into 4 digits. Please select different number of digits.,,,,,,,,,,,,,,,
14,60,52,4,5,1,,60,HYBRID,5,268,270,5,1,60,1,60,60,328,330,438,110,L4=5;L3=4;L2=3;L1=2
14,60,53,4,1,1,,60,HYBRID,5,272,274,1,5,272,5,300,300,572,574,438,-134,L4=1;L3=1;L2=1;L1=1
14,60,53,4,2,1,,60,HYBRID,5,272,274,2,3,166,3,180,180,452,454,438,-14,L4=2;L3=2;L2=1;L1=1
14,60,53,4,3,1,,60,HYBRID,5,272,274,3,2,113,2,120,120,392,394,438,46,L4=3;L3=2;L2=2;L1=1
14,60,53,4,4,0,/data/yja/openfhe-src/src/pke/lib/schemerns/rns-cryptoparameters.cpp:l.91:PrecomputeCRTTables(): HYBRID key switching parameters: Can't appropriately distribute 5 towers into 4 digits. Please select different number of digits.,,,,,,,,,,,,,,,
14,60,53,4,5,1,,60,HYBRID,5,272,274,5,1,60,1,60,60,332,334,438,106,L4=5;L3=4;L2=3;L1=2
14,60,54,4,1,1,,60,HYBRID,5,276,278,1,5,277,5,300,300,576,578,438,-138,L4=1;L3=1;L2=1;L1=1
14,60,54,4,2,1,,60,HYBRID,5,276,278,2,3,169,3,180,180,456,458,438,-18,L4=2;L3=2;L2=1;L1=1
14,60,54,4,3,1,,60,HYBRID,5,276,278,3,2,114,2,120,120,396,398,438,42,L4=3;L3=2;L2=2;L1=1
14,60,54,4,4,0,/data/yja/openfhe-src/src/pke/lib/schemerns/rns-cryptoparameters.cpp:l.91:PrecomputeCRTTables(): HYBRID key switching parameters: Can't appropriately distribute 5 towers into 4 digits. Please select different number of digits.,,,,,,,,,,,,,,,
14,60,54,4,5,1,,60,HYBRID,5,276,278,5,1,60,1,60,60,336,338,438,102,L4=5;L3=4;L2=3;L1=2
14,60,55,4,1,1,,60,HYBRID,5,280,282,1,5,280,5,300,300,580,582,438,-142,L4=1;L3=1;L2=1;L1=1
14,60,55,4,2,1,,60,HYBRID,5,280,282,2,3,170,3,180,180,460,462,438,-22,L4=2;L3=2;L2=1;L1=1
14,60,55,4,3,1,,60,HYBRID,5,280,282,3,2,115,2,120,120,400,402,438,38,L4=3;L3=2;L2=2;L1=1
14,60,55,4,4,0,/data/yja/openfhe-src/src/pke/lib/schemerns/rns-cryptoparameters.cpp:l.91:PrecomputeCRTTables(): HYBRID key switching parameters: Can't appropriately distribute 5 towers into 4 digits. Please select different number of digits.,,,,,,,,,,,,,,,
14,60,55,4,5,1,,60,HYBRID,5,280,282,5,1,60,1,60,60,340,342,438,98,L4=5;L3=4;L2=3;L1=2
14,60,40,5,1,1,,60,HYBRID,6,260,263,1,6,260,5,300,300,560,563,438,-122,L5=1;L4=1;L3=1;L2=1;L1=1
14,60,40,5,2,1,,60,HYBRID,6,260,263,2,3,140,3,180,180,440,443,438,-2,L5=2;L4=2;L3=2;L2=1;L1=1
14,60,40,5,3,1,,60,HYBRID,6,260,263,3,2,101,2,120,120,380,383,438,58,L5=3;L4=3;L3=2;L2=2;L1=1
14,60,40,5,4,0,/data/yja/openfhe-src/src/pke/lib/schemerns/rns-cryptoparameters.cpp:l.91:PrecomputeCRTTables(): HYBRID key switching parameters: Can't appropriately distribute 6 towers into 4 digits. Please select different number of digits.,,,,,,,,,,,,,,,
14,60,40,5,5,0,/data/yja/openfhe-src/src/pke/lib/schemerns/rns-cryptoparameters.cpp:l.91:PrecomputeCRTTables(): HYBRID key switching parameters: Can't appropriately distribute 6 towers into 5 digits. Please select different number of digits.,,,,,,,,,,,,,,,
14,60,40,5,6,1,,60,HYBRID,6,260,263,6,1,60,1,60,60,320,323,438,118,L5=6;L4=5;L3=4;L2=3;L1=2
14,60,41,5,1,1,,60,HYBRID,6,265,268,1,6,266,5,300,300,565,568,438,-127,L5=1;L4=1;L3=1;L2=1;L1=1
14,60,41,5,2,1,,60,HYBRID,6,265,268,2,3,143,3,180,180,445,448,438,-7,L5=2;L4=2;L3=2;L2=1;L1=1
14,60,41,5,3,1,,60,HYBRID,6,265,268,3,2,102,2,120,120,385,388,438,53,L5=3;L4=3;L3=2;L2=2;L1=1
14,60,41,5,4,0,/data/yja/openfhe-src/src/pke/lib/schemerns/rns-cryptoparameters.cpp:l.91:PrecomputeCRTTables(): HYBRID key switching parameters: Can't appropriately distribute 6 towers into 4 digits. Please select different number of digits.,,,,,,,,,,,,,,,
14,60,41,5,5,0,/data/yja/openfhe-src/src/pke/lib/schemerns/rns-cryptoparameters.cpp:l.91:PrecomputeCRTTables(): HYBRID key switching parameters: Can't appropriately distribute 6 towers into 5 digits. Please select different number of digits.,,,,,,,,,,,,,,,
14,60,41,5,6,1,,60,HYBRID,6,265,268,6,1,60,1,60,60,325,328,438,113,L5=6;L4=5;L3=4;L2=3;L1=2
14,60,42,5,1,1,,60,HYBRID,6,270,273,1,6,271,5,300,300,570,573,438,-132,L5=1;L4=1;L3=1;L2=1;L1=1
14,60,42,5,2,1,,60,HYBRID,6,270,273,2,3,145,3,180,180,450,453,438,-12,L5=2;L4=2;L3=2;L2=1;L1=1
14,60,42,5,3,1,,60,HYBRID,6,270,273,3,2,103,2,120,120,390,393,438,48,L5=3;L4=3;L3=2;L2=2;L1=1
14,60,42,5,4,0,/data/yja/openfhe-src/src/pke/lib/schemerns/rns-cryptoparameters.cpp:l.91:PrecomputeCRTTables(): HYBRID key switching parameters: Can't appropriately distribute 6 towers into 4 digits. Please select different number of digits.,,,,,,,,,,,,,,,
14,60,42,5,5,0,/data/yja/openfhe-src/src/pke/lib/schemerns/rns-cryptoparameters.cpp:l.91:PrecomputeCRTTables(): HYBRID key switching parameters: Can't appropriately distribute 6 towers into 5 digits. Please select different number of digits.,,,,,,,,,,,,,,,
14,60,42,5,6,1,,60,HYBRID,6,270,273,6,1,60,1,60,60,330,333,438,108,L5=6;L4=5;L3=4;L2=3;L1=2
14,60,43,5,1,1,,60,HYBRID,6,275,278,1,6,276,5,300,300,575,578,438,-137,L5=1;L4=1;L3=1;L2=1;L1=1
14,60,43,5,2,1,,60,HYBRID,6,275,278,2,3,147,3,180,180,455,458,438,-17,L5=2;L4=2;L3=2;L2=1;L1=1
14,60,43,5,3,1,,60,HYBRID,6,275,278,3,2,104,2,120,120,395,398,438,43,L5=3;L4=3;L3=2;L2=2;L1=1
14,60,43,5,4,0,/data/yja/openfhe-src/src/pke/lib/schemerns/rns-cryptoparameters.cpp:l.91:PrecomputeCRTTables(): HYBRID key switching parameters: Can't appropriately distribute 6 towers into 4 digits. Please select different number of digits.,,,,,,,,,,,,,,,
14,60,43,5,5,0,/data/yja/openfhe-src/src/pke/lib/schemerns/rns-cryptoparameters.cpp:l.91:PrecomputeCRTTables(): HYBRID key switching parameters: Can't appropriately distribute 6 towers into 5 digits. Please select different number of digits.,,,,,,,,,,,,,,,
14,60,43,5,6,1,,60,HYBRID,6,275,278,6,1,60,1,60,60,335,338,438,103,L5=6;L4=5;L3=4;L2=3;L1=2
14,60,44,5,1,1,,60,HYBRID,6,280,283,1,6,280,5,300,300,580,583,438,-142,L5=1;L4=1;L3=1;L2=1;L1=1
14,60,44,5,2,1,,60,HYBRID,6,280,283,2,3,148,3,180,180,460,463,438,-22,L5=2;L4=2;L3=2;L2=1;L1=1
14,60,44,5,3,1,,60,HYBRID,6,280,283,3,2,105,2,120,120,400,403,438,38,L5=3;L4=3;L3=2;L2=2;L1=1
14,60,44,5,4,0,/data/yja/openfhe-src/src/pke/lib/schemerns/rns-cryptoparameters.cpp:l.91:PrecomputeCRTTables(): HYBRID key switching parameters: Can't appropriately distribute 6 towers into 4 digits. Please select different number of digits.,,,,,,,,,,,,,,,
14,60,44,5,5,0,/data/yja/openfhe-src/src/pke/lib/schemerns/rns-cryptoparameters.cpp:l.91:PrecomputeCRTTables(): HYBRID key switching parameters: Can't appropriately distribute 6 towers into 5 digits. Please select different number of digits.,,,,,,,,,,,,,,,
14,60,44,5,6,1,,60,HYBRID,6,280,283,6,1,60,1,60,60,340,343,438,98,L5=6;L4=5;L3=4;L2=3;L1=2
14,60,45,5,1,1,,60,HYBRID,6,285,288,1,6,285,5,300,300,585,588,438,-147,L5=1;L4=1;L3=1;L2=1;L1=1
14,60,45,5,2,1,,60,HYBRID,6,285,288,2,3,150,3,180,180,465,468,438,-27,L5=2;L4=2;L3=2;L2=1;L1=1
14,60,45,5,3,1,,60,HYBRID,6,285,288,3,2,106,2,120,120,405,408,438,33,L5=3;L4=3;L3=2;L2=2;L1=1
14,60,45,5,4,0,/data/yja/openfhe-src/src/pke/lib/schemerns/rns-cryptoparameters.cpp:l.91:PrecomputeCRTTables(): HYBRID key switching parameters: Can't appropriately distribute 6 towers into 4 digits. Please select different number of digits.,,,,,,,,,,,,,,,
14,60,45,5,5,0,/data/yja/openfhe-src/src/pke/lib/schemerns/rns-cryptoparameters.cpp:l.91:PrecomputeCRTTables(): HYBRID key switching parameters: Can't appropriately distribute 6 towers into 5 digits. Please select different number of digits.,,,,,,,,,,,,,,,
14,60,45,5,6,1,,60,HYBRID,6,285,288,6,1,60,1,60,60,345,348,438,93,L5=6;L4=5;L3=4;L2=3;L1=2
14,60,46,5,1,1,,60,HYBRID,6,290,293,1,6,290,5,300,300,590,593,438,-152,L5=1;L4=1;L3=1;L2=1;L1=1
14,60,46,5,2,1,,60,HYBRID,6,290,293,2,3,152,3,180,180,470,473,438,-32,L5=2;L4=2;L3=2;L2=1;L1=1
14,60,46,5,3,1,,60,HYBRID,6,290,293,3,2,107,2,120,120,410,413,438,28,L5=3;L4=3;L3=2;L2=2;L1=1
14,60,46,5,4,0,/data/yja/openfhe-src/src/pke/lib/schemerns/rns-cryptoparameters.cpp:l.91:PrecomputeCRTTables(): HYBRID key switching parameters: Can't appropriately distribute 6 towers into 4 digits. Please select different number of digits.,,,,,,,,,,,,,,,
14,60,46,5,5,0,/data/yja/openfhe-src/src/pke/lib/schemerns/rns-cryptoparameters.cpp:l.91:PrecomputeCRTTables(): HYBRID key switching parameters: Can't appropriately distribute 6 towers into 5 digits. Please select different number of digits.,,,,,,,,,,,,,,,
14,60,46,5,6,1,,60,HYBRID,6,290,293,6,1,60,1,60,60,350,353,438,88,L5=6;L4=5;L3=4;L2=3;L1=2
14,60,47,5,1,1,,60,HYBRID,6,295,298,1,6,296,5,300,300,595,598,438,-157,L5=1;L4=1;L3=1;L2=1;L1=1
14,60,47,5,2,1,,60,HYBRID,6,295,298,2,3,155,3,180,180,475,478,438,-37,L5=2;L4=2;L3=2;L2=1;L1=1
14,60,47,5,3,1,,60,HYBRID,6,295,298,3,2,108,2,120,120,415,418,438,23,L5=3;L4=3;L3=2;L2=2;L1=1
14,60,47,5,4,0,/data/yja/openfhe-src/src/pke/lib/schemerns/rns-cryptoparameters.cpp:l.91:PrecomputeCRTTables(): HYBRID key switching parameters: Can't appropriately distribute 6 towers into 4 digits. Please select different number of digits.,,,,,,,,,,,,,,,
14,60,47,5,5,0,/data/yja/openfhe-src/src/pke/lib/schemerns/rns-cryptoparameters.cpp:l.91:PrecomputeCRTTables(): HYBRID key switching parameters: Can't appropriately distribute 6 towers into 5 digits. Please select different number of digits.,,,,,,,,,,,,,,,
14,60,47,5,6,1,,60,HYBRID,6,295,298,6,1,60,1,60,60,355,358,438,83,L5=6;L4=5;L3=4;L2=3;L1=2
14,60,48,5,1,1,,60,HYBRID,6,300,303,1,6,301,6,360,360,660,663,438,-222,L5=1;L4=1;L3=1;L2=1;L1=1
14,60,48,5,2,1,,60,HYBRID,6,300,303,2,3,157,3,180,180,480,483,438,-42,L5=2;L4=2;L3=2;L2=1;L1=1
14,60,48,5,3,1,,60,HYBRID,6,300,303,3,2,109,2,120,120,420,423,438,18,L5=3;L4=3;L3=2;L2=2;L1=1
14,60,48,5,4,0,/data/yja/openfhe-src/src/pke/lib/schemerns/rns-cryptoparameters.cpp:l.91:PrecomputeCRTTables(): HYBRID key switching parameters: Can't appropriately distribute 6 towers into 4 digits. Please select different number of digits.,,,,,,,,,,,,,,,
14,60,48,5,5,0,/data/yja/openfhe-src/src/pke/lib/schemerns/rns-cryptoparameters.cpp:l.91:PrecomputeCRTTables(): HYBRID key switching parameters: Can't appropriately distribute 6 towers into 5 digits. Please select different number of digits.,,,,,,,,,,,,,,,
14,60,48,5,6,1,,60,HYBRID,6,300,303,6,1,60,1,60,60,360,363,438,78,L5=6;L4=5;L3=4;L2=3;L1=2
14,60,49,5,1,1,,60,HYBRID,6,305,308,1,6,306,6,360,360,665,668,438,-227,L5=1;L4=1;L3=1;L2=1;L1=1
14,60,49,5,2,1,,60,HYBRID,6,305,308,2,3,159,3,180,180,485,488,438,-47,L5=2;L4=2;L3=2;L2=1;L1=1
14,60,49,5,3,1,,60,HYBRID,6,305,308,3,2,110,2,120,120,425,428,438,13,L5=3;L4=3;L3=2;L2=2;L1=1
14,60,49,5,4,0,/data/yja/openfhe-src/src/pke/lib/schemerns/rns-cryptoparameters.cpp:l.91:PrecomputeCRTTables(): HYBRID key switching parameters: Can't appropriately distribute 6 towers into 4 digits. Please select different number of digits.,,,,,,,,,,,,,,,
14,60,49,5,5,0,/data/yja/openfhe-src/src/pke/lib/schemerns/rns-cryptoparameters.cpp:l.91:PrecomputeCRTTables(): HYBRID key switching parameters: Can't appropriately distribute 6 towers into 5 digits. Please select different number of digits.,,,,,,,,,,,,,,,
14,60,49,5,6,1,,60,HYBRID,6,305,308,6,1,60,1,60,60,365,368,438,73,L5=6;L4=5;L3=4;L2=3;L1=2
14,60,50,5,1,1,,60,HYBRID,6,310,313,1,6,311,6,360,360,670,673,438,-232,L5=1;L4=1;L3=1;L2=1;L1=1
14,60,50,5,2,1,,60,HYBRID,6,310,313,2,3,160,3,180,180,490,493,438,-52,L5=2;L4=2;L3=2;L2=1;L1=1
14,60,50,5,3,1,,60,HYBRID,6,310,313,3,2,111,2,120,120,430,433,438,8,L5=3;L4=3;L3=2;L2=2;L1=1
14,60,50,5,4,0,/data/yja/openfhe-src/src/pke/lib/schemerns/rns-cryptoparameters.cpp:l.91:PrecomputeCRTTables(): HYBRID key switching parameters: Can't appropriately distribute 6 towers into 4 digits. Please select different number of digits.,,,,,,,,,,,,,,,
14,60,50,5,5,0,/data/yja/openfhe-src/src/pke/lib/schemerns/rns-cryptoparameters.cpp:l.91:PrecomputeCRTTables(): HYBRID key switching parameters: Can't appropriately distribute 6 towers into 5 digits. Please select different number of digits.,,,,,,,,,,,,,,,
14,60,50,5,6,1,,60,HYBRID,6,310,313,6,1,60,1,60,60,370,373,438,68,L5=6;L4=5;L3=4;L2=3;L1=2
14,60,51,5,1,1,,60,HYBRID,6,315,318,1,6,316,6,360,360,675,678,438,-237,L5=1;L4=1;L3=1;L2=1;L1=1
14,60,51,5,2,1,,60,HYBRID,6,315,318,2,3,162,3,180,180,495,498,438,-57,L5=2;L4=2;L3=2;L2=1;L1=1
14,60,51,5,3,1,,60,HYBRID,6,315,318,3,2,112,2,120,120,435,438,438,3,L5=3;L4=3;L3=2;L2=2;L1=1
14,60,51,5,4,0,/data/yja/openfhe-src/src/pke/lib/schemerns/rns-cryptoparameters.cpp:l.91:PrecomputeCRTTables(): HYBRID key switching parameters: Can't appropriately distribute 6 towers into 4 digits. Please select different number of digits.,,,,,,,,,,,,,,,
14,60,51,5,5,0,/data/yja/openfhe-src/src/pke/lib/schemerns/rns-cryptoparameters.cpp:l.91:PrecomputeCRTTables(): HYBRID key switching parameters: Can't appropriately distribute 6 towers into 5 digits. Please select different number of digits.,,,,,,,,,,,,,,,
14,60,51,5,6,1,,60,HYBRID,6,315,318,6,1,60,1,60,60,375,378,438,63,L5=6;L4=5;L3=4;L2=3;L1=2
14,60,52,5,1,1,,60,HYBRID,6,320,323,1,6,321,6,360,360,680,683,438,-242,L5=1;L4=1;L3=1;L2=1;L1=1
14,60,52,5,2,1,,60,HYBRID,6,320,323,2,3,164,3,180,180,500,503,438,-62,L5=2;L4=2;L3=2;L2=1;L1=1
14,60,52,5,3,1,,60,HYBRID,6,320,323,3,2,113,2,120,120,440,443,438,-2,L5=3;L4=3;L3=2;L2=2;L1=1
14,60,52,5,4,0,/data/yja/openfhe-src/src/pke/lib/schemerns/rns-cryptoparameters.cpp:l.91:PrecomputeCRTTables(): HYBRID key switching parameters: Can't appropriately distribute 6 towers into 4 digits. Please select different number of digits.,,,,,,,,,,,,,,,
14,60,52,5,5,0,/data/yja/openfhe-src/src/pke/lib/schemerns/rns-cryptoparameters.cpp:l.91:PrecomputeCRTTables(): HYBRID key switching parameters: Can't appropriately distribute 6 towers into 5 digits. Please select different number of digits.,,,,,,,,,,,,,,,
14,60,52,5,6,1,,60,HYBRID,6,320,323,6,1,60,1,60,60,380,383,438,58,L5=6;L4=5;L3=4;L2=3;L1=2
14,60,53,5,1,1,,60,HYBRID,6,325,328,1,6,326,6,360,360,685,688,438,-247,L5=1;L4=1;L3=1;L2=1;L1=1
14,60,53,5,2,1,,60,HYBRID,6,325,328,2,3,166,3,180,180,505,508,438,-67,L5=2;L4=2;L3=2;L2=1;L1=1
14,60,53,5,3,1,,60,HYBRID,6,325,328,3,2,114,2,120,120,445,448,438,-7,L5=3;L4=3;L3=2;L2=2;L1=1
14,60,53,5,4,0,/data/yja/openfhe-src/src/pke/lib/schemerns/rns-cryptoparameters.cpp:l.91:PrecomputeCRTTables(): HYBRID key switching parameters: Can't appropriately distribute 6 towers into 4 digits. Please select different number of digits.,,,,,,,,,,,,,,,
14,60,53,5,5,0,/data/yja/openfhe-src/src/pke/lib/schemerns/rns-cryptoparameters.cpp:l.91:PrecomputeCRTTables(): HYBRID key switching parameters: Can't appropriately distribute 6 towers into 5 digits. Please select different number of digits.,,,,,,,,,,,,,,,
14,60,53,5,6,1,,60,HYBRID,6,325,328,6,1,60,1,60,60,385,388,438,53,L5=6;L4=5;L3=4;L2=3;L1=2
14,60,54,5,1,1,,60,HYBRID,6,330,333,1,6,331,6,360,360,690,693,438,-252,L5=1;L4=1;L3=1;L2=1;L1=1
14,60,54,5,2,1,,60,HYBRID,6,330,333,2,3,169,3,180,180,510,513,438,-72,L5=2;L4=2;L3=2;L2=1;L1=1
14,60,54,5,3,1,,60,HYBRID,6,330,333,3,2,115,2,120,120,450,453,438,-12,L5=3;L4=3;L3=2;L2=2;L1=1
14,60,54,5,4,0,/data/yja/openfhe-src/src/pke/lib/schemerns/rns-cryptoparameters.cpp:l.91:PrecomputeCRTTables(): HYBRID key switching parameters: Can't appropriately distribute 6 towers into 4 digits. Please select different number of digits.,,,,,,,,,,,,,,,
14,60,54,5,5,0,/data/yja/openfhe-src/src/pke/lib/schemerns/rns-cryptoparameters.cpp:l.91:PrecomputeCRTTables(): HYBRID key switching parameters: Can't appropriately distribute 6 towers into 5 digits. Please select different number of digits.,,,,,,,,,,,,,,,
14,60,54,5,6,1,,60,HYBRID,6,330,333,6,1,60,1,60,60,390,393,438,48,L5=6;L4=5;L3=4;L2=3;L1=2
14,60,55,5,1,1,,60,HYBRID,6,335,338,1,6,335,6,360,360,695,698,438,-257,L5=1;L4=1;L3=1;L2=1;L1=1
14,60,55,5,2,1,,60,HYBRID,6,335,338,2,3,170,3,180,180,515,518,438,-77,L5=2;L4=2;L3=2;L2=1;L1=1
14,60,55,5,3,1,,60,HYBRID,6,335,338,3,2,116,2,120,120,455,458,438,-17,L5=3;L4=3;L3=2;L2=2;L1=1
14,60,55,5,4,0,/data/yja/openfhe-src/src/pke/lib/schemerns/rns-cryptoparameters.cpp:l.91:PrecomputeCRTTables(): HYBRID key switching parameters: Can't appropriately distribute 6 towers into 4 digits. Please select different number of digits.,,,,,,,,,,,,,,,
14,60,55,5,5,0,/data/yja/openfhe-src/src/pke/lib/schemerns/rns-cryptoparameters.cpp:l.91:PrecomputeCRTTables(): HYBRID key switching parameters: Can't appropriately distribute 6 towers into 5 digits. Please select different number of digits.,,,,,,,,,,,,,,,
14,60,55,5,6,1,,60,HYBRID,6,335,338,6,1,60,1,60,60,395,398,438,43,L5=6;L4=5;L3=4;L2=3;L1=2
14,60,40,6,1,1,,60,HYBRID,7,300,303,1,7,300,5,300,300,600,603,438,-162,L6=1;L5=1;L4=1;L3=1;L2=1;L1=1
14,60,40,6,2,1,,60,HYBRID,7,300,303,2,4,180,3,180,180,480,483,438,-42,L6=2;L5=2;L4=2;L3=1;L2=1;L1=1
14,60,40,6,3,1,,60,HYBRID,7,300,303,3,3,140,3,180,180,480,483,438,-42,L6=3;L5=2;L4=2;L3=2;L2=1;L1=1
14,60,40,6,4,1,,60,HYBRID,7,300,303,4,2,100,2,120,120,420,423,438,18,L6=4;L5=3;L4=3;L3=2;L2=2;L1=1
14,60,40,6,5,0,/data/yja/openfhe-src/src/pke/lib/schemerns/rns-cryptoparameters.cpp:l.91:PrecomputeCRTTables(): HYBRID key switching parameters: Can't appropriately distribute 7 towers into 5 digits. Please select different number of digits.,,,,,,,,,,,,,,,
14,60,40,6,6,0,/data/yja/openfhe-src/src/pke/lib/schemerns/rns-cryptoparameters.cpp:l.91:PrecomputeCRTTables(): HYBRID key switching parameters: Can't appropriately distribute 7 towers into 6 digits. Please select different number of digits.,,,,,,,,,,,,,,,
14,60,40,6,7,1,,60,HYBRID,7,300,303,7,1,60,1,60,60,360,363,438,78,L6=7;L5=6;L4=5;L3=4;L2=3;L1=2
14,60,41,6,1,1,,60,HYBRID,7,306,309,1,7,307,6,360,360,666,669,438,-228,L6=1;L5=1;L4=1;L3=1;L2=1;L1=1
14,60,41,6,2,1,,60,HYBRID,7,306,309,2,4,184,4,240,240,546,549,438,-108,L6=2;L5=2;L4=2;L3=1;L2=1;L1=1
14,60,41,6,3,1,,60,HYBRID,7,306,309,3,3,143,3,180,180,486,489,438,-48,L6=3;L5=2;L4=2;L3=2;L2=1;L1=1
14,60,41,6,4,1,,60,HYBRID,7,306,309,4,2,101,2,120,120,426,429,438,12,L6=4;L5=3;L4=3;L3=2;L2=2;L1=1
14,60,41,6,5,0,/data/yja/openfhe-src/src/pke/lib/schemerns/rns-cryptoparameters.cpp:l.91:PrecomputeCRTTables(): HYBRID key switching parameters: Can't appropriately distribute 7 towers into 5 digits. Please select different number of digits.,,,,,,,,,,,,,,,
14,60,41,6,6,0,/data/yja/openfhe-src/src/pke/lib/schemerns/rns-cryptoparameters.cpp:l.91:PrecomputeCRTTables(): HYBRID key switching parameters: Can't appropriately distribute 7 towers into 6 digits. Please select different number of digits.,,,,,,,,,,,,,,,
14,60,41,6,7,1,,60,HYBRID,7,306,309,7,1,60,1,60,60,366,369,438,72,L6=7;L5=6;L4=5;L3=4;L2=3;L1=2
14,60,42,6,1,1,,60,HYBRID,7,312,315,1,7,313,6,360,360,672,675,438,-234,L6=1;L5=1;L4=1;L3=1;L2=1;L1=1
14,60,42,6,2,1,,60,HYBRID,7,312,315,2,4,186,4,240,240,552,555,438,-114,L6=2;L5=2;L4=2;L3=1;L2=1;L1=1
14,60,42,6,3,1,,60,HYBRID,7,312,315,3,3,145,3,180,180,492,495,438,-54,L6=3;L5=2;L4=2;L3=2;L2=1;L1=1
14,60,42,6,4,1,,60,HYBRID,7,312,315,4,2,102,2,120,120,432,435,438,6,L6=4;L5=3;L4=3;L3=2;L2=2;L1=1
14,60,42,6,5,0,/data/yja/openfhe-src/src/pke/lib/schemerns/rns-cryptoparameters.cpp:l.91:PrecomputeCRTTables(): HYBRID key switching parameters: Can't appropriately distribute 7 towers into 5 digits. Please select different number of digits.,,,,,,,,,,,,,,,
14,60,42,6,6,0,/data/yja/openfhe-src/src/pke/lib/schemerns/rns-cryptoparameters.cpp:l.91:PrecomputeCRTTables(): HYBRID key switching parameters: Can't appropriately distribute 7 towers into 6 digits. Please select different number of digits.,,,,,,,,,,,,,,,
14,60,42,6,7,1,,60,HYBRID,7,312,315,7,1,60,1,60,60,372,375,438,66,L6=7;L5=6;L4=5;L3=4;L2=3;L1=2
14,60,43,6,1,1,,60,HYBRID,7,318,321,1,7,319,6,360,360,678,681,438,-240,L6=1;L5=1;L4=1;L3=1;L2=1;L1=1
14,60,43,6,2,1,,60,HYBRID,7,318,321,2,4,190,4,240,240,558,561,438,-120,L6=2;L5=2;L4=2;L3=1;L2=1;L1=1
14,60,43,6,3,1,,60,HYBRID,7,318,321,3,3,147,3,180,180,498,501,438,-60,L6=3;L5=2;L4=2;L3=2;L2=1;L1=1
14,60,43,6,4,1,,60,HYBRID,7,318,321,4,2,103,2,120,120,438,441,438,0,L6=4;L5=3;L4=3;L3=2;L2=2;L1=1
14,60,43,6,5,0,/data/yja/openfhe-src/src/pke/lib/schemerns/rns-cryptoparameters.cpp:l.91:PrecomputeCRTTables(): HYBRID key switching parameters: Can't appropriately distribute 7 towers into 5 digits. Please select different number of digits.,,,,,,,,,,,,,,,
14,60,43,6,6,0,/data/yja/openfhe-src/src/pke/lib/schemerns/rns-cryptoparameters.cpp:l.91:PrecomputeCRTTables(): HYBRID key switching parameters: Can't appropriately distribute 7 towers into 6 digits. Please select different number of digits.,,,,,,,,,,,,,,,
14,60,43,6,7,1,,60,HYBRID,7,318,321,7,1,60,1,60,60,378,381,438,60,L6=7;L5=6;L4=5;L3=4;L2=3;L1=2
14,60,44,6,1,1,,60,HYBRID,7,324,327,1,7,324,6,360,360,684,687,438,-246,L6=1;L5=1;L4=1;L3=1;L2=1;L1=1
14,60,44,6,2,1,,60,HYBRID,7,324,327,2,4,192,4,240,240,564,567,438,-126,L6=2;L5=2;L4=2;L3=1;L2=1;L1=1
14,60,44,6,3,1,,60,HYBRID,7,324,327,3,3,148,3,180,180,504,507,438,-66,L6=3;L5=2;L4=2;L3=2;L2=1;L1=1
14,60,44,6,4,1,,60,HYBRID,7,324,327,4,2,104,2,120,120,444,447,438,-6,L6=4;L5=3;L4=3;L3=2;L2=2;L1=1
14,60,44,6,5,0,/data/yja/openfhe-src/src/pke/lib/schemerns/rns-cryptoparameters.cpp:l.91:PrecomputeCRTTables(): HYBRID key switching parameters: Can't appropriately distribute 7 towers into 5 digits. Please select different number of digits.,,,,,,,,,,,,,,,
14,60,44,6,6,0,/data/yja/openfhe-src/src/pke/lib/schemerns/rns-cryptoparameters.cpp:l.91:PrecomputeCRTTables(): HYBRID key switching parameters: Can't appropriately distribute 7 towers into 6 digits. Please select different number of digits.,,,,,,,,,,,,,,,
14,60,44,6,7,1,,60,HYBRID,7,324,327,7,1,60,1,60,60,384,387,438,54,L6=7;L5=6;L4=5;L3=4;L2=3;L1=2
14,60,45,6,1,1,,60,HYBRID,7,330,333,1,7,330,6,360,360,690,693,438,-252,L6=1;L5=1;L4=1;L3=1;L2=1;L1=1
14,60,45,6,2,1,,60,HYBRID,7,330,333,2,4,195,4,240,240,570,573,438,-132,L6=2;L5=2;L4=2;L3=1;L2=1;L1=1
14,60,45,6,3,1,,60,HYBRID,7,330,333,3,3,150,3,180,180,510,513,438,-72,L6=3;L5=2;L4=2;L3=2;L2=1;L1=1
14,60,45,6,4,1,,60,HYBRID,7,330,333,4,2,105,2,120,120,450,453,438,-12,L6=4;L5=3;L4=3;L3=2;L2=2;L1=1
14,60,45,6,5,0,/data/yja/openfhe-src/src/pke/lib/schemerns/rns-cryptoparameters.cpp:l.91:PrecomputeCRTTables(): HYBRID key switching parameters: Can't appropriately distribute 7 towers into 5 digits. Please select different number of digits.,,,,,,,,,,,,,,,
14,60,45,6,6,0,/data/yja/openfhe-src/src/pke/lib/schemerns/rns-cryptoparameters.cpp:l.91:PrecomputeCRTTables(): HYBRID key switching parameters: Can't appropriately distribute 7 towers into 6 digits. Please select different number of digits.,,,,,,,,,,,,,,,
14,60,45,6,7,1,,60,HYBRID,7,330,333,7,1,60,1,60,60,390,393,438,48,L6=7;L5=6;L4=5;L3=4;L2=3;L1=2
14,60,46,6,1,1,,60,HYBRID,7,336,339,1,7,336,6,360,360,696,699,438,-258,L6=1;L5=1;L4=1;L3=1;L2=1;L1=1
14,60,46,6,2,1,,60,HYBRID,7,336,339,2,4,198,4,240,240,576,579,438,-138,L6=2;L5=2;L4=2;L3=1;L2=1;L1=1
14,60,46,6,3,1,,60,HYBRID,7,336,339,3,3,152,3,180,180,516,519,438,-78,L6=3;L5=2;L4=2;L3=2;L2=1;L1=1
14,60,46,6,4,1,,60,HYBRID,7,336,339,4,2,106,2,120,120,456,459,438,-18,L6=4;L5=3;L4=3;L3=2;L2=2;L1=1
14,60,46,6,5,0,/data/yja/openfhe-src/src/pke/lib/schemerns/rns-cryptoparameters.cpp:l.91:PrecomputeCRTTables(): HYBRID key switching parameters: Can't appropriately distribute 7 towers into 5 digits. Please select different number of digits.,,,,,,,,,,,,,,,
14,60,46,6,6,0,/data/yja/openfhe-src/src/pke/lib/schemerns/rns-cryptoparameters.cpp:l.91:PrecomputeCRTTables(): HYBRID key switching parameters: Can't appropriately distribute 7 towers into 6 digits. Please select different number of digits.,,,,,,,,,,,,,,,
14,60,46,6,7,1,,60,HYBRID,7,336,339,7,1,60,1,60,60,396,399,438,42,L6=7;L5=6;L4=5;L3=4;L2=3;L1=2
14,60,47,6,1,1,,60,HYBRID,7,342,345,1,7,343,6,360,360,702,705,438,-264,L6=1;L5=1;L4=1;L3=1;L2=1;L1=1
14,60,47,6,2,1,,60,HYBRID,7,342,345,2,4,201,4,240,240,582,585,438,-144,L6=2;L5=2;L4=2;L3=1;L2=1;L1=1
14,60,47,6,3,1,,60,HYBRID,7,342,345,3,3,155,3,180,180,522,525,438,-84,L6=3;L5=2;L4=2;L3=2;L2=1;L1=1
14,60,47,6,4,1,,60,HYBRID,7,342,345,4,2,107,2,120,120,462,465,438,-24,L6=4;L5=3;L4=3;L3=2;L2=2;L1=1
14,60,47,6,5,0,/data/yja/openfhe-src/src/pke/lib/schemerns/rns-cryptoparameters.cpp:l.91:PrecomputeCRTTables(): HYBRID key switching parameters: Can't appropriately distribute 7 towers into 5 digits. Please select different number of digits.,,,,,,,,,,,,,,,
14,60,47,6,6,0,/data/yja/openfhe-src/src/pke/lib/schemerns/rns-cryptoparameters.cpp:l.91:PrecomputeCRTTables(): HYBRID key switching parameters: Can't appropriately distribute 7 towers into 6 digits. Please select different number of digits.,,,,,,,,,,,,,,,
14,60,47,6,7,1,,60,HYBRID,7,342,345,7,1,60,1,60,60,402,405,438,36,L6=7;L5=6;L4=5;L3=4;L2=3;L1=2
14,60,48,6,1,1,,60,HYBRID,7,348,351,1,7,349,6,360,360,708,711,438,-270,L6=1;L5=1;L4=1;L3=1;L2=1;L1=1
14,60,48,6,2,1,,60,HYBRID,7,348,351,2,4,205,4,240,240,588,591,438,-150,L6=2;L5=2;L4=2;L3=1;L2=1;L1=1
14,60,48,6,3,1,,60,HYBRID,7,348,351,3,3,157,3,180,180,528,531,438,-90,L6=3;L5=2;L4=2;L3=2;L2=1;L1=1
14,60,48,6,4,1,,60,HYBRID,7,348,351,4,2,108,2,120,120,468,471,438,-30,L6=4;L5=3;L4=3;L3=2;L2=2;L1=1
14,60,48,6,5,0,/data/yja/openfhe-src/src/pke/lib/schemerns/rns-cryptoparameters.cpp:l.91:PrecomputeCRTTables(): HYBRID key switching parameters: Can't appropriately distribute 7 towers into 5 digits. Please select different number of digits.,,,,,,,,,,,,,,,
14,60,48,6,6,0,/data/yja/openfhe-src/src/pke/lib/schemerns/rns-cryptoparameters.cpp:l.91:PrecomputeCRTTables(): HYBRID key switching parameters: Can't appropriately distribute 7 towers into 6 digits. Please select different number of digits.,,,,,,,,,,,,,,,
14,60,48,6,7,1,,60,HYBRID,7,348,351,7,1,60,1,60,60,408,411,438,30,L6=7;L5=6;L4=5;L3=4;L2=3;L1=2
14,60,49,6,1,1,,60,HYBRID,7,354,357,1,7,355,6,360,360,714,717,438,-276,L6=1;L5=1;L4=1;L3=1;L2=1;L1=1
14,60,49,6,2,1,,60,HYBRID,7,354,357,2,4,207,4,240,240,594,597,438,-156,L6=2;L5=2;L4=2;L3=1;L2=1;L1=1
14,60,49,6,3,1,,60,HYBRID,7,354,357,3,3,159,3,180,180,534,537,438,-96,L6=3;L5=2;L4=2;L3=2;L2=1;L1=1
14,60,49,6,4,1,,60,HYBRID,7,354,357,4,2,109,2,120,120,474,477,438,-36,L6=4;L5=3;L4=3;L3=2;L2=2;L1=1
14,60,49,6,5,0,/data/yja/openfhe-src/src/pke/lib/schemerns/rns-cryptoparameters.cpp:l.91:PrecomputeCRTTables(): HYBRID key switching parameters: Can't appropriately distribute 7 towers into 5 digits. Please select different number of digits.,,,,,,,,,,,,,,,
14,60,49,6,6,0,/data/yja/openfhe-src/src/pke/lib/schemerns/rns-cryptoparameters.cpp:l.91:PrecomputeCRTTables(): HYBRID key switching parameters: Can't appropriately distribute 7 towers into 6 digits. Please select different number of digits.,,,,,,,,,,,,,,,
14,60,49,6,7,1,,60,HYBRID,7,354,357,7,1,60,1,60,60,414,417,438,24,L6=7;L5=6;L4=5;L3=4;L2=3;L1=2
14,60,50,6,1,1,,60,HYBRID,7,360,363,1,7,360,6,360,360,720,723,438,-282,L6=1;L5=1;L4=1;L3=1;L2=1;L1=1
14,60,50,6,2,1,,60,HYBRID,7,360,363,2,4,210,4,240,240,600,603,438,-162,L6=2;L5=2;L4=2;L3=1;L2=1;L1=1
14,60,50,6,3,1,,60,HYBRID,7,360,363,3,3,160,3,180,180,540,543,438,-102,L6=3;L5=2;L4=2;L3=2;L2=1;L1=1
14,60,50,6,4,1,,60,HYBRID,7,360,363,4,2,110,2,120,120,480,483,438,-42,L6=4;L5=3;L4=3;L3=2;L2=2;L1=1
14,60,50,6,5,0,/data/yja/openfhe-src/src/pke/lib/schemerns/rns-cryptoparameters.cpp:l.91:PrecomputeCRTTables(): HYBRID key switching parameters: Can't appropriately distribute 7 towers into 5 digits. Please select different number of digits.,,,,,,,,,,,,,,,
14,60,50,6,6,0,/data/yja/openfhe-src/src/pke/lib/schemerns/rns-cryptoparameters.cpp:l.91:PrecomputeCRTTables(): HYBRID key switching parameters: Can't appropriately distribute 7 towers into 6 digits. Please select different number of digits.,,,,,,,,,,,,,,,
14,60,50,6,7,1,,60,HYBRID,7,360,363,7,1,60,1,60,60,420,423,438,18,L6=7;L5=6;L4=5;L3=4;L2=3;L1=2
14,60,51,6,1,1,,60,HYBRID,7,366,369,1,7,366,7,420,420,786,789,438,-348,L6=1;L5=1;L4=1;L3=1;L2=1;L1=1
14,60,51,6,2,1,,60,HYBRID,7,366,369,2,4,213,4,240,240,606,609,438,-168,L6=2;L5=2;L4=2;L3=1;L2=1;L1=1
14,60,51,6,3,1,,60,HYBRID,7,366,369,3,3,162,3,180,180,546,549,438,-108,L6=3;L5=2;L4=2;L3=2;L2=1;L1=1
14,60,51,6,4,1,,60,HYBRID,7,366,369,4,2,111,2,120,120,486,489,438,-48,L6=4;L5=3;L4=3;L3=2;L2=2;L1=1
14,60,51,6,5,0,/data/yja/openfhe-src/src/pke/lib/schemerns/rns-cryptoparameters.cpp:l.91:PrecomputeCRTTables(): HYBRID key switching parameters: Can't appropriately distribute 7 towers into 5 digits. Please select different number of digits.,,,,,,,,,,,,,,,
14,60,51,6,6,0,/data/yja/openfhe-src/src/pke/lib/schemerns/rns-cryptoparameters.cpp:l.91:PrecomputeCRTTables(): HYBRID key switching parameters: Can't appropriately distribute 7 towers into 6 digits. Please select different number of digits.,,,,,,,,,,,,,,,
14,60,51,6,7,1,,60,HYBRID,7,366,369,7,1,60,1,60,60,426,429,438,12,L6=7;L5=6;L4=5;L3=4;L2=3;L1=2
14,60,52,6,1,1,,60,HYBRID,7,372,375,1,7,372,7,420,420,792,795,438,-354,L6=1;L5=1;L4=1;L3=1;L2=1;L1=1
14,60,52,6,2,1,,60,HYBRID,7,372,375,2,4,216,4,240,240,612,615,438,-174,L6=2;L5=2;L4=2;L3=1;L2=1;L1=1
14,60,52,6,3,1,,60,HYBRID,7,372,375,3,3,164,3,180,180,552,555,438,-114,L6=3;L5=2;L4=2;L3=2;L2=1;L1=1
14,60,52,6,4,1,,60,HYBRID,7,372,375,4,2,112,2,120,120,492,495,438,-54,L6=4;L5=3;L4=3;L3=2;L2=2;L1=1
14,60,52,6,5,0,/data/yja/openfhe-src/src/pke/lib/schemerns/rns-cryptoparameters.cpp:l.91:PrecomputeCRTTables(): HYBRID key switching parameters: Can't appropriately distribute 7 towers into 5 digits. Please select different number of digits.,,,,,,,,,,,,,,,
14,60,52,6,6,0,/data/yja/openfhe-src/src/pke/lib/schemerns/rns-cryptoparameters.cpp:l.91:PrecomputeCRTTables(): HYBRID key switching parameters: Can't appropriately distribute 7 towers into 6 digits. Please select different number of digits.,,,,,,,,,,,,,,,
14,60,52,6,7,1,,60,HYBRID,7,372,375,7,1,60,1,60,60,432,435,438,6,L6=7;L5=6;L4=5;L3=4;L2=3;L1=2
14,60,53,6,1,1,,60,HYBRID,7,378,381,1,7,378,7,420,420,798,801,438,-360,L6=1;L5=1;L4=1;L3=1;L2=1;L1=1
14,60,53,6,2,1,,60,HYBRID,7,378,381,2,4,219,4,240,240,618,621,438,-180,L6=2;L5=2;L4=2;L3=1;L2=1;L1=1
14,60,53,6,3,1,,60,HYBRID,7,378,381,3,3,166,3,180,180,558,561,438,-120,L6=3;L5=2;L4=2;L3=2;L2=1;L1=1
14,60,53,6,4,1,,60,HYBRID,7,378,381,4,2,113,2,120,120,498,501,438,-60,L6=4;L5=3;L4=3;L3=2;L2=2;L1=1
14,60,53,6,5,0,/data/yja/openfhe-src/src/pke/lib/schemerns/rns-cryptoparameters.cpp:l.91:PrecomputeCRTTables(): HYBRID key switching parameters: Can't appropriately distribute 7 towers into 5 digits. Please select different number of digits.,,,,,,,,,,,,,,,
14,60,53,6,6,0,/data/yja/openfhe-src/src/pke/lib/schemerns/rns-cryptoparameters.cpp:l.91:PrecomputeCRTTables(): HYBRID key switching parameters: Can't appropriately distribute 7 towers into 6 digits. Please select different number of digits.,,,,,,,,,,,,,,,
14,60,53,6,7,1,,60,HYBRID,7,378,381,7,1,60,1,60,60,438,441,438,0,L6=7;L5=6;L4=5;L3=4;L2=3;L1=2
14,60,54,6,1,1,,60,HYBRID,7,384,387,1,7,385,7,420,420,804,807,438,-366,L6=1;L5=1;L4=1;L3=1;L2=1;L1=1
14,60,54,6,2,1,,60,HYBRID,7,384,387,2,4,222,4,240,240,624,627,438,-186,L6=2;L5=2;L4=2;L3=1;L2=1;L1=1
14,60,54,6,3,1,,60,HYBRID,7,384,387,3,3,169,3,180,180,564,567,438,-126,L6=3;L5=2;L4=2;L3=2;L2=1;L1=1
14,60,54,6,4,1,,60,HYBRID,7,384,387,4,2,114,2,120,120,504,507,438,-66,L6=4;L5=3;L4=3;L3=2;L2=2;L1=1
14,60,54,6,5,0,/data/yja/openfhe-src/src/pke/lib/schemerns/rns-cryptoparameters.cpp:l.91:PrecomputeCRTTables(): HYBRID key switching parameters: Can't appropriately distribute 7 towers into 5 digits. Please select different number of digits.,,,,,,,,,,,,,,,
14,60,54,6,6,0,/data/yja/openfhe-src/src/pke/lib/schemerns/rns-cryptoparameters.cpp:l.91:PrecomputeCRTTables(): HYBRID key switching parameters: Can't appropriately distribute 7 towers into 6 digits. Please select different number of digits.,,,,,,,,,,,,,,,
14,60,54,6,7,1,,60,HYBRID,7,384,387,7,1,60,1,60,60,444,447,438,-6,L6=7;L5=6;L4=5;L3=4;L2=3;L1=2
14,60,55,6,1,1,,60,HYBRID,7,390,393,1,7,390,7,420,420,810,813,438,-372,L6=1;L5=1;L4=1;L3=1;L2=1;L1=1
14,60,55,6,2,1,,60,HYBRID,7,390,393,2,4,225,4,240,240,630,633,438,-192,L6=2;L5=2;L4=2;L3=1;L2=1;L1=1
14,60,55,6,3,1,,60,HYBRID,7,390,393,3,3,170,3,180,180,570,573,438,-132,L6=3;L5=2;L4=2;L3=2;L2=1;L1=1
14,60,55,6,4,1,,60,HYBRID,7,390,393,4,2,115,2,120,120,510,513,438,-72,L6=4;L5=3;L4=3;L3=2;L2=2;L1=1
14,60,55,6,5,0,/data/yja/openfhe-src/src/pke/lib/schemerns/rns-cryptoparameters.cpp:l.91:PrecomputeCRTTables(): HYBRID key switching parameters: Can't appropriately distribute 7 towers into 5 digits. Please select different number of digits.,,,,,,,,,,,,,,,
14,60,55,6,6,0,/data/yja/openfhe-src/src/pke/lib/schemerns/rns-cryptoparameters.cpp:l.91:PrecomputeCRTTables(): HYBRID key switching parameters: Can't appropriately distribute 7 towers into 6 digits. Please select different number of digits.,,,,,,,,,,,,,,,
14,60,55,6,7,1,,60,HYBRID,7,390,393,7,1,60,1,60,60,450,453,438,-12,L6=7;L5=6;L4=5;L3=4;L2=3;L1=2
14,60,40,7,1,1,,60,HYBRID,8,340,344,1,8,340,6,360,360,700,704,438,-262,L7=1;L6=1;L5=1;L4=1;L3=1;L2=1;L1=1
14,60,40,7,2,1,,60,HYBRID,8,340,344,2,4,181,4,240,240,580,584,438,-142,L7=2;L6=2;L5=2;L4=2;L3=1;L2=1;L1=1
14,60,40,7,3,1,,60,HYBRID,8,340,344,3,3,140,3,180,180,520,524,438,-82,L7=3;L6=3;L5=2;L4=2;L3=2;L2=1;L1=1
14,60,40,7,4,1,,60,HYBRID,8,340,344,4,2,101,2,120,120,460,464,438,-22,L7=4;L6=4;L5=3;L4=3;L3=2;L2=2;L1=1
14,60,40,7,5,0,/data/yja/openfhe-src/src/pke/lib/schemerns/rns-cryptoparameters.cpp:l.91:PrecomputeCRTTables(): HYBRID key switching parameters: Can't appropriately distribute 8 towers into 5 digits. Please select different number of digits.,,,,,,,,,,,,,,,
14,60,40,7,6,0,/data/yja/openfhe-src/src/pke/lib/schemerns/rns-cryptoparameters.cpp:l.91:PrecomputeCRTTables(): HYBRID key switching parameters: Can't appropriately distribute 8 towers into 6 digits. Please select different number of digits.,,,,,,,,,,,,,,,
14,60,40,7,7,0,/data/yja/openfhe-src/src/pke/lib/schemerns/rns-cryptoparameters.cpp:l.91:PrecomputeCRTTables(): HYBRID key switching parameters: Can't appropriately distribute 8 towers into 7 digits. Please select different number of digits.,,,,,,,,,,,,,,,
14,60,40,7,8,1,,60,HYBRID,8,340,344,8,1,60,1,60,60,400,404,438,38,L7=8;L6=7;L5=6;L4=5;L3=4;L2=3;L1=2
14,60,41,7,1,1,,60,HYBRID,8,347,351,1,8,348,6,360,360,707,711,438,-269,L7=1;L6=1;L5=1;L4=1;L3=1;L2=1;L1=1
14,60,41,7,2,1,,60,HYBRID,8,347,351,2,4,184,4,240,240,587,591,438,-149,L7=2;L6=2;L5=2;L4=2;L3=1;L2=1;L1=1
14,60,41,7,3,1,,60,HYBRID,8,347,351,3,3,143,3,180,180,527,531,438,-89,L7=3;L6=3;L5=2;L4=2;L3=2;L2=1;L1=1
14,60,41,7,4,1,,60,HYBRID,8,347,351,4,2,102,2,120,120,467,471,438,-29,L7=4;L6=4;L5=3;L4=3;L3=2;L2=2;L1=1
14,60,41,7,5,0,/data/yja/openfhe-src/src/pke/lib/schemerns/rns-cryptoparameters.cpp:l.91:PrecomputeCRTTables(): HYBRID key switching parameters: Can't appropriately distribute 8 towers into 5 digits. Please select different number of digits.,,,,,,,,,,,,,,,
14,60,41,7,6,0,/data/yja/openfhe-src/src/pke/lib/schemerns/rns-cryptoparameters.cpp:l.91:PrecomputeCRTTables(): HYBRID key switching parameters: Can't appropriately distribute 8 towers into 6 digits. Please select different number of digits.,,,,,,,,,,,,,,,
14,60,41,7,7,0,/data/yja/openfhe-src/src/pke/lib/schemerns/rns-cryptoparameters.cpp:l.91:PrecomputeCRTTables(): HYBRID key switching parameters: Can't appropriately distribute 8 towers into 7 digits. Please select different number of digits.,,,,,,,,,,,,,,,
14,60,41,7,8,1,,60,HYBRID,8,347,351,8,1,60,1,60,60,407,411,438,31,L7=8;L6=7;L5=6;L4=5;L3=4;L2=3;L1=2
14,60,42,7,1,1,,60,HYBRID,8,354,358,1,8,355,6,360,360,714,718,438,-276,L7=1;L6=1;L5=1;L4=1;L3=1;L2=1;L1=1
14,60,42,7,2,1,,60,HYBRID,8,354,358,2,4,187,4,240,240,594,598,438,-156,L7=2;L6=2;L5=2;L4=2;L3=1;L2=1;L1=1
14,60,42,7,3,1,,60,HYBRID,8,354,358,3,3,145,3,180,180,534,538,438,-96,L7=3;L6=3;L5=2;L4=2;L3=2;L2=1;L1=1
14,60,42,7,4,1,,60,HYBRID,8,354,358,4,2,103,2,120,120,474,478,438,-36,L7=4;L6=4;L5=3;L4=3;L3=2;L2=2;L1=1
14,60,42,7,5,0,/data/yja/openfhe-src/src/pke/lib/schemerns/rns-cryptoparameters.cpp:l.91:PrecomputeCRTTables(): HYBRID key switching parameters: Can't appropriately distribute 8 towers into 5 digits. Please select different number of digits.,,,,,,,,,,,,,,,
14,60,42,7,6,0,/data/yja/openfhe-src/src/pke/lib/schemerns/rns-cryptoparameters.cpp:l.91:PrecomputeCRTTables(): HYBRID key switching parameters: Can't appropriately distribute 8 towers into 6 digits. Please select different number of digits.,,,,,,,,,,,,,,,
14,60,42,7,7,0,/data/yja/openfhe-src/src/pke/lib/schemerns/rns-cryptoparameters.cpp:l.91:PrecomputeCRTTables(): HYBRID key switching parameters: Can't appropriately distribute 8 towers into 7 digits. Please select different number of digits.,,,,,,,,,,,,,,,
14,60,42,7,8,1,,60,HYBRID,8,354,358,8,1,60,1,60,60,414,418,438,24,L7=8;L6=7;L5=6;L4=5;L3=4;L2=3;L1=2
14,60,43,7,1,1,,60,HYBRID,8,361,365,1,8,362,7,420,420,781,785,438,-343,L7=1;L6=1;L5=1;L4=1;L3=1;L2=1;L1=1
14,60,43,7,2,1,,60,HYBRID,8,361,365,2,4,190,4,240,240,601,605,438,-163,L7=2;L6=2;L5=2;L4=2;L3=1;L2=1;L1=1
14,60,43,7,3,1,,60,HYBRID,8,361,365,3,3,147,3,180,180,541,545,438,-103,L7=3;L6=3;L5=2;L4=2;L3=2;L2=1;L1=1
14,60,43,7,4,1,,60,HYBRID,8,361,365,4,2,104,2,120,120,481,485,438,-43,L7=4;L6=4;L5=3;L4=3;L3=2;L2=2;L1=1
14,60,43,7,5,0,/data/yja/openfhe-src/src/pke/lib/schemerns/rns-cryptoparameters.cpp:l.91:PrecomputeCRTTables(): HYBRID key switching parameters: Can't appropriately distribute 8 towers into 5 digits. Please select different number of digits.,,,,,,,,,,,,,,,
14,60,43,7,6,0,/data/yja/openfhe-src/src/pke/lib/schemerns/rns-cryptoparameters.cpp:l.91:PrecomputeCRTTables(): HYBRID key switching parameters: Can't appropriately distribute 8 towers into 6 digits. Please select different number of digits.,,,,,,,,,,,,,,,
14,60,43,7,7,0,/data/yja/openfhe-src/src/pke/lib/schemerns/rns-cryptoparameters.cpp:l.91:PrecomputeCRTTables(): HYBRID key switching parameters: Can't appropriately distribute 8 towers into 7 digits. Please select different number of digits.,,,,,,,,,,,,,,,
14,60,43,7,8,1,,60,HYBRID,8,361,365,8,1,60,1,60,60,421,425,438,17,L7=8;L6=7;L5=6;L4=5;L3=4;L2=3;L1=2
14,60,44,7,1,1,,60,HYBRID,8,368,372,1,8,368,7,420,420,788,792,438,-350,L7=1;L6=1;L5=1;L4=1;L3=1;L2=1;L1=1
14,60,44,7,2,1,,60,HYBRID,8,368,372,2,4,192,4,240,240,608,612,438,-170,L7=2;L6=2;L5=2;L4=2;L3=1;L2=1;L1=1
14,60,44,7,3,1,,60,HYBRID,8,368,372,3,3,148,3,180,180,548,552,438,-110,L7=3;L6=3;L5=2;L4=2;L3=2;L2=1;L1=1
14,60,44,7,4,1,,60,HYBRID,8,368,372,4,2,105,2,120,120,488,492,438,-50,L7=4;L6=4;L5=3;L4=3;L3=2;L2=2;L1=1
14,60,44,7,5,0,/data/yja/openfhe-src/src/pke/lib/schemerns/rns-cryptoparameters.cpp:l.91:PrecomputeCRTTables(): HYBRID key switching parameters: Can't appropriately distribute 8 towers into 5 digits. Please select different number of digits.,,,,,,,,,,,,,,,
14,60,44,7,6,0,/data/yja/openfhe-src/src/pke/lib/schemerns/rns-cryptoparameters.cpp:l.91:PrecomputeCRTTables(): HYBRID key switching parameters: Can't appropriately distribute 8 towers into 6 digits. Please select different number of digits.,,,,,,,,,,,,,,,
14,60,44,7,7,0,/data/yja/openfhe-src/src/pke/lib/schemerns/rns-cryptoparameters.cpp:l.91:PrecomputeCRTTables(): HYBRID key switching parameters: Can't appropriately distribute 8 towers into 7 digits. Please select different number of digits.,,,,,,,,,,,,,,,
14,60,44,7,8,1,,60,HYBRID,8,368,372,8,1,60,1,60,60,428,432,438,10,L7=8;L6=7;L5=6;L4=5;L3=4;L2=3;L1=2
14,60,45,7,1,1,,60,HYBRID,8,375,379,1,8,375,7,420,420,795,799,438,-357,L7=1;L6=1;L5=1;L4=1;L3=1;L2=1;L1=1
14,60,45,7,2,1,,60,HYBRID,8,375,379,2,4,196,4,240,240,615,619,438,-177,L7=2;L6=2;L5=2;L4=2;L3=1;L2=1;L1=1
14,60,45,7,3,1,,60,HYBRID,8,375,379,3,3,151,3,180,180,555,559,438,-117,L7=3;L6=3;L5=2;L4=2;L3=2;L2=1;L1=1
14,60,45,7,4,1,,60,HYBRID,8,375,379,4,2,106,2,120,120,495,499,438,-57,L7=4;L6=4;L5=3;L4=3;L3=2;L2=2;L1=1
14,60,45,7,5,0,/data/yja/openfhe-src/src/pke/lib/schemerns/rns-cryptoparameters.cpp:l.91:PrecomputeCRTTables(): HYBRID key switching parameters: Can't appropriately distribute 8 towers into 5 digits. Please select different number of digits.,,,,,,,,,,,,,,,
14,60,45,7,6,0,/data/yja/openfhe-src/src/pke/lib/schemerns/rns-cryptoparameters.cpp:l.91:PrecomputeCRTTables(): HYBRID key switching parameters: Can't appropriately distribute 8 towers into 6 digits. Please select different number of digits.,,,,,,,,,,,,,,,
14,60,45,7,7,0,/data/yja/openfhe-src/src/pke/lib/schemerns/rns-cryptoparameters.cpp:l.91:PrecomputeCRTTables(): HYBRID key switching parameters: Can't appropriately distribute 8 towers into 7 digits. Please select different number of digits.,,,,,,,,,,,,,,,
14,60,45,7,8,1,,60,HYBRID,8,375,379,8,1,60,1,60,60,435,439,438,3,L7=8;L6=7;L5=6;L4=5;L3=4;L2=3;L1=2
14,60,46,7,1,1,,60,HYBRID,8,382,386,1,8,382,7,420,420,802,806,438,-364,L7=1;L6=1;L5=1;L4=1;L3=1;L2=1;L1=1
14,60,46,7,2,1,,60,HYBRID,8,382,386,2,4,199,4,240,240,622,626,438,-184,L7=2;L6=2;L5=2;L4=2;L3=1;L2=1;L1=1
14,60,46,7,3,1,,60,HYBRID,8,382,386,3,3,152,3,180,180,562,566,438,-124,L7=3;L6=3;L5=2;L4=2;L3=2;L2=1;L1=1
14,60,46,7,4,1,,60,HYBRID,8,382,386,4,2,107,2,120,120,502,506,438,-64,L7=4;L6=4;L5=3;L4=3;L3=2;L2=2;L1=1
14,60,46,7,5,0,/data/yja/openfhe-src/src/pke/lib/schemerns/rns-cryptoparameters.cpp:l.91:PrecomputeCRTTables(): HYBRID key switching parameters: Can't appropriately distribute 8 towers into 5 digits. Please select different number of digits.,,,,,,,,,,,,,,,
14,60,46,7,6,0,/data/yja/openfhe-src/src/pke/lib/schemerns/rns-cryptoparameters.cpp:l.91:PrecomputeCRTTables(): HYBRID key switching parameters: Can't appropriately distribute 8 towers into 6 digits. Please select different number of digits.,,,,,,,,,,,,,,,
14,60,46,7,7,0,/data/yja/openfhe-src/src/pke/lib/schemerns/rns-cryptoparameters.cpp:l.91:PrecomputeCRTTables(): HYBRID key switching parameters: Can't appropriately distribute 8 towers into 7 digits. Please select different number of digits.,,,,,,,,,,,,,,,
14,60,46,7,8,1,,60,HYBRID,8,382,386,8,1,60,1,60,60,442,446,438,-4,L7=8;L6=7;L5=6;L4=5;L3=4;L2=3;L1=2
14,60,47,7,1,1,,60,HYBRID,8,389,393,1,8,390,7,420,420,809,813,438,-371,L7=1;L6=1;L5=1;L4=1;L3=1;L2=1;L1=1
14,60,47,7,2,1,,60,HYBRID,8,389,393,2,4,202,4,240,240,629,633,438,-191,L7=2;L6=2;L5=2;L4=2;L3=1;L2=1;L1=1
14,60,47,7,3,1,,60,HYBRID,8,389,393,3,3,155,3,180,180,569,573,438,-131,L7=3;L6=3;L5=2;L4=2;L3=2;L2=1;L1=1
14,60,47,7,4,1,,60,HYBRID,8,389,393,4,2,108,2,120,120,509,513,438,-71,L7=4;L6=4;L5=3;L4=3;L3=2;L2=2;L1=1
14,60,47,7,5,0,/data/yja/openfhe-src/src/pke/lib/schemerns/rns-cryptoparameters.cpp:l.91:PrecomputeCRTTables(): HYBRID key switching parameters: Can't appropriately distribute 8 towers into 5 digits. Please select different number of digits.,,,,,,,,,,,,,,,
14,60,47,7,6,0,/data/yja/openfhe-src/src/pke/lib/schemerns/rns-cryptoparameters.cpp:l.91:PrecomputeCRTTables(): HYBRID key switching parameters: Can't appropriately distribute 8 towers into 6 digits. Please select different number of digits.,,,,,,,,,,,,,,,
14,60,47,7,7,0,/data/yja/openfhe-src/src/pke/lib/schemerns/rns-cryptoparameters.cpp:l.91:PrecomputeCRTTables(): HYBRID key switching parameters: Can't appropriately distribute 8 towers into 7 digits. Please select different number of digits.,,,,,,,,,,,,,,,
14,60,47,7,8,1,,60,HYBRID,8,389,393,8,1,60,1,60,60,449,453,438,-11,L7=8;L6=7;L5=6;L4=5;L3=4;L2=3;L1=2
14,60,48,7,1,1,,60,HYBRID,8,396,400,1,8,397,7,420,420,816,820,438,-378,L7=1;L6=1;L5=1;L4=1;L3=1;L2=1;L1=1
14,60,48,7,2,1,,60,HYBRID,8,396,400,2,4,205,4,240,240,636,640,438,-198,L7=2;L6=2;L5=2;L4=2;L3=1;L2=1;L1=1
14,60,48,7,3,1,,60,HYBRID,8,396,400,3,3,157,3,180,180,576,580,438,-138,L7=3;L6=3;L5=2;L4=2;L3=2;L2=1;L1=1
14,60,48,7,4,1,,60,HYBRID,8,396,400,4,2,109,2,120,120,516,520,438,-78,L7=4;L6=4;L5=3;L4=3;L3=2;L2=2;L1=1
14,60,48,7,5,0,/data/yja/openfhe-src/src/pke/lib/schemerns/rns-cryptoparameters.cpp:l.91:PrecomputeCRTTables(): HYBRID key switching parameters: Can't appropriately distribute 8 towers into 5 digits. Please select different number of digits.,,,,,,,,,,,,,,,
14,60,48,7,6,0,/data/yja/openfhe-src/src/pke/lib/schemerns/rns-cryptoparameters.cpp:l.91:PrecomputeCRTTables(): HYBRID key switching parameters: Can't appropriately distribute 8 towers into 6 digits. Please select different number of digits.,,,,,,,,,,,,,,,
14,60,48,7,7,0,/data/yja/openfhe-src/src/pke/lib/schemerns/rns-cryptoparameters.cpp:l.91:PrecomputeCRTTables(): HYBRID key switching parameters: Can't appropriately distribute 8 towers into 7 digits. Please select different number of digits.,,,,,,,,,,,,,,,
14,60,48,7,8,1,,60,HYBRID,8,396,400,8,1,60,1,60,60,456,460,438,-18,L7=8;L6=7;L5=6;L4=5;L3=4;L2=3;L1=2
14,60,49,7,1,1,,60,HYBRID,8,403,407,1,8,404,7,420,420,823,827,438,-385,L7=1;L6=1;L5=1;L4=1;L3=1;L2=1;L1=1
14,60,49,7,2,1,,60,HYBRID,8,403,407,2,4,208,4,240,240,643,647,438,-205,L7=2;L6=2;L5=2;L4=2;L3=1;L2=1;L1=1
14,60,49,7,3,1,,60,HYBRID,8,403,407,3,3,159,3,180,180,583,587,438,-145,L7=3;L6=3;L5=2;L4=2;L3=2;L2=1;L1=1
14,60,49,7,4,1,,60,HYBRID,8,403,407,4,2,110,2,120,120,523,527,438,-85,L7=4;L6=4;L5=3;L4=3;L3=2;L2=2;L1=1
14,60,49,7,5,0,/data/yja/openfhe-src/src/pke/lib/schemerns/rns-cryptoparameters.cpp:l.91:PrecomputeCRTTables(): HYBRID key switching parameters: Can't appropriately distribute 8 towers into 5 digits. Please select different number of digits.,,,,,,,,,,,,,,,
14,60,49,7,6,0,/data/yja/openfhe-src/src/pke/lib/schemerns/rns-cryptoparameters.cpp:l.91:PrecomputeCRTTables(): HYBRID key switching parameters: Can't appropriately distribute 8 towers into 6 digits. Please select different number of digits.,,,,,,,,,,,,,,,
14,60,49,7,7,0,/data/yja/openfhe-src/src/pke/lib/schemerns/rns-cryptoparameters.cpp:l.91:PrecomputeCRTTables(): HYBRID key switching parameters: Can't appropriately distribute 8 towers into 7 digits. Please select different number of digits.,,,,,,,,,,,,,,,
14,60,49,7,8,1,,60,HYBRID,8,403,407,8,1,60,1,60,60,463,467,438,-25,L7=8;L6=7;L5=6;L4=5;L3=4;L2=3;L1=2
14,60,50,7,1,1,,60,HYBRID,8,410,414,1,8,410,7,420,420,830,834,438,-392,L7=1;L6=1;L5=1;L4=1;L3=1;L2=1;L1=1
14,60,50,7,2,1,,60,HYBRID,8,410,414,2,4,211,4,240,240,650,654,438,-212,L7=2;L6=2;L5=2;L4=2;L3=1;L2=1;L1=1
14,60,50,7,3,1,,60,HYBRID,8,410,414,3,3,160,3,180,180,590,594,438,-152,L7=3;L6=3;L5=2;L4=2;L3=2;L2=1;L1=1
14,60,50,7,4,1,,60,HYBRID,8,410,414,4,2,111,2,120,120,530,534,438,-92,L7=4;L6=4;L5=3;L4=3;L3=2;L2=2;L1=1
14,60,50,7,5,0,/data/yja/openfhe-src/src/pke/lib/schemerns/rns-cryptoparameters.cpp:l.91:PrecomputeCRTTables(): HYBRID key switching parameters: Can't appropriately distribute 8 towers into 5 digits. Please select different number of digits.,,,,,,,,,,,,,,,
14,60,50,7,6,0,/data/yja/openfhe-src/src/pke/lib/schemerns/rns-cryptoparameters.cpp:l.91:PrecomputeCRTTables(): HYBRID key switching parameters: Can't appropriately distribute 8 towers into 6 digits. Please select different number of digits.,,,,,,,,,,,,,,,
14,60,50,7,7,0,/data/yja/openfhe-src/src/pke/lib/schemerns/rns-cryptoparameters.cpp:l.91:PrecomputeCRTTables(): HYBRID key switching parameters: Can't appropriately distribute 8 towers into 7 digits. Please select different number of digits.,,,,,,,,,,,,,,,
14,60,50,7,8,1,,60,HYBRID,8,410,414,8,1,60,1,60,60,470,474,438,-32,L7=8;L6=7;L5=6;L4=5;L3=4;L2=3;L1=2
14,60,51,7,1,1,,60,HYBRID,8,417,421,1,8,417,7,420,420,837,841,438,-399,L7=1;L6=1;L5=1;L4=1;L3=1;L2=1;L1=1
14,60,51,7,2,1,,60,HYBRID,8,417,421,2,4,213,4,240,240,657,661,438,-219,L7=2;L6=2;L5=2;L4=2;L3=1;L2=1;L1=1
14,60,51,7,3,1,,60,HYBRID,8,417,421,3,3,162,3,180,180,597,601,438,-159,L7=3;L6=3;L5=2;L4=2;L3=2;L2=1;L1=1
14,60,51,7,4,1,,60,HYBRID,8,417,421,4,2,112,2,120,120,537,541,438,-99,L7=4;L6=4;L5=3;L4=3;L3=2;L2=2;L1=1
14,60,51,7,5,0,/data/yja/openfhe-src/src/pke/lib/schemerns/rns-cryptoparameters.cpp:l.91:PrecomputeCRTTables(): HYBRID key switching parameters: Can't appropriately distribute 8 towers into 5 digits. Please select different number of digits.,,,,,,,,,,,,,,,
14,60,51,7,6,0,/data/yja/openfhe-src/src/pke/lib/schemerns/rns-cryptoparameters.cpp:l.91:PrecomputeCRTTables(): HYBRID key switching parameters: Can't appropriately distribute 8 towers into 6 digits. Please select different number of digits.,,,,,,,,,,,,,,,
14,60,51,7,7,0,/data/yja/openfhe-src/src/pke/lib/schemerns/rns-cryptoparameters.cpp:l.91:PrecomputeCRTTables(): HYBRID key switching parameters: Can't appropriately distribute 8 towers into 7 digits. Please select different number of digits.,,,,,,,,,,,,,,,
14,60,51,7,8,1,,60,HYBRID,8,417,421,8,1,60,1,60,60,477,481,438,-39,L7=8;L6=7;L5=6;L4=5;L3=4;L2=3;L1=2
14,60,52,7,1,1,,60,HYBRID,8,424,428,1,8,424,8,480,480,904,908,438,-466,L7=1;L6=1;L5=1;L4=1;L3=1;L2=1;L1=1
14,60,52,7,2,1,,60,HYBRID,8,424,428,2,4,217,4,240,240,664,668,438,-226,L7=2;L6=2;L5=2;L4=2;L3=1;L2=1;L1=1
14,60,52,7,3,1,,60,HYBRID,8,424,428,3,3,164,3,180,180,604,608,438,-166,L7=3;L6=3;L5=2;L4=2;L3=2;L2=1;L1=1
14,60,52,7,4,1,,60,HYBRID,8,424,428,4,2,113,2,120,120,544,548,438,-106,L7=4;L6=4;L5=3;L4=3;L3=2;L2=2;L1=1
14,60,52,7,5,0,/data/yja/openfhe-src/src/pke/lib/schemerns/rns-cryptoparameters.cpp:l.91:PrecomputeCRTTables(): HYBRID key switching parameters: Can't appropriately distribute 8 towers into 5 digits. Please select different number of digits.,,,,,,,,,,,,,,,
14,60,52,7,6,0,/data/yja/openfhe-src/src/pke/lib/schemerns/rns-cryptoparameters.cpp:l.91:PrecomputeCRTTables(): HYBRID key switching parameters: Can't appropriately distribute 8 towers into 6 digits. Please select different number of digits.,,,,,,,,,,,,,,,
14,60,52,7,7,0,/data/yja/openfhe-src/src/pke/lib/schemerns/rns-cryptoparameters.cpp:l.91:PrecomputeCRTTables(): HYBRID key switching parameters: Can't appropriately distribute 8 towers into 7 digits. Please select different number of digits.,,,,,,,,,,,,,,,
14,60,52,7,8,1,,60,HYBRID,8,424,428,8,1,60,1,60,60,484,488,438,-46,L7=8;L6=7;L5=6;L4=5;L3=4;L2=3;L1=2
14,60,53,7,1,1,,60,HYBRID,8,431,435,1,8,431,8,480,480,911,915,438,-473,L7=1;L6=1;L5=1;L4=1;L3=1;L2=1;L1=1
14,60,53,7,2,1,,60,HYBRID,8,431,435,2,4,220,4,240,240,671,675,438,-233,L7=2;L6=2;L5=2;L4=2;L3=1;L2=1;L1=1
14,60,53,7,3,1,,60,HYBRID,8,431,435,3,3,166,3,180,180,611,615,438,-173,L7=3;L6=3;L5=2;L4=2;L3=2;L2=1;L1=1
14,60,53,7,4,1,,60,HYBRID,8,431,435,4,2,114,2,120,120,551,555,438,-113,L7=4;L6=4;L5=3;L4=3;L3=2;L2=2;L1=1
14,60,53,7,5,0,/data/yja/openfhe-src/src/pke/lib/schemerns/rns-cryptoparameters.cpp:l.91:PrecomputeCRTTables(): HYBRID key switching parameters: Can't appropriately distribute 8 towers into 5 digits. Please select different number of digits.,,,,,,,,,,,,,,,
14,60,53,7,6,0,/data/yja/openfhe-src/src/pke/lib/schemerns/rns-cryptoparameters.cpp:l.91:PrecomputeCRTTables(): HYBRID key switching parameters: Can't appropriately distribute 8 towers into 6 digits. Please select different number of digits.,,,,,,,,,,,,,,,
14,60,53,7,7,0,/data/yja/openfhe-src/src/pke/lib/schemerns/rns-cryptoparameters.cpp:l.91:PrecomputeCRTTables(): HYBRID key switching parameters: Can't appropriately distribute 8 towers into 7 digits. Please select different number of digits.,,,,,,,,,,,,,,,
14,60,53,7,8,1,,60,HYBRID,8,431,435,8,1,60,1,60,60,491,495,438,-53,L7=8;L6=7;L5=6;L4=5;L3=4;L2=3;L1=2
14,60,54,7,1,1,,60,HYBRID,8,438,442,1,8,439,8,480,480,918,922,438,-480,L7=1;L6=1;L5=1;L4=1;L3=1;L2=1;L1=1
14,60,54,7,2,1,,60,HYBRID,8,438,442,2,4,223,4,240,240,678,682,438,-240,L7=2;L6=2;L5=2;L4=2;L3=1;L2=1;L1=1
14,60,54,7,3,1,,60,HYBRID,8,438,442,3,3,169,3,180,180,618,622,438,-180,L7=3;L6=3;L5=2;L4=2;L3=2;L2=1;L1=1
14,60,54,7,4,1,,60,HYBRID,8,438,442,4,2,115,2,120,120,558,562,438,-120,L7=4;L6=4;L5=3;L4=3;L3=2;L2=2;L1=1
14,60,54,7,5,0,/data/yja/openfhe-src/src/pke/lib/schemerns/rns-cryptoparameters.cpp:l.91:PrecomputeCRTTables(): HYBRID key switching parameters: Can't appropriately distribute 8 towers into 5 digits. Please select different number of digits.,,,,,,,,,,,,,,,
14,60,54,7,6,0,/data/yja/openfhe-src/src/pke/lib/schemerns/rns-cryptoparameters.cpp:l.91:PrecomputeCRTTables(): HYBRID key switching parameters: Can't appropriately distribute 8 towers into 6 digits. Please select different number of digits.,,,,,,,,,,,,,,,
14,60,54,7,7,0,/data/yja/openfhe-src/src/pke/lib/schemerns/rns-cryptoparameters.cpp:l.91:PrecomputeCRTTables(): HYBRID key switching parameters: Can't appropriately distribute 8 towers into 7 digits. Please select different number of digits.,,,,,,,,,,,,,,,
14,60,54,7,8,1,,60,HYBRID,8,438,442,8,1,60,1,60,60,498,502,438,-60,L7=8;L6=7;L5=6;L4=5;L3=4;L2=3;L1=2
14,60,55,7,1,1,,60,HYBRID,8,445,449,1,8,445,8,480,480,925,929,438,-487,L7=1;L6=1;L5=1;L4=1;L3=1;L2=1;L1=1
14,60,55,7,2,1,,60,HYBRID,8,445,449,2,4,225,4,240,240,685,689,438,-247,L7=2;L6=2;L5=2;L4=2;L3=1;L2=1;L1=1
14,60,55,7,3,1,,60,HYBRID,8,445,449,3,3,170,3,180,180,625,629,438,-187,L7=3;L6=3;L5=2;L4=2;L3=2;L2=1;L1=1
14,60,55,7,4,1,,60,HYBRID,8,445,449,4,2,116,2,120,120,565,569,438,-127,L7=4;L6=4;L5=3;L4=3;L3=2;L2=2;L1=1
14,60,55,7,5,0,/data/yja/openfhe-src/src/pke/lib/schemerns/rns-cryptoparameters.cpp:l.91:PrecomputeCRTTables(): HYBRID key switching parameters: Can't appropriately distribute 8 towers into 5 digits. Please select different number of digits.,,,,,,,,,,,,,,,
14,60,55,7,6,0,/data/yja/openfhe-src/src/pke/lib/schemerns/rns-cryptoparameters.cpp:l.91:PrecomputeCRTTables(): HYBRID key switching parameters: Can't appropriately distribute 8 towers into 6 digits. Please select different number of digits.,,,,,,,,,,,,,,,
14,60,55,7,7,0,/data/yja/openfhe-src/src/pke/lib/schemerns/rns-cryptoparameters.cpp:l.91:PrecomputeCRTTables(): HYBRID key switching parameters: Can't appropriately distribute 8 towers into 7 digits. Please select different number of digits.,,,,,,,,,,,,,,,
14,60,55,7,8,1,,60,HYBRID,8,445,449,8,1,60,1,60,60,505,509,438,-67,L7=8;L6=7;L5=6;L4=5;L3=4;L2=3;L1=2
14,60,40,8,1,1,,60,HYBRID,9,380,384,1,9,380,7,420,420,800,804,438,-362,L8=1;L7=1;L6=1;L5=1;L4=1;L3=1;L2=1;L1=1
14,60,40,8,2,1,,60,HYBRID,9,380,384,2,5,220,4,240,240,620,624,438,-182,L8=2;L7=2;L6=2;L5=2;L4=1;L3=1;L2=1;L1=1
14,60,40,8,3,1,,60,HYBRID,9,380,384,3,3,140,3,180,180,560,564,438,-122,L8=3;L7=3;L6=3;L5=2;L4=2;L3=2;L2=1;L1=1
14,60,40,8,4,0,/data/yja/openfhe-src/src/pke/lib/schemerns/rns-cryptoparameters.cpp:l.91:PrecomputeCRTTables(): HYBRID key switching parameters: Can't appropriately distribute 9 towers into 4 digits. Please select different number of digits.,,,,,,,,,,,,,,,
14,60,40,8,5,1,,60,HYBRID,9,380,384,5,2,100,2,120,120,500,504,438,-62,L8=5;L7=4;L6=4;L5=3;L4=3;L3=2;L2=2;L1=1
14,60,40,8,6,0,/data/yja/openfhe-src/src/pke/lib/schemerns/rns-cryptoparameters.cpp:l.91:PrecomputeCRTTables(): HYBRID key switching parameters: Can't appropriately distribute 9 towers into 6 digits. Please select different number of digits.,,,,,,,,,,,,,,,
14,60,40,8,7,0,/data/yja/openfhe-src/src/pke/lib/schemerns/rns-cryptoparameters.cpp:l.91:PrecomputeCRTTables(): HYBRID key switching parameters: Can't appropriately distribute 9 towers into 7 digits. Please select different number of digits.,,,,,,,,,,,,,,,
14,60,40,8,8,0,/data/yja/openfhe-src/src/pke/lib/schemerns/rns-cryptoparameters.cpp:l.91:PrecomputeCRTTables(): HYBRID key switching parameters: Can't appropriately distribute 9 towers into 8 digits. Please select different number of digits.,,,,,,,,,,,,,,,
14,60,40,8,9,1,,60,HYBRID,9,380,384,9,1,60,1,60,60,440,444,438,-2,L8=9;L7=8;L6=7;L5=6;L4=5;L3=4;L2=3;L1=2
14,60,41,8,1,1,,60,HYBRID,9,388,392,1,9,389,7,420,420,808,812,438,-370,L8=1;L7=1;L6=1;L5=1;L4=1;L3=1;L2=1;L1=1
14,60,41,8,2,1,,60,HYBRID,9,388,392,2,5,225,4,240,240,628,632,438,-190,L8=2;L7=2;L6=2;L5=2;L4=1;L3=1;L2=1;L1=1
14,60,41,8,3,1,,60,HYBRID,9,388,392,3,3,143,3,180,180,568,572,438,-130,L8=3;L7=3;L6=3;L5=2;L4=2;L3=2;L2=1;L1=1
14,60,41,8,4,0,/data/yja/openfhe-src/src/pke/lib/schemerns/rns-cryptoparameters.cpp:l.91:PrecomputeCRTTables(): HYBRID key switching parameters: Can't appropriately distribute 9 towers into 4 digits. Please select different number of digits.,,,,,,,,,,,,,,,
14,60,41,8,5,1,,60,HYBRID,9,388,392,5,2,101,2,120,120,508,512,438,-70,L8=5;L7=4;L6=4;L5=3;L4=3;L3=2;L2=2;L1=1
14,60,41,8,6,0,/data/yja/openfhe-src/src/pke/lib/schemerns/rns-cryptoparameters.cpp:l.91:PrecomputeCRTTables(): HYBRID key switching parameters: Can't appropriately distribute 9 towers into 6 digits. Please select different number of digits.,,,,,,,,,,,,,,,
14,60,41,8,7,0,/data/yja/openfhe-src/src/pke/lib/schemerns/rns-cryptoparameters.cpp:l.91:PrecomputeCRTTables(): HYBRID key switching parameters: Can't appropriately distribute 9 towers into 7 digits. Please select different number of digits.,,,,,,,,,,,,,,,
14,60,41,8,8,0,/data/yja/openfhe-src/src/pke/lib/schemerns/rns-cryptoparameters.cpp:l.91:PrecomputeCRTTables(): HYBRID key switching parameters: Can't appropriately distribute 9 towers into 8 digits. Please select different number of digits.,,,,,,,,,,,,,,,
14,60,41,8,9,1,,60,HYBRID,9,388,392,9,1,60,1,60,60,448,452,438,-10,L8=9;L7=8;L6=7;L5=6;L4=5;L3=4;L2=3;L1=2
14,60,42,8,1,1,,60,HYBRID,9,396,400,1,9,397,7,420,420,816,820,438,-378,L8=1;L7=1;L6=1;L5=1;L4=1;L3=1;L2=1;L1=1
14,60,42,8,2,1,,60,HYBRID,9,396,400,2,5,228,4,240,240,636,640,438,-198,L8=2;L7=2;L6=2;L5=2;L4=1;L3=1;L2=1;L1=1
14,60,42,8,3,1,,60,HYBRID,9,396,400,3,3,144,3,180,180,576,580,438,-138,L8=3;L7=3;L6=3;L5=2;L4=2;L3=2;L2=1;L1=1
14,60,42,8,4,0,/data/yja/openfhe-src/src/pke/lib/schemerns/rns-cryptoparameters.cpp:l.91:PrecomputeCRTTables(): HYBRID key switching parameters: Can't appropriately distribute 9 towers into 4 digits. Please select different number of digits.,,,,,,,,,,,,,,,
14,60,42,8,5,1,,60,HYBRID,9,396,400,5,2,102,2,120,120,516,520,438,-78,L8=5;L7=4;L6=4;L5=3;L4=3;L3=2;L2=2;L1=1
14,60,42,8,6,0,/data/yja/openfhe-src/src/pke/lib/schemerns/rns-cryptoparameters.cpp:l.91:PrecomputeCRTTables(): HYBRID key switching parameters: Can't appropriately distribute 9 towers into 6 digits. Please select different number of digits.,,,,,,,,,,,,,,,
14,60,42,8,7,0,/data/yja/openfhe-src/src/pke/lib/schemerns/rns-cryptoparameters.cpp:l.91:PrecomputeCRTTables(): HYBRID key switching parameters: Can't appropriately distribute 9 towers into 7 digits. Please select different number of digits.,,,,,,,,,,,,,,,
14,60,42,8,8,0,/data/yja/openfhe-src/src/pke/lib/schemerns/rns-cryptoparameters.cpp:l.91:PrecomputeCRTTables(): HYBRID key switching parameters: Can't appropriately distribute 9 towers into 8 digits. Please select different number of digits.,,,,,,,,,,,,,,,
14,60,42,8,9,1,,60,HYBRID,9,396,400,9,1,60,1,60,60,456,460,438,-18,L8=9;L7=8;L6=7;L5=6;L4=5;L3=4;L2=3;L1=2
14,60,43,8,1,1,,60,HYBRID,9,404,408,1,9,405,7,420,420,824,828,438,-386,L8=1;L7=1;L6=1;L5=1;L4=1;L3=1;L2=1;L1=1
14,60,43,8,2,1,,60,HYBRID,9,404,408,2,5,233,4,240,240,644,648,438,-206,L8=2;L7=2;L6=2;L5=2;L4=1;L3=1;L2=1;L1=1
14,60,43,8,3,1,,60,HYBRID,9,404,408,3,3,147,3,180,180,584,588,438,-146,L8=3;L7=3;L6=3;L5=2;L4=2;L3=2;L2=1;L1=1
14,60,43,8,4,0,/data/yja/openfhe-src/src/pke/lib/schemerns/rns-cryptoparameters.cpp:l.91:PrecomputeCRTTables(): HYBRID key switching parameters: Can't appropriately distribute 9 towers into 4 digits. Please select different number of digits.,,,,,,,,,,,,,,,
14,60,43,8,5,1,,60,HYBRID,9,404,408,5,2,103,2,120,120,524,528,438,-86,L8=5;L7=4;L6=4;L5=3;L4=3;L3=2;L2=2;L1=1
14,60,43,8,6,0,/data/yja/openfhe-src/src/pke/lib/schemerns/rns-cryptoparameters.cpp:l.91:PrecomputeCRTTables(): HYBRID key switching parameters: Can't appropriately distribute 9 towers into 6 digits. Please select different number of digits.,,,,,,,,,,,,,,,
14,60,43,8,7,0,/data/yja/openfhe-src/src/pke/lib/schemerns/rns-cryptoparameters.cpp:l.91:PrecomputeCRTTables(): HYBRID key switching parameters: Can't appropriately distribute 9 towers into 7 digits. Please select different number of digits.,,,,,,,,,,,,,,,
14,60,43,8,8,0,/data/yja/openfhe-src/src/pke/lib/schemerns/rns-cryptoparameters.cpp:l.91:PrecomputeCRTTables(): HYBRID key switching parameters: Can't appropriately distribute 9 towers into 8 digits. Please select different number of digits.,,,,,,,,,,,,,,,
14,60,43,8,9,1,,60,HYBRID,9,404,408,9,1,60,1,60,60,464,468,438,-26,L8=9;L7=8;L6=7;L5=6;L4=5;L3=4;L2=3;L1=2
14,60,44,8,1,1,,60,HYBRID,9,412,416,1,9,412,7,420,420,832,836,438,-394,L8=1;L7=1;L6=1;L5=1;L4=1;L3=1;L2=1;L1=1
14,60,44,8,2,1,,60,HYBRID,9,412,416,2,5,236,4,240,240,652,656,438,-214,L8=2;L7=2;L6=2;L5=2;L4=1;L3=1;L2=1;L1=1
14,60,44,8,3,1,,60,HYBRID,9,412,416,3,3,148,3,180,180,592,596,438,-154,L8=3;L7=3;L6=3;L5=2;L4=2;L3=2;L2=1;L1=1
14,60,44,8,4,0,/data/yja/openfhe-src/src/pke/lib/schemerns/rns-cryptoparameters.cpp:l.91:PrecomputeCRTTables(): HYBRID key switching parameters: Can't appropriately distribute 9 towers into 4 digits. Please select different number of digits.,,,,,,,,,,,,,,,
14,60,44,8,5,1,,60,HYBRID,9,412,416,5,2,104,2,120,120,532,536,438,-94,L8=5;L7=4;L6=4;L5=3;L4=3;L3=2;L2=2;L1=1
14,60,44,8,6,0,/data/yja/openfhe-src/src/pke/lib/schemerns/rns-cryptoparameters.cpp:l.91:PrecomputeCRTTables(): HYBRID key switching parameters: Can't appropriately distribute 9 towers into 6 digits. Please select different number of digits.,,,,,,,,,,,,,,,
14,60,44,8,7,0,/data/yja/openfhe-src/src/pke/lib/schemerns/rns-cryptoparameters.cpp:l.91:PrecomputeCRTTables(): HYBRID key switching parameters: Can't appropriately distribute 9 towers into 7 digits. Please select different number of digits.,,,,,,,,,,,,,,,
14,60,44,8,8,0,/data/yja/openfhe-src/src/pke/lib/schemerns/rns-cryptoparameters.cpp:l.91:PrecomputeCRTTables(): HYBRID key switching parameters: Can't appropriately distribute 9 towers into 8 digits. Please select different number of digits.,,,,,,,,,,,,,,,
14,60,44,8,9,1,,60,HYBRID,9,412,416,9,1,60,1,60,60,472,476,438,-34,L8=9;L7=8;L6=7;L5=6;L4=5;L3=4;L2=3;L1=2
14,60,45,8,1,1,,60,HYBRID,9,420,424,1,9,420,7,420,420,840,844,438,-402,L8=1;L7=1;L6=1;L5=1;L4=1;L3=1;L2=1;L1=1
14,60,45,8,2,1,,60,HYBRID,9,420,424,2,5,240,4,240,240,660,664,438,-222,L8=2;L7=2;L6=2;L5=2;L4=1;L3=1;L2=1;L1=1
14,60,45,8,3,1,,60,HYBRID,9,420,424,3,3,150,3,180,180,600,604,438,-162,L8=3;L7=3;L6=3;L5=2;L4=2;L3=2;L2=1;L1=1
14,60,45,8,4,0,/data/yja/openfhe-src/src/pke/lib/schemerns/rns-cryptoparameters.cpp:l.91:PrecomputeCRTTables(): HYBRID key switching parameters: Can't appropriately distribute 9 towers into 4 digits. Please select different number of digits.,,,,,,,,,,,,,,,
14,60,45,8,5,1,,60,HYBRID,9,420,424,5,2,105,2,120,120,540,544,438,-102,L8=5;L7=4;L6=4;L5=3;L4=3;L3=2;L2=2;L1=1
14,60,45,8,6,0,/data/yja/openfhe-src/src/pke/lib/schemerns/rns-cryptoparameters.cpp:l.91:PrecomputeCRTTables(): HYBRID key switching parameters: Can't appropriately distribute 9 towers into 6 digits. Please select different number of digits.,,,,,,,,,,,,,,,
14,60,45,8,7,0,/data/yja/openfhe-src/src/pke/lib/schemerns/rns-cryptoparameters.cpp:l.91:PrecomputeCRTTables(): HYBRID key switching parameters: Can't appropriately distribute 9 towers into 7 digits. Please select different number of digits.,,,,,,,,,,,,,,,
14,60,45,8,8,0,/data/yja/openfhe-src/src/pke/lib/schemerns/rns-cryptoparameters.cpp:l.91:PrecomputeCRTTables(): HYBRID key switching parameters: Can't appropriately distribute 9 towers into 8 digits. Please select different number of digits.,,,,,,,,,,,,,,,
14,60,45,8,9,1,,60,HYBRID,9,420,424,9,1,60,1,60,60,480,484,438,-42,L8=9;L7=8;L6=7;L5=6;L4=5;L3=4;L2=3;L1=2
14,60,46,8,1,1,,60,HYBRID,9,428,432,1,9,428,8,480,480,908,912,438,-470,L8=1;L7=1;L6=1;L5=1;L4=1;L3=1;L2=1;L1=1
14,60,46,8,2,1,,60,HYBRID,9,428,432,2,5,244,5,300,300,728,732,438,-290,L8=2;L7=2;L6=2;L5=2;L4=1;L3=1;L2=1;L1=1
14,60,46,8,3,1,,60,HYBRID,9,428,432,3,3,152,3,180,180,608,612,438,-170,L8=3;L7=3;L6=3;L5=2;L4=2;L3=2;L2=1;L1=1
14,60,46,8,4,0,/data/yja/openfhe-src/src/pke/lib/schemerns/rns-cryptoparameters.cpp:l.91:PrecomputeCRTTables(): HYBRID key switching parameters: Can't appropriately distribute 9 towers into 4 digits. Please select different number of digits.,,,,,,,,,,,,,,,
14,60,46,8,5,1,,60,HYBRID,9,428,432,5,2,106,2,120,120,548,552,438,-110,L8=5;L7=4;L6=4;L5=3;L4=3;L3=2;L2=2;L1=1
14,60,46,8,6,0,/data/yja/openfhe-src/src/pke/lib/schemerns/rns-cryptoparameters.cpp:l.91:PrecomputeCRTTables(): HYBRID key switching parameters: Can't appropriately distribute 9 towers into 6 digits. Please select different number of digits.,,,,,,,,,,,,,,,
14,60,46,8,7,0,/data/yja/openfhe-src/src/pke/lib/schemerns/rns-cryptoparameters.cpp:l.91:PrecomputeCRTTables(): HYBRID key switching parameters: Can't appropriately distribute 9 towers into 7 digits. Please select different number of digits.,,,,,,,,,,,,,,,
14,60,46,8,8,0,/data/yja/openfhe-src/src/pke/lib/schemerns/rns-cryptoparameters.cpp:l.91:PrecomputeCRTTables(): HYBRID key switching parameters: Can't appropriately distribute 9 towers into 8 digits. Please select different number of digits.,,,,,,,,,,,,,,,
14,60,46,8,9,1,,60,HYBRID,9,428,432,9,1,60,1,60,60,488,492,438,-50,L8=9;L7=8;L6=7;L5=6;L4=5;L3=4;L2=3;L1=2
14,60,47,8,1,1,,60,HYBRID,9,436,440,1,9,437,8,480,480,916,920,438,-478,L8=1;L7=1;L6=1;L5=1;L4=1;L3=1;L2=1;L1=1
14,60,47,8,2,1,,60,HYBRID,9,436,440,2,5,249,5,300,300,736,740,438,-298,L8=2;L7=2;L6=2;L5=2;L4=1;L3=1;L2=1;L1=1
14,60,47,8,3,1,,60,HYBRID,9,436,440,3,3,155,3,180,180,616,620,438,-178,L8=3;L7=3;L6=3;L5=2;L4=2;L3=2;L2=1;L1=1
14,60,47,8,4,0,/data/yja/openfhe-src/src/pke/lib/schemerns/rns-cryptoparameters.cpp:l.91:PrecomputeCRTTables(): HYBRID key switching parameters: Can't appropriately distribute 9 towers into 4 digits. Please select different number of digits.,,,,,,,,,,,,,,,
14,60,47,8,5,1,,60,HYBRID,9,436,440,5,2,107,2,120,120,556,560,438,-118,L8=5;L7=4;L6=4;L5=3;L4=3;L3=2;L2=2;L1=1
14,60,47,8,6,0,/data/yja/openfhe-src/src/pke/lib/schemerns/rns-cryptoparameters.cpp:l.91:PrecomputeCRTTables(): HYBRID key switching parameters: Can't appropriately distribute 9 towers into 6 digits. Please select different number of digits.,,,,,,,,,,,,,,,
14,60,47,8,7,0,/data/yja/openfhe-src/src/pke/lib/schemerns/rns-cryptoparameters.cpp:l.91:PrecomputeCRTTables(): HYBRID key switching parameters: Can't appropriately distribute 9 towers into 7 digits. Please select different number of digits.,,,,,,,,,,,,,,,
14,60,47,8,8,0,/data/yja/openfhe-src/src/pke/lib/schemerns/rns-cryptoparameters.cpp:l.91:PrecomputeCRTTables(): HYBRID key switching parameters: Can't appropriately distribute 9 towers into 8 digits. Please select different number of digits.,,,,,,,,,,,,,,,
14,60,47,8,9,1,,60,HYBRID,9,436,440,9,1,60,1,60,60,496,500,438,-58,L8=9;L7=8;L6=7;L5=6;L4=5;L3=4;L2=3;L1=2
14,60,48,8,1,1,,60,HYBRID,9,444,448,1,9,445,8,480,480,924,928,438,-486,L8=1;L7=1;L6=1;L5=1;L4=1;L3=1;L2=1;L1=1
14,60,48,8,2,1,,60,HYBRID,9,444,448,2,5,253,5,300,300,744,748,438,-306,L8=2;L7=2;L6=2;L5=2;L4=1;L3=1;L2=1;L1=1
14,60,48,8,3,1,,60,HYBRID,9,444,448,3,3,157,3,180,180,624,628,438,-186,L8=3;L7=3;L6=3;L5=2;L4=2;L3=2;L2=1;L1=1
14,60,48,8,4,0,/data/yja/openfhe-src/src/pke/lib/schemerns/rns-cryptoparameters.cpp:l.91:PrecomputeCRTTables(): HYBRID key switching parameters: Can't appropriately distribute 9 towers into 4 digits. Please select different number of digits.,,,,,,,,,,,,,,,
14,60,48,8,5,1,,60,HYBRID,9,444,448,5,2,108,2,120,120,564,568,438,-126,L8=5;L7=4;L6=4;L5=3;L4=3;L3=2;L2=2;L1=1
14,60,48,8,6,0,/data/yja/openfhe-src/src/pke/lib/schemerns/rns-cryptoparameters.cpp:l.91:PrecomputeCRTTables(): HYBRID key switching parameters: Can't appropriately distribute 9 towers into 6 digits. Please select different number of digits.,,,,,,,,,,,,,,,
14,60,48,8,7,0,/data/yja/openfhe-src/src/pke/lib/schemerns/rns-cryptoparameters.cpp:l.91:PrecomputeCRTTables(): HYBRID key switching parameters: Can't appropriately distribute 9 towers into 7 digits. Please select different number of digits.,,,,,,,,,,,,,,,
14,60,48,8,8,0,/data/yja/openfhe-src/src/pke/lib/schemerns/rns-cryptoparameters.cpp:l.91:PrecomputeCRTTables(): HYBRID key switching parameters: Can't appropriately distribute 9 towers into 8 digits. Please select different number of digits.,,,,,,,,,,,,,,,
14,60,48,8,9,1,,60,HYBRID,9,444,448,9,1,60,1,60,60,504,508,438,-66,L8=9;L7=8;L6=7;L5=6;L4=5;L3=4;L2=3;L1=2
14,60,49,8,1,1,,60,HYBRID,9,452,456,1,9,453,8,480,480,932,936,438,-494,L8=1;L7=1;L6=1;L5=1;L4=1;L3=1;L2=1;L1=1
14,60,49,8,2,1,,60,HYBRID,9,452,456,2,5,257,5,300,300,752,756,438,-314,L8=2;L7=2;L6=2;L5=2;L4=1;L3=1;L2=1;L1=1
14,60,49,8,3,1,,60,HYBRID,9,452,456,3,3,159,3,180,180,632,636,438,-194,L8=3;L7=3;L6=3;L5=2;L4=2;L3=2;L2=1;L1=1
14,60,49,8,4,0,/data/yja/openfhe-src/src/pke/lib/schemerns/rns-cryptoparameters.cpp:l.91:PrecomputeCRTTables(): HYBRID key switching parameters: Can't appropriately distribute 9 towers into 4 digits. Please select different number of digits.,,,,,,,,,,,,,,,
14,60,49,8,5,1,,60,HYBRID,9,452,456,5,2,109,2,120,120,572,576,438,-134,L8=5;L7=4;L6=4;L5=3;L4=3;L3=2;L2=2;L1=1
14,60,49,8,6,0,/data/yja/openfhe-src/src/pke/lib/schemerns/rns-cryptoparameters.cpp:l.91:PrecomputeCRTTables(): HYBRID key switching parameters: Can't appropriately distribute 9 towers into 6 digits. Please select different number of digits.,,,,,,,,,,,,,,,
14,60,49,8,7,0,/data/yja/openfhe-src/src/pke/lib/schemerns/rns-cryptoparameters.cpp:l.91:PrecomputeCRTTables(): HYBRID key switching parameters: Can't appropriately distribute 9 towers into 7 digits. Please select different number of digits.,,,,,,,,,,,,,,,
14,60,49,8,8,0,/data/yja/openfhe-src/src/pke/lib/schemerns/rns-cryptoparameters.cpp:l.91:PrecomputeCRTTables(): HYBRID key switching parameters: Can't appropriately distribute 9 towers into 8 digits. Please select different number of digits.,,,,,,,,,,,,,,,
14,60,49,8,9,1,,60,HYBRID,9,452,456,9,1,60,1,60,60,512,516,438,-74,L8=9;L7=8;L6=7;L5=6;L4=5;L3=4;L2=3;L1=2
14,60,50,8,1,1,,60,HYBRID,9,460,464,1,9,460,8,480,480,940,944,438,-502,L8=1;L7=1;L6=1;L5=1;L4=1;L3=1;L2=1;L1=1
14,60,50,8,2,1,,60,HYBRID,9,460,464,2,5,260,5,300,300,760,764,438,-322,L8=2;L7=2;L6=2;L5=2;L4=1;L3=1;L2=1;L1=1
14,60,50,8,3,1,,60,HYBRID,9,460,464,3,3,160,3,180,180,640,644,438,-202,L8=3;L7=3;L6=3;L5=2;L4=2;L3=2;L2=1;L1=1
14,60,50,8,4,0,/data/yja/openfhe-src/src/pke/lib/schemerns/rns-cryptoparameters.cpp:l.91:PrecomputeCRTTables(): HYBRID key switching parameters: Can't appropriately distribute 9 towers into 4 digits. Please select different number of digits.,,,,,,,,,,,,,,,
14,60,50,8,5,1,,60,HYBRID,9,460,464,5,2,110,2,120,120,580,584,438,-142,L8=5;L7=4;L6=4;L5=3;L4=3;L3=2;L2=2;L1=1
14,60,50,8,6,0,/data/yja/openfhe-src/src/pke/lib/schemerns/rns-cryptoparameters.cpp:l.91:PrecomputeCRTTables(): HYBRID key switching parameters: Can't appropriately distribute 9 towers into 6 digits. Please select different number of digits.,,,,,,,,,,,,,,,
14,60,50,8,7,0,/data/yja/openfhe-src/src/pke/lib/schemerns/rns-cryptoparameters.cpp:l.91:PrecomputeCRTTables(): HYBRID key switching parameters: Can't appropriately distribute 9 towers into 7 digits. Please select different number of digits.,,,,,,,,,,,,,,,
14,60,50,8,8,0,/data/yja/openfhe-src/src/pke/lib/schemerns/rns-cryptoparameters.cpp:l.91:PrecomputeCRTTables(): HYBRID key switching parameters: Can't appropriately distribute 9 towers into 8 digits. Please select different number of digits.,,,,,,,,,,,,,,,
14,60,50,8,9,1,,60,HYBRID,9,460,464,9,1,60,1,60,60,520,524,438,-82,L8=9;L7=8;L6=7;L5=6;L4=5;L3=4;L2=3;L1=2
14,60,51,8,1,1,,60,HYBRID,9,468,472,1,9,468,8,480,480,948,952,438,-510,L8=1;L7=1;L6=1;L5=1;L4=1;L3=1;L2=1;L1=1
14,60,51,8,2,1,,60,HYBRID,9,468,472,2,5,264,5,300,300,768,772,438,-330,L8=2;L7=2;L6=2;L5=2;L4=1;L3=1;L2=1;L1=1
14,60,51,8,3,1,,60,HYBRID,9,468,472,3,3,162,3,180,180,648,652,438,-210,L8=3;L7=3;L6=3;L5=2;L4=2;L3=2;L2=1;L1=1
14,60,51,8,4,0,/data/yja/openfhe-src/src/pke/lib/schemerns/rns-cryptoparameters.cpp:l.91:PrecomputeCRTTables(): HYBRID key switching parameters: Can't appropriately distribute 9 towers into 4 digits. Please select different number of digits.,,,,,,,,,,,,,,,
14,60,51,8,5,1,,60,HYBRID,9,468,472,5,2,111,2,120,120,588,592,438,-150,L8=5;L7=4;L6=4;L5=3;L4=3;L3=2;L2=2;L1=1
14,60,51,8,6,0,/data/yja/openfhe-src/src/pke/lib/schemerns/rns-cryptoparameters.cpp:l.91:PrecomputeCRTTables(): HYBRID key switching parameters: Can't appropriately distribute 9 towers into 6 digits. Please select different number of digits.,,,,,,,,,,,,,,,
14,60,51,8,7,0,/data/yja/openfhe-src/src/pke/lib/schemerns/rns-cryptoparameters.cpp:l.91:PrecomputeCRTTables(): HYBRID key switching parameters: Can't appropriately distribute 9 towers into 7 digits. Please select different number of digits.,,,,,,,,,,,,,,,
14,60,51,8,8,0,/data/yja/openfhe-src/src/pke/lib/schemerns/rns-cryptoparameters.cpp:l.91:PrecomputeCRTTables(): HYBRID key switching parameters: Can't appropriately distribute 9 towers into 8 digits. Please select different number of digits.,,,,,,,,,,,,,,,
14,60,51,8,9,1,,60,HYBRID,9,468,472,9,1,60,1,60,60,528,532,438,-90,L8=9;L7=8;L6=7;L5=6;L4=5;L3=4;L2=3;L1=2
14,60,52,8,1,1,,60,HYBRID,9,476,480,1,9,476,8,480,480,956,960,438,-518,L8=1;L7=1;L6=1;L5=1;L4=1;L3=1;L2=1;L1=1
14,60,52,8,2,1,,60,HYBRID,9,476,480,2,5,268,5,300,300,776,780,438,-338,L8=2;L7=2;L6=2;L5=2;L4=1;L3=1;L2=1;L1=1
14,60,52,8,3,1,,60,HYBRID,9,476,480,3,3,164,3,180,180,656,660,438,-218,L8=3;L7=3;L6=3;L5=2;L4=2;L3=2;L2=1;L1=1
14,60,52,8,4,0,/data/yja/openfhe-src/src/pke/lib/schemerns/rns-cryptoparameters.cpp:l.91:PrecomputeCRTTables(): HYBRID key switching parameters: Can't appropriately distribute 9 towers into 4 digits. Please select different number of digits.,,,,,,,,,,,,,,,
14,60,52,8,5,1,,60,HYBRID,9,476,480,5,2,112,2,120,120,596,600,438,-158,L8=5;L7=4;L6=4;L5=3;L4=3;L3=2;L2=2;L1=1
14,60,52,8,6,0,/data/yja/openfhe-src/src/pke/lib/schemerns/rns-cryptoparameters.cpp:l.91:PrecomputeCRTTables(): HYBRID key switching parameters: Can't appropriately distribute 9 towers into 6 digits. Please select different number of digits.,,,,,,,,,,,,,,,
14,60,52,8,7,0,/data/yja/openfhe-src/src/pke/lib/schemerns/rns-cryptoparameters.cpp:l.91:PrecomputeCRTTables(): HYBRID key switching parameters: Can't appropriately distribute 9 towers into 7 digits. Please select different number of digits.,,,,,,,,,,,,,,,
14,60,52,8,8,0,/data/yja/openfhe-src/src/pke/lib/schemerns/rns-cryptoparameters.cpp:l.91:PrecomputeCRTTables(): HYBRID key switching parameters: Can't appropriately distribute 9 towers into 8 digits. Please select different number of digits.,,,,,,,,,,,,,,,
14,60,52,8,9,1,,60,HYBRID,9,476,480,9,1,60,1,60,60,536,540,438,-98,L8=9;L7=8;L6=7;L5=6;L4=5;L3=4;L2=3;L1=2
14,60,53,8,1,1,,60,HYBRID,9,484,488,1,9,484,9,540,540,1024,1028,438,-586,L8=1;L7=1;L6=1;L5=1;L4=1;L3=1;L2=1;L1=1
14,60,53,8,2,1,,60,HYBRID,9,484,488,2,5,272,5,300,300,784,788,438,-346,L8=2;L7=2;L6=2;L5=2;L4=1;L3=1;L2=1;L1=1
14,60,53,8,3,1,,60,HYBRID,9,484,488,3,3,166,3,180,180,664,668,438,-226,L8=3;L7=3;L6=3;L5=2;L4=2;L3=2;L2=1;L1=1
14,60,53,8,4,0,/data/yja/openfhe-src/src/pke/lib/schemerns/rns-cryptoparameters.cpp:l.91:PrecomputeCRTTables(): HYBRID key switching parameters: Can't appropriately distribute 9 towers into 4 digits. Please select different number of digits.,,,,,,,,,,,,,,,
14,60,53,8,5,1,,60,HYBRID,9,484,488,5,2,113,2,120,120,604,608,438,-166,L8=5;L7=4;L6=4;L5=3;L4=3;L3=2;L2=2;L1=1
14,60,53,8,6,0,/data/yja/openfhe-src/src/pke/lib/schemerns/rns-cryptoparameters.cpp:l.91:PrecomputeCRTTables(): HYBRID key switching parameters: Can't appropriately distribute 9 towers into 6 digits. Please select different number of digits.,,,,,,,,,,,,,,,
14,60,53,8,7,0,/data/yja/openfhe-src/src/pke/lib/schemerns/rns-cryptoparameters.cpp:l.91:PrecomputeCRTTables(): HYBRID key switching parameters: Can't appropriately distribute 9 towers into 7 digits. Please select different number of digits.,,,,,,,,,,,,,,,
14,60,53,8,8,0,/data/yja/openfhe-src/src/pke/lib/schemerns/rns-cryptoparameters.cpp:l.91:PrecomputeCRTTables(): HYBRID key switching parameters: Can't appropriately distribute 9 towers into 8 digits. Please select different number of digits.,,,,,,,,,,,,,,,
14,60,53,8,9,1,,60,HYBRID,9,484,488,9,1,60,1,60,60,544,548,438,-106,L8=9;L7=8;L6=7;L5=6;L4=5;L3=4;L2=3;L1=2
14,60,54,8,1,1,,60,HYBRID,9,492,496,1,9,493,9,540,540,1032,1036,438,-594,L8=1;L7=1;L6=1;L5=1;L4=1;L3=1;L2=1;L1=1
14,60,54,8,2,1,,60,HYBRID,9,492,496,2,5,277,5,300,300,792,796,438,-354,L8=2;L7=2;L6=2;L5=2;L4=1;L3=1;L2=1;L1=1
14,60,54,8,3,1,,60,HYBRID,9,492,496,3,3,169,3,180,180,672,676,438,-234,L8=3;L7=3;L6=3;L5=2;L4=2;L3=2;L2=1;L1=1
14,60,54,8,4,0,/data/yja/openfhe-src/src/pke/lib/schemerns/rns-cryptoparameters.cpp:l.91:PrecomputeCRTTables(): HYBRID key switching parameters: Can't appropriately distribute 9 towers into 4 digits. Please select different number of digits.,,,,,,,,,,,,,,,
14,60,54,8,5,1,,60,HYBRID,9,492,496,5,2,114,2,120,120,612,616,438,-174,L8=5;L7=4;L6=4;L5=3;L4=3;L3=2;L2=2;L1=1
14,60,54,8,6,0,/data/yja/openfhe-src/src/pke/lib/schemerns/rns-cryptoparameters.cpp:l.91:PrecomputeCRTTables(): HYBRID key switching parameters: Can't appropriately distribute 9 towers into 6 digits. Please select different number of digits.,,,,,,,,,,,,,,,
14,60,54,8,7,0,/data/yja/openfhe-src/src/pke/lib/schemerns/rns-cryptoparameters.cpp:l.91:PrecomputeCRTTables(): HYBRID key switching parameters: Can't appropriately distribute 9 towers into 7 digits. Please select different number of digits.,,,,,,,,,,,,,,,
14,60,54,8,8,0,/data/yja/openfhe-src/src/pke/lib/schemerns/rns-cryptoparameters.cpp:l.91:PrecomputeCRTTables(): HYBRID key switching parameters: Can't appropriately distribute 9 towers into 8 digits. Please select different number of digits.,,,,,,,,,,,,,,,
14,60,54,8,9,1,,60,HYBRID,9,492,496,9,1,60,1,60,60,552,556,438,-114,L8=9;L7=8;L6=7;L5=6;L4=5;L3=4;L2=3;L1=2
14,60,55,8,1,1,,60,HYBRID,9,500,504,1,9,500,9,540,540,1040,1044,438,-602,L8=1;L7=1;L6=1;L5=1;L4=1;L3=1;L2=1;L1=1
14,60,55,8,2,1,,60,HYBRID,9,500,504,2,5,280,5,300,300,800,804,438,-362,L8=2;L7=2;L6=2;L5=2;L4=1;L3=1;L2=1;L1=1
14,60,55,8,3,1,,60,HYBRID,9,500,504,3,3,170,3,180,180,680,684,438,-242,L8=3;L7=3;L6=3;L5=2;L4=2;L3=2;L2=1;L1=1
14,60,55,8,4,0,/data/yja/openfhe-src/src/pke/lib/schemerns/rns-cryptoparameters.cpp:l.91:PrecomputeCRTTables(): HYBRID key switching parameters: Can't appropriately distribute 9 towers into 4 digits. Please select different number of digits.,,,,,,,,,,,,,,,
14,60,55,8,5,1,,60,HYBRID,9,500,504,5,2,115,2,120,120,620,624,438,-182,L8=5;L7=4;L6=4;L5=3;L4=3;L3=2;L2=2;L1=1
14,60,55,8,6,0,/data/yja/openfhe-src/src/pke/lib/schemerns/rns-cryptoparameters.cpp:l.91:PrecomputeCRTTables(): HYBRID key switching parameters: Can't appropriately distribute 9 towers into 6 digits. Please select different number of digits.,,,,,,,,,,,,,,,
14,60,55,8,7,0,/data/yja/openfhe-src/src/pke/lib/schemerns/rns-cryptoparameters.cpp:l.91:PrecomputeCRTTables(): HYBRID key switching parameters: Can't appropriately distribute 9 towers into 7 digits. Please select different number of digits.,,,,,,,,,,,,,,,
14,60,55,8,8,0,/data/yja/openfhe-src/src/pke/lib/schemerns/rns-cryptoparameters.cpp:l.91:PrecomputeCRTTables(): HYBRID key switching parameters: Can't appropriately distribute 9 towers into 8 digits. Please select different number of digits.,,,,,,,,,,,,,,,
14,60,55,8,9,1,,60,HYBRID,9,500,504,9,1,60,1,60,60,560,564,438,-122,L8=9;L7=8;L6=7;L5=6;L4=5;L3=4;L2=3;L1=2
15,60,45,8,1,1,,60,HYBRID,9,420,424,1,9,420,7,420,420,840,844,881,41,L8=1;L7=1;L6=1;L5=1;L4=1;L3=1;L2=1;L1=1
15,60,45,8,2,1,,60,HYBRID,9,420,424,2,5,240,4,240,240,660,664,881,221,L8=2;L7=2;L6=2;L5=2;L4=1;L3=1;L2=1;L1=1
15,60,45,8,3,1,,60,HYBRID,9,420,424,3,3,150,3,180,180,600,604,881,281,L8=3;L7=3;L6=3;L5=2;L4=2;L3=2;L2=1;L1=1
15,60,45,8,4,0,/data/yja/openfhe-src/src/pke/lib/schemerns/rns-cryptoparameters.cpp:l.91:PrecomputeCRTTables(): HYBRID key switching parameters: Can't appropriately distribute 9 towers into 4 digits. Please select different number of digits.,,,,,,,,,,,,,,,
15,60,45,8,5,1,,60,HYBRID,9,420,424,5,2,105,2,120,120,540,544,881,341,L8=5;L7=4;L6=4;L5=3;L4=3;L3=2;L2=2;L1=1
15,60,45,8,6,0,/data/yja/openfhe-src/src/pke/lib/schemerns/rns-cryptoparameters.cpp:l.91:PrecomputeCRTTables(): HYBRID key switching parameters: Can't appropriately distribute 9 towers into 6 digits. Please select different number of digits.,,,,,,,,,,,,,,,
15,60,45,8,7,0,/data/yja/openfhe-src/src/pke/lib/schemerns/rns-cryptoparameters.cpp:l.91:PrecomputeCRTTables(): HYBRID key switching parameters: Can't appropriately distribute 9 towers into 7 digits. Please select different number of digits.,,,,,,,,,,,,,,,
15,60,45,8,8,0,/data/yja/openfhe-src/src/pke/lib/schemerns/rns-cryptoparameters.cpp:l.91:PrecomputeCRTTables(): HYBRID key switching parameters: Can't appropriately distribute 9 towers into 8 digits. Please select different number of digits.,,,,,,,,,,,,,,,
15,60,45,8,9,1,,60,HYBRID,9,420,424,9,1,60,1,60,60,480,484,881,401,L8=9;L7=8;L6=7;L5=6;L4=5;L3=4;L2=3;L1=2
15,60,46,8,1,1,,60,HYBRID,9,428,432,1,9,428,8,480,480,908,912,881,-27,L8=1;L7=1;L6=1;L5=1;L4=1;L3=1;L2=1;L1=1
15,60,46,8,2,1,,60,HYBRID,9,428,432,2,5,244,5,300,300,728,732,881,153,L8=2;L7=2;L6=2;L5=2;L4=1;L3=1;L2=1;L1=1
15,60,46,8,3,1,,60,HYBRID,9,428,432,3,3,152,3,180,180,608,612,881,273,L8=3;L7=3;L6=3;L5=2;L4=2;L3=2;L2=1;L1=1
15,60,46,8,4,0,/data/yja/openfhe-src/src/pke/lib/schemerns/rns-cryptoparameters.cpp:l.91:PrecomputeCRTTables(): HYBRID key switching parameters: Can't appropriately distribute 9 towers into 4 digits. Please select different number of digits.,,,,,,,,,,,,,,,
15,60,46,8,5,1,,60,HYBRID,9,428,432,5,2,106,2,120,120,548,552,881,333,L8=5;L7=4;L6=4;L5=3;L4=3;L3=2;L2=2;L1=1
15,60,46,8,6,0,/data/yja/openfhe-src/src/pke/lib/schemerns/rns-cryptoparameters.cpp:l.91:PrecomputeCRTTables(): HYBRID key switching parameters: Can't appropriately distribute 9 towers into 6 digits. Please select different number of digits.,,,,,,,,,,,,,,,
15,60,46,8,7,0,/data/yja/openfhe-src/src/pke/lib/schemerns/rns-cryptoparameters.cpp:l.91:PrecomputeCRTTables(): HYBRID key switching parameters: Can't appropriately distribute 9 towers into 7 digits. Please select different number of digits.,,,,,,,,,,,,,,,
15,60,46,8,8,0,/data/yja/openfhe-src/src/pke/lib/schemerns/rns-cryptoparameters.cpp:l.91:PrecomputeCRTTables(): HYBRID key switching parameters: Can't appropriately distribute 9 towers into 8 digits. Please select different number of digits.,,,,,,,,,,,,,,,
15,60,46,8,9,1,,60,HYBRID,9,428,432,9,1,60,1,60,60,488,492,881,393,L8=9;L7=8;L6=7;L5=6;L4=5;L3=4;L2=3;L1=2
15,60,47,8,1,1,,60,HYBRID,9,436,440,1,9,437,8,480,480,916,920,881,-35,L8=1;L7=1;L6=1;L5=1;L4=1;L3=1;L2=1;L1=1
15,60,47,8,2,1,,60,HYBRID,9,436,440,2,5,249,5,300,300,736,740,881,145,L8=2;L7=2;L6=2;L5=2;L4=1;L3=1;L2=1;L1=1
15,60,47,8,3,1,,60,HYBRID,9,436,440,3,3,155,3,180,180,616,620,881,265,L8=3;L7=3;L6=3;L5=2;L4=2;L3=2;L2=1;L1=1
15,60,47,8,4,0,/data/yja/openfhe-src/src/pke/lib/schemerns/rns-cryptoparameters.cpp:l.91:PrecomputeCRTTables(): HYBRID key switching parameters: Can't appropriately distribute 9 towers into 4 digits. Please select different number of digits.,,,,,,,,,,,,,,,
15,60,47,8,5,1,,60,HYBRID,9,436,440,5,2,107,2,120,120,556,560,881,325,L8=5;L7=4;L6=4;L5=3;L4=3;L3=2;L2=2;L1=1
15,60,47,8,6,0,/data/yja/openfhe-src/src/pke/lib/schemerns/rns-cryptoparameters.cpp:l.91:PrecomputeCRTTables(): HYBRID key switching parameters: Can't appropriately distribute 9 towers into 6 digits. Please select different number of digits.,,,,,,,,,,,,,,,
15,60,47,8,7,0,/data/yja/openfhe-src/src/pke/lib/schemerns/rns-cryptoparameters.cpp:l.91:PrecomputeCRTTables(): HYBRID key switching parameters: Can't appropriately distribute 9 towers into 7 digits. Please select different number of digits.,,,,,,,,,,,,,,,
15,60,47,8,8,0,/data/yja/openfhe-src/src/pke/lib/schemerns/rns-cryptoparameters.cpp:l.91:PrecomputeCRTTables(): HYBRID key switching parameters: Can't appropriately distribute 9 towers into 8 digits. Please select different number of digits.,,,,,,,,,,,,,,,
15,60,47,8,9,1,,60,HYBRID,9,436,440,9,1,60,1,60,60,496,500,881,385,L8=9;L7=8;L6=7;L5=6;L4=5;L3=4;L2=3;L1=2
15,60,48,8,1,1,,60,HYBRID,9,444,448,1,9,445,8,480,480,924,928,881,-43,L8=1;L7=1;L6=1;L5=1;L4=1;L3=1;L2=1;L1=1
15,60,48,8,2,1,,60,HYBRID,9,444,448,2,5,253,5,300,300,744,748,881,137,L8=2;L7=2;L6=2;L5=2;L4=1;L3=1;L2=1;L1=1
15,60,48,8,3,1,,60,HYBRID,9,444,448,3,3,156,3,180,180,624,628,881,257,L8=3;L7=3;L6=3;L5=2;L4=2;L3=2;L2=1;L1=1
15,60,48,8,4,0,/data/yja/openfhe-src/src/pke/lib/schemerns/rns-cryptoparameters.cpp:l.91:PrecomputeCRTTables(): HYBRID key switching parameters: Can't appropriately distribute 9 towers into 4 digits. Please select different number of digits.,,,,,,,,,,,,,,,
15,60,48,8,5,1,,60,HYBRID,9,444,448,5,2,108,2,120,120,564,568,881,317,L8=5;L7=4;L6=4;L5=3;L4=3;L3=2;L2=2;L1=1
15,60,48,8,6,0,/data/yja/openfhe-src/src/pke/lib/schemerns/rns-cryptoparameters.cpp:l.91:PrecomputeCRTTables(): HYBRID key switching parameters: Can't appropriately distribute 9 towers into 6 digits. Please select different number of digits.,,,,,,,,,,,,,,,
15,60,48,8,7,0,/data/yja/openfhe-src/src/pke/lib/schemerns/rns-cryptoparameters.cpp:l.91:PrecomputeCRTTables(): HYBRID key switching parameters: Can't appropriately distribute 9 towers into 7 digits. Please select different number of digits.,,,,,,,,,,,,,,,
15,60,48,8,8,0,/data/yja/openfhe-src/src/pke/lib/schemerns/rns-cryptoparameters.cpp:l.91:PrecomputeCRTTables(): HYBRID key switching parameters: Can't appropriately distribute 9 towers into 8 digits. Please select different number of digits.,,,,,,,,,,,,,,,
15,60,48,8,9,1,,60,HYBRID,9,444,448,9,1,60,1,60,60,504,508,881,377,L8=9;L7=8;L6=7;L5=6;L4=5;L3=4;L2=3;L1=2
15,60,49,8,1,1,,60,HYBRID,9,452,456,1,9,453,8,480,480,932,936,881,-51,L8=1;L7=1;L6=1;L5=1;L4=1;L3=1;L2=1;L1=1
15,60,49,8,2,1,,60,HYBRID,9,452,456,2,5,257,5,300,300,752,756,881,129,L8=2;L7=2;L6=2;L5=2;L4=1;L3=1;L2=1;L1=1
15,60,49,8,3,1,,60,HYBRID,9,452,456,3,3,159,3,180,180,632,636,881,249,L8=3;L7=3;L6=3;L5=2;L4=2;L3=2;L2=1;L1=1
15,60,49,8,4,0,/data/yja/openfhe-src/src/pke/lib/schemerns/rns-cryptoparameters.cpp:l.91:PrecomputeCRTTables(): HYBRID key switching parameters: Can't appropriately distribute 9 towers into 4 digits. Please select different number of digits.,,,,,,,,,,,,,,,
15,60,49,8,5,1,,60,HYBRID,9,452,456,5,2,109,2,120,120,572,576,881,309,L8=5;L7=4;L6=4;L5=3;L4=3;L3=2;L2=2;L1=1
15,60,49,8,6,0,/data/yja/openfhe-src/src/pke/lib/schemerns/rns-cryptoparameters.cpp:l.91:PrecomputeCRTTables(): HYBRID key switching parameters: Can't appropriately distribute 9 towers into 6 digits. Please select different number of digits.,,,,,,,,,,,,,,,
15,60,49,8,7,0,/data/yja/openfhe-src/src/pke/lib/schemerns/rns-cryptoparameters.cpp:l.91:PrecomputeCRTTables(): HYBRID key switching parameters: Can't appropriately distribute 9 towers into 7 digits. Please select different number of digits.,,,,,,,,,,,,,,,
15,60,49,8,8,0,/data/yja/openfhe-src/src/pke/lib/schemerns/rns-cryptoparameters.cpp:l.91:PrecomputeCRTTables(): HYBRID key switching parameters: Can't appropriately distribute 9 towers into 8 digits. Please select different number of digits.,,,,,,,,,,,,,,,
15,60,49,8,9,1,,60,HYBRID,9,452,456,9,1,60,1,60,60,512,516,881,369,L8=9;L7=8;L6=7;L5=6;L4=5;L3=4;L2=3;L1=2
15,60,50,8,1,1,,60,HYBRID,9,460,464,1,9,460,8,480,480,940,944,881,-59,L8=1;L7=1;L6=1;L5=1;L4=1;L3=1;L2=1;L1=1
15,60,50,8,2,1,,60,HYBRID,9,460,464,2,5,260,5,300,300,760,764,881,121,L8=2;L7=2;L6=2;L5=2;L4=1;L3=1;L2=1;L1=1
15,60,50,8,3,1,,60,HYBRID,9,460,464,3,3,160,3,180,180,640,644,881,241,L8=3;L7=3;L6=3;L5=2;L4=2;L3=2;L2=1;L1=1
15,60,50,8,4,0,/data/yja/openfhe-src/src/pke/lib/schemerns/rns-cryptoparameters.cpp:l.91:PrecomputeCRTTables(): HYBRID key switching parameters: Can't appropriately distribute 9 towers into 4 digits. Please select different number of digits.,,,,,,,,,,,,,,,
15,60,50,8,5,1,,60,HYBRID,9,460,464,5,2,110,2,120,120,580,584,881,301,L8=5;L7=4;L6=4;L5=3;L4=3;L3=2;L2=2;L1=1
15,60,50,8,6,0,/data/yja/openfhe-src/src/pke/lib/schemerns/rns-cryptoparameters.cpp:l.91:PrecomputeCRTTables(): HYBRID key switching parameters: Can't appropriately distribute 9 towers into 6 digits. Please select different number of digits.,,,,,,,,,,,,,,,
15,60,50,8,7,0,/data/yja/openfhe-src/src/pke/lib/schemerns/rns-cryptoparameters.cpp:l.91:PrecomputeCRTTables(): HYBRID key switching parameters: Can't appropriately distribute 9 towers into 7 digits. Please select different number of digits.,,,,,,,,,,,,,,,
15,60,50,8,8,0,/data/yja/openfhe-src/src/pke/lib/schemerns/rns-cryptoparameters.cpp:l.91:PrecomputeCRTTables(): HYBRID key switching parameters: Can't appropriately distribute 9 towers into 8 digits. Please select different number of digits.,,,,,,,,,,,,,,,
15,60,50,8,9,1,,60,HYBRID,9,460,464,9,1,60,1,60,60,520,524,881,361,L8=9;L7=8;L6=7;L5=6;L4=5;L3=4;L2=3;L1=2
15,60,51,8,1,1,,60,HYBRID,9,468,472,1,9,468,8,480,480,948,952,881,-67,L8=1;L7=1;L6=1;L5=1;L4=1;L3=1;L2=1;L1=1
15,60,51,8,2,1,,60,HYBRID,9,468,472,2,5,264,5,300,300,768,772,881,113,L8=2;L7=2;L6=2;L5=2;L4=1;L3=1;L2=1;L1=1
15,60,51,8,3,1,,60,HYBRID,9,468,472,3,3,162,3,180,180,648,652,881,233,L8=3;L7=3;L6=3;L5=2;L4=2;L3=2;L2=1;L1=1
15,60,51,8,4,0,/data/yja/openfhe-src/src/pke/lib/schemerns/rns-cryptoparameters.cpp:l.91:PrecomputeCRTTables(): HYBRID key switching parameters: Can't appropriately distribute 9 towers into 4 digits. Please select different number of digits.,,,,,,,,,,,,,,,
15,60,51,8,5,1,,60,HYBRID,9,468,472,5,2,111,2,120,120,588,592,881,293,L8=5;L7=4;L6=4;L5=3;L4=3;L3=2;L2=2;L1=1
15,60,51,8,6,0,/data/yja/openfhe-src/src/pke/lib/schemerns/rns-cryptoparameters.cpp:l.91:PrecomputeCRTTables(): HYBRID key switching parameters: Can't appropriately distribute 9 towers into 6 digits. Please select different number of digits.,,,,,,,,,,,,,,,
15,60,51,8,7,0,/data/yja/openfhe-src/src/pke/lib/schemerns/rns-cryptoparameters.cpp:l.91:PrecomputeCRTTables(): HYBRID key switching parameters: Can't appropriately distribute 9 towers into 7 digits. Please select different number of digits.,,,,,,,,,,,,,,,
15,60,51,8,8,0,/data/yja/openfhe-src/src/pke/lib/schemerns/rns-cryptoparameters.cpp:l.91:PrecomputeCRTTables(): HYBRID key switching parameters: Can't appropriately distribute 9 towers into 8 digits. Please select different number of digits.,,,,,,,,,,,,,,,
15,60,51,8,9,1,,60,HYBRID,9,468,472,9,1,60,1,60,60,528,532,881,353,L8=9;L7=8;L6=7;L5=6;L4=5;L3=4;L2=3;L1=2
15,60,52,8,1,1,,60,HYBRID,9,476,480,1,9,476,8,480,480,956,960,881,-75,L8=1;L7=1;L6=1;L5=1;L4=1;L3=1;L2=1;L1=1
15,60,52,8,2,1,,60,HYBRID,9,476,480,2,5,268,5,300,300,776,780,881,105,L8=2;L7=2;L6=2;L5=2;L4=1;L3=1;L2=1;L1=1
15,60,52,8,3,1,,60,HYBRID,9,476,480,3,3,164,3,180,180,656,660,881,225,L8=3;L7=3;L6=3;L5=2;L4=2;L3=2;L2=1;L1=1
15,60,52,8,4,0,/data/yja/openfhe-src/src/pke/lib/schemerns/rns-cryptoparameters.cpp:l.91:PrecomputeCRTTables(): HYBRID key switching parameters: Can't appropriately distribute 9 towers into 4 digits. Please select different number of digits.,,,,,,,,,,,,,,,
15,60,52,8,5,1,,60,HYBRID,9,476,480,5,2,112,2,120,120,596,600,881,285,L8=5;L7=4;L6=4;L5=3;L4=3;L3=2;L2=2;L1=1
15,60,52,8,6,0,/data/yja/openfhe-src/src/pke/lib/schemerns/rns-cryptoparameters.cpp:l.91:PrecomputeCRTTables(): HYBRID key switching parameters: Can't appropriately distribute 9 towers into 6 digits. Please select different number of digits.,,,,,,,,,,,,,,,
15,60,52,8,7,0,/data/yja/openfhe-src/src/pke/lib/schemerns/rns-cryptoparameters.cpp:l.91:PrecomputeCRTTables(): HYBRID key switching parameters: Can't appropriately distribute 9 towers into 7 digits. Please select different number of digits.,,,,,,,,,,,,,,,
15,60,52,8,8,0,/data/yja/openfhe-src/src/pke/lib/schemerns/rns-cryptoparameters.cpp:l.91:PrecomputeCRTTables(): HYBRID key switching parameters: Can't appropriately distribute 9 towers into 8 digits. Please select different number of digits.,,,,,,,,,,,,,,,
15,60,52,8,9,1,,60,HYBRID,9,476,480,9,1,60,1,60,60,536,540,881,345,L8=9;L7=8;L6=7;L5=6;L4=5;L3=4;L2=3;L1=2
15,60,53,8,1,1,,60,HYBRID,9,484,488,1,9,484,9,540,540,1024,1028,881,-143,L8=1;L7=1;L6=1;L5=1;L4=1;L3=1;L2=1;L1=1
15,60,53,8,2,1,,60,HYBRID,9,484,488,2,5,272,5,300,300,784,788,881,97,L8=2;L7=2;L6=2;L5=2;L4=1;L3=1;L2=1;L1=1
15,60,53,8,3,1,,60,HYBRID,9,484,488,3,3,166,3,180,180,664,668,881,217,L8=3;L7=3;L6=3;L5=2;L4=2;L3=2;L2=1;L1=1
15,60,53,8,4,0,/data/yja/openfhe-src/src/pke/lib/schemerns/rns-cryptoparameters.cpp:l.91:PrecomputeCRTTables(): HYBRID key switching parameters: Can't appropriately distribute 9 towers into 4 digits. Please select different number of digits.,,,,,,,,,,,,,,,
15,60,53,8,5,1,,60,HYBRID,9,484,488,5,2,113,2,120,120,604,608,881,277,L8=5;L7=4;L6=4;L5=3;L4=3;L3=2;L2=2;L1=1
15,60,53,8,6,0,/data/yja/openfhe-src/src/pke/lib/schemerns/rns-cryptoparameters.cpp:l.91:PrecomputeCRTTables(): HYBRID key switching parameters: Can't appropriately distribute 9 towers into 6 digits. Please select different number of digits.,,,,,,,,,,,,,,,
15,60,53,8,7,0,/data/yja/openfhe-src/src/pke/lib/schemerns/rns-cryptoparameters.cpp:l.91:PrecomputeCRTTables(): HYBRID key switching parameters: Can't appropriately distribute 9 towers into 7 digits. Please select different number of digits.,,,,,,,,,,,,,,,
15,60,53,8,8,0,/data/yja/openfhe-src/src/pke/lib/schemerns/rns-cryptoparameters.cpp:l.91:PrecomputeCRTTables(): HYBRID key switching parameters: Can't appropriately distribute 9 towers into 8 digits. Please select different number of digits.,,,,,,,,,,,,,,,
15,60,53,8,9,1,,60,HYBRID,9,484,488,9,1,60,1,60,60,544,548,881,337,L8=9;L7=8;L6=7;L5=6;L4=5;L3=4;L2=3;L1=2
15,60,54,8,1,1,,60,HYBRID,9,492,496,1,9,492,9,540,540,1032,1036,881,-151,L8=1;L7=1;L6=1;L5=1;L4=1;L3=1;L2=1;L1=1
15,60,54,8,2,1,,60,HYBRID,9,492,496,2,5,276,5,300,300,792,796,881,89,L8=2;L7=2;L6=2;L5=2;L4=1;L3=1;L2=1;L1=1
15,60,54,8,3,1,,60,HYBRID,9,492,496,3,3,168,3,180,180,672,676,881,209,L8=3;L7=3;L6=3;L5=2;L4=2;L3=2;L2=1;L1=1
15,60,54,8,4,0,/data/yja/openfhe-src/src/pke/lib/schemerns/rns-cryptoparameters.cpp:l.91:PrecomputeCRTTables(): HYBRID key switching parameters: Can't appropriately distribute 9 towers into 4 digits. Please select different number of digits.,,,,,,,,,,,,,,,
15,60,54,8,5,1,,60,HYBRID,9,492,496,5,2,114,2,120,120,612,616,881,269,L8=5;L7=4;L6=4;L5=3;L4=3;L3=2;L2=2;L1=1
15,60,54,8,6,0,/data/yja/openfhe-src/src/pke/lib/schemerns/rns-cryptoparameters.cpp:l.91:PrecomputeCRTTables(): HYBRID key switching parameters: Can't appropriately distribute 9 towers into 6 digits. Please select different number of digits.,,,,,,,,,,,,,,,
15,60,54,8,7,0,/data/yja/openfhe-src/src/pke/lib/schemerns/rns-cryptoparameters.cpp:l.91:PrecomputeCRTTables(): HYBRID key switching parameters: Can't appropriately distribute 9 towers into 7 digits. Please select different number of digits.,,,,,,,,,,,,,,,
15,60,54,8,8,0,/data/yja/openfhe-src/src/pke/lib/schemerns/rns-cryptoparameters.cpp:l.91:PrecomputeCRTTables(): HYBRID key switching parameters: Can't appropriately distribute 9 towers into 8 digits. Please select different number of digits.,,,,,,,,,,,,,,,
15,60,54,8,9,1,,60,HYBRID,9,492,496,9,1,60,1,60,60,552,556,881,329,L8=9;L7=8;L6=7;L5=6;L4=5;L3=4;L2=3;L1=2
15,60,55,8,1,1,,60,HYBRID,9,500,504,1,9,500,9,540,540,1040,1044,881,-159,L8=1;L7=1;L6=1;L5=1;L4=1;L3=1;L2=1;L1=1
15,60,55,8,2,1,,60,HYBRID,9,500,504,2,5,280,5,300,300,800,804,881,81,L8=2;L7=2;L6=2;L5=2;L4=1;L3=1;L2=1;L1=1
15,60,55,8,3,1,,60,HYBRID,9,500,504,3,3,170,3,180,180,680,684,881,201,L8=3;L7=3;L6=3;L5=2;L4=2;L3=2;L2=1;L1=1
15,60,55,8,4,0,/data/yja/openfhe-src/src/pke/lib/schemerns/rns-cryptoparameters.cpp:l.91:PrecomputeCRTTables(): HYBRID key switching parameters: Can't appropriately distribute 9 towers into 4 digits. Please select different number of digits.,,,,,,,,,,,,,,,
15,60,55,8,5,1,,60,HYBRID,9,500,504,5,2,115,2,120,120,620,624,881,261,L8=5;L7=4;L6=4;L5=3;L4=3;L3=2;L2=2;L1=1
15,60,55,8,6,0,/data/yja/openfhe-src/src/pke/lib/schemerns/rns-cryptoparameters.cpp:l.91:PrecomputeCRTTables(): HYBRID key switching parameters: Can't appropriately distribute 9 towers into 6 digits. Please select different number of digits.,,,,,,,,,,,,,,,
15,60,55,8,7,0,/data/yja/openfhe-src/src/pke/lib/schemerns/rns-cryptoparameters.cpp:l.91:PrecomputeCRTTables(): HYBRID key switching parameters: Can't appropriately distribute 9 towers into 7 digits. Please select different number of digits.,,,,,,,,,,,,,,,
15,60,55,8,8,0,/data/yja/openfhe-src/src/pke/lib/schemerns/rns-cryptoparameters.cpp:l.91:PrecomputeCRTTables(): HYBRID key switching parameters: Can't appropriately distribute 9 towers into 8 digits. Please select different number of digits.,,,,,,,,,,,,,,,
15,60,55,8,9,1,,60,HYBRID,9,500,504,9,1,60,1,60,60,560,564,881,321,L8=9;L7=8;L6=7;L5=6;L4=5;L3=4;L2=3;L1=2
15,60,56,8,1,1,,60,HYBRID,9,508,512,1,9,509,9,540,540,1048,1052,881,-167,L8=1;L7=1;L6=1;L5=1;L4=1;L3=1;L2=1;L1=1
15,60,56,8,2,1,,60,HYBRID,9,508,512,2,5,285,5,300,300,808,812,881,73,L8=2;L7=2;L6=2;L5=2;L4=1;L3=1;L2=1;L1=1
15,60,56,8,3,1,,60,HYBRID,9,508,512,3,3,173,3,180,180,688,692,881,193,L8=3;L7=3;L6=3;L5=2;L4=2;L3=2;L2=1;L1=1
15,60,56,8,4,0,/data/yja/openfhe-src/src/pke/lib/schemerns/rns-cryptoparameters.cpp:l.91:PrecomputeCRTTables(): HYBRID key switching parameters: Can't appropriately distribute 9 towers into 4 digits. Please select different number of digits.,,,,,,,,,,,,,,,
15,60,56,8,5,1,,60,HYBRID,9,508,512,5,2,116,2,120,120,628,632,881,253,L8=5;L7=4;L6=4;L5=3;L4=3;L3=2;L2=2;L1=1
15,60,56,8,6,0,/data/yja/openfhe-src/src/pke/lib/schemerns/rns-cryptoparameters.cpp:l.91:PrecomputeCRTTables(): HYBRID key switching parameters: Can't appropriately distribute 9 towers into 6 digits. Please select different number of digits.,,,,,,,,,,,,,,,
15,60,56,8,7,0,/data/yja/openfhe-src/src/pke/lib/schemerns/rns-cryptoparameters.cpp:l.91:PrecomputeCRTTables(): HYBRID key switching parameters: Can't appropriately distribute 9 towers into 7 digits. Please select different number of digits.,,,,,,,,,,,,,,,
15,60,56,8,8,0,/data/yja/openfhe-src/src/pke/lib/schemerns/rns-cryptoparameters.cpp:l.91:PrecomputeCRTTables(): HYBRID key switching parameters: Can't appropriately distribute 9 towers into 8 digits. Please select different number of digits.,,,,,,,,,,,,,,,
15,60,56,8,9,1,,60,HYBRID,9,508,512,9,1,60,1,60,60,568,572,881,313,L8=9;L7=8;L6=7;L5=6;L4=5;L3=4;L2=3;L1=2
15,60,57,8,1,1,,60,HYBRID,9,516,520,1,9,517,9,540,540,1056,1060,881,-175,L8=1;L7=1;L6=1;L5=1;L4=1;L3=1;L2=1;L1=1
15,60,57,8,2,1,,60,HYBRID,9,516,520,2,5,289,5,300,300,816,820,881,65,L8=2;L7=2;L6=2;L5=2;L4=1;L3=1;L2=1;L1=1
15,60,57,8,3,1,,60,HYBRID,9,516,520,3,3,175,3,180,180,696,700,881,185,L8=3;L7=3;L6=3;L5=2;L4=2;L3=2;L2=1;L1=1
15,60,57,8,4,0,/data/yja/openfhe-src/src/pke/lib/schemerns/rns-cryptoparameters.cpp:l.91:PrecomputeCRTTables(): HYBRID key switching parameters: Can't appropriately distribute 9 towers into 4 digits. Please select different number of digits.,,,,,,,,,,,,,,,
15,60,57,8,5,1,,60,HYBRID,9,516,520,5,2,117,2,120,120,636,640,881,245,L8=5;L7=4;L6=4;L5=3;L4=3;L3=2;L2=2;L1=1
15,60,57,8,6,0,/data/yja/openfhe-src/src/pke/lib/schemerns/rns-cryptoparameters.cpp:l.91:PrecomputeCRTTables(): HYBRID key switching parameters: Can't appropriately distribute 9 towers into 6 digits. Please select different number of digits.,,,,,,,,,,,,,,,
15,60,57,8,7,0,/data/yja/openfhe-src/src/pke/lib/schemerns/rns-cryptoparameters.cpp:l.91:PrecomputeCRTTables(): HYBRID key switching parameters: Can't appropriately distribute 9 towers into 7 digits. Please select different number of digits.,,,,,,,,,,,,,,,
15,60,57,8,8,0,/data/yja/openfhe-src/src/pke/lib/schemerns/rns-cryptoparameters.cpp:l.91:PrecomputeCRTTables(): HYBRID key switching parameters: Can't appropriately distribute 9 towers into 8 digits. Please select different number of digits.,,,,,,,,,,,,,,,
15,60,57,8,9,1,,60,HYBRID,9,516,520,9,1,60,1,60,60,576,580,881,305,L8=9;L7=8;L6=7;L5=6;L4=5;L3=4;L2=3;L1=2
15,60,58,8,1,1,,60,HYBRID,9,524,528,1,9,524,9,540,540,1064,1068,881,-183,L8=1;L7=1;L6=1;L5=1;L4=1;L3=1;L2=1;L1=1
15,60,58,8,2,1,,60,HYBRID,9,524,528,2,5,292,5,300,300,824,828,881,57,L8=2;L7=2;L6=2;L5=2;L4=1;L3=1;L2=1;L1=1
15,60,58,8,3,1,,60,HYBRID,9,524,528,3,3,176,3,180,180,704,708,881,177,L8=3;L7=3;L6=3;L5=2;L4=2;L3=2;L2=1;L1=1
15,60,58,8,4,0,/data/yja/openfhe-src/src/pke/lib/schemerns/rns-cryptoparameters.cpp:l.91:PrecomputeCRTTables(): HYBRID key switching parameters: Can't appropriately distribute 9 towers into 4 digits. Please select different number of digits.,,,,,,,,,,,,,,,
15,60,58,8,5,1,,60,HYBRID,9,524,528,5,2,118,2,120,120,644,648,881,237,L8=5;L7=4;L6=4;L5=3;L4=3;L3=2;L2=2;L1=1
15,60,58,8,6,0,/data/yja/openfhe-src/src/pke/lib/schemerns/rns-cryptoparameters.cpp:l.91:PrecomputeCRTTables(): HYBRID key switching parameters: Can't appropriately distribute 9 towers into 6 digits. Please select different number of digits.,,,,,,,,,,,,,,,
15,60,58,8,7,0,/data/yja/openfhe-src/src/pke/lib/schemerns/rns-cryptoparameters.cpp:l.91:PrecomputeCRTTables(): HYBRID key switching parameters: Can't appropriately distribute 9 towers into 7 digits. Please select different number of digits.,,,,,,,,,,,,,,,
15,60,58,8,8,0,/data/yja/openfhe-src/src/pke/lib/schemerns/rns-cryptoparameters.cpp:l.91:PrecomputeCRTTables(): HYBRID key switching parameters: Can't appropriately distribute 9 towers into 8 digits. Please select different number of digits.,,,,,,,,,,,,,,,
15,60,58,8,9,1,,60,HYBRID,9,524,528,9,1,60,1,60,60,584,588,881,297,L8=9;L7=8;L6=7;L5=6;L4=5;L3=4;L2=3;L1=2
15,60,59,8,1,1,,60,HYBRID,9,532,536,1,9,533,9,540,540,1072,1076,881,-191,L8=1;L7=1;L6=1;L5=1;L4=1;L3=1;L2=1;L1=1
15,60,59,8,2,1,,60,HYBRID,9,532,536,2,5,297,5,300,300,832,836,881,49,L8=2;L7=2;L6=2;L5=2;L4=1;L3=1;L2=1;L1=1
15,60,59,8,3,1,,60,HYBRID,9,532,536,3,3,179,3,180,180,712,716,881,169,L8=3;L7=3;L6=3;L5=2;L4=2;L3=2;L2=1;L1=1
15,60,59,8,4,0,/data/yja/openfhe-src/src/pke/lib/schemerns/rns-cryptoparameters.cpp:l.91:PrecomputeCRTTables(): HYBRID key switching parameters: Can't appropriately distribute 9 towers into 4 digits. Please select different number of digits.,,,,,,,,,,,,,,,
15,60,59,8,5,1,,60,HYBRID,9,532,536,5,2,119,2,120,120,652,656,881,229,L8=5;L7=4;L6=4;L5=3;L4=3;L3=2;L2=2;L1=1
15,60,59,8,6,0,/data/yja/openfhe-src/src/pke/lib/schemerns/rns-cryptoparameters.cpp:l.91:PrecomputeCRTTables(): HYBRID key switching parameters: Can't appropriately distribute 9 towers into 6 digits. Please select different number of digits.,,,,,,,,,,,,,,,
15,60,59,8,7,0,/data/yja/openfhe-src/src/pke/lib/schemerns/rns-cryptoparameters.cpp:l.91:PrecomputeCRTTables(): HYBRID key switching parameters: Can't appropriately distribute 9 towers into 7 digits. Please select different number of digits.,,,,,,,,,,,,,,,
15,60,59,8,8,0,/data/yja/openfhe-src/src/pke/lib/schemerns/rns-cryptoparameters.cpp:l.91:PrecomputeCRTTables(): HYBRID key switching parameters: Can't appropriately distribute 9 towers into 8 digits. Please select different number of digits.,,,,,,,,,,,,,,,
15,60,59,8,9,1,,60,HYBRID,9,532,536,9,1,60,1,60,60,592,596,881,289,L8=9;L7=8;L6=7;L5=6;L4=5;L3=4;L2=3;L1=2
15,60,60,8,1,0,/data/yja/openfhe-src/src/pke/lib/scheme/gen-cryptocontext-params-validation.cpp:l.74:validateParametersForCryptocontext(): scalingModSize should be at least 14 and less than 60,,,,,,,,,,,,,,,
15,60,60,8,2,0,/data/yja/openfhe-src/src/pke/lib/scheme/gen-cryptocontext-params-validation.cpp:l.74:validateParametersForCryptocontext(): scalingModSize should be at least 14 and less than 60,,,,,,,,,,,,,,,
15,60,60,8,3,0,/data/yja/openfhe-src/src/pke/lib/scheme/gen-cryptocontext-params-validation.cpp:l.74:validateParametersForCryptocontext(): scalingModSize should be at least 14 and less than 60,,,,,,,,,,,,,,,
15,60,60,8,4,0,/data/yja/openfhe-src/src/pke/lib/scheme/gen-cryptocontext-params-validation.cpp:l.74:validateParametersForCryptocontext(): scalingModSize should be at least 14 and less than 60,,,,,,,,,,,,,,,
15,60,60,8,5,0,/data/yja/openfhe-src/src/pke/lib/scheme/gen-cryptocontext-params-validation.cpp:l.74:validateParametersForCryptocontext(): scalingModSize should be at least 14 and less than 60,,,,,,,,,,,,,,,
15,60,60,8,6,0,/data/yja/openfhe-src/src/pke/lib/scheme/gen-cryptocontext-params-validation.cpp:l.74:validateParametersForCryptocontext(): scalingModSize should be at least 14 and less than 60,,,,,,,,,,,,,,,
15,60,60,8,7,0,/data/yja/openfhe-src/src/pke/lib/scheme/gen-cryptocontext-params-validation.cpp:l.74:validateParametersForCryptocontext(): scalingModSize should be at least 14 and less than 60,,,,,,,,,,,,,,,
15,60,60,8,8,0,/data/yja/openfhe-src/src/pke/lib/scheme/gen-cryptocontext-params-validation.cpp:l.74:validateParametersForCryptocontext(): scalingModSize should be at least 14 and less than 60,,,,,,,,,,,,,,,
15,60,60,8,9,0,/data/yja/openfhe-src/src/pke/lib/scheme/gen-cryptocontext-params-validation.cpp:l.74:validateParametersForCryptocontext(): scalingModSize should be at least 14 and less than 60,,,,,,,,,,,,,,,
15,60,61,8,1,0,/data/yja/openfhe-src/src/pke/lib/scheme/gen-cryptocontext-params-validation.cpp:l.74:validateParametersForCryptocontext(): scalingModSize should be at least 14 and less than 60,,,,,,,,,,,,,,,
15,60,61,8,2,0,/data/yja/openfhe-src/src/pke/lib/scheme/gen-cryptocontext-params-validation.cpp:l.74:validateParametersForCryptocontext(): scalingModSize should be at least 14 and less than 60,,,,,,,,,,,,,,,
15,60,61,8,3,0,/data/yja/openfhe-src/src/pke/lib/scheme/gen-cryptocontext-params-validation.cpp:l.74:validateParametersForCryptocontext(): scalingModSize should be at least 14 and less than 60,,,,,,,,,,,,,,,
15,60,61,8,4,0,/data/yja/openfhe-src/src/pke/lib/scheme/gen-cryptocontext-params-validation.cpp:l.74:validateParametersForCryptocontext(): scalingModSize should be at least 14 and less than 60,,,,,,,,,,,,,,,
15,60,61,8,5,0,/data/yja/openfhe-src/src/pke/lib/scheme/gen-cryptocontext-params-validation.cpp:l.74:validateParametersForCryptocontext(): scalingModSize should be at least 14 and less than 60,,,,,,,,,,,,,,,
15,60,61,8,6,0,/data/yja/openfhe-src/src/pke/lib/scheme/gen-cryptocontext-params-validation.cpp:l.74:validateParametersForCryptocontext(): scalingModSize should be at least 14 and less than 60,,,,,,,,,,,,,,,
15,60,61,8,7,0,/data/yja/openfhe-src/src/pke/lib/scheme/gen-cryptocontext-params-validation.cpp:l.74:validateParametersForCryptocontext(): scalingModSize should be at least 14 and less than 60,,,,,,,,,,,,,,,
15,60,61,8,8,0,/data/yja/openfhe-src/src/pke/lib/scheme/gen-cryptocontext-params-validation.cpp:l.74:validateParametersForCryptocontext(): scalingModSize should be at least 14 and less than 60,,,,,,,,,,,,,,,
15,60,61,8,9,0,/data/yja/openfhe-src/src/pke/lib/scheme/gen-cryptocontext-params-validation.cpp:l.74:validateParametersForCryptocontext(): scalingModSize should be at least 14 and less than 60,,,,,,,,,,,,,,,
15,60,62,8,1,0,/data/yja/openfhe-src/src/pke/lib/scheme/gen-cryptocontext-params-validation.cpp:l.74:validateParametersForCryptocontext(): scalingModSize should be at least 14 and less than 60,,,,,,,,,,,,,,,
15,60,62,8,2,0,/data/yja/openfhe-src/src/pke/lib/scheme/gen-cryptocontext-params-validation.cpp:l.74:validateParametersForCryptocontext(): scalingModSize should be at least 14 and less than 60,,,,,,,,,,,,,,,
15,60,62,8,3,0,/data/yja/openfhe-src/src/pke/lib/scheme/gen-cryptocontext-params-validation.cpp:l.74:validateParametersForCryptocontext(): scalingModSize should be at least 14 and less than 60,,,,,,,,,,,,,,,
15,60,62,8,4,0,/data/yja/openfhe-src/src/pke/lib/scheme/gen-cryptocontext-params-validation.cpp:l.74:validateParametersForCryptocontext(): scalingModSize should be at least 14 and less than 60,,,,,,,,,,,,,,,
15,60,62,8,5,0,/data/yja/openfhe-src/src/pke/lib/scheme/gen-cryptocontext-params-validation.cpp:l.74:validateParametersForCryptocontext(): scalingModSize should be at least 14 and less than 60,,,,,,,,,,,,,,,
15,60,62,8,6,0,/data/yja/openfhe-src/src/pke/lib/scheme/gen-cryptocontext-params-validation.cpp:l.74:validateParametersForCryptocontext(): scalingModSize should be at least 14 and less than 60,,,,,,,,,,,,,,,
15,60,62,8,7,0,/data/yja/openfhe-src/src/pke/lib/scheme/gen-cryptocontext-params-validation.cpp:l.74:validateParametersForCryptocontext(): scalingModSize should be at least 14 and less than 60,,,,,,,,,,,,,,,
15,60,62,8,8,0,/data/yja/openfhe-src/src/pke/lib/scheme/gen-cryptocontext-params-validation.cpp:l.74:validateParametersForCryptocontext(): scalingModSize should be at least 14 and less than 60,,,,,,,,,,,,,,,
15,60,62,8,9,0,/data/yja/openfhe-src/src/pke/lib/scheme/gen-cryptocontext-params-validation.cpp:l.74:validateParametersForCryptocontext(): scalingModSize should be at least 14 and less than 60,,,,,,,,,,,,,,,
15,60,63,8,1,0,/data/yja/openfhe-src/src/pke/lib/scheme/gen-cryptocontext-params-validation.cpp:l.74:validateParametersForCryptocontext(): scalingModSize should be at least 14 and less than 60,,,,,,,,,,,,,,,
15,60,63,8,2,0,/data/yja/openfhe-src/src/pke/lib/scheme/gen-cryptocontext-params-validation.cpp:l.74:validateParametersForCryptocontext(): scalingModSize should be at least 14 and less than 60,,,,,,,,,,,,,,,
15,60,63,8,3,0,/data/yja/openfhe-src/src/pke/lib/scheme/gen-cryptocontext-params-validation.cpp:l.74:validateParametersForCryptocontext(): scalingModSize should be at least 14 and less than 60,,,,,,,,,,,,,,,
15,60,63,8,4,0,/data/yja/openfhe-src/src/pke/lib/scheme/gen-cryptocontext-params-validation.cpp:l.74:validateParametersForCryptocontext(): scalingModSize should be at least 14 and less than 60,,,,,,,,,,,,,,,
15,60,63,8,5,0,/data/yja/openfhe-src/src/pke/lib/scheme/gen-cryptocontext-params-validation.cpp:l.74:validateParametersForCryptocontext(): scalingModSize should be at least 14 and less than 60,,,,,,,,,,,,,,,
15,60,63,8,6,0,/data/yja/openfhe-src/src/pke/lib/scheme/gen-cryptocontext-params-validation.cpp:l.74:validateParametersForCryptocontext(): scalingModSize should be at least 14 and less than 60,,,,,,,,,,,,,,,
15,60,63,8,7,0,/data/yja/openfhe-src/src/pke/lib/scheme/gen-cryptocontext-params-validation.cpp:l.74:validateParametersForCryptocontext(): scalingModSize should be at least 14 and less than 60,,,,,,,,,,,,,,,
15,60,63,8,8,0,/data/yja/openfhe-src/src/pke/lib/scheme/gen-cryptocontext-params-validation.cpp:l.74:validateParametersForCryptocontext(): scalingModSize should be at least 14 and less than 60,,,,,,,,,,,,,,,
15,60,63,8,9,0,/data/yja/openfhe-src/src/pke/lib/scheme/gen-cryptocontext-params-validation.cpp:l.74:validateParametersForCryptocontext(): scalingModSize should be at least 14 and less than 60,,,,,,,,,,,,,,,
15,60,64,8,1,0,/data/yja/openfhe-src/src/pke/lib/scheme/gen-cryptocontext-params-validation.cpp:l.74:validateParametersForCryptocontext(): scalingModSize should be at least 14 and less than 60,,,,,,,,,,,,,,,
15,60,64,8,2,0,/data/yja/openfhe-src/src/pke/lib/scheme/gen-cryptocontext-params-validation.cpp:l.74:validateParametersForCryptocontext(): scalingModSize should be at least 14 and less than 60,,,,,,,,,,,,,,,
15,60,64,8,3,0,/data/yja/openfhe-src/src/pke/lib/scheme/gen-cryptocontext-params-validation.cpp:l.74:validateParametersForCryptocontext(): scalingModSize should be at least 14 and less than 60,,,,,,,,,,,,,,,
15,60,64,8,4,0,/data/yja/openfhe-src/src/pke/lib/scheme/gen-cryptocontext-params-validation.cpp:l.74:validateParametersForCryptocontext(): scalingModSize should be at least 14 and less than 60,,,,,,,,,,,,,,,
15,60,64,8,5,0,/data/yja/openfhe-src/src/pke/lib/scheme/gen-cryptocontext-params-validation.cpp:l.74:validateParametersForCryptocontext(): scalingModSize should be at least 14 and less than 60,,,,,,,,,,,,,,,
15,60,64,8,6,0,/data/yja/openfhe-src/src/pke/lib/scheme/gen-cryptocontext-params-validation.cpp:l.74:validateParametersForCryptocontext(): scalingModSize should be at least 14 and less than 60,,,,,,,,,,,,,,,
15,60,64,8,7,0,/data/yja/openfhe-src/src/pke/lib/scheme/gen-cryptocontext-params-validation.cpp:l.74:validateParametersForCryptocontext(): scalingModSize should be at least 14 and less than 60,,,,,,,,,,,,,,,
15,60,64,8,8,0,/data/yja/openfhe-src/src/pke/lib/scheme/gen-cryptocontext-params-validation.cpp:l.74:validateParametersForCryptocontext(): scalingModSize should be at least 14 and less than 60,,,,,,,,,,,,,,,
15,60,64,8,9,0,/data/yja/openfhe-src/src/pke/lib/scheme/gen-cryptocontext-params-validation.cpp:l.74:validateParametersForCryptocontext(): scalingModSize should be at least 14 and less than 60,,,,,,,,,,,,,,,
15,60,65,8,1,0,/data/yja/openfhe-src/src/pke/lib/scheme/gen-cryptocontext-params-validation.cpp:l.74:validateParametersForCryptocontext(): scalingModSize should be at least 14 and less than 60,,,,,,,,,,,,,,,
15,60,65,8,2,0,/data/yja/openfhe-src/src/pke/lib/scheme/gen-cryptocontext-params-validation.cpp:l.74:validateParametersForCryptocontext(): scalingModSize should be at least 14 and less than 60,,,,,,,,,,,,,,,
15,60,65,8,3,0,/data/yja/openfhe-src/src/pke/lib/scheme/gen-cryptocontext-params-validation.cpp:l.74:validateParametersForCryptocontext(): scalingModSize should be at least 14 and less than 60,,,,,,,,,,,,,,,
15,60,65,8,4,0,/data/yja/openfhe-src/src/pke/lib/scheme/gen-cryptocontext-params-validation.cpp:l.74:validateParametersForCryptocontext(): scalingModSize should be at least 14 and less than 60,,,,,,,,,,,,,,,
15,60,65,8,5,0,/data/yja/openfhe-src/src/pke/lib/scheme/gen-cryptocontext-params-validation.cpp:l.74:validateParametersForCryptocontext(): scalingModSize should be at least 14 and less than 60,,,,,,,,,,,,,,,
15,60,65,8,6,0,/data/yja/openfhe-src/src/pke/lib/scheme/gen-cryptocontext-params-validation.cpp:l.74:validateParametersForCryptocontext(): scalingModSize should be at least 14 and less than 60,,,,,,,,,,,,,,,
15,60,65,8,7,0,/data/yja/openfhe-src/src/pke/lib/scheme/gen-cryptocontext-params-validation.cpp:l.74:validateParametersForCryptocontext(): scalingModSize should be at least 14 and less than 60,,,,,,,,,,,,,,,
15,60,65,8,8,0,/data/yja/openfhe-src/src/pke/lib/scheme/gen-cryptocontext-params-validation.cpp:l.74:validateParametersForCryptocontext(): scalingModSize should be at least 14 and less than 60,,,,,,,,,,,,,,,
15,60,65,8,9,0,/data/yja/openfhe-src/src/pke/lib/scheme/gen-cryptocontext-params-validation.cpp:l.74:validateParametersForCryptocontext(): scalingModSize should be at least 14 and less than 60,,,,,,,,,,,,,,,
15,60,66,8,1,0,/data/yja/openfhe-src/src/pke/lib/scheme/gen-cryptocontext-params-validation.cpp:l.74:validateParametersForCryptocontext(): scalingModSize should be at least 14 and less than 60,,,,,,,,,,,,,,,
15,60,66,8,2,0,/data/yja/openfhe-src/src/pke/lib/scheme/gen-cryptocontext-params-validation.cpp:l.74:validateParametersForCryptocontext(): scalingModSize should be at least 14 and less than 60,,,,,,,,,,,,,,,
15,60,66,8,3,0,/data/yja/openfhe-src/src/pke/lib/scheme/gen-cryptocontext-params-validation.cpp:l.74:validateParametersForCryptocontext(): scalingModSize should be at least 14 and less than 60,,,,,,,,,,,,,,,
15,60,66,8,4,0,/data/yja/openfhe-src/src/pke/lib/scheme/gen-cryptocontext-params-validation.cpp:l.74:validateParametersForCryptocontext(): scalingModSize should be at least 14 and less than 60,,,,,,,,,,,,,,,
15,60,66,8,5,0,/data/yja/openfhe-src/src/pke/lib/scheme/gen-cryptocontext-params-validation.cpp:l.74:validateParametersForCryptocontext(): scalingModSize should be at least 14 and less than 60,,,,,,,,,,,,,,,
15,60,66,8,6,0,/data/yja/openfhe-src/src/pke/lib/scheme/gen-cryptocontext-params-validation.cpp:l.74:validateParametersForCryptocontext(): scalingModSize should be at least 14 and less than 60,,,,,,,,,,,,,,,
15,60,66,8,7,0,/data/yja/openfhe-src/src/pke/lib/scheme/gen-cryptocontext-params-validation.cpp:l.74:validateParametersForCryptocontext(): scalingModSize should be at least 14 and less than 60,,,,,,,,,,,,,,,
15,60,66,8,8,0,/data/yja/openfhe-src/src/pke/lib/scheme/gen-cryptocontext-params-validation.cpp:l.74:validateParametersForCryptocontext(): scalingModSize should be at least 14 and less than 60,,,,,,,,,,,,,,,
15,60,66,8,9,0,/data/yja/openfhe-src/src/pke/lib/scheme/gen-cryptocontext-params-validation.cpp:l.74:validateParametersForCryptocontext(): scalingModSize should be at least 14 and less than 60,,,,,,,,,,,,,,,
15,60,67,8,1,0,/data/yja/openfhe-src/src/pke/lib/scheme/gen-cryptocontext-params-validation.cpp:l.74:validateParametersForCryptocontext(): scalingModSize should be at least 14 and less than 60,,,,,,,,,,,,,,,
15,60,67,8,2,0,/data/yja/openfhe-src/src/pke/lib/scheme/gen-cryptocontext-params-validation.cpp:l.74:validateParametersForCryptocontext(): scalingModSize should be at least 14 and less than 60,,,,,,,,,,,,,,,
15,60,67,8,3,0,/data/yja/openfhe-src/src/pke/lib/scheme/gen-cryptocontext-params-validation.cpp:l.74:validateParametersForCryptocontext(): scalingModSize should be at least 14 and less than 60,,,,,,,,,,,,,,,
15,60,67,8,4,0,/data/yja/openfhe-src/src/pke/lib/scheme/gen-cryptocontext-params-validation.cpp:l.74:validateParametersForCryptocontext(): scalingModSize should be at least 14 and less than 60,,,,,,,,,,,,,,,
15,60,67,8,5,0,/data/yja/openfhe-src/src/pke/lib/scheme/gen-cryptocontext-params-validation.cpp:l.74:validateParametersForCryptocontext(): scalingModSize should be at least 14 and less than 60,,,,,,,,,,,,,,,
15,60,67,8,6,0,/data/yja/openfhe-src/src/pke/lib/scheme/gen-cryptocontext-params-validation.cpp:l.74:validateParametersForCryptocontext(): scalingModSize should be at least 14 and less than 60,,,,,,,,,,,,,,,
15,60,67,8,7,0,/data/yja/openfhe-src/src/pke/lib/scheme/gen-cryptocontext-params-validation.cpp:l.74:validateParametersForCryptocontext(): scalingModSize should be at least 14 and less than 60,,,,,,,,,,,,,,,
15,60,67,8,8,0,/data/yja/openfhe-src/src/pke/lib/scheme/gen-cryptocontext-params-validation.cpp:l.74:validateParametersForCryptocontext(): scalingModSize should be at least 14 and less than 60,,,,,,,,,,,,,,,
15,60,67,8,9,0,/data/yja/openfhe-src/src/pke/lib/scheme/gen-cryptocontext-params-validation.cpp:l.74:validateParametersForCryptocontext(): scalingModSize should be at least 14 and less than 60,,,,,,,,,,,,,,,
15,60,68,8,1,0,/data/yja/openfhe-src/src/pke/lib/scheme/gen-cryptocontext-params-validation.cpp:l.74:validateParametersForCryptocontext(): scalingModSize should be at least 14 and less than 60,,,,,,,,,,,,,,,
15,60,68,8,2,0,/data/yja/openfhe-src/src/pke/lib/scheme/gen-cryptocontext-params-validation.cpp:l.74:validateParametersForCryptocontext(): scalingModSize should be at least 14 and less than 60,,,,,,,,,,,,,,,
15,60,68,8,3,0,/data/yja/openfhe-src/src/pke/lib/scheme/gen-cryptocontext-params-validation.cpp:l.74:validateParametersForCryptocontext(): scalingModSize should be at least 14 and less than 60,,,,,,,,,,,,,,,
15,60,68,8,4,0,/data/yja/openfhe-src/src/pke/lib/scheme/gen-cryptocontext-params-validation.cpp:l.74:validateParametersForCryptocontext(): scalingModSize should be at least 14 and less than 60,,,,,,,,,,,,,,,
15,60,68,8,5,0,/data/yja/openfhe-src/src/pke/lib/scheme/gen-cryptocontext-params-validation.cpp:l.74:validateParametersForCryptocontext(): scalingModSize should be at least 14 and less than 60,,,,,,,,,,,,,,,
15,60,68,8,6,0,/data/yja/openfhe-src/src/pke/lib/scheme/gen-cryptocontext-params-validation.cpp:l.74:validateParametersForCryptocontext(): scalingModSize should be at least 14 and less than 60,,,,,,,,,,,,,,,
15,60,68,8,7,0,/data/yja/openfhe-src/src/pke/lib/scheme/gen-cryptocontext-params-validation.cpp:l.74:validateParametersForCryptocontext(): scalingModSize should be at least 14 and less than 60,,,,,,,,,,,,,,,
15,60,68,8,8,0,/data/yja/openfhe-src/src/pke/lib/scheme/gen-cryptocontext-params-validation.cpp:l.74:validateParametersForCryptocontext(): scalingModSize should be at least 14 and less than 60,,,,,,,,,,,,,,,
15,60,68,8,9,0,/data/yja/openfhe-src/src/pke/lib/scheme/gen-cryptocontext-params-validation.cpp:l.74:validateParametersForCryptocontext(): scalingModSize should be at least 14 and less than 60,,,,,,,,,,,,,,,
15,60,69,8,1,0,/data/yja/openfhe-src/src/pke/lib/scheme/gen-cryptocontext-params-validation.cpp:l.74:validateParametersForCryptocontext(): scalingModSize should be at least 14 and less than 60,,,,,,,,,,,,,,,
15,60,69,8,2,0,/data/yja/openfhe-src/src/pke/lib/scheme/gen-cryptocontext-params-validation.cpp:l.74:validateParametersForCryptocontext(): scalingModSize should be at least 14 and less than 60,,,,,,,,,,,,,,,
15,60,69,8,3,0,/data/yja/openfhe-src/src/pke/lib/scheme/gen-cryptocontext-params-validation.cpp:l.74:validateParametersForCryptocontext(): scalingModSize should be at least 14 and less than 60,,,,,,,,,,,,,,,
15,60,69,8,4,0,/data/yja/openfhe-src/src/pke/lib/scheme/gen-cryptocontext-params-validation.cpp:l.74:validateParametersForCryptocontext(): scalingModSize should be at least 14 and less than 60,,,,,,,,,,,,,,,
15,60,69,8,5,0,/data/yja/openfhe-src/src/pke/lib/scheme/gen-cryptocontext-params-validation.cpp:l.74:validateParametersForCryptocontext(): scalingModSize should be at least 14 and less than 60,,,,,,,,,,,,,,,
15,60,69,8,6,0,/data/yja/openfhe-src/src/pke/lib/scheme/gen-cryptocontext-params-validation.cpp:l.74:validateParametersForCryptocontext(): scalingModSize should be at least 14 and less than 60,,,,,,,,,,,,,,,
15,60,69,8,7,0,/data/yja/openfhe-src/src/pke/lib/scheme/gen-cryptocontext-params-validation.cpp:l.74:validateParametersForCryptocontext(): scalingModSize should be at least 14 and less than 60,,,,,,,,,,,,,,,
15,60,69,8,8,0,/data/yja/openfhe-src/src/pke/lib/scheme/gen-cryptocontext-params-validation.cpp:l.74:validateParametersForCryptocontext(): scalingModSize should be at least 14 and less than 60,,,,,,,,,,,,,,,
15,60,69,8,9,0,/data/yja/openfhe-src/src/pke/lib/scheme/gen-cryptocontext-params-validation.cpp:l.74:validateParametersForCryptocontext(): scalingModSize should be at least 14 and less than 60,,,,,,,,,,,,,,,
15,60,70,8,1,0,/data/yja/openfhe-src/src/pke/lib/scheme/gen-cryptocontext-params-validation.cpp:l.74:validateParametersForCryptocontext(): scalingModSize should be at least 14 and less than 60,,,,,,,,,,,,,,,
15,60,70,8,2,0,/data/yja/openfhe-src/src/pke/lib/scheme/gen-cryptocontext-params-validation.cpp:l.74:validateParametersForCryptocontext(): scalingModSize should be at least 14 and less than 60,,,,,,,,,,,,,,,
15,60,70,8,3,0,/data/yja/openfhe-src/src/pke/lib/scheme/gen-cryptocontext-params-validation.cpp:l.74:validateParametersForCryptocontext(): scalingModSize should be at least 14 and less than 60,,,,,,,,,,,,,,,
15,60,70,8,4,0,/data/yja/openfhe-src/src/pke/lib/scheme/gen-cryptocontext-params-validation.cpp:l.74:validateParametersForCryptocontext(): scalingModSize should be at least 14 and less than 60,,,,,,,,,,,,,,,
15,60,70,8,5,0,/data/yja/openfhe-src/src/pke/lib/scheme/gen-cryptocontext-params-validation.cpp:l.74:validateParametersForCryptocontext(): scalingModSize should be at least 14 and less than 60,,,,,,,,,,,,,,,
15,60,70,8,6,0,/data/yja/openfhe-src/src/pke/lib/scheme/gen-cryptocontext-params-validation.cpp:l.74:validateParametersForCryptocontext(): scalingModSize should be at least 14 and less than 60,,,,,,,,,,,,,,,
15,60,70,8,7,0,/data/yja/openfhe-src/src/pke/lib/scheme/gen-cryptocontext-params-validation.cpp:l.74:validateParametersForCryptocontext(): scalingModSize should be at least 14 and less than 60,,,,,,,,,,,,,,,
15,60,70,8,8,0,/data/yja/openfhe-src/src/pke/lib/scheme/gen-cryptocontext-params-validation.cpp:l.74:validateParametersForCryptocontext(): scalingModSize should be at least 14 and less than 60,,,,,,,,,,,,,,,
15,60,70,8,9,0,/data/yja/openfhe-src/src/pke/lib/scheme/gen-cryptocontext-params-validation.cpp:l.74:validateParametersForCryptocontext(): scalingModSize should be at least 14 and less than 60,,,,,,,,,,,,,,,
15,60,45,9,1,1,,60,HYBRID,10,465,470,1,10,465,8,480,480,945,950,881,-64,L9=1;L8=1;L7=1;L6=1;L5=1;L4=1;L3=1;L2=1;L1=1
15,60,45,9,2,1,,60,HYBRID,10,465,470,2,5,241,5,300,300,765,770,881,116,L9=2;L8=2;L7=2;L6=2;L5=2;L4=1;L3=1;L2=1;L1=1
15,60,45,9,3,1,,60,HYBRID,10,465,470,3,4,196,4,240,240,705,710,881,176,L9=3;L8=3;L7=2;L6=2;L5=2;L4=2;L3=1;L2=1;L1=1
15,60,45,9,4,1,,60,HYBRID,10,465,470,4,3,151,3,180,180,645,650,881,236,L9=4;L8=3;L7=3;L6=3;L5=2;L4=2;L3=2;L2=1;L1=1
15,60,45,9,5,1,,60,HYBRID,10,465,470,5,2,106,2,120,120,585,590,881,296,L9=5;L8=5;L7=4;L6=4;L5=3;L4=3;L3=2;L2=2;L1=1
15,60,45,9,6,0,/data/yja/openfhe-src/src/pke/lib/schemerns/rns-cryptoparameters.cpp:l.91:PrecomputeCRTTables(): HYBRID key switching parameters: Can't appropriately distribute 10 towers into 6 digits. Please select different number of digits.,,,,,,,,,,,,,,,
15,60,45,9,7,0,/data/yja/openfhe-src/src/pke/lib/schemerns/rns-cryptoparameters.cpp:l.91:PrecomputeCRTTables(): HYBRID key switching parameters: Can't appropriately distribute 10 towers into 7 digits. Please select different number of digits.,,,,,,,,,,,,,,,
15,60,45,9,8,0,/data/yja/openfhe-src/src/pke/lib/schemerns/rns-cryptoparameters.cpp:l.91:PrecomputeCRTTables(): HYBRID key switching parameters: Can't appropriately distribute 10 towers into 8 digits. Please select different number of digits.,,,,,,,,,,,,,,,
15,60,45,9,9,0,/data/yja/openfhe-src/src/pke/lib/schemerns/rns-cryptoparameters.cpp:l.91:PrecomputeCRTTables(): HYBRID key switching parameters: Can't appropriately distribute 10 towers into 9 digits. Please select different number of digits.,,,,,,,,,,,,,,,
15,60,45,9,10,1,,60,HYBRID,10,465,470,10,1,60,1,60,60,525,530,881,356,L9=10;L8=9;L7=8;L6=7;L5=6;L4=5;L3=4;L2=3;L1=2
15,60,46,9,1,1,,60,HYBRID,10,474,479,1,10,474,8,480,480,954,959,881,-73,L9=1;L8=1;L7=1;L6=1;L5=1;L4=1;L3=1;L2=1;L1=1
15,60,46,9,2,1,,60,HYBRID,10,474,479,2,5,244,5,300,300,774,779,881,107,L9=2;L8=2;L7=2;L6=2;L5=2;L4=1;L3=1;L2=1;L1=1
15,60,46,9,3,1,,60,HYBRID,10,474,479,3,4,199,4,240,240,714,719,881,167,L9=3;L8=3;L7=2;L6=2;L5=2;L4=2;L3=1;L2=1;L1=1
15,60,46,9,4,1,,60,HYBRID,10,474,479,4,3,152,3,180,180,654,659,881,227,L9=4;L8=3;L7=3;L6=3;L5=2;L4=2;L3=2;L2=1;L1=1
15,60,46,9,5,1,,60,HYBRID,10,474,479,5,2,107,2,120,120,594,599,881,287,L9=5;L8=5;L7=4;L6=4;L5=3;L4=3;L3=2;L2=2;L1=1
15,60,46,9,6,0,/data/yja/openfhe-src/src/pke/lib/schemerns/rns-cryptoparameters.cpp:l.91:PrecomputeCRTTables(): HYBRID key switching parameters: Can't appropriately distribute 10 towers into 6 digits. Please select different number of digits.,,,,,,,,,,,,,,,
15,60,46,9,7,0,/data/yja/openfhe-src/src/pke/lib/schemerns/rns-cryptoparameters.cpp:l.91:PrecomputeCRTTables(): HYBRID key switching parameters: Can't appropriately distribute 10 towers into 7 digits. Please select different number of digits.,,,,,,,,,,,,,,,
15,60,46,9,8,0,/data/yja/openfhe-src/src/pke/lib/schemerns/rns-cryptoparameters.cpp:l.91:PrecomputeCRTTables(): HYBRID key switching parameters: Can't appropriately distribute 10 towers into 8 digits. Please select different number of digits.,,,,,,,,,,,,,,,
15,60,46,9,9,0,/data/yja/openfhe-src/src/pke/lib/schemerns/rns-cryptoparameters.cpp:l.91:PrecomputeCRTTables(): HYBRID key switching parameters: Can't appropriately distribute 10 towers into 9 digits. Please select different number of digits.,,,,,,,,,,,,,,,
15,60,46,9,10,1,,60,HYBRID,10,474,479,10,1,60,1,60,60,534,539,881,347,L9=10;L8=9;L7=8;L6=7;L5=6;L4=5;L3=4;L2=3;L1=2
15,60,47,9,1,1,,60,HYBRID,10,483,488,1,10,484,9,540,540,1023,1028,881,-142,L9=1;L8=1;L7=1;L6=1;L5=1;L4=1;L3=1;L2=1;L1=1
15,60,47,9,2,1,,60,HYBRID,10,483,488,2,5,249,5,300,300,783,788,881,98,L9=2;L8=2;L7=2;L6=2;L5=2;L4=1;L3=1;L2=1;L1=1
15,60,47,9,3,1,,60,HYBRID,10,483,488,3,4,202,4,240,240,723,728,881,158,L9=3;L8=3;L7=2;L6=2;L5=2;L4=2;L3=1;L2=1;L1=1
15,60,47,9,4,1,,60,HYBRID,10,483,488,4,3,155,3,180,180,663,668,881,218,L9=4;L8=3;L7=3;L6=3;L5=2;L4=2;L3=2;L2=1;L1=1
15,60,47,9,5,1,,60,HYBRID,10,483,488,5,2,108,2,120,120,603,608,881,278,L9=5;L8=5;L7=4;L6=4;L5=3;L4=3;L3=2;L2=2;L1=1
15,60,47,9,6,0,/data/yja/openfhe-src/src/pke/lib/schemerns/rns-cryptoparameters.cpp:l.91:PrecomputeCRTTables(): HYBRID key switching parameters: Can't appropriately distribute 10 towers into 6 digits. Please select different number of digits.,,,,,,,,,,,,,,,
15,60,47,9,7,0,/data/yja/openfhe-src/src/pke/lib/schemerns/rns-cryptoparameters.cpp:l.91:PrecomputeCRTTables(): HYBRID key switching parameters: Can't appropriately distribute 10 towers into 7 digits. Please select different number of digits.,,,,,,,,,,,,,,,
15,60,47,9,8,0,/data/yja/openfhe-src/src/pke/lib/schemerns/rns-cryptoparameters.cpp:l.91:PrecomputeCRTTables(): HYBRID key switching parameters: Can't appropriately distribute 10 towers into 8 digits. Please select different number of digits.,,,,,,,,,,,,,,,
15,60,47,9,9,0,/data/yja/openfhe-src/src/pke/lib/schemerns/rns-cryptoparameters.cpp:l.91:PrecomputeCRTTables(): HYBRID key switching parameters: Can't appropriately distribute 10 towers into 9 digits. Please select different number of digits.,,,,,,,,,,,,,,,
15,60,47,9,10,1,,60,HYBRID,10,483,488,10,1,60,1,60,60,543,548,881,338,L9=10;L8=9;L7=8;L6=7;L5=6;L4=5;L3=4;L2=3;L1=2
15,60,48,9,1,1,,60,HYBRID,10,492,497,1,10,493,9,540,540,1032,1037,881,-151,L9=1;L8=1;L7=1;L6=1;L5=1;L4=1;L3=1;L2=1;L1=1
15,60,48,9,2,1,,60,HYBRID,10,492,497,2,5,253,5,300,300,792,797,881,89,L9=2;L8=2;L7=2;L6=2;L5=2;L4=1;L3=1;L2=1;L1=1
15,60,48,9,3,1,,60,HYBRID,10,492,497,3,4,205,4,240,240,732,737,881,149,L9=3;L8=3;L7=2;L6=2;L5=2;L4=2;L3=1;L2=1;L1=1
15,60,48,9,4,1,,60,HYBRID,10,492,497,4,3,157,3,180,180,672,677,881,209,L9=4;L8=3;L7=3;L6=3;L5=2;L4=2;L3=2;L2=1;L1=1
15,60,48,9,5,1,,60,HYBRID,10,492,497,5,2,109,2,120,120,612,617,881,269,L9=5;L8=5;L7=4;L6=4;L5=3;L4=3;L3=2;L2=2;L1=1
15,60,48,9,6,0,/data/yja/openfhe-src/src/pke/lib/schemerns/rns-cryptoparameters.cpp:l.91:PrecomputeCRTTables(): HYBRID key switching parameters: Can't appropriately distribute 10 towers into 6 digits. Please select different number of digits.,,,,,,,,,,,,,,,
15,60,48,9,7,0,/data/yja/openfhe-src/src/pke/lib/schemerns/rns-cryptoparameters.cpp:l.91:PrecomputeCRTTables(): HYBRID key switching parameters: Can't appropriately distribute 10 towers into 7 digits. Please select different number of digits.,,,,,,,,,,,,,,,
15,60,48,9,8,0,/data/yja/openfhe-src/src/pke/lib/schemerns/rns-cryptoparameters.cpp:l.91:PrecomputeCRTTables(): HYBRID key switching parameters: Can't appropriately distribute 10 towers into 8 digits. Please select different number of digits.,,,,,,,,,,,,,,,
15,60,48,9,9,0,/data/yja/openfhe-src/src/pke/lib/schemerns/rns-cryptoparameters.cpp:l.91:PrecomputeCRTTables(): HYBRID key switching parameters: Can't appropriately distribute 10 towers into 9 digits. Please select different number of digits.,,,,,,,,,,,,,,,
15,60,48,9,10,1,,60,HYBRID,10,492,497,10,1,60,1,60,60,552,557,881,329,L9=10;L8=9;L7=8;L6=7;L5=6;L4=5;L3=4;L2=3;L1=2
15,60,49,9,1,1,,60,HYBRID,10,501,506,1,10,502,9,540,540,1041,1046,881,-160,L9=1;L8=1;L7=1;L6=1;L5=1;L4=1;L3=1;L2=1;L1=1
15,60,49,9,2,1,,60,HYBRID,10,501,506,2,5,257,5,300,300,801,806,881,80,L9=2;L8=2;L7=2;L6=2;L5=2;L4=1;L3=1;L2=1;L1=1
15,60,49,9,3,1,,60,HYBRID,10,501,506,3,4,208,4,240,240,741,746,881,140,L9=3;L8=3;L7=2;L6=2;L5=2;L4=2;L3=1;L2=1;L1=1
15,60,49,9,4,1,,60,HYBRID,10,501,506,4,3,159,3,180,180,681,686,881,200,L9=4;L8=3;L7=3;L6=3;L5=2;L4=2;L3=2;L2=1;L1=1
15,60,49,9,5,1,,60,HYBRID,10,501,506,5,2,110,2,120,120,621,626,881,260,L9=5;L8=5;L7=4;L6=4;L5=3;L4=3;L3=2;L2=2;L1=1
15,60,49,9,6,0,/data/yja/openfhe-src/src/pke/lib/schemerns/rns-cryptoparameters.cpp:l.91:PrecomputeCRTTables(): HYBRID key switching parameters: Can't appropriately distribute 10 towers into 6 digits. Please select different number of digits.,,,,,,,,,,,,,,,
15,60,49,9,7,0,/data/yja/openfhe-src/src/pke/lib/schemerns/rns-cryptoparameters.cpp:l.91:PrecomputeCRTTables(): HYBRID key switching parameters: Can't appropriately distribute 10 towers into 7 digits. Please select different number of digits.,,,,,,,,,,,,,,,
15,60,49,9,8,0,/data/yja/openfhe-src/src/pke/lib/schemerns/rns-cryptoparameters.cpp:l.91:PrecomputeCRTTables(): HYBRID key switching parameters: Can't appropriately distribute 10 towers into 8 digits. Please select different number of digits.,,,,,,,,,,,,,,,
15,60,49,9,9,0,/data/yja/openfhe-src/src/pke/lib/schemerns/rns-cryptoparameters.cpp:l.91:PrecomputeCRTTables(): HYBRID key switching parameters: Can't appropriately distribute 10 towers into 9 digits. Please select different number of digits.,,,,,,,,,,,,,,,
15,60,49,9,10,1,,60,HYBRID,10,501,506,10,1,60,1,60,60,561,566,881,320,L9=10;L8=9;L7=8;L6=7;L5=6;L4=5;L3=4;L2=3;L1=2
15,60,50,9,1,1,,60,HYBRID,10,510,515,1,10,511,9,540,540,1050,1055,881,-169,L9=1;L8=1;L7=1;L6=1;L5=1;L4=1;L3=1;L2=1;L1=1
15,60,50,9,2,1,,60,HYBRID,10,510,515,2,5,261,5,300,300,810,815,881,71,L9=2;L8=2;L7=2;L6=2;L5=2;L4=1;L3=1;L2=1;L1=1
15,60,50,9,3,1,,60,HYBRID,10,510,515,3,4,211,4,240,240,750,755,881,131,L9=3;L8=3;L7=2;L6=2;L5=2;L4=2;L3=1;L2=1;L1=1
15,60,50,9,4,1,,60,HYBRID,10,510,515,4,3,161,3,180,180,690,695,881,191,L9=4;L8=3;L7=3;L6=3;L5=2;L4=2;L3=2;L2=1;L1=1
15,60,50,9,5,1,,60,HYBRID,10,510,515,5,2,111,2,120,120,630,635,881,251,L9=5;L8=5;L7=4;L6=4;L5=3;L4=3;L3=2;L2=2;L1=1
15,60,50,9,6,0,/data/yja/openfhe-src/src/pke/lib/schemerns/rns-cryptoparameters.cpp:l.91:PrecomputeCRTTables(): HYBRID key switching parameters: Can't appropriately distribute 10 towers into 6 digits. Please select different number of digits.,,,,,,,,,,,,,,,
15,60,50,9,7,0,/data/yja/openfhe-src/src/pke/lib/schemerns/rns-cryptoparameters.cpp:l.91:PrecomputeCRTTables(): HYBRID key switching parameters: Can't appropriately distribute 10 towers into 7 digits. Please select different number of digits.,,,,,,,,,,,,,,,
15,60,50,9,8,0,/data/yja/openfhe-src/src/pke/lib/schemerns/rns-cryptoparameters.cpp:l.91:PrecomputeCRTTables(): HYBRID key switching parameters: Can't appropriately distribute 10 towers into 8 digits. Please select different number of digits.,,,,,,,,,,,,,,,
15,60,50,9,9,0,/data/yja/openfhe-src/src/pke/lib/schemerns/rns-cryptoparameters.cpp:l.91:PrecomputeCRTTables(): HYBRID key switching parameters: Can't appropriately distribute 10 towers into 9 digits. Please select different number of digits.,,,,,,,,,,,,,,,
15,60,50,9,10,1,,60,HYBRID,10,510,515,10,1,60,1,60,60,570,575,881,311,L9=10;L8=9;L7=8;L6=7;L5=6;L4=5;L3=4;L2=3;L1=2
15,60,51,9,1,1,,60,HYBRID,10,519,524,1,10,520,9,540,540,1059,1064,881,-178,L9=1;L8=1;L7=1;L6=1;L5=1;L4=1;L3=1;L2=1;L1=1
15,60,51,9,2,1,,60,HYBRID,10,519,524,2,5,265,5,300,300,819,824,881,62,L9=2;L8=2;L7=2;L6=2;L5=2;L4=1;L3=1;L2=1;L1=1
15,60,51,9,3,1,,60,HYBRID,10,519,524,3,4,214,4,240,240,759,764,881,122,L9=3;L8=3;L7=2;L6=2;L5=2;L4=2;L3=1;L2=1;L1=1
15,60,51,9,4,1,,60,HYBRID,10,519,524,4,3,163,3,180,180,699,704,881,182,L9=4;L8=3;L7=3;L6=3;L5=2;L4=2;L3=2;L2=1;L1=1
15,60,51,9,5,1,,60,HYBRID,10,519,524,5,2,112,2,120,120,639,644,881,242,L9=5;L8=5;L7=4;L6=4;L5=3;L4=3;L3=2;L2=2;L1=1
15,60,51,9,6,0,/data/yja/openfhe-src/src/pke/lib/schemerns/rns-cryptoparameters.cpp:l.91:PrecomputeCRTTables(): HYBRID key switching parameters: Can't appropriately distribute 10 towers into 6 digits. Please select different number of digits.,,,,,,,,,,,,,,,
15,60,51,9,7,0,/data/yja/openfhe-src/src/pke/lib/schemerns/rns-cryptoparameters.cpp:l.91:PrecomputeCRTTables(): HYBRID key switching parameters: Can't appropriately distribute 10 towers into 7 digits. Please select different number of digits.,,,,,,,,,,,,,,,
15,60,51,9,8,0,/data/yja/openfhe-src/src/pke/lib/schemerns/rns-cryptoparameters.cpp:l.91:PrecomputeCRTTables(): HYBRID key switching parameters: Can't appropriately distribute 10 towers into 8 digits. Please select different number of digits.,,,,,,,,,,,,,,,
15,60,51,9,9,0,/data/yja/openfhe-src/src/pke/lib/schemerns/rns-cryptoparameters.cpp:l.91:PrecomputeCRTTables(): HYBRID key switching parameters: Can't appropriately distribute 10 towers into 9 digits. Please select different number of digits.,,,,,,,,,,,,,,,
15,60,51,9,10,1,,60,HYBRID,10,519,524,10,1,60,1,60,60,579,584,881,302,L9=10;L8=9;L7=8;L6=7;L5=6;L4=5;L3=4;L2=3;L1=2
15,60,52,9,1,1,,60,HYBRID,10,528,533,1,10,528,9,540,540,1068,1073,881,-187,L9=1;L8=1;L7=1;L6=1;L5=1;L4=1;L3=1;L2=1;L1=1
15,60,52,9,2,1,,60,HYBRID,10,528,533,2,5,268,5,300,300,828,833,881,53,L9=2;L8=2;L7=2;L6=2;L5=2;L4=1;L3=1;L2=1;L1=1
15,60,52,9,3,1,,60,HYBRID,10,528,533,3,4,216,4,240,240,768,773,881,113,L9=3;L8=3;L7=2;L6=2;L5=2;L4=2;L3=1;L2=1;L1=1
15,60,52,9,4,1,,60,HYBRID,10,528,533,4,3,164,3,180,180,708,713,881,173,L9=4;L8=3;L7=3;L6=3;L5=2;L4=2;L3=2;L2=1;L1=1
15,60,52,9,5,1,,60,HYBRID,10,528,533,5,2,113,2,120,120,648,653,881,233,L9=5;L8=5;L7=4;L6=4;L5=3;L4=3;L3=2;L2=2;L1=1
15,60,52,9,6,0,/data/yja/openfhe-src/src/pke/lib/schemerns/rns-cryptoparameters.cpp:l.91:PrecomputeCRTTables(): HYBRID key switching parameters: Can't appropriately distribute 10 towers into 6 digits. Please select different number of digits.,,,,,,,,,,,,,,,
15,60,52,9,7,0,/data/yja/openfhe-src/src/pke/lib/schemerns/rns-cryptoparameters.cpp:l.91:PrecomputeCRTTables(): HYBRID key switching parameters: Can't appropriately distribute 10 towers into 7 digits. Please select different number of digits.,,,,,,,,,,,,,,,
15,60,52,9,8,0,/data/yja/openfhe-src/src/pke/lib/schemerns/rns-cryptoparameters.cpp:l.91:PrecomputeCRTTables(): HYBRID key switching parameters: Can't appropriately distribute 10 towers into 8 digits. Please select different number of digits.,,,,,,,,,,,,,,,
15,60,52,9,9,0,/data/yja/openfhe-src/src/pke/lib/schemerns/rns-cryptoparameters.cpp:l.91:PrecomputeCRTTables(): HYBRID key switching parameters: Can't appropriately distribute 10 towers into 9 digits. Please select different number of digits.,,,,,,,,,,,,,,,
15,60,52,9,10,1,,60,HYBRID,10,528,533,10,1,60,1,60,60,588,593,881,293,L9=10;L8=9;L7=8;L6=7;L5=6;L4=5;L3=4;L2=3;L1=2
15,60,53,9,1,1,,60,HYBRID,10,537,542,1,10,538,9,540,540,1077,1082,881,-196,L9=1;L8=1;L7=1;L6=1;L5=1;L4=1;L3=1;L2=1;L1=1
15,60,53,9,2,1,,60,HYBRID,10,537,542,2,5,273,5,300,300,837,842,881,44,L9=2;L8=2;L7=2;L6=2;L5=2;L4=1;L3=1;L2=1;L1=1
15,60,53,9,3,1,,60,HYBRID,10,537,542,3,4,220,4,240,240,777,782,881,104,L9=3;L8=3;L7=2;L6=2;L5=2;L4=2;L3=1;L2=1;L1=1
15,60,53,9,4,1,,60,HYBRID,10,537,542,4,3,167,3,180,180,717,722,881,164,L9=4;L8=3;L7=3;L6=3;L5=2;L4=2;L3=2;L2=1;L1=1
15,60,53,9,5,1,,60,HYBRID,10,537,542,5,2,114,2,120,120,657,662,881,224,L9=5;L8=5;L7=4;L6=4;L5=3;L4=3;L3=2;L2=2;L1=1
15,60,53,9,6,0,/data/yja/openfhe-src/src/pke/lib/schemerns/rns-cryptoparameters.cpp:l.91:PrecomputeCRTTables(): HYBRID key switching parameters: Can't appropriately distribute 10 towers into 6 digits. Please select different number of digits.,,,,,,,,,,,,,,,
15,60,53,9,7,0,/data/yja/openfhe-src/src/pke/lib/schemerns/rns-cryptoparameters.cpp:l.91:PrecomputeCRTTables(): HYBRID key switching parameters: Can't appropriately distribute 10 towers into 7 digits. Please select different number of digits.,,,,,,,,,,,,,,,
15,60,53,9,8,0,/data/yja/openfhe-src/src/pke/lib/schemerns/rns-cryptoparameters.cpp:l.91:PrecomputeCRTTables(): HYBRID key switching parameters: Can't appropriately distribute 10 towers into 8 digits. Please select different number of digits.,,,,,,,,,,,,,,,
15,60,53,9,9,0,/data/yja/openfhe-src/src/pke/lib/schemerns/rns-cryptoparameters.cpp:l.91:PrecomputeCRTTables(): HYBRID key switching parameters: Can't appropriately distribute 10 towers into 9 digits. Please select different number of digits.,,,,,,,,,,,,,,,
15,60,53,9,10,1,,60,HYBRID,10,537,542,10,1,60,1,60,60,597,602,881,284,L9=10;L8=9;L7=8;L6=7;L5=6;L4=5;L3=4;L2=3;L1=2
15,60,54,9,1,1,,60,HYBRID,10,546,551,1,10,546,10,600,600,1146,1151,881,-265,L9=1;L8=1;L7=1;L6=1;L5=1;L4=1;L3=1;L2=1;L1=1
15,60,54,9,2,1,,60,HYBRID,10,546,551,2,5,276,5,300,300,846,851,881,35,L9=2;L8=2;L7=2;L6=2;L5=2;L4=1;L3=1;L2=1;L1=1
15,60,54,9,3,1,,60,HYBRID,10,546,551,3,4,222,4,240,240,786,791,881,95,L9=3;L8=3;L7=2;L6=2;L5=2;L4=2;L3=1;L2=1;L1=1
15,60,54,9,4,1,,60,HYBRID,10,546,551,4,3,168,3,180,180,726,731,881,155,L9=4;L8=3;L7=3;L6=3;L5=2;L4=2;L3=2;L2=1;L1=1
15,60,54,9,5,1,,60,HYBRID,10,546,551,5,2,115,2,120,120,666,671,881,215,L9=5;L8=5;L7=4;L6=4;L5=3;L4=3;L3=2;L2=2;L1=1
15,60,54,9,6,0,/data/yja/openfhe-src/src/pke/lib/schemerns/rns-cryptoparameters.cpp:l.91:PrecomputeCRTTables(): HYBRID key switching parameters: Can't appropriately distribute 10 towers into 6 digits. Please select different number of digits.,,,,,,,,,,,,,,,
15,60,54,9,7,0,/data/yja/openfhe-src/src/pke/lib/schemerns/rns-cryptoparameters.cpp:l.91:PrecomputeCRTTables(): HYBRID key switching parameters: Can't appropriately distribute 10 towers into 7 digits. Please select different number of digits.,,,,,,,,,,,,,,,
15,60,54,9,8,0,/data/yja/openfhe-src/src/pke/lib/schemerns/rns-cryptoparameters.cpp:l.91:PrecomputeCRTTables(): HYBRID key switching parameters: Can't appropriately distribute 10 towers into 8 digits. Please select different number of digits.,,,,,,,,,,,,,,,
15,60,54,9,9,0,/data/yja/openfhe-src/src/pke/lib/schemerns/rns-cryptoparameters.cpp:l.91:PrecomputeCRTTables(): HYBRID key switching parameters: Can't appropriately distribute 10 towers into 9 digits. Please select different number of digits.,,,,,,,,,,,,,,,
15,60,54,9,10,1,,60,HYBRID,10,546,551,10,1,60,1,60,60,606,611,881,275,L9=10;L8=9;L7=8;L6=7;L5=6;L4=5;L3=4;L2=3;L1=2
15,60,55,9,1,1,,60,HYBRID,10,555,560,1,10,555,10,600,600,1155,1160,881,-274,L9=1;L8=1;L7=1;L6=1;L5=1;L4=1;L3=1;L2=1;L1=1
15,60,55,9,2,1,,60,HYBRID,10,555,560,2,5,280,5,300,300,855,860,881,26,L9=2;L8=2;L7=2;L6=2;L5=2;L4=1;L3=1;L2=1;L1=1
15,60,55,9,3,1,,60,HYBRID,10,555,560,3,4,226,4,240,240,795,800,881,86,L9=3;L8=3;L7=2;L6=2;L5=2;L4=2;L3=1;L2=1;L1=1
15,60,55,9,4,1,,60,HYBRID,10,555,560,4,3,170,3,180,180,735,740,881,146,L9=4;L8=3;L7=3;L6=3;L5=2;L4=2;L3=2;L2=1;L1=1
15,60,55,9,5,1,,60,HYBRID,10,555,560,5,2,116,2,120,120,675,680,881,206,L9=5;L8=5;L7=4;L6=4;L5=3;L4=3;L3=2;L2=2;L1=1
15,60,55,9,6,0,/data/yja/openfhe-src/src/pke/lib/schemerns/rns-cryptoparameters.cpp:l.91:PrecomputeCRTTables(): HYBRID key switching parameters: Can't appropriately distribute 10 towers into 6 digits. Please select different number of digits.,,,,,,,,,,,,,,,
15,60,55,9,7,0,/data/yja/openfhe-src/src/pke/lib/schemerns/rns-cryptoparameters.cpp:l.91:PrecomputeCRTTables(): HYBRID key switching parameters: Can't appropriately distribute 10 towers into 7 digits. Please select different number of digits.,,,,,,,,,,,,,,,
15,60,55,9,8,0,/data/yja/openfhe-src/src/pke/lib/schemerns/rns-cryptoparameters.cpp:l.91:PrecomputeCRTTables(): HYBRID key switching parameters: Can't appropriately distribute 10 towers into 8 digits. Please select different number of digits.,,,,,,,,,,,,,,,
15,60,55,9,9,0,/data/yja/openfhe-src/src/pke/lib/schemerns/rns-cryptoparameters.cpp:l.91:PrecomputeCRTTables(): HYBRID key switching parameters: Can't appropriately distribute 10 towers into 9 digits. Please select different number of digits.,,,,,,,,,,,,,,,
15,60,55,9,10,1,,60,HYBRID,10,555,560,10,1,60,1,60,60,615,620,881,266,L9=10;L8=9;L7=8;L6=7;L5=6;L4=5;L3=4;L2=3;L1=2
15,60,56,9,1,1,,60,HYBRID,10,564,569,1,10,565,10,600,600,1164,1169,881,-283,L9=1;L8=1;L7=1;L6=1;L5=1;L4=1;L3=1;L2=1;L1=1
15,60,56,9,2,1,,60,HYBRID,10,564,569,2,5,285,5,300,300,864,869,881,17,L9=2;L8=2;L7=2;L6=2;L5=2;L4=1;L3=1;L2=1;L1=1
15,60,56,9,3,1,,60,HYBRID,10,564,569,3,4,229,4,240,240,804,809,881,77,L9=3;L8=3;L7=2;L6=2;L5=2;L4=2;L3=1;L2=1;L1=1
15,60,56,9,4,1,,60,HYBRID,10,564,569,4,3,173,3,180,180,744,749,881,137,L9=4;L8=3;L7=3;L6=3;L5=2;L4=2;L3=2;L2=1;L1=1
15,60,56,9,5,1,,60,HYBRID,10,564,569,5,2,117,2,120,120,684,689,881,197,L9=5;L8=5;L7=4;L6=4;L5=3;L4=3;L3=2;L2=2;L1=1
15,60,56,9,6,0,/data/yja/openfhe-src/src/pke/lib/schemerns/rns-cryptoparameters.cpp:l.91:PrecomputeCRTTables(): HYBRID key switching parameters: Can't appropriately distribute 10 towers into 6 digits. Please select different number of digits.,,,,,,,,,,,,,,,
15,60,56,9,7,0,/data/yja/openfhe-src/src/pke/lib/schemerns/rns-cryptoparameters.cpp:l.91:PrecomputeCRTTables(): HYBRID key switching parameters: Can't appropriately distribute 10 towers into 7 digits. Please select different number of digits.,,,,,,,,,,,,,,,
15,60,56,9,8,0,/data/yja/openfhe-src/src/pke/lib/schemerns/rns-cryptoparameters.cpp:l.91:PrecomputeCRTTables(): HYBRID key switching parameters: Can't appropriately distribute 10 towers into 8 digits. Please select different number of digits.,,,,,,,,,,,,,,,
15,60,56,9,9,0,/data/yja/openfhe-src/src/pke/lib/schemerns/rns-cryptoparameters.cpp:l.91:PrecomputeCRTTables(): HYBRID key switching parameters: Can't appropriately distribute 10 towers into 9 digits. Please select different number of digits.,,,,,,,,,,,,,,,
15,60,56,9,10,1,,60,HYBRID,10,564,569,10,1,60,1,60,60,624,629,881,257,L9=10;L8=9;L7=8;L6=7;L5=6;L4=5;L3=4;L2=3;L1=2
15,60,57,9,1,1,,60,HYBRID,10,573,578,1,10,574,10,600,600,1173,1178,881,-292,L9=1;L8=1;L7=1;L6=1;L5=1;L4=1;L3=1;L2=1;L1=1
15,60,57,9,2,1,,60,HYBRID,10,573,578,2,5,289,5,300,300,873,878,881,8,L9=2;L8=2;L7=2;L6=2;L5=2;L4=1;L3=1;L2=1;L1=1
15,60,57,9,3,1,,60,HYBRID,10,573,578,3,4,232,4,240,240,813,818,881,68,L9=3;L8=3;L7=2;L6=2;L5=2;L4=2;L3=1;L2=1;L1=1
15,60,57,9,4,1,,60,HYBRID,10,573,578,4,3,175,3,180,180,753,758,881,128,L9=4;L8=3;L7=3;L6=3;L5=2;L4=2;L3=2;L2=1;L1=1
15,60,57,9,5,1,,60,HYBRID,10,573,578,5,2,118,2,120,120,693,698,881,188,L9=5;L8=5;L7=4;L6=4;L5=3;L4=3;L3=2;L2=2;L1=1
15,60,57,9,6,0,/data/yja/openfhe-src/src/pke/lib/schemerns/rns-cryptoparameters.cpp:l.91:PrecomputeCRTTables(): HYBRID key switching parameters: Can't appropriately distribute 10 towers into 6 digits. Please select different number of digits.,,,,,,,,,,,,,,,
15,60,57,9,7,0,/data/yja/openfhe-src/src/pke/lib/schemerns/rns-cryptoparameters.cpp:l.91:PrecomputeCRTTables(): HYBRID key switching parameters: Can't appropriately distribute 10 towers into 7 digits. Please select different number of digits.,,,,,,,,,,,,,,,
15,60,57,9,8,0,/data/yja/openfhe-src/src/pke/lib/schemerns/rns-cryptoparameters.cpp:l.91:PrecomputeCRTTables(): HYBRID key switching parameters: Can't appropriately distribute 10 towers into 8 digits. Please select different number of digits.,,,,,,,,,,,,,,,
15,60,57,9,9,0,/data/yja/openfhe-src/src/pke/lib/schemerns/rns-cryptoparameters.cpp:l.91:PrecomputeCRTTables(): HYBRID key switching parameters: Can't appropriately distribute 10 towers into 9 digits. Please select different number of digits.,,,,,,,,,,,,,,,
15,60,57,9,10,1,,60,HYBRID,10,573,578,10,1,60,1,60,60,633,638,881,248,L9=10;L8=9;L7=8;L6=7;L5=6;L4=5;L3=4;L2=3;L1=2
15,60,58,9,1,1,,60,HYBRID,10,582,587,1,10,583,10,600,600,1182,1187,881,-301,L9=1;L8=1;L7=1;L6=1;L5=1;L4=1;L3=1;L2=1;L1=1
15,60,58,9,2,1,,60,HYBRID,10,582,587,2,5,292,5,300,300,882,887,881,-1,L9=2;L8=2;L7=2;L6=2;L5=2;L4=1;L3=1;L2=1;L1=1
15,60,58,9,3,1,,60,HYBRID,10,582,587,3,4,235,4,240,240,822,827,881,59,L9=3;L8=3;L7=2;L6=2;L5=2;L4=2;L3=1;L2=1;L1=1
15,60,58,9,4,1,,60,HYBRID,10,582,587,4,3,176,3,180,180,762,767,881,119,L9=4;L8=3;L7=3;L6=3;L5=2;L4=2;L3=2;L2=1;L1=1
15,60,58,9,5,1,,60,HYBRID,10,582,587,5,2,119,2,120,120,702,707,881,179,L9=5;L8=5;L7=4;L6=4;L5=3;L4=3;L3=2;L2=2;L1=1
15,60,58,9,6,0,/data/yja/openfhe-src/src/pke/lib/schemerns/rns-cryptoparameters.cpp:l.91:PrecomputeCRTTables(): HYBRID key switching parameters: Can't appropriately distribute 10 towers into 6 digits. Please select different number of digits.,,,,,,,,,,,,,,,
15,60,58,9,7,0,/data/yja/openfhe-src/src/pke/lib/schemerns/rns-cryptoparameters.cpp:l.91:PrecomputeCRTTables(): HYBRID key switching parameters: Can't appropriately distribute 10 towers into 7 digits. Please select different number of digits.,,,,,,,,,,,,,,,
15,60,58,9,8,0,/data/yja/openfhe-src/src/pke/lib/schemerns/rns-cryptoparameters.cpp:l.91:PrecomputeCRTTables(): HYBRID key switching parameters: Can't appropriately distribute 10 towers into 8 digits. Please select different number of digits.,,,,,,,,,,,,,,,
15,60,58,9,9,0,/data/yja/openfhe-src/src/pke/lib/schemerns/rns-cryptoparameters.cpp:l.91:PrecomputeCRTTables(): HYBRID key switching parameters: Can't appropriately distribute 10 towers into 9 digits. Please select different number of digits.,,,,,,,,,,,,,,,
15,60,58,9,10,1,,60,HYBRID,10,582,587,10,1,60,1,60,60,642,647,881,239,L9=10;L8=9;L7=8;L6=7;L5=6;L4=5;L3=4;L2=3;L1=2
15,60,59,9,1,1,,60,HYBRID,10,591,596,1,10,592,10,600,600,1191,1196,881,-310,L9=1;L8=1;L7=1;L6=1;L5=1;L4=1;L3=1;L2=1;L1=1
15,60,59,9,2,1,,60,HYBRID,10,591,596,2,5,297,5,300,300,891,896,881,-10,L9=2;L8=2;L7=2;L6=2;L5=2;L4=1;L3=1;L2=1;L1=1
15,60,59,9,3,1,,60,HYBRID,10,591,596,3,4,238,4,240,240,831,836,881,50,L9=3;L8=3;L7=2;L6=2;L5=2;L4=2;L3=1;L2=1;L1=1
15,60,59,9,4,1,,60,HYBRID,10,591,596,4,3,179,3,180,180,771,776,881,110,L9=4;L8=3;L7=3;L6=3;L5=2;L4=2;L3=2;L2=1;L1=1
15,60,59,9,5,1,,60,HYBRID,10,591,596,5,2,120,2,120,120,711,716,881,170,L9=5;L8=5;L7=4;L6=4;L5=3;L4=3;L3=2;L2=2;L1=1
15,60,59,9,6,0,/data/yja/openfhe-src/src/pke/lib/schemerns/rns-cryptoparameters.cpp:l.91:PrecomputeCRTTables(): HYBRID key switching parameters: Can't appropriately distribute 10 towers into 6 digits. Please select different number of digits.,,,,,,,,,,,,,,,
15,60,59,9,7,0,/data/yja/openfhe-src/src/pke/lib/schemerns/rns-cryptoparameters.cpp:l.91:PrecomputeCRTTables(): HYBRID key switching parameters: Can't appropriately distribute 10 towers into 7 digits. Please select different number of digits.,,,,,,,,,,,,,,,
15,60,59,9,8,0,/data/yja/openfhe-src/src/pke/lib/schemerns/rns-cryptoparameters.cpp:l.91:PrecomputeCRTTables(): HYBRID key switching parameters: Can't appropriately distribute 10 towers into 8 digits. Please select different number of digits.,,,,,,,,,,,,,,,
15,60,59,9,9,0,/data/yja/openfhe-src/src/pke/lib/schemerns/rns-cryptoparameters.cpp:l.91:PrecomputeCRTTables(): HYBRID key switching parameters: Can't appropriately distribute 10 towers into 9 digits. Please select different number of digits.,,,,,,,,,,,,,,,
15,60,59,9,10,1,,60,HYBRID,10,591,596,10,1,60,1,60,60,651,656,881,230,L9=10;L8=9;L7=8;L6=7;L5=6;L4=5;L3=4;L2=3;L1=2
15,60,60,9,1,0,/data/yja/openfhe-src/src/pke/lib/scheme/gen-cryptocontext-params-validation.cpp:l.74:validateParametersForCryptocontext(): scalingModSize should be at least 14 and less than 60,,,,,,,,,,,,,,,
15,60,60,9,2,0,/data/yja/openfhe-src/src/pke/lib/scheme/gen-cryptocontext-params-validation.cpp:l.74:validateParametersForCryptocontext(): scalingModSize should be at least 14 and less than 60,,,,,,,,,,,,,,,
15,60,60,9,3,0,/data/yja/openfhe-src/src/pke/lib/scheme/gen-cryptocontext-params-validation.cpp:l.74:validateParametersForCryptocontext(): scalingModSize should be at least 14 and less than 60,,,,,,,,,,,,,,,
15,60,60,9,4,0,/data/yja/openfhe-src/src/pke/lib/scheme/gen-cryptocontext-params-validation.cpp:l.74:validateParametersForCryptocontext(): scalingModSize should be at least 14 and less than 60,,,,,,,,,,,,,,,
15,60,60,9,5,0,/data/yja/openfhe-src/src/pke/lib/scheme/gen-cryptocontext-params-validation.cpp:l.74:validateParametersForCryptocontext(): scalingModSize should be at least 14 and less than 60,,,,,,,,,,,,,,,
15,60,60,9,6,0,/data/yja/openfhe-src/src/pke/lib/scheme/gen-cryptocontext-params-validation.cpp:l.74:validateParametersForCryptocontext(): scalingModSize should be at least 14 and less than 60,,,,,,,,,,,,,,,
15,60,60,9,7,0,/data/yja/openfhe-src/src/pke/lib/scheme/gen-cryptocontext-params-validation.cpp:l.74:validateParametersForCryptocontext(): scalingModSize should be at least 14 and less than 60,,,,,,,,,,,,,,,
15,60,60,9,8,0,/data/yja/openfhe-src/src/pke/lib/scheme/gen-cryptocontext-params-validation.cpp:l.74:validateParametersForCryptocontext(): scalingModSize should be at least 14 and less than 60,,,,,,,,,,,,,,,
15,60,60,9,9,0,/data/yja/openfhe-src/src/pke/lib/scheme/gen-cryptocontext-params-validation.cpp:l.74:validateParametersForCryptocontext(): scalingModSize should be at least 14 and less than 60,,,,,,,,,,,,,,,
15,60,60,9,10,0,/data/yja/openfhe-src/src/pke/lib/scheme/gen-cryptocontext-params-validation.cpp:l.74:validateParametersForCryptocontext(): scalingModSize should be at least 14 and less than 60,,,,,,,,,,,,,,,
15,60,61,9,1,0,/data/yja/openfhe-src/src/pke/lib/scheme/gen-cryptocontext-params-validation.cpp:l.74:validateParametersForCryptocontext(): scalingModSize should be at least 14 and less than 60,,,,,,,,,,,,,,,
15,60,61,9,2,0,/data/yja/openfhe-src/src/pke/lib/scheme/gen-cryptocontext-params-validation.cpp:l.74:validateParametersForCryptocontext(): scalingModSize should be at least 14 and less than 60,,,,,,,,,,,,,,,
15,60,61,9,3,0,/data/yja/openfhe-src/src/pke/lib/scheme/gen-cryptocontext-params-validation.cpp:l.74:validateParametersForCryptocontext(): scalingModSize should be at least 14 and less than 60,,,,,,,,,,,,,,,
15,60,61,9,4,0,/data/yja/openfhe-src/src/pke/lib/scheme/gen-cryptocontext-params-validation.cpp:l.74:validateParametersForCryptocontext(): scalingModSize should be at least 14 and less than 60,,,,,,,,,,,,,,,
15,60,61,9,5,0,/data/yja/openfhe-src/src/pke/lib/scheme/gen-cryptocontext-params-validation.cpp:l.74:validateParametersForCryptocontext(): scalingModSize should be at least 14 and less than 60,,,,,,,,,,,,,,,
15,60,61,9,6,0,/data/yja/openfhe-src/src/pke/lib/scheme/gen-cryptocontext-params-validation.cpp:l.74:validateParametersForCryptocontext(): scalingModSize should be at least 14 and less than 60,,,,,,,,,,,,,,,
15,60,61,9,7,0,/data/yja/openfhe-src/src/pke/lib/scheme/gen-cryptocontext-params-validation.cpp:l.74:validateParametersForCryptocontext(): scalingModSize should be at least 14 and less than 60,,,,,,,,,,,,,,,
15,60,61,9,8,0,/data/yja/openfhe-src/src/pke/lib/scheme/gen-cryptocontext-params-validation.cpp:l.74:validateParametersForCryptocontext(): scalingModSize should be at least 14 and less than 60,,,,,,,,,,,,,,,
15,60,61,9,9,0,/data/yja/openfhe-src/src/pke/lib/scheme/gen-cryptocontext-params-validation.cpp:l.74:validateParametersForCryptocontext(): scalingModSize should be at least 14 and less than 60,,,,,,,,,,,,,,,
15,60,61,9,10,0,/data/yja/openfhe-src/src/pke/lib/scheme/gen-cryptocontext-params-validation.cpp:l.74:validateParametersForCryptocontext(): scalingModSize should be at least 14 and less than 60,,,,,,,,,,,,,,,
15,60,62,9,1,0,/data/yja/openfhe-src/src/pke/lib/scheme/gen-cryptocontext-params-validation.cpp:l.74:validateParametersForCryptocontext(): scalingModSize should be at least 14 and less than 60,,,,,,,,,,,,,,,
15,60,62,9,2,0,/data/yja/openfhe-src/src/pke/lib/scheme/gen-cryptocontext-params-validation.cpp:l.74:validateParametersForCryptocontext(): scalingModSize should be at least 14 and less than 60,,,,,,,,,,,,,,,
15,60,62,9,3,0,/data/yja/openfhe-src/src/pke/lib/scheme/gen-cryptocontext-params-validation.cpp:l.74:validateParametersForCryptocontext(): scalingModSize should be at least 14 and less than 60,,,,,,,,,,,,,,,
15,60,62,9,4,0,/data/yja/openfhe-src/src/pke/lib/scheme/gen-cryptocontext-params-validation.cpp:l.74:validateParametersForCryptocontext(): scalingModSize should be at least 14 and less than 60,,,,,,,,,,,,,,,
15,60,62,9,5,0,/data/yja/openfhe-src/src/pke/lib/scheme/gen-cryptocontext-params-validation.cpp:l.74:validateParametersForCryptocontext(): scalingModSize should be at least 14 and less than 60,,,,,,,,,,,,,,,
15,60,62,9,6,0,/data/yja/openfhe-src/src/pke/lib/scheme/gen-cryptocontext-params-validation.cpp:l.74:validateParametersForCryptocontext(): scalingModSize should be at least 14 and less than 60,,,,,,,,,,,,,,,
15,60,62,9,7,0,/data/yja/openfhe-src/src/pke/lib/scheme/gen-cryptocontext-params-validation.cpp:l.74:validateParametersForCryptocontext(): scalingModSize should be at least 14 and less than 60,,,,,,,,,,,,,,,
15,60,62,9,8,0,/data/yja/openfhe-src/src/pke/lib/scheme/gen-cryptocontext-params-validation.cpp:l.74:validateParametersForCryptocontext(): scalingModSize should be at least 14 and less than 60,,,,,,,,,,,,,,,
15,60,62,9,9,0,/data/yja/openfhe-src/src/pke/lib/scheme/gen-cryptocontext-params-validation.cpp:l.74:validateParametersForCryptocontext(): scalingModSize should be at least 14 and less than 60,,,,,,,,,,,,,,,
15,60,62,9,10,0,/data/yja/openfhe-src/src/pke/lib/scheme/gen-cryptocontext-params-validation.cpp:l.74:validateParametersForCryptocontext(): scalingModSize should be at least 14 and less than 60,,,,,,,,,,,,,,,
15,60,63,9,1,0,/data/yja/openfhe-src/src/pke/lib/scheme/gen-cryptocontext-params-validation.cpp:l.74:validateParametersForCryptocontext(): scalingModSize should be at least 14 and less than 60,,,,,,,,,,,,,,,
15,60,63,9,2,0,/data/yja/openfhe-src/src/pke/lib/scheme/gen-cryptocontext-params-validation.cpp:l.74:validateParametersForCryptocontext(): scalingModSize should be at least 14 and less than 60,,,,,,,,,,,,,,,
15,60,63,9,3,0,/data/yja/openfhe-src/src/pke/lib/scheme/gen-cryptocontext-params-validation.cpp:l.74:validateParametersForCryptocontext(): scalingModSize should be at least 14 and less than 60,,,,,,,,,,,,,,,
15,60,63,9,4,0,/data/yja/openfhe-src/src/pke/lib/scheme/gen-cryptocontext-params-validation.cpp:l.74:validateParametersForCryptocontext(): scalingModSize should be at least 14 and less than 60,,,,,,,,,,,,,,,
15,60,63,9,5,0,/data/yja/openfhe-src/src/pke/lib/scheme/gen-cryptocontext-params-validation.cpp:l.74:validateParametersForCryptocontext(): scalingModSize should be at least 14 and less than 60,,,,,,,,,,,,,,,
15,60,63,9,6,0,/data/yja/openfhe-src/src/pke/lib/scheme/gen-cryptocontext-params-validation.cpp:l.74:validateParametersForCryptocontext(): scalingModSize should be at least 14 and less than 60,,,,,,,,,,,,,,,
15,60,63,9,7,0,/data/yja/openfhe-src/src/pke/lib/scheme/gen-cryptocontext-params-validation.cpp:l.74:validateParametersForCryptocontext(): scalingModSize should be at least 14 and less than 60,,,,,,,,,,,,,,,
15,60,63,9,8,0,/data/yja/openfhe-src/src/pke/lib/scheme/gen-cryptocontext-params-validation.cpp:l.74:validateParametersForCryptocontext(): scalingModSize should be at least 14 and less than 60,,,,,,,,,,,,,,,
15,60,63,9,9,0,/data/yja/openfhe-src/src/pke/lib/scheme/gen-cryptocontext-params-validation.cpp:l.74:validateParametersForCryptocontext(): scalingModSize should be at least 14 and less than 60,,,,,,,,,,,,,,,
15,60,63,9,10,0,/data/yja/openfhe-src/src/pke/lib/scheme/gen-cryptocontext-params-validation.cpp:l.74:validateParametersForCryptocontext(): scalingModSize should be at least 14 and less than 60,,,,,,,,,,,,,,,
15,60,64,9,1,0,/data/yja/openfhe-src/src/pke/lib/scheme/gen-cryptocontext-params-validation.cpp:l.74:validateParametersForCryptocontext(): scalingModSize should be at least 14 and less than 60,,,,,,,,,,,,,,,
15,60,64,9,2,0,/data/yja/openfhe-src/src/pke/lib/scheme/gen-cryptocontext-params-validation.cpp:l.74:validateParametersForCryptocontext(): scalingModSize should be at least 14 and less than 60,,,,,,,,,,,,,,,
15,60,64,9,3,0,/data/yja/openfhe-src/src/pke/lib/scheme/gen-cryptocontext-params-validation.cpp:l.74:validateParametersForCryptocontext(): scalingModSize should be at least 14 and less than 60,,,,,,,,,,,,,,,
15,60,64,9,4,0,/data/yja/openfhe-src/src/pke/lib/scheme/gen-cryptocontext-params-validation.cpp:l.74:validateParametersForCryptocontext(): scalingModSize should be at least 14 and less than 60,,,,,,,,,,,,,,,
15,60,64,9,5,0,/data/yja/openfhe-src/src/pke/lib/scheme/gen-cryptocontext-params-validation.cpp:l.74:validateParametersForCryptocontext(): scalingModSize should be at least 14 and less than 60,,,,,,,,,,,,,,,
15,60,64,9,6,0,/data/yja/openfhe-src/src/pke/lib/scheme/gen-cryptocontext-params-validation.cpp:l.74:validateParametersForCryptocontext(): scalingModSize should be at least 14 and less than 60,,,,,,,,,,,,,,,
15,60,64,9,7,0,/data/yja/openfhe-src/src/pke/lib/scheme/gen-cryptocontext-params-validation.cpp:l.74:validateParametersForCryptocontext(): scalingModSize should be at least 14 and less than 60,,,,,,,,,,,,,,,
15,60,64,9,8,0,/data/yja/openfhe-src/src/pke/lib/scheme/gen-cryptocontext-params-validation.cpp:l.74:validateParametersForCryptocontext(): scalingModSize should be at least 14 and less than 60,,,,,,,,,,,,,,,
15,60,64,9,9,0,/data/yja/openfhe-src/src/pke/lib/scheme/gen-cryptocontext-params-validation.cpp:l.74:validateParametersForCryptocontext(): scalingModSize should be at least 14 and less than 60,,,,,,,,,,,,,,,
15,60,64,9,10,0,/data/yja/openfhe-src/src/pke/lib/scheme/gen-cryptocontext-params-validation.cpp:l.74:validateParametersForCryptocontext(): scalingModSize should be at least 14 and less than 60,,,,,,,,,,,,,,,
15,60,65,9,1,0,/data/yja/openfhe-src/src/pke/lib/scheme/gen-cryptocontext-params-validation.cpp:l.74:validateParametersForCryptocontext(): scalingModSize should be at least 14 and less than 60,,,,,,,,,,,,,,,
15,60,65,9,2,0,/data/yja/openfhe-src/src/pke/lib/scheme/gen-cryptocontext-params-validation.cpp:l.74:validateParametersForCryptocontext(): scalingModSize should be at least 14 and less than 60,,,,,,,,,,,,,,,
15,60,65,9,3,0,/data/yja/openfhe-src/src/pke/lib/scheme/gen-cryptocontext-params-validation.cpp:l.74:validateParametersForCryptocontext(): scalingModSize should be at least 14 and less than 60,,,,,,,,,,,,,,,
15,60,65,9,4,0,/data/yja/openfhe-src/src/pke/lib/scheme/gen-cryptocontext-params-validation.cpp:l.74:validateParametersForCryptocontext(): scalingModSize should be at least 14 and less than 60,,,,,,,,,,,,,,,
15,60,65,9,5,0,/data/yja/openfhe-src/src/pke/lib/scheme/gen-cryptocontext-params-validation.cpp:l.74:validateParametersForCryptocontext(): scalingModSize should be at least 14 and less than 60,,,,,,,,,,,,,,,
15,60,65,9,6,0,/data/yja/openfhe-src/src/pke/lib/scheme/gen-cryptocontext-params-validation.cpp:l.74:validateParametersForCryptocontext(): scalingModSize should be at least 14 and less than 60,,,,,,,,,,,,,,,
15,60,65,9,7,0,/data/yja/openfhe-src/src/pke/lib/scheme/gen-cryptocontext-params-validation.cpp:l.74:validateParametersForCryptocontext(): scalingModSize should be at least 14 and less than 60,,,,,,,,,,,,,,,
15,60,65,9,8,0,/data/yja/openfhe-src/src/pke/lib/scheme/gen-cryptocontext-params-validation.cpp:l.74:validateParametersForCryptocontext(): scalingModSize should be at least 14 and less than 60,,,,,,,,,,,,,,,
15,60,65,9,9,0,/data/yja/openfhe-src/src/pke/lib/scheme/gen-cryptocontext-params-validation.cpp:l.74:validateParametersForCryptocontext(): scalingModSize should be at least 14 and less than 60,,,,,,,,,,,,,,,
15,60,65,9,10,0,/data/yja/openfhe-src/src/pke/lib/scheme/gen-cryptocontext-params-validation.cpp:l.74:validateParametersForCryptocontext(): scalingModSize should be at least 14 and less than 60,,,,,,,,,,,,,,,
15,60,66,9,1,0,/data/yja/openfhe-src/src/pke/lib/scheme/gen-cryptocontext-params-validation.cpp:l.74:validateParametersForCryptocontext(): scalingModSize should be at least 14 and less than 60,,,,,,,,,,,,,,,
15,60,66,9,2,0,/data/yja/openfhe-src/src/pke/lib/scheme/gen-cryptocontext-params-validation.cpp:l.74:validateParametersForCryptocontext(): scalingModSize should be at least 14 and less than 60,,,,,,,,,,,,,,,
15,60,66,9,3,0,/data/yja/openfhe-src/src/pke/lib/scheme/gen-cryptocontext-params-validation.cpp:l.74:validateParametersForCryptocontext(): scalingModSize should be at least 14 and less than 60,,,,,,,,,,,,,,,
15,60,66,9,4,0,/data/yja/openfhe-src/src/pke/lib/scheme/gen-cryptocontext-params-validation.cpp:l.74:validateParametersForCryptocontext(): scalingModSize should be at least 14 and less than 60,,,,,,,,,,,,,,,
15,60,66,9,5,0,/data/yja/openfhe-src/src/pke/lib/scheme/gen-cryptocontext-params-validation.cpp:l.74:validateParametersForCryptocontext(): scalingModSize should be at least 14 and less than 60,,,,,,,,,,,,,,,
15,60,66,9,6,0,/data/yja/openfhe-src/src/pke/lib/scheme/gen-cryptocontext-params-validation.cpp:l.74:validateParametersForCryptocontext(): scalingModSize should be at least 14 and less than 60,,,,,,,,,,,,,,,
15,60,66,9,7,0,/data/yja/openfhe-src/src/pke/lib/scheme/gen-cryptocontext-params-validation.cpp:l.74:validateParametersForCryptocontext(): scalingModSize should be at least 14 and less than 60,,,,,,,,,,,,,,,
15,60,66,9,8,0,/data/yja/openfhe-src/src/pke/lib/scheme/gen-cryptocontext-params-validation.cpp:l.74:validateParametersForCryptocontext(): scalingModSize should be at least 14 and less than 60,,,,,,,,,,,,,,,
15,60,66,9,9,0,/data/yja/openfhe-src/src/pke/lib/scheme/gen-cryptocontext-params-validation.cpp:l.74:validateParametersForCryptocontext(): scalingModSize should be at least 14 and less than 60,,,,,,,,,,,,,,,
15,60,66,9,10,0,/data/yja/openfhe-src/src/pke/lib/scheme/gen-cryptocontext-params-validation.cpp:l.74:validateParametersForCryptocontext(): scalingModSize should be at least 14 and less than 60,,,,,,,,,,,,,,,
15,60,67,9,1,0,/data/yja/openfhe-src/src/pke/lib/scheme/gen-cryptocontext-params-validation.cpp:l.74:validateParametersForCryptocontext(): scalingModSize should be at least 14 and less than 60,,,,,,,,,,,,,,,
15,60,67,9,2,0,/data/yja/openfhe-src/src/pke/lib/scheme/gen-cryptocontext-params-validation.cpp:l.74:validateParametersForCryptocontext(): scalingModSize should be at least 14 and less than 60,,,,,,,,,,,,,,,
15,60,67,9,3,0,/data/yja/openfhe-src/src/pke/lib/scheme/gen-cryptocontext-params-validation.cpp:l.74:validateParametersForCryptocontext(): scalingModSize should be at least 14 and less than 60,,,,,,,,,,,,,,,
15,60,67,9,4,0,/data/yja/openfhe-src/src/pke/lib/scheme/gen-cryptocontext-params-validation.cpp:l.74:validateParametersForCryptocontext(): scalingModSize should be at least 14 and less than 60,,,,,,,,,,,,,,,
15,60,67,9,5,0,/data/yja/openfhe-src/src/pke/lib/scheme/gen-cryptocontext-params-validation.cpp:l.74:validateParametersForCryptocontext(): scalingModSize should be at least 14 and less than 60,,,,,,,,,,,,,,,
15,60,67,9,6,0,/data/yja/openfhe-src/src/pke/lib/scheme/gen-cryptocontext-params-validation.cpp:l.74:validateParametersForCryptocontext(): scalingModSize should be at least 14 and less than 60,,,,,,,,,,,,,,,
15,60,67,9,7,0,/data/yja/openfhe-src/src/pke/lib/scheme/gen-cryptocontext-params-validation.cpp:l.74:validateParametersForCryptocontext(): scalingModSize should be at least 14 and less than 60,,,,,,,,,,,,,,,
15,60,67,9,8,0,/data/yja/openfhe-src/src/pke/lib/scheme/gen-cryptocontext-params-validation.cpp:l.74:validateParametersForCryptocontext(): scalingModSize should be at least 14 and less than 60,,,,,,,,,,,,,,,
15,60,67,9,9,0,/data/yja/openfhe-src/src/pke/lib/scheme/gen-cryptocontext-params-validation.cpp:l.74:validateParametersForCryptocontext(): scalingModSize should be at least 14 and less than 60,,,,,,,,,,,,,,,
15,60,67,9,10,0,/data/yja/openfhe-src/src/pke/lib/scheme/gen-cryptocontext-params-validation.cpp:l.74:validateParametersForCryptocontext(): scalingModSize should be at least 14 and less than 60,,,,,,,,,,,,,,,
15,60,68,9,1,0,/data/yja/openfhe-src/src/pke/lib/scheme/gen-cryptocontext-params-validation.cpp:l.74:validateParametersForCryptocontext(): scalingModSize should be at least 14 and less than 60,,,,,,,,,,,,,,,
15,60,68,9,2,0,/data/yja/openfhe-src/src/pke/lib/scheme/gen-cryptocontext-params-validation.cpp:l.74:validateParametersForCryptocontext(): scalingModSize should be at least 14 and less than 60,,,,,,,,,,,,,,,
15,60,68,9,3,0,/data/yja/openfhe-src/src/pke/lib/scheme/gen-cryptocontext-params-validation.cpp:l.74:validateParametersForCryptocontext(): scalingModSize should be at least 14 and less than 60,,,,,,,,,,,,,,,
15,60,68,9,4,0,/data/yja/openfhe-src/src/pke/lib/scheme/gen-cryptocontext-params-validation.cpp:l.74:validateParametersForCryptocontext(): scalingModSize should be at least 14 and less than 60,,,,,,,,,,,,,,,
15,60,68,9,5,0,/data/yja/openfhe-src/src/pke/lib/scheme/gen-cryptocontext-params-validation.cpp:l.74:validateParametersForCryptocontext(): scalingModSize should be at least 14 and less than 60,,,,,,,,,,,,,,,
15,60,68,9,6,0,/data/yja/openfhe-src/src/pke/lib/scheme/gen-cryptocontext-params-validation.cpp:l.74:validateParametersForCryptocontext(): scalingModSize should be at least 14 and less than 60,,,,,,,,,,,,,,,
15,60,68,9,7,0,/data/yja/openfhe-src/src/pke/lib/scheme/gen-cryptocontext-params-validation.cpp:l.74:validateParametersForCryptocontext(): scalingModSize should be at least 14 and less than 60,,,,,,,,,,,,,,,
15,60,68,9,8,0,/data/yja/openfhe-src/src/pke/lib/scheme/gen-cryptocontext-params-validation.cpp:l.74:validateParametersForCryptocontext(): scalingModSize should be at least 14 and less than 60,,,,,,,,,,,,,,,
15,60,68,9,9,0,/data/yja/openfhe-src/src/pke/lib/scheme/gen-cryptocontext-params-validation.cpp:l.74:validateParametersForCryptocontext(): scalingModSize should be at least 14 and less than 60,,,,,,,,,,,,,,,
15,60,68,9,10,0,/data/yja/openfhe-src/src/pke/lib/scheme/gen-cryptocontext-params-validation.cpp:l.74:validateParametersForCryptocontext(): scalingModSize should be at least 14 and less than 60,,,,,,,,,,,,,,,
15,60,69,9,1,0,/data/yja/openfhe-src/src/pke/lib/scheme/gen-cryptocontext-params-validation.cpp:l.74:validateParametersForCryptocontext(): scalingModSize should be at least 14 and less than 60,,,,,,,,,,,,,,,
15,60,69,9,2,0,/data/yja/openfhe-src/src/pke/lib/scheme/gen-cryptocontext-params-validation.cpp:l.74:validateParametersForCryptocontext(): scalingModSize should be at least 14 and less than 60,,,,,,,,,,,,,,,
15,60,69,9,3,0,/data/yja/openfhe-src/src/pke/lib/scheme/gen-cryptocontext-params-validation.cpp:l.74:validateParametersForCryptocontext(): scalingModSize should be at least 14 and less than 60,,,,,,,,,,,,,,,
15,60,69,9,4,0,/data/yja/openfhe-src/src/pke/lib/scheme/gen-cryptocontext-params-validation.cpp:l.74:validateParametersForCryptocontext(): scalingModSize should be at least 14 and less than 60,,,,,,,,,,,,,,,
15,60,69,9,5,0,/data/yja/openfhe-src/src/pke/lib/scheme/gen-cryptocontext-params-validation.cpp:l.74:validateParametersForCryptocontext(): scalingModSize should be at least 14 and less than 60,,,,,,,,,,,,,,,
15,60,69,9,6,0,/data/yja/openfhe-src/src/pke/lib/scheme/gen-cryptocontext-params-validation.cpp:l.74:validateParametersForCryptocontext(): scalingModSize should be at least 14 and less than 60,,,,,,,,,,,,,,,
15,60,69,9,7,0,/data/yja/openfhe-src/src/pke/lib/scheme/gen-cryptocontext-params-validation.cpp:l.74:validateParametersForCryptocontext(): scalingModSize should be at least 14 and less than 60,,,,,,,,,,,,,,,
15,60,69,9,8,0,/data/yja/openfhe-src/src/pke/lib/scheme/gen-cryptocontext-params-validation.cpp:l.74:validateParametersForCryptocontext(): scalingModSize should be at least 14 and less than 60,,,,,,,,,,,,,,,
15,60,69,9,9,0,/data/yja/openfhe-src/src/pke/lib/scheme/gen-cryptocontext-params-validation.cpp:l.74:validateParametersForCryptocontext(): scalingModSize should be at least 14 and less than 60,,,,,,,,,,,,,,,
15,60,69,9,10,0,/data/yja/openfhe-src/src/pke/lib/scheme/gen-cryptocontext-params-validation.cpp:l.74:validateParametersForCryptocontext(): scalingModSize should be at least 14 and less than 60,,,,,,,,,,,,,,,
15,60,70,9,1,0,/data/yja/openfhe-src/src/pke/lib/scheme/gen-cryptocontext-params-validation.cpp:l.74:validateParametersForCryptocontext(): scalingModSize should be at least 14 and less than 60,,,,,,,,,,,,,,,
15,60,70,9,2,0,/data/yja/openfhe-src/src/pke/lib/scheme/gen-cryptocontext-params-validation.cpp:l.74:validateParametersForCryptocontext(): scalingModSize should be at least 14 and less than 60,,,,,,,,,,,,,,,
15,60,70,9,3,0,/data/yja/openfhe-src/src/pke/lib/scheme/gen-cryptocontext-params-validation.cpp:l.74:validateParametersForCryptocontext(): scalingModSize should be at least 14 and less than 60,,,,,,,,,,,,,,,
15,60,70,9,4,0,/data/yja/openfhe-src/src/pke/lib/scheme/gen-cryptocontext-params-validation.cpp:l.74:validateParametersForCryptocontext(): scalingModSize should be at least 14 and less than 60,,,,,,,,,,,,,,,
15,60,70,9,5,0,/data/yja/openfhe-src/src/pke/lib/scheme/gen-cryptocontext-params-validation.cpp:l.74:validateParametersForCryptocontext(): scalingModSize should be at least 14 and less than 60,,,,,,,,,,,,,,,
15,60,70,9,6,0,/data/yja/openfhe-src/src/pke/lib/scheme/gen-cryptocontext-params-validation.cpp:l.74:validateParametersForCryptocontext(): scalingModSize should be at least 14 and less than 60,,,,,,,,,,,,,,,
15,60,70,9,7,0,/data/yja/openfhe-src/src/pke/lib/scheme/gen-cryptocontext-params-validation.cpp:l.74:validateParametersForCryptocontext(): scalingModSize should be at least 14 and less than 60,,,,,,,,,,,,,,,
15,60,70,9,8,0,/data/yja/openfhe-src/src/pke/lib/scheme/gen-cryptocontext-params-validation.cpp:l.74:validateParametersForCryptocontext(): scalingModSize should be at least 14 and less than 60,,,,,,,,,,,,,,,
15,60,70,9,9,0,/data/yja/openfhe-src/src/pke/lib/scheme/gen-cryptocontext-params-validation.cpp:l.74:validateParametersForCryptocontext(): scalingModSize should be at least 14 and less than 60,,,,,,,,,,,,,,,
15,60,70,9,10,0,/data/yja/openfhe-src/src/pke/lib/scheme/gen-cryptocontext-params-validation.cpp:l.74:validateParametersForCryptocontext(): scalingModSize should be at least 14 and less than 60,,,,,,,,,,,,,,,
15,60,45,10,1,1,,60,HYBRID,11,510,515,1,11,510,9,540,540,1050,1055,881,-169,L10=1;L9=1;L8=1;L7=1;L6=1;L5=1;L4=1;L3=1;L2=1;L1=1
15,60,45,10,2,1,,60,HYBRID,11,510,515,2,6,285,5,300,300,810,815,881,71,L10=2;L9=2;L8=2;L7=2;L6=2;L5=1;L4=1;L3=1;L2=1;L1=1
15,60,45,10,3,1,,60,HYBRID,11,510,515,3,4,195,4,240,240,750,755,881,131,L10=3;L9=3;L8=3;L7=2;L6=2;L5=2;L4=2;L3=1;L2=1;L1=1
15,60,45,10,4,1,,60,HYBRID,11,510,515,4,3,150,3,180,180,690,695,881,191,L10=4;L9=4;L8=3;L7=3;L6=3;L5=2;L4=2;L3=2;L2=1;L1=1
15,60,45,10,5,0,/data/yja/openfhe-src/src/pke/lib/schemerns/rns-cryptoparameters.cpp:l.91:PrecomputeCRTTables(): HYBRID key switching parameters: Can't appropriately distribute 11 towers into 5 digits. Please select different number of digits.,,,,,,,,,,,,,,,
15,60,45,10,6,1,,60,HYBRID,11,510,515,6,2,105,2,120,120,630,635,881,251,L10=6;L9=5;L8=5;L7=4;L6=4;L5=3;L4=3;L3=2;L2=2;L1=1
15,60,45,10,7,0,/data/yja/openfhe-src/src/pke/lib/schemerns/rns-cryptoparameters.cpp:l.91:PrecomputeCRTTables(): HYBRID key switching parameters: Can't appropriately distribute 11 towers into 7 digits. Please select different number of digits.,,,,,,,,,,,,,,,
15,60,45,10,8,0,/data/yja/openfhe-src/src/pke/lib/schemerns/rns-cryptoparameters.cpp:l.91:PrecomputeCRTTables(): HYBRID key switching parameters: Can't appropriately distribute 11 towers into 8 digits. Please select different number of digits.,,,,,,,,,,,,,,,
15,60,45,10,9,0,/data/yja/openfhe-src/src/pke/lib/schemerns/rns-cryptoparameters.cpp:l.91:PrecomputeCRTTables(): HYBRID key switching parameters: Can't appropriately distribute 11 towers into 9 digits. Please select different number of digits.,,,,,,,,,,,,,,,
15,60,45,10,10,0,/data/yja/openfhe-src/src/pke/lib/schemerns/rns-cryptoparameters.cpp:l.91:PrecomputeCRTTables(): HYBRID key switching parameters: Can't appropriately distribute 11 towers into 10 digits. Please select different number of digits.,,,,,,,,,,,,,,,
15,60,45,10,11,1,,60,HYBRID,11,510,515,11,1,60,1,60,60,570,575,881,311,L10=11;L9=10;L8=9;L7=8;L6=7;L5=6;L4=5;L3=4;L2=3;L1=2
15,60,46,10,1,1,,60,HYBRID,11,520,525,1,11,520,9,540,540,1060,1065,881,-179,L10=1;L9=1;L8=1;L7=1;L6=1;L5=1;L4=1;L3=1;L2=1;L1=1
15,60,46,10,2,1,,60,HYBRID,11,520,525,2,6,290,5,300,300,820,825,881,61,L10=2;L9=2;L8=2;L7=2;L6=2;L5=1;L4=1;L3=1;L2=1;L1=1
15,60,46,10,3,1,,60,HYBRID,11,520,525,3,4,198,4,240,240,760,765,881,121,L10=3;L9=3;L8=3;L7=2;L6=2;L5=2;L4=2;L3=1;L2=1;L1=1
15,60,46,10,4,1,,60,HYBRID,11,520,525,4,3,152,3,180,180,700,705,881,181,L10=4;L9=4;L8=3;L7=3;L6=3;L5=2;L4=2;L3=2;L2=1;L1=1
15,60,46,10,5,0,/data/yja/openfhe-src/src/pke/lib/schemerns/rns-cryptoparameters.cpp:l.91:PrecomputeCRTTables(): HYBRID key switching parameters: Can't appropriately distribute 11 towers into 5 digits. Please select different number of digits.,,,,,,,,,,,,,,,
15,60,46,10,6,1,,60,HYBRID,11,520,525,6,2,106,2,120,120,640,645,881,241,L10=6;L9=5;L8=5;L7=4;L6=4;L5=3;L4=3;L3=2;L2=2;L1=1
15,60,46,10,7,0,/data/yja/openfhe-src/src/pke/lib/schemerns/rns-cryptoparameters.cpp:l.91:PrecomputeCRTTables(): HYBRID key switching parameters: Can't appropriately distribute 11 towers into 7 digits. Please select different number of digits.,,,,,,,,,,,,,,,
15,60,46,10,8,0,/data/yja/openfhe-src/src/pke/lib/schemerns/rns-cryptoparameters.cpp:l.91:PrecomputeCRTTables(): HYBRID key switching parameters: Can't appropriately distribute 11 towers into 8 digits. Please select different number of digits.,,,,,,,,,,,,,,,
15,60,46,10,9,0,/data/yja/openfhe-src/src/pke/lib/schemerns/rns-cryptoparameters.cpp:l.91:PrecomputeCRTTables(): HYBRID key switching parameters: Can't appropriately distribute 11 towers into 9 digits. Please select different number of digits.,,,,,,,,,,,,,,,
15,60,46,10,10,0,/data/yja/openfhe-src/src/pke/lib/schemerns/rns-cryptoparameters.cpp:l.91:PrecomputeCRTTables(): HYBRID key switching parameters: Can't appropriately distribute 11 towers into 10 digits. Please select different number of digits.,,,,,,,,,,,,,,,
15,60,46,10,11,1,,60,HYBRID,11,520,525,11,1,60,1,60,60,580,585,881,301,L10=11;L9=10;L8=9;L7=8;L6=7;L5=6;L4=5;L3=4;L2=3;L1=2
15,60,47,10,1,1,,60,HYBRID,11,530,535,1,11,531,9,540,540,1070,1075,881,-189,L10=1;L9=1;L8=1;L7=1;L6=1;L5=1;L4=1;L3=1;L2=1;L1=1
15,60,47,10,2,1,,60,HYBRID,11,530,535,2,6,296,5,300,300,830,835,881,51,L10=2;L9=2;L8=2;L7=2;L6=2;L5=1;L4=1;L3=1;L2=1;L1=1
15,60,47,10,3,1,,60,HYBRID,11,530,535,3,4,202,4,240,240,770,775,881,111,L10=3;L9=3;L8=3;L7=2;L6=2;L5=2;L4=2;L3=1;L2=1;L1=1
15,60,47,10,4,1,,60,HYBRID,11,530,535,4,3,155,3,180,180,710,715,881,171,L10=4;L9=4;L8=3;L7=3;L6=3;L5=2;L4=2;L3=2;L2=1;L1=1
15,60,47,10,5,0,/data/yja/openfhe-src/src/pke/lib/schemerns/rns-cryptoparameters.cpp:l.91:PrecomputeCRTTables(): HYBRID key switching parameters: Can't appropriately distribute 11 towers into 5 digits. Please select different number of digits.,,,,,,,,,,,,,,,
15,60,47,10,6,1,,60,HYBRID,11,530,535,6,2,107,2,120,120,650,655,881,231,L10=6;L9=5;L8=5;L7=4;L6=4;L5=3;L4=3;L3=2;L2=2;L1=1
15,60,47,10,7,0,/data/yja/openfhe-src/src/pke/lib/schemerns/rns-cryptoparameters.cpp:l.91:PrecomputeCRTTables(): HYBRID key switching parameters: Can't appropriately distribute 11 towers into 7 digits. Please select different number of digits.,,,,,,,,,,,,,,,
15,60,47,10,8,0,/data/yja/openfhe-src/src/pke/lib/schemerns/rns-cryptoparameters.cpp:l.91:PrecomputeCRTTables(): HYBRID key switching parameters: Can't appropriately distribute 11 towers into 8 digits. Please select different number of digits.,,,,,,,,,,,,,,,
15,60,47,10,9,0,/data/yja/openfhe-src/src/pke/lib/schemerns/rns-cryptoparameters.cpp:l.91:PrecomputeCRTTables(): HYBRID key switching parameters: Can't appropriately distribute 11 towers into 9 digits. Please select different number of digits.,,,,,,,,,,,,,,,
15,60,47,10,10,0,/data/yja/openfhe-src/src/pke/lib/schemerns/rns-cryptoparameters.cpp:l.91:PrecomputeCRTTables(): HYBRID key switching parameters: Can't appropriately distribute 11 towers into 10 digits. Please select different number of digits.,,,,,,,,,,,,,,,
15,60,47,10,11,1,,60,HYBRID,11,530,535,11,1,60,1,60,60,590,595,881,291,L10=11;L9=10;L8=9;L7=8;L6=7;L5=6;L4=5;L3=4;L2=3;L1=2
15,60,48,10,1,1,,60,HYBRID,11,540,545,1,11,541,10,600,600,1140,1145,881,-259,L10=1;L9=1;L8=1;L7=1;L6=1;L5=1;L4=1;L3=1;L2=1;L1=1
15,60,48,10,2,1,,60,HYBRID,11,540,545,2,6,300,5,300,300,840,845,881,41,L10=2;L9=2;L8=2;L7=2;L6=2;L5=1;L4=1;L3=1;L2=1;L1=1
15,60,48,10,3,1,,60,HYBRID,11,540,545,3,4,204,4,240,240,780,785,881,101,L10=3;L9=3;L8=3;L7=2;L6=2;L5=2;L4=2;L3=1;L2=1;L1=1
15,60,48,10,4,1,,60,HYBRID,11,540,545,4,3,157,3,180,180,720,725,881,161,L10=4;L9=4;L8=3;L7=3;L6=3;L5=2;L4=2;L3=2;L2=1;L1=1
15,60,48,10,5,0,/data/yja/openfhe-src/src/pke/lib/schemerns/rns-cryptoparameters.cpp:l.91:PrecomputeCRTTables(): HYBRID key switching parameters: Can't appropriately distribute 11 towers into 5 digits. Please select different number of digits.,,,,,,,,,,,,,,,
15,60,48,10,6,1,,60,HYBRID,11,540,545,6,2,108,2,120,120,660,665,881,221,L10=6;L9=5;L8=5;L7=4;L6=4;L5=3;L4=3;L3=2;L2=2;L1=1
15,60,48,10,7,0,/data/yja/openfhe-src/src/pke/lib/schemerns/rns-cryptoparameters.cpp:l.91:PrecomputeCRTTables(): HYBRID key switching parameters: Can't appropriately distribute 11 towers into 7 digits. Please select different number of digits.,,,,,,,,,,,,,,,
15,60,48,10,8,0,/data/yja/openfhe-src/src/pke/lib/schemerns/rns-cryptoparameters.cpp:l.91:PrecomputeCRTTables(): HYBRID key switching parameters: Can't appropriately distribute 11 towers into 8 digits. Please select different number of digits.,,,,,,,,,,,,,,,
15,60,48,10,9,0,/data/yja/openfhe-src/src/pke/lib/schemerns/rns-cryptoparameters.cpp:l.91:PrecomputeCRTTables(): HYBRID key switching parameters: Can't appropriately distribute 11 towers into 9 digits. Please select different number of digits.,,,,,,,,,,,,,,,
15,60,48,10,10,0,/data/yja/openfhe-src/src/pke/lib/schemerns/rns-cryptoparameters.cpp:l.91:PrecomputeCRTTables(): HYBRID key switching parameters: Can't appropriately distribute 11 towers into 10 digits. Please select different number of digits.,,,,,,,,,,,,,,,
15,60,48,10,11,1,,60,HYBRID,11,540,545,11,1,60,1,60,60,600,605,881,281,L10=11;L9=10;L8=9;L7=8;L6=7;L5=6;L4=5;L3=4;L2=3;L1=2
15,60,49,10,1,1,,60,HYBRID,11,550,555,1,11,551,10,600,600,1150,1155,881,-269,L10=1;L9=1;L8=1;L7=1;L6=1;L5=1;L4=1;L3=1;L2=1;L1=1
15,60,49,10,2,1,,60,HYBRID,11,550,555,2,6,306,6,360,360,910,915,881,-29,L10=2;L9=2;L8=2;L7=2;L6=2;L5=1;L4=1;L3=1;L2=1;L1=1
15,60,49,10,3,1,,60,HYBRID,11,550,555,3,4,207,4,240,240,790,795,881,91,L10=3;L9=3;L8=3;L7=2;L6=2;L5=2;L4=2;L3=1;L2=1;L1=1
15,60,49,10,4,1,,60,HYBRID,11,550,555,4,3,159,3,180,180,730,735,881,151,L10=4;L9=4;L8=3;L7=3;L6=3;L5=2;L4=2;L3=2;L2=1;L1=1
15,60,49,10,5,0,/data/yja/openfhe-src/src/pke/lib/schemerns/rns-cryptoparameters.cpp:l.91:PrecomputeCRTTables(): HYBRID key switching parameters: Can't appropriately distribute 11 towers into 5 digits. Please select different number of digits.,,,,,,,,,,,,,,,
15,60,49,10,6,1,,60,HYBRID,11,550,555,6,2,109,2,120,120,670,675,881,211,L10=6;L9=5;L8=5;L7=4;L6=4;L5=3;L4=3;L3=2;L2=2;L1=1
15,60,49,10,7,0,/data/yja/openfhe-src/src/pke/lib/schemerns/rns-cryptoparameters.cpp:l.91:PrecomputeCRTTables(): HYBRID key switching parameters: Can't appropriately distribute 11 towers into 7 digits. Please select different number of digits.,,,,,,,,,,,,,,,
15,60,49,10,8,0,/data/yja/openfhe-src/src/pke/lib/schemerns/rns-cryptoparameters.cpp:l.91:PrecomputeCRTTables(): HYBRID key switching parameters: Can't appropriately distribute 11 towers into 8 digits. Please select different number of digits.,,,,,,,,,,,,,,,
15,60,49,10,9,0,/data/yja/openfhe-src/src/pke/lib/schemerns/rns-cryptoparameters.cpp:l.91:PrecomputeCRTTables(): HYBRID key switching parameters: Can't appropriately distribute 11 towers into 9 digits. Please select different number of digits.,,,,,,,,,,,,,,,
15,60,49,10,10,0,/data/yja/openfhe-src/src/pke/lib/schemerns/rns-cryptoparameters.cpp:l.91:PrecomputeCRTTables(): HYBRID key switching parameters: Can't appropriately distribute 11 towers into 10 digits. Please select different number of digits.,,,,,,,,,,,,,,,
15,60,49,10,11,1,,60,HYBRID,11,550,555,11,1,60,1,60,60,610,615,881,271,L10=11;L9=10;L8=9;L7=8;L6=7;L5=6;L4=5;L3=4;L2=3;L1=2
15,60,50,10,1,1,,60,HYBRID,11,560,565,1,11,560,10,600,600,1160,1165,881,-279,L10=1;L9=1;L8=1;L7=1;L6=1;L5=1;L4=1;L3=1;L2=1;L1=1
15,60,50,10,2,1,,60,HYBRID,11,560,565,2,6,310,6,360,360,920,925,881,-39,L10=2;L9=2;L8=2;L7=2;L6=2;L5=1;L4=1;L3=1;L2=1;L1=1
15,60,50,10,3,1,,60,HYBRID,11,560,565,3,4,210,4,240,240,800,805,881,81,L10=3;L9=3;L8=3;L7=2;L6=2;L5=2;L4=2;L3=1;L2=1;L1=1
15,60,50,10,4,1,,60,HYBRID,11,560,565,4,3,160,3,180,180,740,745,881,141,L10=4;L9=4;L8=3;L7=3;L6=3;L5=2;L4=2;L3=2;L2=1;L1=1
15,60,50,10,5,0,/data/yja/openfhe-src/src/pke/lib/schemerns/rns-cryptoparameters.cpp:l.91:PrecomputeCRTTables(): HYBRID key switching parameters: Can't appropriately distribute 11 towers into 5 digits. Please select different number of digits.,,,,,,,,,,,,,,,
15,60,50,10,6,1,,60,HYBRID,11,560,565,6,2,110,2,120,120,680,685,881,201,L10=6;L9=5;L8=5;L7=4;L6=4;L5=3;L4=3;L3=2;L2=2;L1=1
15,60,50,10,7,0,/data/yja/openfhe-src/src/pke/lib/schemerns/rns-cryptoparameters.cpp:l.91:PrecomputeCRTTables(): HYBRID key switching parameters: Can't appropriately distribute 11 towers into 7 digits. Please select different number of digits.,,,,,,,,,,,,,,,
15,60,50,10,8,0,/data/yja/openfhe-src/src/pke/lib/schemerns/rns-cryptoparameters.cpp:l.91:PrecomputeCRTTables(): HYBRID key switching parameters: Can't appropriately distribute 11 towers into 8 digits. Please select different number of digits.,,,,,,,,,,,,,,,
15,60,50,10,9,0,/data/yja/openfhe-src/src/pke/lib/schemerns/rns-cryptoparameters.cpp:l.91:PrecomputeCRTTables(): HYBRID key switching parameters: Can't appropriately distribute 11 towers into 9 digits. Please select different number of digits.,,,,,,,,,,,,,,,
15,60,50,10,10,0,/data/yja/openfhe-src/src/pke/lib/schemerns/rns-cryptoparameters.cpp:l.91:PrecomputeCRTTables(): HYBRID key switching parameters: Can't appropriately distribute 11 towers into 10 digits. Please select different number of digits.,,,,,,,,,,,,,,,
15,60,50,10,11,1,,60,HYBRID,11,560,565,11,1,60,1,60,60,620,625,881,261,L10=11;L9=10;L8=9;L7=8;L6=7;L5=6;L4=5;L3=4;L2=3;L1=2
15,60,51,10,1,1,,60,HYBRID,11,570,575,1,11,570,10,600,600,1170,1175,881,-289,L10=1;L9=1;L8=1;L7=1;L6=1;L5=1;L4=1;L3=1;L2=1;L1=1
15,60,51,10,2,1,,60,HYBRID,11,570,575,2,6,315,6,360,360,930,935,881,-49,L10=2;L9=2;L8=2;L7=2;L6=2;L5=1;L4=1;L3=1;L2=1;L1=1
15,60,51,10,3,1,,60,HYBRID,11,570,575,3,4,213,4,240,240,810,815,881,71,L10=3;L9=3;L8=3;L7=2;L6=2;L5=2;L4=2;L3=1;L2=1;L1=1
15,60,51,10,4,1,,60,HYBRID,11,570,575,4,3,163,3,180,180,750,755,881,131,L10=4;L9=4;L8=3;L7=3;L6=3;L5=2;L4=2;L3=2;L2=1;L1=1
15,60,51,10,5,0,/data/yja/openfhe-src/src/pke/lib/schemerns/rns-cryptoparameters.cpp:l.91:PrecomputeCRTTables(): HYBRID key switching parameters: Can't appropriately distribute 11 towers into 5 digits. Please select different number of digits.,,,,,,,,,,,,,,,
15,60,51,10,6,1,,60,HYBRID,11,570,575,6,2,111,2,120,120,690,695,881,191,L10=6;L9=5;L8=5;L7=4;L6=4;L5=3;L4=3;L3=2;L2=2;L1=1
15,60,51,10,7,0,/data/yja/openfhe-src/src/pke/lib/schemerns/rns-cryptoparameters.cpp:l.91:PrecomputeCRTTables(): HYBRID key switching parameters: Can't appropriately distribute 11 towers into 7 digits. Please select different number of digits.,,,,,,,,,,,,,,,
15,60,51,10,8,0,/data/yja/openfhe-src/src/pke/lib/schemerns/rns-cryptoparameters.cpp:l.91:PrecomputeCRTTables(): HYBRID key switching parameters: Can't appropriately distribute 11 towers into 8 digits. Please select different number of digits.,,,,,,,,,,,,,,,
15,60,51,10,9,0,/data/yja/openfhe-src/src/pke/lib/schemerns/rns-cryptoparameters.cpp:l.91:PrecomputeCRTTables(): HYBRID key switching parameters: Can't appropriately distribute 11 towers into 9 digits. Please select different number of digits.,,,,,,,,,,,,,,,
15,60,51,10,10,0,/data/yja/openfhe-src/src/pke/lib/schemerns/rns-cryptoparameters.cpp:l.91:PrecomputeCRTTables(): HYBRID key switching parameters: Can't appropriately distribute 11 towers into 10 digits. Please select different number of digits.,,,,,,,,,,,,,,,
15,60,51,10,11,1,,60,HYBRID,11,570,575,11,1,60,1,60,60,630,635,881,251,L10=11;L9=10;L8=9;L7=8;L6=7;L5=6;L4=5;L3=4;L2=3;L1=2
15,60,52,10,1,1,,60,HYBRID,11,580,585,1,11,580,10,600,600,1180,1185,881,-299,L10=1;L9=1;L8=1;L7=1;L6=1;L5=1;L4=1;L3=1;L2=1;L1=1
15,60,52,10,2,1,,60,HYBRID,11,580,585,2,6,320,6,360,360,940,945,881,-59,L10=2;L9=2;L8=2;L7=2;L6=2;L5=1;L4=1;L3=1;L2=1;L1=1
15,60,52,10,3,1,,60,HYBRID,11,580,585,3,4,216,4,240,240,820,825,881,61,L10=3;L9=3;L8=3;L7=2;L6=2;L5=2;L4=2;L3=1;L2=1;L1=1
15,60,52,10,4,1,,60,HYBRID,11,580,585,4,3,164,3,180,180,760,765,881,121,L10=4;L9=4;L8=3;L7=3;L6=3;L5=2;L4=2;L3=2;L2=1;L1=1
15,60,52,10,5,0,/data/yja/openfhe-src/src/pke/lib/schemerns/rns-cryptoparameters.cpp:l.91:PrecomputeCRTTables(): HYBRID key switching parameters: Can't appropriately distribute 11 towers into 5 digits. Please select different number of digits.,,,,,,,,,,,,,,,
15,60,52,10,6,1,,60,HYBRID,11,580,585,6,2,112,2,120,120,700,705,881,181,L10=6;L9=5;L8=5;L7=4;L6=4;L5=3;L4=3;L3=2;L2=2;L1=1
15,60,52,10,7,0,/data/yja/openfhe-src/src/pke/lib/schemerns/rns-cryptoparameters.cpp:l.91:PrecomputeCRTTables(): HYBRID key switching parameters: Can't appropriately distribute 11 towers into 7 digits. Please select different number of digits.,,,,,,,,,,,,,,,
15,60,52,10,8,0,/data/yja/openfhe-src/src/pke/lib/schemerns/rns-cryptoparameters.cpp:l.91:PrecomputeCRTTables(): HYBRID key switching parameters: Can't appropriately distribute 11 towers into 8 digits. Please select different number of digits.,,,,,,,,,,,,,,,
15,60,52,10,9,0,/data/yja/openfhe-src/src/pke/lib/schemerns/rns-cryptoparameters.cpp:l.91:PrecomputeCRTTables(): HYBRID key switching parameters: Can't appropriately distribute 11 towers into 9 digits. Please select different number of digits.,,,,,,,,,,,,,,,
15,60,52,10,10,0,/data/yja/openfhe-src/src/pke/lib/schemerns/rns-cryptoparameters.cpp:l.91:PrecomputeCRTTables(): HYBRID key switching parameters: Can't appropriately distribute 11 towers into 10 digits. Please select different number of digits.,,,,,,,,,,,,,,,
15,60,52,10,11,1,,60,HYBRID,11,580,585,11,1,60,1,60,60,640,645,881,241,L10=11;L9=10;L8=9;L7=8;L6=7;L5=6;L4=5;L3=4;L2=3;L1=2
15,60,53,10,1,1,,60,HYBRID,11,590,595,1,11,590,10,600,600,1190,1195,881,-309,L10=1;L9=1;L8=1;L7=1;L6=1;L5=1;L4=1;L3=1;L2=1;L1=1
15,60,53,10,2,1,,60,HYBRID,11,590,595,2,6,325,6,360,360,950,955,881,-69,L10=2;L9=2;L8=2;L7=2;L6=2;L5=1;L4=1;L3=1;L2=1;L1=1
15,60,53,10,3,1,,60,HYBRID,11,590,595,3,4,219,4,240,240,830,835,881,51,L10=3;L9=3;L8=3;L7=2;L6=2;L5=2;L4=2;L3=1;L2=1;L1=1
15,60,53,10,4,1,,60,HYBRID,11,590,595,4,3,167,3,180,180,770,775,881,111,L10=4;L9=4;L8=3;L7=3;L6=3;L5=2;L4=2;L3=2;L2=1;L1=1
15,60,53,10,5,0,/data/yja/openfhe-src/src/pke/lib/schemerns/rns-cryptoparameters.cpp:l.91:PrecomputeCRTTables(): HYBRID key switching parameters: Can't appropriately distribute 11 towers into 5 digits. Please select different number of digits.,,,,,,,,,,,,,,,
15,60,53,10,6,1,,60,HYBRID,11,590,595,6,2,113,2,120,120,710,715,881,171,L10=6;L9=5;L8=5;L7=4;L6=4;L5=3;L4=3;L3=2;L2=2;L1=1
15,60,53,10,7,0,/data/yja/openfhe-src/src/pke/lib/schemerns/rns-cryptoparameters.cpp:l.91:PrecomputeCRTTables(): HYBRID key switching parameters: Can't appropriately distribute 11 towers into 7 digits. Please select different number of digits.,,,,,,,,,,,,,,,
15,60,53,10,8,0,/data/yja/openfhe-src/src/pke/lib/schemerns/rns-cryptoparameters.cpp:l.91:PrecomputeCRTTables(): HYBRID key switching parameters: Can't appropriately distribute 11 towers into 8 digits. Please select different number of digits.,,,,,,,,,,,,,,,
15,60,53,10,9,0,/data/yja/openfhe-src/src/pke/lib/schemerns/rns-cryptoparameters.cpp:l.91:PrecomputeCRTTables(): HYBRID key switching parameters: Can't appropriately distribute 11 towers into 9 digits. Please select different number of digits.,,,,,,,,,,,,,,,
15,60,53,10,10,0,/data/yja/openfhe-src/src/pke/lib/schemerns/rns-cryptoparameters.cpp:l.91:PrecomputeCRTTables(): HYBRID key switching parameters: Can't appropriately distribute 11 towers into 10 digits. Please select different number of digits.,,,,,,,,,,,,,,,
15,60,53,10,11,1,,60,HYBRID,11,590,595,11,1,60,1,60,60,650,655,881,231,L10=11;L9=10;L8=9;L7=8;L6=7;L5=6;L4=5;L3=4;L2=3;L1=2
15,60,54,10,1,1,,60,HYBRID,11,600,605,1,11,600,10,600,600,1200,1205,881,-319,L10=1;L9=1;L8=1;L7=1;L6=1;L5=1;L4=1;L3=1;L2=1;L1=1
15,60,54,10,2,1,,60,HYBRID,11,600,605,2,6,330,6,360,360,960,965,881,-79,L10=2;L9=2;L8=2;L7=2;L6=2;L5=1;L4=1;L3=1;L2=1;L1=1
15,60,54,10,3,1,,60,HYBRID,11,600,605,3,4,222,4,240,240,840,845,881,41,L10=3;L9=3;L8=3;L7=2;L6=2;L5=2;L4=2;L3=1;L2=1;L1=1
15,60,54,10,4,1,,60,HYBRID,11,600,605,4,3,168,3,180,180,780,785,881,101,L10=4;L9=4;L8=3;L7=3;L6=3;L5=2;L4=2;L3=2;L2=1;L1=1
15,60,54,10,5,0,/data/yja/openfhe-src/src/pke/lib/schemerns/rns-cryptoparameters.cpp:l.91:PrecomputeCRTTables(): HYBRID key switching parameters: Can't appropriately distribute 11 towers into 5 digits. Please select different number of digits.,,,,,,,,,,,,,,,
15,60,54,10,6,1,,60,HYBRID,11,600,605,6,2,114,2,120,120,720,725,881,161,L10=6;L9=5;L8=5;L7=4;L6=4;L5=3;L4=3;L3=2;L2=2;L1=1
15,60,54,10,7,0,/data/yja/openfhe-src/src/pke/lib/schemerns/rns-cryptoparameters.cpp:l.91:PrecomputeCRTTables(): HYBRID key switching parameters: Can't appropriately distribute 11 towers into 7 digits. Please select different number of digits.,,,,,,,,,,,,,,,
15,60,54,10,8,0,/data/yja/openfhe-src/src/pke/lib/schemerns/rns-cryptoparameters.cpp:l.91:PrecomputeCRTTables(): HYBRID key switching parameters: Can't appropriately distribute 11 towers into 8 digits. Please select different number of digits.,,,,,,,,,,,,,,,
15,60,54,10,9,0,/data/yja/openfhe-src/src/pke/lib/schemerns/rns-cryptoparameters.cpp:l.91:PrecomputeCRTTables(): HYBRID key switching parameters: Can't appropriately distribute 11 towers into 9 digits. Please select different number of digits.,,,,,,,,,,,,,,,
15,60,54,10,10,0,/data/yja/openfhe-src/src/pke/lib/schemerns/rns-cryptoparameters.cpp:l.91:PrecomputeCRTTables(): HYBRID key switching parameters: Can't appropriately distribute 11 towers into 10 digits. Please select different number of digits.,,,,,,,,,,,,,,,
15,60,54,10,11,1,,60,HYBRID,11,600,605,11,1,60,1,60,60,660,665,881,221,L10=11;L9=10;L8=9;L7=8;L6=7;L5=6;L4=5;L3=4;L2=3;L1=2
15,60,55,10,1,1,,60,HYBRID,11,610,615,1,11,610,11,660,660,1270,1275,881,-389,L10=1;L9=1;L8=1;L7=1;L6=1;L5=1;L4=1;L3=1;L2=1;L1=1
15,60,55,10,2,1,,60,HYBRID,11,610,615,2,6,335,6,360,360,970,975,881,-89,L10=2;L9=2;L8=2;L7=2;L6=2;L5=1;L4=1;L3=1;L2=1;L1=1
15,60,55,10,3,1,,60,HYBRID,11,610,615,3,4,225,4,240,240,850,855,881,31,L10=3;L9=3;L8=3;L7=2;L6=2;L5=2;L4=2;L3=1;L2=1;L1=1
15,60,55,10,4,1,,60,HYBRID,11,610,615,4,3,170,3,180,180,790,795,881,91,L10=4;L9=4;L8=3;L7=3;L6=3;L5=2;L4=2;L3=2;L2=1;L1=1
15,60,55,10,5,0,/data/yja/openfhe-src/src/pke/lib/schemerns/rns-cryptoparameters.cpp:l.91:PrecomputeCRTTables(): HYBRID key switching parameters: Can't appropriately distribute 11 towers into 5 digits. Please select different number of digits.,,,,,,,,,,,,,,,
15,60,55,10,6,1,,60,HYBRID,11,610,615,6,2,115,2,120,120,730,735,881,151,L10=6;L9=5;L8=5;L7=4;L6=4;L5=3;L4=3;L3=2;L2=2;L1=1
15,60,55,10,7,0,/data/yja/openfhe-src/src/pke/lib/schemerns/rns-cryptoparameters.cpp:l.91:PrecomputeCRTTables(): HYBRID key switching parameters: Can't appropriately distribute 11 towers into 7 digits. Please select different number of digits.,,,,,,,,,,,,,,,
15,60,55,10,8,0,/data/yja/openfhe-src/src/pke/lib/schemerns/rns-cryptoparameters.cpp:l.91:PrecomputeCRTTables(): HYBRID key switching parameters: Can't appropriately distribute 11 towers into 8 digits. Please select different number of digits.,,,,,,,,,,,,,,,
15,60,55,10,9,0,/data/yja/openfhe-src/src/pke/lib/schemerns/rns-cryptoparameters.cpp:l.91:PrecomputeCRTTables(): HYBRID key switching parameters: Can't appropriately distribute 11 towers into 9 digits. Please select different number of digits.,,,,,,,,,,,,,,,
15,60,55,10,10,0,/data/yja/openfhe-src/src/pke/lib/schemerns/rns-cryptoparameters.cpp:l.91:PrecomputeCRTTables(): HYBRID key switching parameters: Can't appropriately distribute 11 towers into 10 digits. Please select different number of digits.,,,,,,,,,,,,,,,
15,60,55,10,11,1,,60,HYBRID,11,610,615,11,1,60,1,60,60,670,675,881,211,L10=11;L9=10;L8=9;L7=8;L6=7;L5=6;L4=5;L3=4;L2=3;L1=2
15,60,56,10,1,1,,60,HYBRID,11,620,625,1,11,621,11,660,660,1280,1285,881,-399,L10=1;L9=1;L8=1;L7=1;L6=1;L5=1;L4=1;L3=1;L2=1;L1=1
15,60,56,10,2,1,,60,HYBRID,11,620,625,2,6,341,6,360,360,980,985,881,-99,L10=2;L9=2;L8=2;L7=2;L6=2;L5=1;L4=1;L3=1;L2=1;L1=1
15,60,56,10,3,1,,60,HYBRID,11,620,625,3,4,229,4,240,240,860,865,881,21,L10=3;L9=3;L8=3;L7=2;L6=2;L5=2;L4=2;L3=1;L2=1;L1=1
15,60,56,10,4,1,,60,HYBRID,11,620,625,4,3,173,3,180,180,800,805,881,81,L10=4;L9=4;L8=3;L7=3;L6=3;L5=2;L4=2;L3=2;L2=1;L1=1
15,60,56,10,5,0,/data/yja/openfhe-src/src/pke/lib/schemerns/rns-cryptoparameters.cpp:l.91:PrecomputeCRTTables(): HYBRID key switching parameters: Can't appropriately distribute 11 towers into 5 digits. Please select different number of digits.,,,,,,,,,,,,,,,
15,60,56,10,6,1,,60,HYBRID,11,620,625,6,2,116,2,120,120,740,745,881,141,L10=6;L9=5;L8=5;L7=4;L6=4;L5=3;L4=3;L3=2;L2=2;L1=1
15,60,56,10,7,0,/data/yja/openfhe-src/src/pke/lib/schemerns/rns-cryptoparameters.cpp:l.91:PrecomputeCRTTables(): HYBRID key switching parameters: Can't appropriately distribute 11 towers into 7 digits. Please select different number of digits.,,,,,,,,,,,,,,,
15,60,56,10,8,0,/data/yja/openfhe-src/src/pke/lib/schemerns/rns-cryptoparameters.cpp:l.91:PrecomputeCRTTables(): HYBRID key switching parameters: Can't appropriately distribute 11 towers into 8 digits. Please select different number of digits.,,,,,,,,,,,,,,,
15,60,56,10,9,0,/data/yja/openfhe-src/src/pke/lib/schemerns/rns-cryptoparameters.cpp:l.91:PrecomputeCRTTables(): HYBRID key switching parameters: Can't appropriately distribute 11 towers into 9 digits. Please select different number of digits.,,,,,,,,,,,,,,,
15,60,56,10,10,0,/data/yja/openfhe-src/src/pke/lib/schemerns/rns-cryptoparameters.cpp:l.91:PrecomputeCRTTables(): HYBRID key switching parameters: Can't appropriately distribute 11 towers into 10 digits. Please select different number of digits.,,,,,,,,,,,,,,,
15,60,56,10,11,1,,60,HYBRID,11,620,625,11,1,60,1,60,60,680,685,881,201,L10=11;L9=10;L8=9;L7=8;L6=7;L5=6;L4=5;L3=4;L2=3;L1=2
15,60,57,10,1,1,,60,HYBRID,11,630,635,1,11,631,11,660,660,1290,1295,881,-409,L10=1;L9=1;L8=1;L7=1;L6=1;L5=1;L4=1;L3=1;L2=1;L1=1
15,60,57,10,2,1,,60,HYBRID,11,630,635,2,6,345,6,360,360,990,995,881,-109,L10=2;L9=2;L8=2;L7=2;L6=2;L5=1;L4=1;L3=1;L2=1;L1=1
15,60,57,10,3,1,,60,HYBRID,11,630,635,3,4,231,4,240,240,870,875,881,11,L10=3;L9=3;L8=3;L7=2;L6=2;L5=2;L4=2;L3=1;L2=1;L1=1
15,60,57,10,4,1,,60,HYBRID,11,630,635,4,3,174,3,180,180,810,815,881,71,L10=4;L9=4;L8=3;L7=3;L6=3;L5=2;L4=2;L3=2;L2=1;L1=1
15,60,57,10,5,0,/data/yja/openfhe-src/src/pke/lib/schemerns/rns-cryptoparameters.cpp:l.91:PrecomputeCRTTables(): HYBRID key switching parameters: Can't appropriately distribute 11 towers into 5 digits. Please select different number of digits.,,,,,,,,,,,,,,,
15,60,57,10,6,1,,60,HYBRID,11,630,635,6,2,117,2,120,120,750,755,881,131,L10=6;L9=5;L8=5;L7=4;L6=4;L5=3;L4=3;L3=2;L2=2;L1=1
15,60,57,10,7,0,/data/yja/openfhe-src/src/pke/lib/schemerns/rns-cryptoparameters.cpp:l.91:PrecomputeCRTTables(): HYBRID key switching parameters: Can't appropriately distribute 11 towers into 7 digits. Please select different number of digits.,,,,,,,,,,,,,,,
15,60,57,10,8,0,/data/yja/openfhe-src/src/pke/lib/schemerns/rns-cryptoparameters.cpp:l.91:PrecomputeCRTTables(): HYBRID key switching parameters: Can't appropriately distribute 11 towers into 8 digits. Please select different number of digits.,,,,,,,,,,,,,,,
15,60,57,10,9,0,/data/yja/openfhe-src/src/pke/lib/schemerns/rns-cryptoparameters.cpp:l.91:PrecomputeCRTTables(): HYBRID key switching parameters: Can't appropriately distribute 11 towers into 9 digits. Please select different number of digits.,,,,,,,,,,,,,,,
15,60,57,10,10,0,/data/yja/openfhe-src/src/pke/lib/schemerns/rns-cryptoparameters.cpp:l.91:PrecomputeCRTTables(): HYBRID key switching parameters: Can't appropriately distribute 11 towers into 10 digits. Please select different number of digits.,,,,,,,,,,,,,,,
15,60,57,10,11,1,,60,HYBRID,11,630,635,11,1,60,1,60,60,690,695,881,191,L10=11;L9=10;L8=9;L7=8;L6=7;L5=6;L4=5;L3=4;L2=3;L1=2
15,60,58,10,1,1,,60,HYBRID,11,640,645,1,11,640,11,660,660,1300,1305,881,-419,L10=1;L9=1;L8=1;L7=1;L6=1;L5=1;L4=1;L3=1;L2=1;L1=1
15,60,58,10,2,1,,60,HYBRID,11,640,645,2,6,350,6,360,360,1000,1005,881,-119,L10=2;L9=2;L8=2;L7=2;L6=2;L5=1;L4=1;L3=1;L2=1;L1=1
15,60,58,10,3,1,,60,HYBRID,11,640,645,3,4,234,4,240,240,880,885,881,1,L10=3;L9=3;L8=3;L7=2;L6=2;L5=2;L4=2;L3=1;L2=1;L1=1
15,60,58,10,4,1,,60,HYBRID,11,640,645,4,3,176,3,180,180,820,825,881,61,L10=4;L9=4;L8=3;L7=3;L6=3;L5=2;L4=2;L3=2;L2=1;L1=1
15,60,58,10,5,0,/data/yja/openfhe-src/src/pke/lib/schemerns/rns-cryptoparameters.cpp:l.91:PrecomputeCRTTables(): HYBRID key switching parameters: Can't appropriately distribute 11 towers into 5 digits. Please select different number of digits.,,,,,,,,,,,,,,,
15,60,58,10,6,1,,60,HYBRID,11,640,645,6,2,118,2,120,120,760,765,881,121,L10=6;L9=5;L8=5;L7=4;L6=4;L5=3;L4=3;L3=2;L2=2;L1=1
15,60,58,10,7,0,/data/yja/openfhe-src/src/pke/lib/schemerns/rns-cryptoparameters.cpp:l.91:PrecomputeCRTTables(): HYBRID key switching parameters: Can't appropriately distribute 11 towers into 7 digits. Please select different number of digits.,,,,,,,,,,,,,,,
15,60,58,10,8,0,/data/yja/openfhe-src/src/pke/lib/schemerns/rns-cryptoparameters.cpp:l.91:PrecomputeCRTTables(): HYBRID key switching parameters: Can't appropriately distribute 11 towers into 8 digits. Please select different number of digits.,,,,,,,,,,,,,,,
15,60,58,10,9,0,/data/yja/openfhe-src/src/pke/lib/schemerns/rns-cryptoparameters.cpp:l.91:PrecomputeCRTTables(): HYBRID key switching parameters: Can't appropriately distribute 11 towers into 9 digits. Please select different number of digits.,,,,,,,,,,,,,,,
15,60,58,10,10,0,/data/yja/openfhe-src/src/pke/lib/schemerns/rns-cryptoparameters.cpp:l.91:PrecomputeCRTTables(): HYBRID key switching parameters: Can't appropriately distribute 11 towers into 10 digits. Please select different number of digits.,,,,,,,,,,,,,,,
15,60,58,10,11,1,,60,HYBRID,11,640,645,11,1,60,1,60,60,700,705,881,181,L10=11;L9=10;L8=9;L7=8;L6=7;L5=6;L4=5;L3=4;L2=3;L1=2
15,60,59,10,1,1,,60,HYBRID,11,650,655,1,11,651,11,660,660,1310,1315,881,-429,L10=1;L9=1;L8=1;L7=1;L6=1;L5=1;L4=1;L3=1;L2=1;L1=1
15,60,59,10,2,1,,60,HYBRID,11,650,655,2,6,356,6,360,360,1010,1015,881,-129,L10=2;L9=2;L8=2;L7=2;L6=2;L5=1;L4=1;L3=1;L2=1;L1=1
15,60,59,10,3,1,,60,HYBRID,11,650,655,3,4,238,4,240,240,890,895,881,-9,L10=3;L9=3;L8=3;L7=2;L6=2;L5=2;L4=2;L3=1;L2=1;L1=1
15,60,59,10,4,1,,60,HYBRID,11,650,655,4,3,179,3,180,180,830,835,881,51,L10=4;L9=4;L8=3;L7=3;L6=3;L5=2;L4=2;L3=2;L2=1;L1=1
15,60,59,10,5,0,/data/yja/openfhe-src/src/pke/lib/schemerns/rns-cryptoparameters.cpp:l.91:PrecomputeCRTTables(): HYBRID key switching parameters: Can't appropriately distribute 11 towers into 5 digits. Please select different number of digits.,,,,,,,,,,,,,,,
15,60,59,10,6,1,,60,HYBRID,11,650,655,6,2,119,2,120,120,770,775,881,111,L10=6;L9=5;L8=5;L7=4;L6=4;L5=3;L4=3;L3=2;L2=2;L1=1
15,60,59,10,7,0,/data/yja/openfhe-src/src/pke/lib/schemerns/rns-cryptoparameters.cpp:l.91:PrecomputeCRTTables(): HYBRID key switching parameters: Can't appropriately distribute 11 towers into 7 digits. Please select different number of digits.,,,,,,,,,,,,,,,
15,60,59,10,8,0,/data/yja/openfhe-src/src/pke/lib/schemerns/rns-cryptoparameters.cpp:l.91:PrecomputeCRTTables(): HYBRID key switching parameters: Can't appropriately distribute 11 towers into 8 digits. Please select different number of digits.,,,,,,,,,,,,,,,
15,60,59,10,9,0,/data/yja/openfhe-src/src/pke/lib/schemerns/rns-cryptoparameters.cpp:l.91:PrecomputeCRTTables(): HYBRID key switching parameters: Can't appropriately distribute 11 towers into 9 digits. Please select different number of digits.,,,,,,,,,,,,,,,
15,60,59,10,10,0,/data/yja/openfhe-src/src/pke/lib/schemerns/rns-cryptoparameters.cpp:l.91:PrecomputeCRTTables(): HYBRID key switching parameters: Can't appropriately distribute 11 towers into 10 digits. Please select different number of digits.,,,,,,,,,,,,,,,
15,60,59,10,11,1,,60,HYBRID,11,650,655,11,1,60,1,60,60,710,715,881,171,L10=11;L9=10;L8=9;L7=8;L6=7;L5=6;L4=5;L3=4;L2=3;L1=2
15,60,60,10,1,0,/data/yja/openfhe-src/src/pke/lib/scheme/gen-cryptocontext-params-validation.cpp:l.74:validateParametersForCryptocontext(): scalingModSize should be at least 14 and less than 60,,,,,,,,,,,,,,,
15,60,60,10,2,0,/data/yja/openfhe-src/src/pke/lib/scheme/gen-cryptocontext-params-validation.cpp:l.74:validateParametersForCryptocontext(): scalingModSize should be at least 14 and less than 60,,,,,,,,,,,,,,,
15,60,60,10,3,0,/data/yja/openfhe-src/src/pke/lib/scheme/gen-cryptocontext-params-validation.cpp:l.74:validateParametersForCryptocontext(): scalingModSize should be at least 14 and less than 60,,,,,,,,,,,,,,,
15,60,60,10,4,0,/data/yja/openfhe-src/src/pke/lib/scheme/gen-cryptocontext-params-validation.cpp:l.74:validateParametersForCryptocontext(): scalingModSize should be at least 14 and less than 60,,,,,,,,,,,,,,,
15,60,60,10,5,0,/data/yja/openfhe-src/src/pke/lib/scheme/gen-cryptocontext-params-validation.cpp:l.74:validateParametersForCryptocontext(): scalingModSize should be at least 14 and less than 60,,,,,,,,,,,,,,,
15,60,60,10,6,0,/data/yja/openfhe-src/src/pke/lib/scheme/gen-cryptocontext-params-validation.cpp:l.74:validateParametersForCryptocontext(): scalingModSize should be at least 14 and less than 60,,,,,,,,,,,,,,,
15,60,60,10,7,0,/data/yja/openfhe-src/src/pke/lib/scheme/gen-cryptocontext-params-validation.cpp:l.74:validateParametersForCryptocontext(): scalingModSize should be at least 14 and less than 60,,,,,,,,,,,,,,,
15,60,60,10,8,0,/data/yja/openfhe-src/src/pke/lib/scheme/gen-cryptocontext-params-validation.cpp:l.74:validateParametersForCryptocontext(): scalingModSize should be at least 14 and less than 60,,,,,,,,,,,,,,,
15,60,60,10,9,0,/data/yja/openfhe-src/src/pke/lib/scheme/gen-cryptocontext-params-validation.cpp:l.74:validateParametersForCryptocontext(): scalingModSize should be at least 14 and less than 60,,,,,,,,,,,,,,,
15,60,60,10,10,0,/data/yja/openfhe-src/src/pke/lib/scheme/gen-cryptocontext-params-validation.cpp:l.74:validateParametersForCryptocontext(): scalingModSize should be at least 14 and less than 60,,,,,,,,,,,,,,,
15,60,60,10,11,0,/data/yja/openfhe-src/src/pke/lib/scheme/gen-cryptocontext-params-validation.cpp:l.74:validateParametersForCryptocontext(): scalingModSize should be at least 14 and less than 60,,,,,,,,,,,,,,,
15,60,61,10,1,0,/data/yja/openfhe-src/src/pke/lib/scheme/gen-cryptocontext-params-validation.cpp:l.74:validateParametersForCryptocontext(): scalingModSize should be at least 14 and less than 60,,,,,,,,,,,,,,,
15,60,61,10,2,0,/data/yja/openfhe-src/src/pke/lib/scheme/gen-cryptocontext-params-validation.cpp:l.74:validateParametersForCryptocontext(): scalingModSize should be at least 14 and less than 60,,,,,,,,,,,,,,,
15,60,61,10,3,0,/data/yja/openfhe-src/src/pke/lib/scheme/gen-cryptocontext-params-validation.cpp:l.74:validateParametersForCryptocontext(): scalingModSize should be at least 14 and less than 60,,,,,,,,,,,,,,,
15,60,61,10,4,0,/data/yja/openfhe-src/src/pke/lib/scheme/gen-cryptocontext-params-validation.cpp:l.74:validateParametersForCryptocontext(): scalingModSize should be at least 14 and less than 60,,,,,,,,,,,,,,,
15,60,61,10,5,0,/data/yja/openfhe-src/src/pke/lib/scheme/gen-cryptocontext-params-validation.cpp:l.74:validateParametersForCryptocontext(): scalingModSize should be at least 14 and less than 60,,,,,,,,,,,,,,,
15,60,61,10,6,0,/data/yja/openfhe-src/src/pke/lib/scheme/gen-cryptocontext-params-validation.cpp:l.74:validateParametersForCryptocontext(): scalingModSize should be at least 14 and less than 60,,,,,,,,,,,,,,,
15,60,61,10,7,0,/data/yja/openfhe-src/src/pke/lib/scheme/gen-cryptocontext-params-validation.cpp:l.74:validateParametersForCryptocontext(): scalingModSize should be at least 14 and less than 60,,,,,,,,,,,,,,,
15,60,61,10,8,0,/data/yja/openfhe-src/src/pke/lib/scheme/gen-cryptocontext-params-validation.cpp:l.74:validateParametersForCryptocontext(): scalingModSize should be at least 14 and less than 60,,,,,,,,,,,,,,,
15,60,61,10,9,0,/data/yja/openfhe-src/src/pke/lib/scheme/gen-cryptocontext-params-validation.cpp:l.74:validateParametersForCryptocontext(): scalingModSize should be at least 14 and less than 60,,,,,,,,,,,,,,,
15,60,61,10,10,0,/data/yja/openfhe-src/src/pke/lib/scheme/gen-cryptocontext-params-validation.cpp:l.74:validateParametersForCryptocontext(): scalingModSize should be at least 14 and less than 60,,,,,,,,,,,,,,,
15,60,61,10,11,0,/data/yja/openfhe-src/src/pke/lib/scheme/gen-cryptocontext-params-validation.cpp:l.74:validateParametersForCryptocontext(): scalingModSize should be at least 14 and less than 60,,,,,,,,,,,,,,,
15,60,62,10,1,0,/data/yja/openfhe-src/src/pke/lib/scheme/gen-cryptocontext-params-validation.cpp:l.74:validateParametersForCryptocontext(): scalingModSize should be at least 14 and less than 60,,,,,,,,,,,,,,,
15,60,62,10,2,0,/data/yja/openfhe-src/src/pke/lib/scheme/gen-cryptocontext-params-validation.cpp:l.74:validateParametersForCryptocontext(): scalingModSize should be at least 14 and less than 60,,,,,,,,,,,,,,,
15,60,62,10,3,0,/data/yja/openfhe-src/src/pke/lib/scheme/gen-cryptocontext-params-validation.cpp:l.74:validateParametersForCryptocontext(): scalingModSize should be at least 14 and less than 60,,,,,,,,,,,,,,,
15,60,62,10,4,0,/data/yja/openfhe-src/src/pke/lib/scheme/gen-cryptocontext-params-validation.cpp:l.74:validateParametersForCryptocontext(): scalingModSize should be at least 14 and less than 60,,,,,,,,,,,,,,,
15,60,62,10,5,0,/data/yja/openfhe-src/src/pke/lib/scheme/gen-cryptocontext-params-validation.cpp:l.74:validateParametersForCryptocontext(): scalingModSize should be at least 14 and less than 60,,,,,,,,,,,,,,,
15,60,62,10,6,0,/data/yja/openfhe-src/src/pke/lib/scheme/gen-cryptocontext-params-validation.cpp:l.74:validateParametersForCryptocontext(): scalingModSize should be at least 14 and less than 60,,,,,,,,,,,,,,,
15,60,62,10,7,0,/data/yja/openfhe-src/src/pke/lib/scheme/gen-cryptocontext-params-validation.cpp:l.74:validateParametersForCryptocontext(): scalingModSize should be at least 14 and less than 60,,,,,,,,,,,,,,,
15,60,62,10,8,0,/data/yja/openfhe-src/src/pke/lib/scheme/gen-cryptocontext-params-validation.cpp:l.74:validateParametersForCryptocontext(): scalingModSize should be at least 14 and less than 60,,,,,,,,,,,,,,,
15,60,62,10,9,0,/data/yja/openfhe-src/src/pke/lib/scheme/gen-cryptocontext-params-validation.cpp:l.74:validateParametersForCryptocontext(): scalingModSize should be at least 14 and less than 60,,,,,,,,,,,,,,,
15,60,62,10,10,0,/data/yja/openfhe-src/src/pke/lib/scheme/gen-cryptocontext-params-validation.cpp:l.74:validateParametersForCryptocontext(): scalingModSize should be at least 14 and less than 60,,,,,,,,,,,,,,,
15,60,62,10,11,0,/data/yja/openfhe-src/src/pke/lib/scheme/gen-cryptocontext-params-validation.cpp:l.74:validateParametersForCryptocontext(): scalingModSize should be at least 14 and less than 60,,,,,,,,,,,,,,,
15,60,63,10,1,0,/data/yja/openfhe-src/src/pke/lib/scheme/gen-cryptocontext-params-validation.cpp:l.74:validateParametersForCryptocontext(): scalingModSize should be at least 14 and less than 60,,,,,,,,,,,,,,,
15,60,63,10,2,0,/data/yja/openfhe-src/src/pke/lib/scheme/gen-cryptocontext-params-validation.cpp:l.74:validateParametersForCryptocontext(): scalingModSize should be at least 14 and less than 60,,,,,,,,,,,,,,,
15,60,63,10,3,0,/data/yja/openfhe-src/src/pke/lib/scheme/gen-cryptocontext-params-validation.cpp:l.74:validateParametersForCryptocontext(): scalingModSize should be at least 14 and less than 60,,,,,,,,,,,,,,,
15,60,63,10,4,0,/data/yja/openfhe-src/src/pke/lib/scheme/gen-cryptocontext-params-validation.cpp:l.74:validateParametersForCryptocontext(): scalingModSize should be at least 14 and less than 60,,,,,,,,,,,,,,,
15,60,63,10,5,0,/data/yja/openfhe-src/src/pke/lib/scheme/gen-cryptocontext-params-validation.cpp:l.74:validateParametersForCryptocontext(): scalingModSize should be at least 14 and less than 60,,,,,,,,,,,,,,,
15,60,63,10,6,0,/data/yja/openfhe-src/src/pke/lib/scheme/gen-cryptocontext-params-validation.cpp:l.74:validateParametersForCryptocontext(): scalingModSize should be at least 14 and less than 60,,,,,,,,,,,,,,,
15,60,63,10,7,0,/data/yja/openfhe-src/src/pke/lib/scheme/gen-cryptocontext-params-validation.cpp:l.74:validateParametersForCryptocontext(): scalingModSize should be at least 14 and less than 60,,,,,,,,,,,,,,,
15,60,63,10,8,0,/data/yja/openfhe-src/src/pke/lib/scheme/gen-cryptocontext-params-validation.cpp:l.74:validateParametersForCryptocontext(): scalingModSize should be at least 14 and less than 60,,,,,,,,,,,,,,,
15,60,63,10,9,0,/data/yja/openfhe-src/src/pke/lib/scheme/gen-cryptocontext-params-validation.cpp:l.74:validateParametersForCryptocontext(): scalingModSize should be at least 14 and less than 60,,,,,,,,,,,,,,,
15,60,63,10,10,0,/data/yja/openfhe-src/src/pke/lib/scheme/gen-cryptocontext-params-validation.cpp:l.74:validateParametersForCryptocontext(): scalingModSize should be at least 14 and less than 60,,,,,,,,,,,,,,,
15,60,63,10,11,0,/data/yja/openfhe-src/src/pke/lib/scheme/gen-cryptocontext-params-validation.cpp:l.74:validateParametersForCryptocontext(): scalingModSize should be at least 14 and less than 60,,,,,,,,,,,,,,,
15,60,64,10,1,0,/data/yja/openfhe-src/src/pke/lib/scheme/gen-cryptocontext-params-validation.cpp:l.74:validateParametersForCryptocontext(): scalingModSize should be at least 14 and less than 60,,,,,,,,,,,,,,,
15,60,64,10,2,0,/data/yja/openfhe-src/src/pke/lib/scheme/gen-cryptocontext-params-validation.cpp:l.74:validateParametersForCryptocontext(): scalingModSize should be at least 14 and less than 60,,,,,,,,,,,,,,,
15,60,64,10,3,0,/data/yja/openfhe-src/src/pke/lib/scheme/gen-cryptocontext-params-validation.cpp:l.74:validateParametersForCryptocontext(): scalingModSize should be at least 14 and less than 60,,,,,,,,,,,,,,,
15,60,64,10,4,0,/data/yja/openfhe-src/src/pke/lib/scheme/gen-cryptocontext-params-validation.cpp:l.74:validateParametersForCryptocontext(): scalingModSize should be at least 14 and less than 60,,,,,,,,,,,,,,,
15,60,64,10,5,0,/data/yja/openfhe-src/src/pke/lib/scheme/gen-cryptocontext-params-validation.cpp:l.74:validateParametersForCryptocontext(): scalingModSize should be at least 14 and less than 60,,,,,,,,,,,,,,,
15,60,64,10,6,0,/data/yja/openfhe-src/src/pke/lib/scheme/gen-cryptocontext-params-validation.cpp:l.74:validateParametersForCryptocontext(): scalingModSize should be at least 14 and less than 60,,,,,,,,,,,,,,,
15,60,64,10,7,0,/data/yja/openfhe-src/src/pke/lib/scheme/gen-cryptocontext-params-validation.cpp:l.74:validateParametersForCryptocontext(): scalingModSize should be at least 14 and less than 60,,,,,,,,,,,,,,,
15,60,64,10,8,0,/data/yja/openfhe-src/src/pke/lib/scheme/gen-cryptocontext-params-validation.cpp:l.74:validateParametersForCryptocontext(): scalingModSize should be at least 14 and less than 60,,,,,,,,,,,,,,,
15,60,64,10,9,0,/data/yja/openfhe-src/src/pke/lib/scheme/gen-cryptocontext-params-validation.cpp:l.74:validateParametersForCryptocontext(): scalingModSize should be at least 14 and less than 60,,,,,,,,,,,,,,,
15,60,64,10,10,0,/data/yja/openfhe-src/src/pke/lib/scheme/gen-cryptocontext-params-validation.cpp:l.74:validateParametersForCryptocontext(): scalingModSize should be at least 14 and less than 60,,,,,,,,,,,,,,,
15,60,64,10,11,0,/data/yja/openfhe-src/src/pke/lib/scheme/gen-cryptocontext-params-validation.cpp:l.74:validateParametersForCryptocontext(): scalingModSize should be at least 14 and less than 60,,,,,,,,,,,,,,,
15,60,65,10,1,0,/data/yja/openfhe-src/src/pke/lib/scheme/gen-cryptocontext-params-validation.cpp:l.74:validateParametersForCryptocontext(): scalingModSize should be at least 14 and less than 60,,,,,,,,,,,,,,,
15,60,65,10,2,0,/data/yja/openfhe-src/src/pke/lib/scheme/gen-cryptocontext-params-validation.cpp:l.74:validateParametersForCryptocontext(): scalingModSize should be at least 14 and less than 60,,,,,,,,,,,,,,,
15,60,65,10,3,0,/data/yja/openfhe-src/src/pke/lib/scheme/gen-cryptocontext-params-validation.cpp:l.74:validateParametersForCryptocontext(): scalingModSize should be at least 14 and less than 60,,,,,,,,,,,,,,,
15,60,65,10,4,0,/data/yja/openfhe-src/src/pke/lib/scheme/gen-cryptocontext-params-validation.cpp:l.74:validateParametersForCryptocontext(): scalingModSize should be at least 14 and less than 60,,,,,,,,,,,,,,,
15,60,65,10,5,0,/data/yja/openfhe-src/src/pke/lib/scheme/gen-cryptocontext-params-validation.cpp:l.74:validateParametersForCryptocontext(): scalingModSize should be at least 14 and less than 60,,,,,,,,,,,,,,,
15,60,65,10,6,0,/data/yja/openfhe-src/src/pke/lib/scheme/gen-cryptocontext-params-validation.cpp:l.74:validateParametersForCryptocontext(): scalingModSize should be at least 14 and less than 60,,,,,,,,,,,,,,,
15,60,65,10,7,0,/data/yja/openfhe-src/src/pke/lib/scheme/gen-cryptocontext-params-validation.cpp:l.74:validateParametersForCryptocontext(): scalingModSize should be at least 14 and less than 60,,,,,,,,,,,,,,,
15,60,65,10,8,0,/data/yja/openfhe-src/src/pke/lib/scheme/gen-cryptocontext-params-validation.cpp:l.74:validateParametersForCryptocontext(): scalingModSize should be at least 14 and less than 60,,,,,,,,,,,,,,,
15,60,65,10,9,0,/data/yja/openfhe-src/src/pke/lib/scheme/gen-cryptocontext-params-validation.cpp:l.74:validateParametersForCryptocontext(): scalingModSize should be at least 14 and less than 60,,,,,,,,,,,,,,,
15,60,65,10,10,0,/data/yja/openfhe-src/src/pke/lib/scheme/gen-cryptocontext-params-validation.cpp:l.74:validateParametersForCryptocontext(): scalingModSize should be at least 14 and less than 60,,,,,,,,,,,,,,,
15,60,65,10,11,0,/data/yja/openfhe-src/src/pke/lib/scheme/gen-cryptocontext-params-validation.cpp:l.74:validateParametersForCryptocontext(): scalingModSize should be at least 14 and less than 60,,,,,,,,,,,,,,,
15,60,66,10,1,0,/data/yja/openfhe-src/src/pke/lib/scheme/gen-cryptocontext-params-validation.cpp:l.74:validateParametersForCryptocontext(): scalingModSize should be at least 14 and less than 60,,,,,,,,,,,,,,,
15,60,66,10,2,0,/data/yja/openfhe-src/src/pke/lib/scheme/gen-cryptocontext-params-validation.cpp:l.74:validateParametersForCryptocontext(): scalingModSize should be at least 14 and less than 60,,,,,,,,,,,,,,,
15,60,66,10,3,0,/data/yja/openfhe-src/src/pke/lib/scheme/gen-cryptocontext-params-validation.cpp:l.74:validateParametersForCryptocontext(): scalingModSize should be at least 14 and less than 60,,,,,,,,,,,,,,,
15,60,66,10,4,0,/data/yja/openfhe-src/src/pke/lib/scheme/gen-cryptocontext-params-validation.cpp:l.74:validateParametersForCryptocontext(): scalingModSize should be at least 14 and less than 60,,,,,,,,,,,,,,,
15,60,66,10,5,0,/data/yja/openfhe-src/src/pke/lib/scheme/gen-cryptocontext-params-validation.cpp:l.74:validateParametersForCryptocontext(): scalingModSize should be at least 14 and less than 60,,,,,,,,,,,,,,,
15,60,66,10,6,0,/data/yja/openfhe-src/src/pke/lib/scheme/gen-cryptocontext-params-validation.cpp:l.74:validateParametersForCryptocontext(): scalingModSize should be at least 14 and less than 60,,,,,,,,,,,,,,,
15,60,66,10,7,0,/data/yja/openfhe-src/src/pke/lib/scheme/gen-cryptocontext-params-validation.cpp:l.74:validateParametersForCryptocontext(): scalingModSize should be at least 14 and less than 60,,,,,,,,,,,,,,,
15,60,66,10,8,0,/data/yja/openfhe-src/src/pke/lib/scheme/gen-cryptocontext-params-validation.cpp:l.74:validateParametersForCryptocontext(): scalingModSize should be at least 14 and less than 60,,,,,,,,,,,,,,,
15,60,66,10,9,0,/data/yja/openfhe-src/src/pke/lib/scheme/gen-cryptocontext-params-validation.cpp:l.74:validateParametersForCryptocontext(): scalingModSize should be at least 14 and less than 60,,,,,,,,,,,,,,,
15,60,66,10,10,0,/data/yja/openfhe-src/src/pke/lib/scheme/gen-cryptocontext-params-validation.cpp:l.74:validateParametersForCryptocontext(): scalingModSize should be at least 14 and less than 60,,,,,,,,,,,,,,,
15,60,66,10,11,0,/data/yja/openfhe-src/src/pke/lib/scheme/gen-cryptocontext-params-validation.cpp:l.74:validateParametersForCryptocontext(): scalingModSize should be at least 14 and less than 60,,,,,,,,,,,,,,,
15,60,67,10,1,0,/data/yja/openfhe-src/src/pke/lib/scheme/gen-cryptocontext-params-validation.cpp:l.74:validateParametersForCryptocontext(): scalingModSize should be at least 14 and less than 60,,,,,,,,,,,,,,,
15,60,67,10,2,0,/data/yja/openfhe-src/src/pke/lib/scheme/gen-cryptocontext-params-validation.cpp:l.74:validateParametersForCryptocontext(): scalingModSize should be at least 14 and less than 60,,,,,,,,,,,,,,,
15,60,67,10,3,0,/data/yja/openfhe-src/src/pke/lib/scheme/gen-cryptocontext-params-validation.cpp:l.74:validateParametersForCryptocontext(): scalingModSize should be at least 14 and less than 60,,,,,,,,,,,,,,,
15,60,67,10,4,0,/data/yja/openfhe-src/src/pke/lib/scheme/gen-cryptocontext-params-validation.cpp:l.74:validateParametersForCryptocontext(): scalingModSize should be at least 14 and less than 60,,,,,,,,,,,,,,,
15,60,67,10,5,0,/data/yja/openfhe-src/src/pke/lib/scheme/gen-cryptocontext-params-validation.cpp:l.74:validateParametersForCryptocontext(): scalingModSize should be at least 14 and less than 60,,,,,,,,,,,,,,,
15,60,67,10,6,0,/data/yja/openfhe-src/src/pke/lib/scheme/gen-cryptocontext-params-validation.cpp:l.74:validateParametersForCryptocontext(): scalingModSize should be at least 14 and less than 60,,,,,,,,,,,,,,,
15,60,67,10,7,0,/data/yja/openfhe-src/src/pke/lib/scheme/gen-cryptocontext-params-validation.cpp:l.74:validateParametersForCryptocontext(): scalingModSize should be at least 14 and less than 60,,,,,,,,,,,,,,,
15,60,67,10,8,0,/data/yja/openfhe-src/src/pke/lib/scheme/gen-cryptocontext-params-validation.cpp:l.74:validateParametersForCryptocontext(): scalingModSize should be at least 14 and less than 60,,,,,,,,,,,,,,,
15,60,67,10,9,0,/data/yja/openfhe-src/src/pke/lib/scheme/gen-cryptocontext-params-validation.cpp:l.74:validateParametersForCryptocontext(): scalingModSize should be at least 14 and less than 60,,,,,,,,,,,,,,,
15,60,67,10,10,0,/data/yja/openfhe-src/src/pke/lib/scheme/gen-cryptocontext-params-validation.cpp:l.74:validateParametersForCryptocontext(): scalingModSize should be at least 14 and less than 60,,,,,,,,,,,,,,,
15,60,67,10,11,0,/data/yja/openfhe-src/src/pke/lib/scheme/gen-cryptocontext-params-validation.cpp:l.74:validateParametersForCryptocontext(): scalingModSize should be at least 14 and less than 60,,,,,,,,,,,,,,,
15,60,68,10,1,0,/data/yja/openfhe-src/src/pke/lib/scheme/gen-cryptocontext-params-validation.cpp:l.74:validateParametersForCryptocontext(): scalingModSize should be at least 14 and less than 60,,,,,,,,,,,,,,,
15,60,68,10,2,0,/data/yja/openfhe-src/src/pke/lib/scheme/gen-cryptocontext-params-validation.cpp:l.74:validateParametersForCryptocontext(): scalingModSize should be at least 14 and less than 60,,,,,,,,,,,,,,,
15,60,68,10,3,0,/data/yja/openfhe-src/src/pke/lib/scheme/gen-cryptocontext-params-validation.cpp:l.74:validateParametersForCryptocontext(): scalingModSize should be at least 14 and less than 60,,,,,,,,,,,,,,,
15,60,68,10,4,0,/data/yja/openfhe-src/src/pke/lib/scheme/gen-cryptocontext-params-validation.cpp:l.74:validateParametersForCryptocontext(): scalingModSize should be at least 14 and less than 60,,,,,,,,,,,,,,,
15,60,68,10,5,0,/data/yja/openfhe-src/src/pke/lib/scheme/gen-cryptocontext-params-validation.cpp:l.74:validateParametersForCryptocontext(): scalingModSize should be at least 14 and less than 60,,,,,,,,,,,,,,,
15,60,68,10,6,0,/data/yja/openfhe-src/src/pke/lib/scheme/gen-cryptocontext-params-validation.cpp:l.74:validateParametersForCryptocontext(): scalingModSize should be at least 14 and less than 60,,,,,,,,,,,,,,,
15,60,68,10,7,0,/data/yja/openfhe-src/src/pke/lib/scheme/gen-cryptocontext-params-validation.cpp:l.74:validateParametersForCryptocontext(): scalingModSize should be at least 14 and less than 60,,,,,,,,,,,,,,,
15,60,68,10,8,0,/data/yja/openfhe-src/src/pke/lib/scheme/gen-cryptocontext-params-validation.cpp:l.74:validateParametersForCryptocontext(): scalingModSize should be at least 14 and less than 60,,,,,,,,,,,,,,,
15,60,68,10,9,0,/data/yja/openfhe-src/src/pke/lib/scheme/gen-cryptocontext-params-validation.cpp:l.74:validateParametersForCryptocontext(): scalingModSize should be at least 14 and less than 60,,,,,,,,,,,,,,,
15,60,68,10,10,0,/data/yja/openfhe-src/src/pke/lib/scheme/gen-cryptocontext-params-validation.cpp:l.74:validateParametersForCryptocontext(): scalingModSize should be at least 14 and less than 60,,,,,,,,,,,,,,,
15,60,68,10,11,0,/data/yja/openfhe-src/src/pke/lib/scheme/gen-cryptocontext-params-validation.cpp:l.74:validateParametersForCryptocontext(): scalingModSize should be at least 14 and less than 60,,,,,,,,,,,,,,,
15,60,69,10,1,0,/data/yja/openfhe-src/src/pke/lib/scheme/gen-cryptocontext-params-validation.cpp:l.74:validateParametersForCryptocontext(): scalingModSize should be at least 14 and less than 60,,,,,,,,,,,,,,,
15,60,69,10,2,0,/data/yja/openfhe-src/src/pke/lib/scheme/gen-cryptocontext-params-validation.cpp:l.74:validateParametersForCryptocontext(): scalingModSize should be at least 14 and less than 60,,,,,,,,,,,,,,,
15,60,69,10,3,0,/data/yja/openfhe-src/src/pke/lib/scheme/gen-cryptocontext-params-validation.cpp:l.74:validateParametersForCryptocontext(): scalingModSize should be at least 14 and less than 60,,,,,,,,,,,,,,,
15,60,69,10,4,0,/data/yja/openfhe-src/src/pke/lib/scheme/gen-cryptocontext-params-validation.cpp:l.74:validateParametersForCryptocontext(): scalingModSize should be at least 14 and less than 60,,,,,,,,,,,,,,,
15,60,69,10,5,0,/data/yja/openfhe-src/src/pke/lib/scheme/gen-cryptocontext-params-validation.cpp:l.74:validateParametersForCryptocontext(): scalingModSize should be at least 14 and less than 60,,,,,,,,,,,,,,,
15,60,69,10,6,0,/data/yja/openfhe-src/src/pke/lib/scheme/gen-cryptocontext-params-validation.cpp:l.74:validateParametersForCryptocontext(): scalingModSize should be at least 14 and less than 60,,,,,,,,,,,,,,,
15,60,69,10,7,0,/data/yja/openfhe-src/src/pke/lib/scheme/gen-cryptocontext-params-validation.cpp:l.74:validateParametersForCryptocontext(): scalingModSize should be at least 14 and less than 60,,,,,,,,,,,,,,,
15,60,69,10,8,0,/data/yja/openfhe-src/src/pke/lib/scheme/gen-cryptocontext-params-validation.cpp:l.74:validateParametersForCryptocontext(): scalingModSize should be at least 14 and less than 60,,,,,,,,,,,,,,,
15,60,69,10,9,0,/data/yja/openfhe-src/src/pke/lib/scheme/gen-cryptocontext-params-validation.cpp:l.74:validateParametersForCryptocontext(): scalingModSize should be at least 14 and less than 60,,,,,,,,,,,,,,,
15,60,69,10,10,0,/data/yja/openfhe-src/src/pke/lib/scheme/gen-cryptocontext-params-validation.cpp:l.74:validateParametersForCryptocontext(): scalingModSize should be at least 14 and less than 60,,,,,,,,,,,,,,,
15,60,69,10,11,0,/data/yja/openfhe-src/src/pke/lib/scheme/gen-cryptocontext-params-validation.cpp:l.74:validateParametersForCryptocontext(): scalingModSize should be at least 14 and less than 60,,,,,,,,,,,,,,,
15,60,70,10,1,0,/data/yja/openfhe-src/src/pke/lib/scheme/gen-cryptocontext-params-validation.cpp:l.74:validateParametersForCryptocontext(): scalingModSize should be at least 14 and less than 60,,,,,,,,,,,,,,,
15,60,70,10,2,0,/data/yja/openfhe-src/src/pke/lib/scheme/gen-cryptocontext-params-validation.cpp:l.74:validateParametersForCryptocontext(): scalingModSize should be at least 14 and less than 60,,,,,,,,,,,,,,,
15,60,70,10,3,0,/data/yja/openfhe-src/src/pke/lib/scheme/gen-cryptocontext-params-validation.cpp:l.74:validateParametersForCryptocontext(): scalingModSize should be at least 14 and less than 60,,,,,,,,,,,,,,,
15,60,70,10,4,0,/data/yja/openfhe-src/src/pke/lib/scheme/gen-cryptocontext-params-validation.cpp:l.74:validateParametersForCryptocontext(): scalingModSize should be at least 14 and less than 60,,,,,,,,,,,,,,,
15,60,70,10,5,0,/data/yja/openfhe-src/src/pke/lib/scheme/gen-cryptocontext-params-validation.cpp:l.74:validateParametersForCryptocontext(): scalingModSize should be at least 14 and less than 60,,,,,,,,,,,,,,,
15,60,70,10,6,0,/data/yja/openfhe-src/src/pke/lib/scheme/gen-cryptocontext-params-validation.cpp:l.74:validateParametersForCryptocontext(): scalingModSize should be at least 14 and less than 60,,,,,,,,,,,,,,,
15,60,70,10,7,0,/data/yja/openfhe-src/src/pke/lib/scheme/gen-cryptocontext-params-validation.cpp:l.74:validateParametersForCryptocontext(): scalingModSize should be at least 14 and less than 60,,,,,,,,,,,,,,,
15,60,70,10,8,0,/data/yja/openfhe-src/src/pke/lib/scheme/gen-cryptocontext-params-validation.cpp:l.74:validateParametersForCryptocontext(): scalingModSize should be at least 14 and less than 60,,,,,,,,,,,,,,,
15,60,70,10,9,0,/data/yja/openfhe-src/src/pke/lib/scheme/gen-cryptocontext-params-validation.cpp:l.74:validateParametersForCryptocontext(): scalingModSize should be at least 14 and less than 60,,,,,,,,,,,,,,,
15,60,70,10,10,0,/data/yja/openfhe-src/src/pke/lib/scheme/gen-cryptocontext-params-validation.cpp:l.74:validateParametersForCryptocontext(): scalingModSize should be at least 14 and less than 60,,,,,,,,,,,,,,,
15,60,70,10,11,0,/data/yja/openfhe-src/src/pke/lib/scheme/gen-cryptocontext-params-validation.cpp:l.74:validateParametersForCryptocontext(): scalingModSize should be at least 14 and less than 60,,,,,,,,,,,,,,,
15,60,45,11,1,1,,60,HYBRID,12,555,561,1,12,555,10,600,600,1155,1161,881,-274,L11=1;L10=1;L9=1;L8=1;L7=1;L6=1;L5=1;L4=1;L3=1;L2=1;L1=1
15,60,45,11,2,1,,60,HYBRID,12,555,561,2,6,286,5,300,300,855,861,881,26,L11=2;L10=2;L9=2;L8=2;L7=2;L6=2;L5=1;L4=1;L3=1;L2=1;L1=1
15,60,45,11,3,1,,60,HYBRID,12,555,561,3,4,196,4,240,240,795,801,881,86,L11=3;L10=3;L9=3;L8=3;L7=2;L6=2;L5=2;L4=2;L3=1;L2=1;L1=1
15,60,45,11,4,1,,60,HYBRID,12,555,561,4,3,150,3,180,180,735,741,881,146,L11=4;L10=4;L9=4;L8=3;L7=3;L6=3;L5=2;L4=2;L3=2;L2=1;L1=1
15,60,45,11,5,0,/data/yja/openfhe-src/src/pke/lib/schemerns/rns-cryptoparameters.cpp:l.91:PrecomputeCRTTables(): HYBRID key switching parameters: Can't appropriately distribute 12 towers into 5 digits. Please select different number of digits.,,,,,,,,,,,,,,,
15,60,45,11,6,1,,60,HYBRID,12,555,561,6,2,106,2,120,120,675,681,881,206,L11=6;L10=6;L9=5;L8=5;L7=4;L6=4;L5=3;L4=3;L3=2;L2=2;L1=1
15,60,45,11,7,0,/data/yja/openfhe-src/src/pke/lib/schemerns/rns-cryptoparameters.cpp:l.91:PrecomputeCRTTables(): HYBRID key switching parameters: Can't appropriately distribute 12 towers into 7 digits. Please select different number of digits.,,,,,,,,,,,,,,,
15,60,45,11,8,0,/data/yja/openfhe-src/src/pke/lib/schemerns/rns-cryptoparameters.cpp:l.91:PrecomputeCRTTables(): HYBRID key switching parameters: Can't appropriately distribute 12 towers into 8 digits. Please select different number of digits.,,,,,,,,,,,,,,,
15,60,45,11,9,0,/data/yja/openfhe-src/src/pke/lib/schemerns/rns-cryptoparameters.cpp:l.91:PrecomputeCRTTables(): HYBRID key switching parameters: Can't appropriately distribute 12 towers into 9 digits. Please select different number of digits.,,,,,,,,,,,,,,,
15,60,45,11,10,0,/data/yja/openfhe-src/src/pke/lib/schemerns/rns-cryptoparameters.cpp:l.91:PrecomputeCRTTables(): HYBRID key switching parameters: Can't appropriately distribute 12 towers into 10 digits. Please select different number of digits.,,,,,,,,,,,,,,,
15,60,45,11,11,0,/data/yja/openfhe-src/src/pke/lib/schemerns/rns-cryptoparameters.cpp:l.91:PrecomputeCRTTables(): HYBRID key switching parameters: Can't appropriately distribute 12 towers into 11 digits. Please select different number of digits.,,,,,,,,,,,,,,,
15,60,45,11,12,1,,60,HYBRID,12,555,561,12,1,60,1,60,60,615,621,881,266,L11=12;L10=11;L9=10;L8=9;L7=8;L6=7;L5=6;L4=5;L3=4;L2=3;L1=2
15,60,46,11,1,1,,60,HYBRID,12,566,572,1,12,566,10,600,600,1166,1172,881,-285,L11=1;L10=1;L9=1;L8=1;L7=1;L6=1;L5=1;L4=1;L3=1;L2=1;L1=1
15,60,46,11,2,1,,60,HYBRID,12,566,572,2,6,290,5,300,300,866,872,881,15,L11=2;L10=2;L9=2;L8=2;L7=2;L6=2;L5=1;L4=1;L3=1;L2=1;L1=1
15,60,46,11,3,1,,60,HYBRID,12,566,572,3,4,199,4,240,240,806,812,881,75,L11=3;L10=3;L9=3;L8=3;L7=2;L6=2;L5=2;L4=2;L3=1;L2=1;L1=1
15,60,46,11,4,1,,60,HYBRID,12,566,572,4,3,152,3,180,180,746,752,881,135,L11=4;L10=4;L9=4;L8=3;L7=3;L6=3;L5=2;L4=2;L3=2;L2=1;L1=1
15,60,46,11,5,0,/data/yja/openfhe-src/src/pke/lib/schemerns/rns-cryptoparameters.cpp:l.91:PrecomputeCRTTables(): HYBRID key switching parameters: Can't appropriately distribute 12 towers into 5 digits. Please select different number of digits.,,,,,,,,,,,,,,,
15,60,46,11,6,1,,60,HYBRID,12,566,572,6,2,107,2,120,120,686,692,881,195,L11=6;L10=6;L9=5;L8=5;L7=4;L6=4;L5=3;L4=3;L3=2;L2=2;L1=1
15,60,46,11,7,0,/data/yja/openfhe-src/src/pke/lib/schemerns/rns-cryptoparameters.cpp:l.91:PrecomputeCRTTables(): HYBRID key switching parameters: Can't appropriately distribute 12 towers into 7 digits. Please select different number of digits.,,,,,,,,,,,,,,,
15,60,46,11,8,0,/data/yja/openfhe-src/src/pke/lib/schemerns/rns-cryptoparameters.cpp:l.91:PrecomputeCRTTables(): HYBRID key switching parameters: Can't appropriately distribute 12 towers into 8 digits. Please select different number of digits.,,,,,,,,,,,,,,,
15,60,46,11,9,0,/data/yja/openfhe-src/src/pke/lib/schemerns/rns-cryptoparameters.cpp:l.91:PrecomputeCRTTables(): HYBRID key switching parameters: Can't appropriately distribute 12 towers into 9 digits. Please select different number of digits.,,,,,,,,,,,,,,,
15,60,46,11,10,0,/data/yja/openfhe-src/src/pke/lib/schemerns/rns-cryptoparameters.cpp:l.91:PrecomputeCRTTables(): HYBRID key switching parameters: Can't appropriately distribute 12 towers into 10 digits. Please select different number of digits.,,,,,,,,,,,,,,,
15,60,46,11,11,0,/data/yja/openfhe-src/src/pke/lib/schemerns/rns-cryptoparameters.cpp:l.91:PrecomputeCRTTables(): HYBRID key switching parameters: Can't appropriately distribute 12 towers into 11 digits. Please select different number of digits.,,,,,,,,,,,,,,,
15,60,46,11,12,1,,60,HYBRID,12,566,572,12,1,60,1,60,60,626,632,881,255,L11=12;L10=11;L9=10;L8=9;L7=8;L6=7;L5=6;L4=5;L3=4;L2=3;L1=2
15,60,47,11,1,1,,60,HYBRID,12,577,583,1,12,578,10,600,600,1177,1183,881,-296,L11=1;L10=1;L9=1;L8=1;L7=1;L6=1;L5=1;L4=1;L3=1;L2=1;L1=1
15,60,47,11,2,1,,60,HYBRID,12,577,583,2,6,296,5,300,300,877,883,881,4,L11=2;L10=2;L9=2;L8=2;L7=2;L6=2;L5=1;L4=1;L3=1;L2=1;L1=1
15,60,47,11,3,1,,60,HYBRID,12,577,583,3,4,202,4,240,240,817,823,881,64,L11=3;L10=3;L9=3;L8=3;L7=2;L6=2;L5=2;L4=2;L3=1;L2=1;L1=1
15,60,47,11,4,1,,60,HYBRID,12,577,583,4,3,155,3,180,180,757,763,881,124,L11=4;L10=4;L9=4;L8=3;L7=3;L6=3;L5=2;L4=2;L3=2;L2=1;L1=1
15,60,47,11,5,0,/data/yja/openfhe-src/src/pke/lib/schemerns/rns-cryptoparameters.cpp:l.91:PrecomputeCRTTables(): HYBRID key switching parameters: Can't appropriately distribute 12 towers into 5 digits. Please select different number of digits.,,,,,,,,,,,,,,,
15,60,47,11,6,1,,60,HYBRID,12,577,583,6,2,108,2,120,120,697,703,881,184,L11=6;L10=6;L9=5;L8=5;L7=4;L6=4;L5=3;L4=3;L3=2;L2=2;L1=1
15,60,47,11,7,0,/data/yja/openfhe-src/src/pke/lib/schemerns/rns-cryptoparameters.cpp:l.91:PrecomputeCRTTables(): HYBRID key switching parameters: Can't appropriately distribute 12 towers into 7 digits. Please select different number of digits.,,,,,,,,,,,,,,,
15,60,47,11,8,0,/data/yja/openfhe-src/src/pke/lib/schemerns/rns-cryptoparameters.cpp:l.91:PrecomputeCRTTables(): HYBRID key switching parameters: Can't appropriately distribute 12 towers into 8 digits. Please select different number of digits.,,,,,,,,,,,,,,,
15,60,47,11,9,0,/data/yja/openfhe-src/src/pke/lib/schemerns/rns-cryptoparameters.cpp:l.91:PrecomputeCRTTables(): HYBRID key switching parameters: Can't appropriately distribute 12 towers into 9 digits. Please select different number of digits.,,,,,,,,,,,,,,,
15,60,47,11,10,0,/data/yja/openfhe-src/src/pke/lib/schemerns/rns-cryptoparameters.cpp:l.91:PrecomputeCRTTables(): HYBRID key switching parameters: Can't appropriately distribute 12 towers into 10 digits. Please select different number of digits.,,,,,,,,,,,,,,,
15,60,47,11,11,0,/data/yja/openfhe-src/src/pke/lib/schemerns/rns-cryptoparameters.cpp:l.91:PrecomputeCRTTables(): HYBRID key switching parameters: Can't appropriately distribute 12 towers into 11 digits. Please select different number of digits.,,,,,,,,,,,,,,,
15,60,47,11,12,1,,60,HYBRID,12,577,583,12,1,60,1,60,60,637,643,881,244,L11=12;L10=11;L9=10;L8=9;L7=8;L6=7;L5=6;L4=5;L3=4;L2=3;L1=2
15,60,48,11,1,1,,60,HYBRID,12,588,594,1,12,589,10,600,600,1188,1194,881,-307,L11=1;L10=1;L9=1;L8=1;L7=1;L6=1;L5=1;L4=1;L3=1;L2=1;L1=1
15,60,48,11,2,1,,60,HYBRID,12,588,594,2,6,301,6,360,360,948,954,881,-67,L11=2;L10=2;L9=2;L8=2;L7=2;L6=2;L5=1;L4=1;L3=1;L2=1;L1=1
15,60,48,11,3,1,,60,HYBRID,12,588,594,3,4,205,4,240,240,828,834,881,53,L11=3;L10=3;L9=3;L8=3;L7=2;L6=2;L5=2;L4=2;L3=1;L2=1;L1=1
15,60,48,11,4,1,,60,HYBRID,12,588,594,4,3,157,3,180,180,768,774,881,113,L11=4;L10=4;L9=4;L8=3;L7=3;L6=3;L5=2;L4=2;L3=2;L2=1;L1=1
15,60,48,11,5,0,/data/yja/openfhe-src/src/pke/lib/schemerns/rns-cryptoparameters.cpp:l.91:PrecomputeCRTTables(): HYBRID key switching parameters: Can't appropriately distribute 12 towers into 5 digits. Please select different number of digits.,,,,,,,,,,,,,,,
15,60,48,11,6,1,,60,HYBRID,12,588,594,6,2,109,2,120,120,708,714,881,173,L11=6;L10=6;L9=5;L8=5;L7=4;L6=4;L5=3;L4=3;L3=2;L2=2;L1=1
15,60,48,11,7,0,/data/yja/openfhe-src/src/pke/lib/schemerns/rns-cryptoparameters.cpp:l.91:PrecomputeCRTTables(): HYBRID key switching parameters: Can't appropriately distribute 12 towers into 7 digits. Please select different number of digits.,,,,,,,,,,,,,,,
15,60,48,11,8,0,/data/yja/openfhe-src/src/pke/lib/schemerns/rns-cryptoparameters.cpp:l.91:PrecomputeCRTTables(): HYBRID key switching parameters: Can't appropriately distribute 12 towers into 8 digits. Please select different number of digits.,,,,,,,,,,,,,,,
15,60,48,11,9,0,/data/yja/openfhe-src/src/pke/lib/schemerns/rns-cryptoparameters.cpp:l.91:PrecomputeCRTTables(): HYBRID key switching parameters: Can't appropriately distribute 12 towers into 9 digits. Please select different number of digits.,,,,,,,,,,,,,,,
15,60,48,11,10,0,/data/yja/openfhe-src/src/pke/lib/schemerns/rns-cryptoparameters.cpp:l.91:PrecomputeCRTTables(): HYBRID key switching parameters: Can't appropriately distribute 12 towers into 10 digits. Please select different number of digits.,,,,,,,,,,,,,,,
15,60,48,11,11,0,/data/yja/openfhe-src/src/pke/lib/schemerns/rns-cryptoparameters.cpp:l.91:PrecomputeCRTTables(): HYBRID key switching parameters: Can't appropriately distribute 12 towers into 11 digits. Please select different number of digits.,,,,,,,,,,,,,,,
15,60,48,11,12,1,,60,HYBRID,12,588,594,12,1,60,1,60,60,648,654,881,233,L11=12;L10=11;L9=10;L8=9;L7=8;L6=7;L5=6;L4=5;L3=4;L2=3;L1=2
15,60,49,11,1,1,,60,HYBRID,12,599,605,1,12,600,10,600,600,1199,1205,881,-318,L11=1;L10=1;L9=1;L8=1;L7=1;L6=1;L5=1;L4=1;L3=1;L2=1;L1=1
15,60,49,11,2,1,,60,HYBRID,12,599,605,2,6,306,6,360,360,959,965,881,-78,L11=2;L10=2;L9=2;L8=2;L7=2;L6=2;L5=1;L4=1;L3=1;L2=1;L1=1
15,60,49,11,3,1,,60,HYBRID,12,599,605,3,4,208,4,240,240,839,845,881,42,L11=3;L10=3;L9=3;L8=3;L7=2;L6=2;L5=2;L4=2;L3=1;L2=1;L1=1
15,60,49,11,4,1,,60,HYBRID,12,599,605,4,3,159,3,180,180,779,785,881,102,L11=4;L10=4;L9=4;L8=3;L7=3;L6=3;L5=2;L4=2;L3=2;L2=1;L1=1
15,60,49,11,5,0,/data/yja/openfhe-src/src/pke/lib/schemerns/rns-cryptoparameters.cpp:l.91:PrecomputeCRTTables(): HYBRID key switching parameters: Can't appropriately distribute 12 towers into 5 digits. Please select different number of digits.,,,,,,,,,,,,,,,
15,60,49,11,6,1,,60,HYBRID,12,599,605,6,2,110,2,120,120,719,725,881,162,L11=6;L10=6;L9=5;L8=5;L7=4;L6=4;L5=3;L4=3;L3=2;L2=2;L1=1
15,60,49,11,7,0,/data/yja/openfhe-src/src/pke/lib/schemerns/rns-cryptoparameters.cpp:l.91:PrecomputeCRTTables(): HYBRID key switching parameters: Can't appropriately distribute 12 towers into 7 digits. Please select different number of digits.,,,,,,,,,,,,,,,
15,60,49,11,8,0,/data/yja/openfhe-src/src/pke/lib/schemerns/rns-cryptoparameters.cpp:l.91:PrecomputeCRTTables(): HYBRID key switching parameters: Can't appropriately distribute 12 towers into 8 digits. Please select different number of digits.,,,,,,,,,,,,,,,
15,60,49,11,9,0,/data/yja/openfhe-src/src/pke/lib/schemerns/rns-cryptoparameters.cpp:l.91:PrecomputeCRTTables(): HYBRID key switching parameters: Can't appropriately distribute 12 towers into 9 digits. Please select different number of digits.,,,,,,,,,,,,,,,
15,60,49,11,10,0,/data/yja/openfhe-src/src/pke/lib/schemerns/rns-cryptoparameters.cpp:l.91:PrecomputeCRTTables(): HYBRID key switching parameters: Can't appropriately distribute 12 towers into 10 digits. Please select different number of digits.,,,,,,,,,,,,,,,
15,60,49,11,11,0,/data/yja/openfhe-src/src/pke/lib/schemerns/rns-cryptoparameters.cpp:l.91:PrecomputeCRTTables(): HYBRID key switching parameters: Can't appropriately distribute 12 towers into 11 digits. Please select different number of digits.,,,,,,,,,,,,,,,
15,60,49,11,12,1,,60,HYBRID,12,599,605,12,1,60,1,60,60,659,665,881,222,L11=12;L10=11;L9=10;L8=9;L7=8;L6=7;L5=6;L4=5;L3=4;L2=3;L1=2
15,60,50,11,1,1,,60,HYBRID,12,610,616,1,12,611,11,660,660,1270,1276,881,-389,L11=1;L10=1;L9=1;L8=1;L7=1;L6=1;L5=1;L4=1;L3=1;L2=1;L1=1
15,60,50,11,2,1,,60,HYBRID,12,610,616,2,6,311,6,360,360,970,976,881,-89,L11=2;L10=2;L9=2;L8=2;L7=2;L6=2;L5=1;L4=1;L3=1;L2=1;L1=1
15,60,50,11,3,1,,60,HYBRID,12,610,616,3,4,211,4,240,240,850,856,881,31,L11=3;L10=3;L9=3;L8=3;L7=2;L6=2;L5=2;L4=2;L3=1;L2=1;L1=1
15,60,50,11,4,1,,60,HYBRID,12,610,616,4,3,160,3,180,180,790,796,881,91,L11=4;L10=4;L9=4;L8=3;L7=3;L6=3;L5=2;L4=2;L3=2;L2=1;L1=1
15,60,50,11,5,0,/data/yja/openfhe-src/src/pke/lib/schemerns/rns-cryptoparameters.cpp:l.91:PrecomputeCRTTables(): HYBRID key switching parameters: Can't appropriately distribute 12 towers into 5 digits. Please select different number of digits.,,,,,,,,,,,,,,,
15,60,50,11,6,1,,60,HYBRID,12,610,616,6,2,111,2,120,120,730,736,881,151,L11=6;L10=6;L9=5;L8=5;L7=4;L6=4;L5=3;L4=3;L3=2;L2=2;L1=1
15,60,50,11,7,0,/data/yja/openfhe-src/src/pke/lib/schemerns/rns-cryptoparameters.cpp:l.91:PrecomputeCRTTables(): HYBRID key switching parameters: Can't appropriately distribute 12 towers into 7 digits. Please select different number of digits.,,,,,,,,,,,,,,,
15,60,50,11,8,0,/data/yja/openfhe-src/src/pke/lib/schemerns/rns-cryptoparameters.cpp:l.91:PrecomputeCRTTables(): HYBRID key switching parameters: Can't appropriately distribute 12 towers into 8 digits. Please select different number of digits.,,,,,,,,,,,,,,,
15,60,50,11,9,0,/data/yja/openfhe-src/src/pke/lib/schemerns/rns-cryptoparameters.cpp:l.91:PrecomputeCRTTables(): HYBRID key switching parameters: Can't appropriately distribute 12 towers into 9 digits. Please select different number of digits.,,,,,,,,,,,,,,,
15,60,50,11,10,0,/data/yja/openfhe-src/src/pke/lib/schemerns/rns-cryptoparameters.cpp:l.91:PrecomputeCRTTables(): HYBRID key switching parameters: Can't appropriately distribute 12 towers into 10 digits. Please select different number of digits.,,,,,,,,,,,,,,,
15,60,50,11,11,0,/data/yja/openfhe-src/src/pke/lib/schemerns/rns-cryptoparameters.cpp:l.91:PrecomputeCRTTables(): HYBRID key switching parameters: Can't appropriately distribute 12 towers into 11 digits. Please select different number of digits.,,,,,,,,,,,,,,,
15,60,50,11,12,1,,60,HYBRID,12,610,616,12,1,60,1,60,60,670,676,881,211,L11=12;L10=11;L9=10;L8=9;L7=8;L6=7;L5=6;L4=5;L3=4;L2=3;L1=2
15,60,51,11,1,1,,60,HYBRID,12,621,627,1,12,622,11,660,660,1281,1287,881,-400,L11=1;L10=1;L9=1;L8=1;L7=1;L6=1;L5=1;L4=1;L3=1;L2=1;L1=1
15,60,51,11,2,1,,60,HYBRID,12,621,627,2,6,316,6,360,360,981,987,881,-100,L11=2;L10=2;L9=2;L8=2;L7=2;L6=2;L5=1;L4=1;L3=1;L2=1;L1=1
15,60,51,11,3,1,,60,HYBRID,12,621,627,3,4,214,4,240,240,861,867,881,20,L11=3;L10=3;L9=3;L8=3;L7=2;L6=2;L5=2;L4=2;L3=1;L2=1;L1=1
15,60,51,11,4,1,,60,HYBRID,12,621,627,4,3,163,3,180,180,801,807,881,80,L11=4;L10=4;L9=4;L8=3;L7=3;L6=3;L5=2;L4=2;L3=2;L2=1;L1=1
15,60,51,11,5,0,/data/yja/openfhe-src/src/pke/lib/schemerns/rns-cryptoparameters.cpp:l.91:PrecomputeCRTTables(): HYBRID key switching parameters: Can't appropriately distribute 12 towers into 5 digits. Please select different number of digits.,,,,,,,,,,,,,,,
15,60,51,11,6,1,,60,HYBRID,12,621,627,6,2,112,2,120,120,741,747,881,140,L11=6;L10=6;L9=5;L8=5;L7=4;L6=4;L5=3;L4=3;L3=2;L2=2;L1=1
15,60,51,11,7,0,/data/yja/openfhe-src/src/pke/lib/schemerns/rns-cryptoparameters.cpp:l.91:PrecomputeCRTTables(): HYBRID key switching parameters: Can't appropriately distribute 12 towers into 7 digits. Please select different number of digits.,,,,,,,,,,,,,,,
15,60,51,11,8,0,/data/yja/openfhe-src/src/pke/lib/schemerns/rns-cryptoparameters.cpp:l.91:PrecomputeCRTTables(): HYBRID key switching parameters: Can't appropriately distribute 12 towers into 8 digits. Please select different number of digits.,,,,,,,,,,,,,,,
15,60,51,11,9,0,/data/yja/openfhe-src/src/pke/lib/schemerns/rns-cryptoparameters.cpp:l.91:PrecomputeCRTTables(): HYBRID key switching parameters: Can't appropriately distribute 12 towers into 9 digits. Please select different number of digits.,,,,,,,,,,,,,,,
15,60,51,11,10,0,/data/yja/openfhe-src/src/pke/lib/schemerns/rns-cryptoparameters.cpp:l.91:PrecomputeCRTTables(): HYBRID key switching parameters: Can't appropriately distribute 12 towers into 10 digits. Please select different number of digits.,,,,,,,,,,,,,,,
15,60,51,11,11,0,/data/yja/openfhe-src/src/pke/lib/schemerns/rns-cryptoparameters.cpp:l.91:PrecomputeCRTTables(): HYBRID key switching parameters: Can't appropriately distribute 12 towers into 11 digits. Please select different number of digits.,,,,,,,,,,,,,,,
15,60,51,11,12,1,,60,HYBRID,12,621,627,12,1,60,1,60,60,681,687,881,200,L11=12;L10=11;L9=10;L8=9;L7=8;L6=7;L5=6;L4=5;L3=4;L2=3;L1=2
15,60,52,11,1,1,,60,HYBRID,12,632,638,1,12,632,11,660,660,1292,1298,881,-411,L11=1;L10=1;L9=1;L8=1;L7=1;L6=1;L5=1;L4=1;L3=1;L2=1;L1=1
15,60,52,11,2,1,,60,HYBRID,12,632,638,2,6,320,6,360,360,992,998,881,-111,L11=2;L10=2;L9=2;L8=2;L7=2;L6=2;L5=1;L4=1;L3=1;L2=1;L1=1
15,60,52,11,3,1,,60,HYBRID,12,632,638,3,4,217,4,240,240,872,878,881,9,L11=3;L10=3;L9=3;L8=3;L7=2;L6=2;L5=2;L4=2;L3=1;L2=1;L1=1
15,60,52,11,4,1,,60,HYBRID,12,632,638,4,3,164,3,180,180,812,818,881,69,L11=4;L10=4;L9=4;L8=3;L7=3;L6=3;L5=2;L4=2;L3=2;L2=1;L1=1
15,60,52,11,5,0,/data/yja/openfhe-src/src/pke/lib/schemerns/rns-cryptoparameters.cpp:l.91:PrecomputeCRTTables(): HYBRID key switching parameters: Can't appropriately distribute 12 towers into 5 digits. Please select different number of digits.,,,,,,,,,,,,,,,
15,60,52,11,6,1,,60,HYBRID,12,632,638,6,2,113,2,120,120,752,758,881,129,L11=6;L10=6;L9=5;L8=5;L7=4;L6=4;L5=3;L4=3;L3=2;L2=2;L1=1
15,60,52,11,7,0,/data/yja/openfhe-src/src/pke/lib/schemerns/rns-cryptoparameters.cpp:l.91:PrecomputeCRTTables(): HYBRID key switching parameters: Can't appropriately distribute 12 towers into 7 digits. Please select different number of digits.,,,,,,,,,,,,,,,
15,60,52,11,8,0,/data/yja/openfhe-src/src/pke/lib/schemerns/rns-cryptoparameters.cpp:l.91:PrecomputeCRTTables(): HYBRID key switching parameters: Can't appropriately distribute 12 towers into 8 digits. Please select different number of digits.,,,,,,,,,,,,,,,
15,60,52,11,9,0,/data/yja/openfhe-src/src/pke/lib/schemerns/rns-cryptoparameters.cpp:l.91:PrecomputeCRTTables(): HYBRID key switching parameters: Can't appropriately distribute 12 towers into 9 digits. Please select different number of digits.,,,,,,,,,,,,,,,
15,60,52,11,10,0,/data/yja/openfhe-src/src/pke/lib/schemerns/rns-cryptoparameters.cpp:l.91:PrecomputeCRTTables(): HYBRID key switching parameters: Can't appropriately distribute 12 towers into 10 digits. Please select different number of digits.,,,,,,,,,,,,,,,
15,60,52,11,11,0,/data/yja/openfhe-src/src/pke/lib/schemerns/rns-cryptoparameters.cpp:l.91:PrecomputeCRTTables(): HYBRID key switching parameters: Can't appropriately distribute 12 towers into 11 digits. Please select different number of digits.,,,,,,,,,,,,,,,
15,60,52,11,12,1,,60,HYBRID,12,632,638,12,1,60,1,60,60,692,698,881,189,L11=12;L10=11;L9=10;L8=9;L7=8;L6=7;L5=6;L4=5;L3=4;L2=3;L1=2
15,60,53,11,1,1,,60,HYBRID,12,643,649,1,12,644,11,660,660,1303,1309,881,-422,L11=1;L10=1;L9=1;L8=1;L7=1;L6=1;L5=1;L4=1;L3=1;L2=1;L1=1
15,60,53,11,2,1,,60,HYBRID,12,643,649,2,6,326,6,360,360,1003,1009,881,-122,L11=2;L10=2;L9=2;L8=2;L7=2;L6=2;L5=1;L4=1;L3=1;L2=1;L1=1
15,60,53,11,3,1,,60,HYBRID,12,643,649,3,4,220,4,240,240,883,889,881,-2,L11=3;L10=3;L9=3;L8=3;L7=2;L6=2;L5=2;L4=2;L3=1;L2=1;L1=1
15,60,53,11,4,1,,60,HYBRID,12,643,649,4,3,167,3,180,180,823,829,881,58,L11=4;L10=4;L9=4;L8=3;L7=3;L6=3;L5=2;L4=2;L3=2;L2=1;L1=1
15,60,53,11,5,0,/data/yja/openfhe-src/src/pke/lib/schemerns/rns-cryptoparameters.cpp:l.91:PrecomputeCRTTables(): HYBRID key switching parameters: Can't appropriately distribute 12 towers into 5 digits. Please select different number of digits.,,,,,,,,,,,,,,,
15,60,53,11,6,1,,60,HYBRID,12,643,649,6,2,114,2,120,120,763,769,881,118,L11=6;L10=6;L9=5;L8=5;L7=4;L6=4;L5=3;L4=3;L3=2;L2=2;L1=1
15,60,53,11,7,0,/data/yja/openfhe-src/src/pke/lib/schemerns/rns-cryptoparameters.cpp:l.91:PrecomputeCRTTables(): HYBRID key switching parameters: Can't appropriately distribute 12 towers into 7 digits. Please select different number of digits.,,,,,,,,,,,,,,,
15,60,53,11,8,0,/data/yja/openfhe-src/src/pke/lib/schemerns/rns-cryptoparameters.cpp:l.91:PrecomputeCRTTables(): HYBRID key switching parameters: Can't appropriately distribute 12 towers into 8 digits. Please select different number of digits.,,,,,,,,,,,,,,,
15,60,53,11,9,0,/data/yja/openfhe-src/src/pke/lib/schemerns/rns-cryptoparameters.cpp:l.91:PrecomputeCRTTables(): HYBRID key switching parameters: Can't appropriately distribute 12 towers into 9 digits. Please select different number of digits.,,,,,,,,,,,,,,,
15,60,53,11,10,0,/data/yja/openfhe-src/src/pke/lib/schemerns/rns-cryptoparameters.cpp:l.91:PrecomputeCRTTables(): HYBRID key switching parameters: Can't appropriately distribute 12 towers into 10 digits. Please select different number of digits.,,,,,,,,,,,,,,,
15,60,53,11,11,0,/data/yja/openfhe-src/src/pke/lib/schemerns/rns-cryptoparameters.cpp:l.91:PrecomputeCRTTables(): HYBRID key switching parameters: Can't appropriately distribute 12 towers into 11 digits. Please select different number of digits.,,,,,,,,,,,,,,,
15,60,53,11,12,1,,60,HYBRID,12,643,649,12,1,60,1,60,60,703,709,881,178,L11=12;L10=11;L9=10;L8=9;L7=8;L6=7;L5=6;L4=5;L3=4;L2=3;L1=2
15,60,54,11,1,1,,60,HYBRID,12,654,660,1,12,654,11,660,660,1314,1320,881,-433,L11=1;L10=1;L9=1;L8=1;L7=1;L6=1;L5=1;L4=1;L3=1;L2=1;L1=1
15,60,54,11,2,1,,60,HYBRID,12,654,660,2,6,330,6,360,360,1014,1020,881,-133,L11=2;L10=2;L9=2;L8=2;L7=2;L6=2;L5=1;L4=1;L3=1;L2=1;L1=1
15,60,54,11,3,1,,60,HYBRID,12,654,660,3,4,223,4,240,240,894,900,881,-13,L11=3;L10=3;L9=3;L8=3;L7=2;L6=2;L5=2;L4=2;L3=1;L2=1;L1=1
15,60,54,11,4,1,,60,HYBRID,12,654,660,4,3,168,3,180,180,834,840,881,47,L11=4;L10=4;L9=4;L8=3;L7=3;L6=3;L5=2;L4=2;L3=2;L2=1;L1=1
15,60,54,11,5,0,/data/yja/openfhe-src/src/pke/lib/schemerns/rns-cryptoparameters.cpp:l.91:PrecomputeCRTTables(): HYBRID key switching parameters: Can't appropriately distribute 12 towers into 5 digits. Please select different number of digits.,,,,,,,,,,,,,,,
15,60,54,11,6,1,,60,HYBRID,12,654,660,6,2,115,2,120,120,774,780,881,107,L11=6;L10=6;L9=5;L8=5;L7=4;L6=4;L5=3;L4=3;L3=2;L2=2;L1=1
15,60,54,11,7,0,/data/yja/openfhe-src/src/pke/lib/schemerns/rns-cryptoparameters.cpp:l.91:PrecomputeCRTTables(): HYBRID key switching parameters: Can't appropriately distribute 12 towers into 7 digits. Please select different number of digits.,,,,,,,,,,,,,,,
15,60,54,11,8,0,/data/yja/openfhe-src/src/pke/lib/schemerns/rns-cryptoparameters.cpp:l.91:PrecomputeCRTTables(): HYBRID key switching parameters: Can't appropriately distribute 12 towers into 8 digits. Please select different number of digits.,,,,,,,,,,,,,,,
15,60,54,11,9,0,/data/yja/openfhe-src/src/pke/lib/schemerns/rns-cryptoparameters.cpp:l.91:PrecomputeCRTTables(): HYBRID key switching parameters: Can't appropriately distribute 12 towers into 9 digits. Please select different number of digits.,,,,,,,,,,,,,,,
15,60,54,11,10,0,/data/yja/openfhe-src/src/pke/lib/schemerns/rns-cryptoparameters.cpp:l.91:PrecomputeCRTTables(): HYBRID key switching parameters: Can't appropriately distribute 12 towers into 10 digits. Please select different number of digits.,,,,,,,,,,,,,,,
15,60,54,11,11,0,/data/yja/openfhe-src/src/pke/lib/schemerns/rns-cryptoparameters.cpp:l.91:PrecomputeCRTTables(): HYBRID key switching parameters: Can't appropriately distribute 12 towers into 11 digits. Please select different number of digits.,,,,,,,,,,,,,,,
15,60,54,11,12,1,,60,HYBRID,12,654,660,12,1,60,1,60,60,714,720,881,167,L11=12;L10=11;L9=10;L8=9;L7=8;L6=7;L5=6;L4=5;L3=4;L2=3;L1=2
15,60,55,11,1,1,,60,HYBRID,12,665,671,1,12,665,12,720,720,1385,1391,881,-504,L11=1;L10=1;L9=1;L8=1;L7=1;L6=1;L5=1;L4=1;L3=1;L2=1;L1=1
15,60,55,11,2,1,,60,HYBRID,12,665,671,2,6,336,6,360,360,1025,1031,881,-144,L11=2;L10=2;L9=2;L8=2;L7=2;L6=2;L5=1;L4=1;L3=1;L2=1;L1=1
15,60,55,11,3,1,,60,HYBRID,12,665,671,3,4,226,4,240,240,905,911,881,-24,L11=3;L10=3;L9=3;L8=3;L7=2;L6=2;L5=2;L4=2;L3=1;L2=1;L1=1
15,60,55,11,4,1,,60,HYBRID,12,665,671,4,3,170,3,180,180,845,851,881,36,L11=4;L10=4;L9=4;L8=3;L7=3;L6=3;L5=2;L4=2;L3=2;L2=1;L1=1
15,60,55,11,5,0,/data/yja/openfhe-src/src/pke/lib/schemerns/rns-cryptoparameters.cpp:l.91:PrecomputeCRTTables(): HYBRID key switching parameters: Can't appropriately distribute 12 towers into 5 digits. Please select different number of digits.,,,,,,,,,,,,,,,
15,60,55,11,6,1,,60,HYBRID,12,665,671,6,2,116,2,120,120,785,791,881,96,L11=6;L10=6;L9=5;L8=5;L7=4;L6=4;L5=3;L4=3;L3=2;L2=2;L1=1
15,60,55,11,7,0,/data/yja/openfhe-src/src/pke/lib/schemerns/rns-cryptoparameters.cpp:l.91:PrecomputeCRTTables(): HYBRID key switching parameters: Can't appropriately distribute 12 towers into 7 digits. Please select different number of digits.,,,,,,,,,,,,,,,
15,60,55,11,8,0,/data/yja/openfhe-src/src/pke/lib/schemerns/rns-cryptoparameters.cpp:l.91:PrecomputeCRTTables(): HYBRID key switching parameters: Can't appropriately distribute 12 towers into 8 digits. Please select different number of digits.,,,,,,,,,,,,,,,
15,60,55,11,9,0,/data/yja/openfhe-src/src/pke/lib/schemerns/rns-cryptoparameters.cpp:l.91:PrecomputeCRTTables(): HYBRID key switching parameters: Can't appropriately distribute 12 towers into 9 digits. Please select different number of digits.,,,,,,,,,,,,,,,
15,60,55,11,10,0,/data/yja/openfhe-src/src/pke/lib/schemerns/rns-cryptoparameters.cpp:l.91:PrecomputeCRTTables(): HYBRID key switching parameters: Can't appropriately distribute 12 towers into 10 digits. Please select different number of digits.,,,,,,,,,,,,,,,
15,60,55,11,11,0,/data/yja/openfhe-src/src/pke/lib/schemerns/rns-cryptoparameters.cpp:l.91:PrecomputeCRTTables(): HYBRID key switching parameters: Can't appropriately distribute 12 towers into 11 digits. Please select different number of digits.,,,,,,,,,,,,,,,
15,60,55,11,12,1,,60,HYBRID,12,665,671,12,1,60,1,60,60,725,731,881,156,L11=12;L10=11;L9=10;L8=9;L7=8;L6=7;L5=6;L4=5;L3=4;L2=3;L1=2
15,60,56,11,1,1,,60,HYBRID,12,676,682,1,12,677,12,720,720,1396,1402,881,-515,L11=1;L10=1;L9=1;L8=1;L7=1;L6=1;L5=1;L4=1;L3=1;L2=1;L1=1
15,60,56,11,2,1,,60,HYBRID,12,676,682,2,6,341,6,360,360,1036,1042,881,-155,L11=2;L10=2;L9=2;L8=2;L7=2;L6=2;L5=1;L4=1;L3=1;L2=1;L1=1
15,60,56,11,3,1,,60,HYBRID,12,676,682,3,4,229,4,240,240,916,922,881,-35,L11=3;L10=3;L9=3;L8=3;L7=2;L6=2;L5=2;L4=2;L3=1;L2=1;L1=1
15,60,56,11,4,1,,60,HYBRID,12,676,682,4,3,173,3,180,180,856,862,881,25,L11=4;L10=4;L9=4;L8=3;L7=3;L6=3;L5=2;L4=2;L3=2;L2=1;L1=1
15,60,56,11,5,0,/data/yja/openfhe-src/src/pke/lib/schemerns/rns-cryptoparameters.cpp:l.91:PrecomputeCRTTables(): HYBRID key switching parameters: Can't appropriately distribute 12 towers into 5 digits. Please select different number of digits.,,,,,,,,,,,,,,,
15,60,56,11,6,1,,60,HYBRID,12,676,682,6,2,117,2,120,120,796,802,881,85,L11=6;L10=6;L9=5;L8=5;L7=4;L6=4;L5=3;L4=3;L3=2;L2=2;L1=1
15,60,56,11,7,0,/data/yja/openfhe-src/src/pke/lib/schemerns/rns-cryptoparameters.cpp:l.91:PrecomputeCRTTables(): HYBRID key switching parameters: Can't appropriately distribute 12 towers into 7 digits. Please select different number of digits.,,,,,,,,,,,,,,,
15,60,56,11,8,0,/data/yja/openfhe-src/src/pke/lib/schemerns/rns-cryptoparameters.cpp:l.91:PrecomputeCRTTables(): HYBRID key switching parameters: Can't appropriately distribute 12 towers into 8 digits. Please select different number of digits.,,,,,,,,,,,,,,,
15,60,56,11,9,0,/data/yja/openfhe-src/src/pke/lib/schemerns/rns-cryptoparameters.cpp:l.91:PrecomputeCRTTables(): HYBRID key switching parameters: Can't appropriately distribute 12 towers into 9 digits. Please select different number of digits.,,,,,,,,,,,,,,,
15,60,56,11,10,0,/data/yja/openfhe-src/src/pke/lib/schemerns/rns-cryptoparameters.cpp:l.91:PrecomputeCRTTables(): HYBRID key switching parameters: Can't appropriately distribute 12 towers into 10 digits. Please select different number of digits.,,,,,,,,,,,,,,,
15,60,56,11,11,0,/data/yja/openfhe-src/src/pke/lib/schemerns/rns-cryptoparameters.cpp:l.91:PrecomputeCRTTables(): HYBRID key switching parameters: Can't appropriately distribute 12 towers into 11 digits. Please select different number of digits.,,,,,,,,,,,,,,,
15,60,56,11,12,1,,60,HYBRID,12,676,682,12,1,60,1,60,60,736,742,881,145,L11=12;L10=11;L9=10;L8=9;L7=8;L6=7;L5=6;L4=5;L3=4;L2=3;L1=2
15,60,57,11,1,1,,60,HYBRID,12,687,693,1,12,688,12,720,720,1407,1413,881,-526,L11=1;L10=1;L9=1;L8=1;L7=1;L6=1;L5=1;L4=1;L3=1;L2=1;L1=1
15,60,57,11,2,1,,60,HYBRID,12,687,693,2,6,346,6,360,360,1047,1053,881,-166,L11=2;L10=2;L9=2;L8=2;L7=2;L6=2;L5=1;L4=1;L3=1;L2=1;L1=1
15,60,57,11,3,1,,60,HYBRID,12,687,693,3,4,232,4,240,240,927,933,881,-46,L11=3;L10=3;L9=3;L8=3;L7=2;L6=2;L5=2;L4=2;L3=1;L2=1;L1=1
15,60,57,11,4,1,,60,HYBRID,12,687,693,4,3,175,3,180,180,867,873,881,14,L11=4;L10=4;L9=4;L8=3;L7=3;L6=3;L5=2;L4=2;L3=2;L2=1;L1=1
15,60,57,11,5,0,/data/yja/openfhe-src/src/pke/lib/schemerns/rns-cryptoparameters.cpp:l.91:PrecomputeCRTTables(): HYBRID key switching parameters: Can't appropriately distribute 12 towers into 5 digits. Please select different number of digits.,,,,,,,,,,,,,,,
15,60,57,11,6,1,,60,HYBRID,12,687,693,6,2,118,2,120,120,807,813,881,74,L11=6;L10=6;L9=5;L8=5;L7=4;L6=4;L5=3;L4=3;L3=2;L2=2;L1=1
15,60,57,11,7,0,/data/yja/openfhe-src/src/pke/lib/schemerns/rns-cryptoparameters.cpp:l.91:PrecomputeCRTTables(): HYBRID key switching parameters: Can't appropriately distribute 12 towers into 7 digits. Please select different number of digits.,,,,,,,,,,,,,,,
15,60,57,11,8,0,/data/yja/openfhe-src/src/pke/lib/schemerns/rns-cryptoparameters.cpp:l.91:PrecomputeCRTTables(): HYBRID key switching parameters: Can't appropriately distribute 12 towers into 8 digits. Please select different number of digits.,,,,,,,,,,,,,,,
15,60,57,11,9,0,/data/yja/openfhe-src/src/pke/lib/schemerns/rns-cryptoparameters.cpp:l.91:PrecomputeCRTTables(): HYBRID key switching parameters: Can't appropriately distribute 12 towers into 9 digits. Please select different number of digits.,,,,,,,,,,,,,,,
15,60,57,11,10,0,/data/yja/openfhe-src/src/pke/lib/schemerns/rns-cryptoparameters.cpp:l.91:PrecomputeCRTTables(): HYBRID key switching parameters: Can't appropriately distribute 12 towers into 10 digits. Please select different number of digits.,,,,,,,,,,,,,,,
15,60,57,11,11,0,/data/yja/openfhe-src/src/pke/lib/schemerns/rns-cryptoparameters.cpp:l.91:PrecomputeCRTTables(): HYBRID key switching parameters: Can't appropriately distribute 12 towers into 11 digits. Please select different number of digits.,,,,,,,,,,,,,,,
15,60,57,11,12,1,,60,HYBRID,12,687,693,12,1,60,1,60,60,747,753,881,134,L11=12;L10=11;L9=10;L8=9;L7=8;L6=7;L5=6;L4=5;L3=4;L2=3;L1=2
15,60,58,11,1,1,,60,HYBRID,12,698,704,1,12,698,12,720,720,1418,1424,881,-537,L11=1;L10=1;L9=1;L8=1;L7=1;L6=1;L5=1;L4=1;L3=1;L2=1;L1=1
15,60,58,11,2,1,,60,HYBRID,12,698,704,2,6,351,6,360,360,1058,1064,881,-177,L11=2;L10=2;L9=2;L8=2;L7=2;L6=2;L5=1;L4=1;L3=1;L2=1;L1=1
15,60,58,11,3,1,,60,HYBRID,12,698,704,3,4,235,4,240,240,938,944,881,-57,L11=3;L10=3;L9=3;L8=3;L7=2;L6=2;L5=2;L4=2;L3=1;L2=1;L1=1
15,60,58,11,4,1,,60,HYBRID,12,698,704,4,3,176,3,180,180,878,884,881,3,L11=4;L10=4;L9=4;L8=3;L7=3;L6=3;L5=2;L4=2;L3=2;L2=1;L1=1
15,60,58,11,5,0,/data/yja/openfhe-src/src/pke/lib/schemerns/rns-cryptoparameters.cpp:l.91:PrecomputeCRTTables(): HYBRID key switching parameters: Can't appropriately distribute 12 towers into 5 digits. Please select different number of digits.,,,,,,,,,,,,,,,
15,60,58,11,6,1,,60,HYBRID,12,698,704,6,2,119,2,120,120,818,824,881,63,L11=6;L10=6;L9=5;L8=5;L7=4;L6=4;L5=3;L4=3;L3=2;L2=2;L1=1
15,60,58,11,7,0,/data/yja/openfhe-src/src/pke/lib/schemerns/rns-cryptoparameters.cpp:l.91:PrecomputeCRTTables(): HYBRID key switching parameters: Can't appropriately distribute 12 towers into 7 digits. Please select different number of digits.,,,,,,,,,,,,,,,
15,60,58,11,8,0,/data/yja/openfhe-src/src/pke/lib/schemerns/rns-cryptoparameters.cpp:l.91:PrecomputeCRTTables(): HYBRID key switching parameters: Can't appropriately distribute 12 towers into 8 digits. Please select different number of digits.,,,,,,,,,,,,,,,
15,60,58,11,9,0,/data/yja/openfhe-src/src/pke/lib/schemerns/rns-cryptoparameters.cpp:l.91:PrecomputeCRTTables(): HYBRID key switching parameters: Can't appropriately distribute 12 towers into 9 digits. Please select different number of digits.,,,,,,,,,,,,,,,
15,60,58,11,10,0,/data/yja/openfhe-src/src/pke/lib/schemerns/rns-cryptoparameters.cpp:l.91:PrecomputeCRTTables(): HYBRID key switching parameters: Can't appropriately distribute 12 towers into 10 digits. Please select different number of digits.,,,,,,,,,,,,,,,
15,60,58,11,11,0,/data/yja/openfhe-src/src/pke/lib/schemerns/rns-cryptoparameters.cpp:l.91:PrecomputeCRTTables(): HYBRID key switching parameters: Can't appropriately distribute 12 towers into 11 digits. Please select different number of digits.,,,,,,,,,,,,,,,
15,60,58,11,12,1,,60,HYBRID,12,698,704,12,1,60,1,60,60,758,764,881,123,L11=12;L10=11;L9=10;L8=9;L7=8;L6=7;L5=6;L4=5;L3=4;L2=3;L1=2
15,60,59,11,1,1,,60,HYBRID,12,709,715,1,12,710,12,720,720,1429,1435,881,-548,L11=1;L10=1;L9=1;L8=1;L7=1;L6=1;L5=1;L4=1;L3=1;L2=1;L1=1
15,60,59,11,2,1,,60,HYBRID,12,709,715,2,6,356,6,360,360,1069,1075,881,-188,L11=2;L10=2;L9=2;L8=2;L7=2;L6=2;L5=1;L4=1;L3=1;L2=1;L1=1
15,60,59,11,3,1,,60,HYBRID,12,709,715,3,4,238,4,240,240,949,955,881,-68,L11=3;L10=3;L9=3;L8=3;L7=2;L6=2;L5=2;L4=2;L3=1;L2=1;L1=1
15,60,59,11,4,1,,60,HYBRID,12,709,715,4,3,179,3,180,180,889,895,881,-8,L11=4;L10=4;L9=4;L8=3;L7=3;L6=3;L5=2;L4=2;L3=2;L2=1;L1=1
15,60,59,11,5,0,/data/yja/openfhe-src/src/pke/lib/schemerns/rns-cryptoparameters.cpp:l.91:PrecomputeCRTTables(): HYBRID key switching parameters: Can't appropriately distribute 12 towers into 5 digits. Please select different number of digits.,,,,,,,,,,,,,,,
15,60,59,11,6,1,,60,HYBRID,12,709,715,6,2,120,2,120,120,829,835,881,52,L11=6;L10=6;L9=5;L8=5;L7=4;L6=4;L5=3;L4=3;L3=2;L2=2;L1=1
15,60,59,11,7,0,/data/yja/openfhe-src/src/pke/lib/schemerns/rns-cryptoparameters.cpp:l.91:PrecomputeCRTTables(): HYBRID key switching parameters: Can't appropriately distribute 12 towers into 7 digits. Please select different number of digits.,,,,,,,,,,,,,,,
15,60,59,11,8,0,/data/yja/openfhe-src/src/pke/lib/schemerns/rns-cryptoparameters.cpp:l.91:PrecomputeCRTTables(): HYBRID key switching parameters: Can't appropriately distribute 12 towers into 8 digits. Please select different number of digits.,,,,,,,,,,,,,,,
15,60,59,11,9,0,/data/yja/openfhe-src/src/pke/lib/schemerns/rns-cryptoparameters.cpp:l.91:PrecomputeCRTTables(): HYBRID key switching parameters: Can't appropriately distribute 12 towers into 9 digits. Please select different number of digits.,,,,,,,,,,,,,,,
15,60,59,11,10,0,/data/yja/openfhe-src/src/pke/lib/schemerns/rns-cryptoparameters.cpp:l.91:PrecomputeCRTTables(): HYBRID key switching parameters: Can't appropriately distribute 12 towers into 10 digits. Please select different number of digits.,,,,,,,,,,,,,,,
15,60,59,11,11,0,/data/yja/openfhe-src/src/pke/lib/schemerns/rns-cryptoparameters.cpp:l.91:PrecomputeCRTTables(): HYBRID key switching parameters: Can't appropriately distribute 12 towers into 11 digits. Please select different number of digits.,,,,,,,,,,,,,,,
15,60,59,11,12,1,,60,HYBRID,12,709,715,12,1,60,1,60,60,769,775,881,112,L11=12;L10=11;L9=10;L8=9;L7=8;L6=7;L5=6;L4=5;L3=4;L2=3;L1=2
15,60,60,11,1,0,/data/yja/openfhe-src/src/pke/lib/scheme/gen-cryptocontext-params-validation.cpp:l.74:validateParametersForCryptocontext(): scalingModSize should be at least 14 and less than 60,,,,,,,,,,,,,,,
15,60,60,11,2,0,/data/yja/openfhe-src/src/pke/lib/scheme/gen-cryptocontext-params-validation.cpp:l.74:validateParametersForCryptocontext(): scalingModSize should be at least 14 and less than 60,,,,,,,,,,,,,,,
15,60,60,11,3,0,/data/yja/openfhe-src/src/pke/lib/scheme/gen-cryptocontext-params-validation.cpp:l.74:validateParametersForCryptocontext(): scalingModSize should be at least 14 and less than 60,,,,,,,,,,,,,,,
15,60,60,11,4,0,/data/yja/openfhe-src/src/pke/lib/scheme/gen-cryptocontext-params-validation.cpp:l.74:validateParametersForCryptocontext(): scalingModSize should be at least 14 and less than 60,,,,,,,,,,,,,,,
15,60,60,11,5,0,/data/yja/openfhe-src/src/pke/lib/scheme/gen-cryptocontext-params-validation.cpp:l.74:validateParametersForCryptocontext(): scalingModSize should be at least 14 and less than 60,,,,,,,,,,,,,,,
15,60,60,11,6,0,/data/yja/openfhe-src/src/pke/lib/scheme/gen-cryptocontext-params-validation.cpp:l.74:validateParametersForCryptocontext(): scalingModSize should be at least 14 and less than 60,,,,,,,,,,,,,,,
15,60,60,11,7,0,/data/yja/openfhe-src/src/pke/lib/scheme/gen-cryptocontext-params-validation.cpp:l.74:validateParametersForCryptocontext(): scalingModSize should be at least 14 and less than 60,,,,,,,,,,,,,,,
15,60,60,11,8,0,/data/yja/openfhe-src/src/pke/lib/scheme/gen-cryptocontext-params-validation.cpp:l.74:validateParametersForCryptocontext(): scalingModSize should be at least 14 and less than 60,,,,,,,,,,,,,,,
15,60,60,11,9,0,/data/yja/openfhe-src/src/pke/lib/scheme/gen-cryptocontext-params-validation.cpp:l.74:validateParametersForCryptocontext(): scalingModSize should be at least 14 and less than 60,,,,,,,,,,,,,,,
15,60,60,11,10,0,/data/yja/openfhe-src/src/pke/lib/scheme/gen-cryptocontext-params-validation.cpp:l.74:validateParametersForCryptocontext(): scalingModSize should be at least 14 and less than 60,,,,,,,,,,,,,,,
15,60,60,11,11,0,/data/yja/openfhe-src/src/pke/lib/scheme/gen-cryptocontext-params-validation.cpp:l.74:validateParametersForCryptocontext(): scalingModSize should be at least 14 and less than 60,,,,,,,,,,,,,,,
15,60,60,11,12,0,/data/yja/openfhe-src/src/pke/lib/scheme/gen-cryptocontext-params-validation.cpp:l.74:validateParametersForCryptocontext(): scalingModSize should be at least 14 and less than 60,,,,,,,,,,,,,,,
15,60,61,11,1,0,/data/yja/openfhe-src/src/pke/lib/scheme/gen-cryptocontext-params-validation.cpp:l.74:validateParametersForCryptocontext(): scalingModSize should be at least 14 and less than 60,,,,,,,,,,,,,,,
15,60,61,11,2,0,/data/yja/openfhe-src/src/pke/lib/scheme/gen-cryptocontext-params-validation.cpp:l.74:validateParametersForCryptocontext(): scalingModSize should be at least 14 and less than 60,,,,,,,,,,,,,,,
15,60,61,11,3,0,/data/yja/openfhe-src/src/pke/lib/scheme/gen-cryptocontext-params-validation.cpp:l.74:validateParametersForCryptocontext(): scalingModSize should be at least 14 and less than 60,,,,,,,,,,,,,,,
15,60,61,11,4,0,/data/yja/openfhe-src/src/pke/lib/scheme/gen-cryptocontext-params-validation.cpp:l.74:validateParametersForCryptocontext(): scalingModSize should be at least 14 and less than 60,,,,,,,,,,,,,,,
15,60,61,11,5,0,/data/yja/openfhe-src/src/pke/lib/scheme/gen-cryptocontext-params-validation.cpp:l.74:validateParametersForCryptocontext(): scalingModSize should be at least 14 and less than 60,,,,,,,,,,,,,,,
15,60,61,11,6,0,/data/yja/openfhe-src/src/pke/lib/scheme/gen-cryptocontext-params-validation.cpp:l.74:validateParametersForCryptocontext(): scalingModSize should be at least 14 and less than 60,,,,,,,,,,,,,,,
15,60,61,11,7,0,/data/yja/openfhe-src/src/pke/lib/scheme/gen-cryptocontext-params-validation.cpp:l.74:validateParametersForCryptocontext(): scalingModSize should be at least 14 and less than 60,,,,,,,,,,,,,,,
15,60,61,11,8,0,/data/yja/openfhe-src/src/pke/lib/scheme/gen-cryptocontext-params-validation.cpp:l.74:validateParametersForCryptocontext(): scalingModSize should be at least 14 and less than 60,,,,,,,,,,,,,,,
15,60,61,11,9,0,/data/yja/openfhe-src/src/pke/lib/scheme/gen-cryptocontext-params-validation.cpp:l.74:validateParametersForCryptocontext(): scalingModSize should be at least 14 and less than 60,,,,,,,,,,,,,,,
15,60,61,11,10,0,/data/yja/openfhe-src/src/pke/lib/scheme/gen-cryptocontext-params-validation.cpp:l.74:validateParametersForCryptocontext(): scalingModSize should be at least 14 and less than 60,,,,,,,,,,,,,,,
15,60,61,11,11,0,/data/yja/openfhe-src/src/pke/lib/scheme/gen-cryptocontext-params-validation.cpp:l.74:validateParametersForCryptocontext(): scalingModSize should be at least 14 and less than 60,,,,,,,,,,,,,,,
15,60,61,11,12,0,/data/yja/openfhe-src/src/pke/lib/scheme/gen-cryptocontext-params-validation.cpp:l.74:validateParametersForCryptocontext(): scalingModSize should be at least 14 and less than 60,,,,,,,,,,,,,,,
15,60,62,11,1,0,/data/yja/openfhe-src/src/pke/lib/scheme/gen-cryptocontext-params-validation.cpp:l.74:validateParametersForCryptocontext(): scalingModSize should be at least 14 and less than 60,,,,,,,,,,,,,,,
15,60,62,11,2,0,/data/yja/openfhe-src/src/pke/lib/scheme/gen-cryptocontext-params-validation.cpp:l.74:validateParametersForCryptocontext(): scalingModSize should be at least 14 and less than 60,,,,,,,,,,,,,,,
15,60,62,11,3,0,/data/yja/openfhe-src/src/pke/lib/scheme/gen-cryptocontext-params-validation.cpp:l.74:validateParametersForCryptocontext(): scalingModSize should be at least 14 and less than 60,,,,,,,,,,,,,,,
15,60,62,11,4,0,/data/yja/openfhe-src/src/pke/lib/scheme/gen-cryptocontext-params-validation.cpp:l.74:validateParametersForCryptocontext(): scalingModSize should be at least 14 and less than 60,,,,,,,,,,,,,,,
15,60,62,11,5,0,/data/yja/openfhe-src/src/pke/lib/scheme/gen-cryptocontext-params-validation.cpp:l.74:validateParametersForCryptocontext(): scalingModSize should be at least 14 and less than 60,,,,,,,,,,,,,,,
15,60,62,11,6,0,/data/yja/openfhe-src/src/pke/lib/scheme/gen-cryptocontext-params-validation.cpp:l.74:validateParametersForCryptocontext(): scalingModSize should be at least 14 and less than 60,,,,,,,,,,,,,,,
15,60,62,11,7,0,/data/yja/openfhe-src/src/pke/lib/scheme/gen-cryptocontext-params-validation.cpp:l.74:validateParametersForCryptocontext(): scalingModSize should be at least 14 and less than 60,,,,,,,,,,,,,,,
15,60,62,11,8,0,/data/yja/openfhe-src/src/pke/lib/scheme/gen-cryptocontext-params-validation.cpp:l.74:validateParametersForCryptocontext(): scalingModSize should be at least 14 and less than 60,,,,,,,,,,,,,,,
15,60,62,11,9,0,/data/yja/openfhe-src/src/pke/lib/scheme/gen-cryptocontext-params-validation.cpp:l.74:validateParametersForCryptocontext(): scalingModSize should be at least 14 and less than 60,,,,,,,,,,,,,,,
15,60,62,11,10,0,/data/yja/openfhe-src/src/pke/lib/scheme/gen-cryptocontext-params-validation.cpp:l.74:validateParametersForCryptocontext(): scalingModSize should be at least 14 and less than 60,,,,,,,,,,,,,,,
15,60,62,11,11,0,/data/yja/openfhe-src/src/pke/lib/scheme/gen-cryptocontext-params-validation.cpp:l.74:validateParametersForCryptocontext(): scalingModSize should be at least 14 and less than 60,,,,,,,,,,,,,,,
15,60,62,11,12,0,/data/yja/openfhe-src/src/pke/lib/scheme/gen-cryptocontext-params-validation.cpp:l.74:validateParametersForCryptocontext(): scalingModSize should be at least 14 and less than 60,,,,,,,,,,,,,,,
15,60,63,11,1,0,/data/yja/openfhe-src/src/pke/lib/scheme/gen-cryptocontext-params-validation.cpp:l.74:validateParametersForCryptocontext(): scalingModSize should be at least 14 and less than 60,,,,,,,,,,,,,,,
15,60,63,11,2,0,/data/yja/openfhe-src/src/pke/lib/scheme/gen-cryptocontext-params-validation.cpp:l.74:validateParametersForCryptocontext(): scalingModSize should be at least 14 and less than 60,,,,,,,,,,,,,,,
15,60,63,11,3,0,/data/yja/openfhe-src/src/pke/lib/scheme/gen-cryptocontext-params-validation.cpp:l.74:validateParametersForCryptocontext(): scalingModSize should be at least 14 and less than 60,,,,,,,,,,,,,,,
15,60,63,11,4,0,/data/yja/openfhe-src/src/pke/lib/scheme/gen-cryptocontext-params-validation.cpp:l.74:validateParametersForCryptocontext(): scalingModSize should be at least 14 and less than 60,,,,,,,,,,,,,,,
15,60,63,11,5,0,/data/yja/openfhe-src/src/pke/lib/scheme/gen-cryptocontext-params-validation.cpp:l.74:validateParametersForCryptocontext(): scalingModSize should be at least 14 and less than 60,,,,,,,,,,,,,,,
15,60,63,11,6,0,/data/yja/openfhe-src/src/pke/lib/scheme/gen-cryptocontext-params-validation.cpp:l.74:validateParametersForCryptocontext(): scalingModSize should be at least 14 and less than 60,,,,,,,,,,,,,,,
15,60,63,11,7,0,/data/yja/openfhe-src/src/pke/lib/scheme/gen-cryptocontext-params-validation.cpp:l.74:validateParametersForCryptocontext(): scalingModSize should be at least 14 and less than 60,,,,,,,,,,,,,,,
15,60,63,11,8,0,/data/yja/openfhe-src/src/pke/lib/scheme/gen-cryptocontext-params-validation.cpp:l.74:validateParametersForCryptocontext(): scalingModSize should be at least 14 and less than 60,,,,,,,,,,,,,,,
15,60,63,11,9,0,/data/yja/openfhe-src/src/pke/lib/scheme/gen-cryptocontext-params-validation.cpp:l.74:validateParametersForCryptocontext(): scalingModSize should be at least 14 and less than 60,,,,,,,,,,,,,,,
15,60,63,11,10,0,/data/yja/openfhe-src/src/pke/lib/scheme/gen-cryptocontext-params-validation.cpp:l.74:validateParametersForCryptocontext(): scalingModSize should be at least 14 and less than 60,,,,,,,,,,,,,,,
15,60,63,11,11,0,/data/yja/openfhe-src/src/pke/lib/scheme/gen-cryptocontext-params-validation.cpp:l.74:validateParametersForCryptocontext(): scalingModSize should be at least 14 and less than 60,,,,,,,,,,,,,,,
15,60,63,11,12,0,/data/yja/openfhe-src/src/pke/lib/scheme/gen-cryptocontext-params-validation.cpp:l.74:validateParametersForCryptocontext(): scalingModSize should be at least 14 and less than 60,,,,,,,,,,,,,,,
15,60,64,11,1,0,/data/yja/openfhe-src/src/pke/lib/scheme/gen-cryptocontext-params-validation.cpp:l.74:validateParametersForCryptocontext(): scalingModSize should be at least 14 and less than 60,,,,,,,,,,,,,,,
15,60,64,11,2,0,/data/yja/openfhe-src/src/pke/lib/scheme/gen-cryptocontext-params-validation.cpp:l.74:validateParametersForCryptocontext(): scalingModSize should be at least 14 and less than 60,,,,,,,,,,,,,,,
15,60,64,11,3,0,/data/yja/openfhe-src/src/pke/lib/scheme/gen-cryptocontext-params-validation.cpp:l.74:validateParametersForCryptocontext(): scalingModSize should be at least 14 and less than 60,,,,,,,,,,,,,,,
15,60,64,11,4,0,/data/yja/openfhe-src/src/pke/lib/scheme/gen-cryptocontext-params-validation.cpp:l.74:validateParametersForCryptocontext(): scalingModSize should be at least 14 and less than 60,,,,,,,,,,,,,,,
15,60,64,11,5,0,/data/yja/openfhe-src/src/pke/lib/scheme/gen-cryptocontext-params-validation.cpp:l.74:validateParametersForCryptocontext(): scalingModSize should be at least 14 and less than 60,,,,,,,,,,,,,,,
15,60,64,11,6,0,/data/yja/openfhe-src/src/pke/lib/scheme/gen-cryptocontext-params-validation.cpp:l.74:validateParametersForCryptocontext(): scalingModSize should be at least 14 and less than 60,,,,,,,,,,,,,,,
15,60,64,11,7,0,/data/yja/openfhe-src/src/pke/lib/scheme/gen-cryptocontext-params-validation.cpp:l.74:validateParametersForCryptocontext(): scalingModSize should be at least 14 and less than 60,,,,,,,,,,,,,,,
15,60,64,11,8,0,/data/yja/openfhe-src/src/pke/lib/scheme/gen-cryptocontext-params-validation.cpp:l.74:validateParametersForCryptocontext(): scalingModSize should be at least 14 and less than 60,,,,,,,,,,,,,,,
15,60,64,11,9,0,/data/yja/openfhe-src/src/pke/lib/scheme/gen-cryptocontext-params-validation.cpp:l.74:validateParametersForCryptocontext(): scalingModSize should be at least 14 and less than 60,,,,,,,,,,,,,,,
15,60,64,11,10,0,/data/yja/openfhe-src/src/pke/lib/scheme/gen-cryptocontext-params-validation.cpp:l.74:validateParametersForCryptocontext(): scalingModSize should be at least 14 and less than 60,,,,,,,,,,,,,,,
15,60,64,11,11,0,/data/yja/openfhe-src/src/pke/lib/scheme/gen-cryptocontext-params-validation.cpp:l.74:validateParametersForCryptocontext(): scalingModSize should be at least 14 and less than 60,,,,,,,,,,,,,,,
15,60,64,11,12,0,/data/yja/openfhe-src/src/pke/lib/scheme/gen-cryptocontext-params-validation.cpp:l.74:validateParametersForCryptocontext(): scalingModSize should be at least 14 and less than 60,,,,,,,,,,,,,,,
15,60,65,11,1,0,/data/yja/openfhe-src/src/pke/lib/scheme/gen-cryptocontext-params-validation.cpp:l.74:validateParametersForCryptocontext(): scalingModSize should be at least 14 and less than 60,,,,,,,,,,,,,,,
15,60,65,11,2,0,/data/yja/openfhe-src/src/pke/lib/scheme/gen-cryptocontext-params-validation.cpp:l.74:validateParametersForCryptocontext(): scalingModSize should be at least 14 and less than 60,,,,,,,,,,,,,,,
15,60,65,11,3,0,/data/yja/openfhe-src/src/pke/lib/scheme/gen-cryptocontext-params-validation.cpp:l.74:validateParametersForCryptocontext(): scalingModSize should be at least 14 and less than 60,,,,,,,,,,,,,,,
15,60,65,11,4,0,/data/yja/openfhe-src/src/pke/lib/scheme/gen-cryptocontext-params-validation.cpp:l.74:validateParametersForCryptocontext(): scalingModSize should be at least 14 and less than 60,,,,,,,,,,,,,,,
15,60,65,11,5,0,/data/yja/openfhe-src/src/pke/lib/scheme/gen-cryptocontext-params-validation.cpp:l.74:validateParametersForCryptocontext(): scalingModSize should be at least 14 and less than 60,,,,,,,,,,,,,,,
15,60,65,11,6,0,/data/yja/openfhe-src/src/pke/lib/scheme/gen-cryptocontext-params-validation.cpp:l.74:validateParametersForCryptocontext(): scalingModSize should be at least 14 and less than 60,,,,,,,,,,,,,,,
15,60,65,11,7,0,/data/yja/openfhe-src/src/pke/lib/scheme/gen-cryptocontext-params-validation.cpp:l.74:validateParametersForCryptocontext(): scalingModSize should be at least 14 and less than 60,,,,,,,,,,,,,,,
15,60,65,11,8,0,/data/yja/openfhe-src/src/pke/lib/scheme/gen-cryptocontext-params-validation.cpp:l.74:validateParametersForCryptocontext(): scalingModSize should be at least 14 and less than 60,,,,,,,,,,,,,,,
15,60,65,11,9,0,/data/yja/openfhe-src/src/pke/lib/scheme/gen-cryptocontext-params-validation.cpp:l.74:validateParametersForCryptocontext(): scalingModSize should be at least 14 and less than 60,,,,,,,,,,,,,,,
15,60,65,11,10,0,/data/yja/openfhe-src/src/pke/lib/scheme/gen-cryptocontext-params-validation.cpp:l.74:validateParametersForCryptocontext(): scalingModSize should be at least 14 and less than 60,,,,,,,,,,,,,,,
15,60,65,11,11,0,/data/yja/openfhe-src/src/pke/lib/scheme/gen-cryptocontext-params-validation.cpp:l.74:validateParametersForCryptocontext(): scalingModSize should be at least 14 and less than 60,,,,,,,,,,,,,,,
15,60,65,11,12,0,/data/yja/openfhe-src/src/pke/lib/scheme/gen-cryptocontext-params-validation.cpp:l.74:validateParametersForCryptocontext(): scalingModSize should be at least 14 and less than 60,,,,,,,,,,,,,,,
15,60,66,11,1,0,/data/yja/openfhe-src/src/pke/lib/scheme/gen-cryptocontext-params-validation.cpp:l.74:validateParametersForCryptocontext(): scalingModSize should be at least 14 and less than 60,,,,,,,,,,,,,,,
15,60,66,11,2,0,/data/yja/openfhe-src/src/pke/lib/scheme/gen-cryptocontext-params-validation.cpp:l.74:validateParametersForCryptocontext(): scalingModSize should be at least 14 and less than 60,,,,,,,,,,,,,,,
15,60,66,11,3,0,/data/yja/openfhe-src/src/pke/lib/scheme/gen-cryptocontext-params-validation.cpp:l.74:validateParametersForCryptocontext(): scalingModSize should be at least 14 and less than 60,,,,,,,,,,,,,,,
15,60,66,11,4,0,/data/yja/openfhe-src/src/pke/lib/scheme/gen-cryptocontext-params-validation.cpp:l.74:validateParametersForCryptocontext(): scalingModSize should be at least 14 and less than 60,,,,,,,,,,,,,,,
15,60,66,11,5,0,/data/yja/openfhe-src/src/pke/lib/scheme/gen-cryptocontext-params-validation.cpp:l.74:validateParametersForCryptocontext(): scalingModSize should be at least 14 and less than 60,,,,,,,,,,,,,,,
15,60,66,11,6,0,/data/yja/openfhe-src/src/pke/lib/scheme/gen-cryptocontext-params-validation.cpp:l.74:validateParametersForCryptocontext(): scalingModSize should be at least 14 and less than 60,,,,,,,,,,,,,,,
15,60,66,11,7,0,/data/yja/openfhe-src/src/pke/lib/scheme/gen-cryptocontext-params-validation.cpp:l.74:validateParametersForCryptocontext(): scalingModSize should be at least 14 and less than 60,,,,,,,,,,,,,,,
15,60,66,11,8,0,/data/yja/openfhe-src/src/pke/lib/scheme/gen-cryptocontext-params-validation.cpp:l.74:validateParametersForCryptocontext(): scalingModSize should be at least 14 and less than 60,,,,,,,,,,,,,,,
15,60,66,11,9,0,/data/yja/openfhe-src/src/pke/lib/scheme/gen-cryptocontext-params-validation.cpp:l.74:validateParametersForCryptocontext(): scalingModSize should be at least 14 and less than 60,,,,,,,,,,,,,,,
15,60,66,11,10,0,/data/yja/openfhe-src/src/pke/lib/scheme/gen-cryptocontext-params-validation.cpp:l.74:validateParametersForCryptocontext(): scalingModSize should be at least 14 and less than 60,,,,,,,,,,,,,,,
15,60,66,11,11,0,/data/yja/openfhe-src/src/pke/lib/scheme/gen-cryptocontext-params-validation.cpp:l.74:validateParametersForCryptocontext(): scalingModSize should be at least 14 and less than 60,,,,,,,,,,,,,,,
15,60,66,11,12,0,/data/yja/openfhe-src/src/pke/lib/scheme/gen-cryptocontext-params-validation.cpp:l.74:validateParametersForCryptocontext(): scalingModSize should be at least 14 and less than 60,,,,,,,,,,,,,,,
15,60,67,11,1,0,/data/yja/openfhe-src/src/pke/lib/scheme/gen-cryptocontext-params-validation.cpp:l.74:validateParametersForCryptocontext(): scalingModSize should be at least 14 and less than 60,,,,,,,,,,,,,,,
15,60,67,11,2,0,/data/yja/openfhe-src/src/pke/lib/scheme/gen-cryptocontext-params-validation.cpp:l.74:validateParametersForCryptocontext(): scalingModSize should be at least 14 and less than 60,,,,,,,,,,,,,,,
15,60,67,11,3,0,/data/yja/openfhe-src/src/pke/lib/scheme/gen-cryptocontext-params-validation.cpp:l.74:validateParametersForCryptocontext(): scalingModSize should be at least 14 and less than 60,,,,,,,,,,,,,,,
15,60,67,11,4,0,/data/yja/openfhe-src/src/pke/lib/scheme/gen-cryptocontext-params-validation.cpp:l.74:validateParametersForCryptocontext(): scalingModSize should be at least 14 and less than 60,,,,,,,,,,,,,,,
15,60,67,11,5,0,/data/yja/openfhe-src/src/pke/lib/scheme/gen-cryptocontext-params-validation.cpp:l.74:validateParametersForCryptocontext(): scalingModSize should be at least 14 and less than 60,,,,,,,,,,,,,,,
15,60,67,11,6,0,/data/yja/openfhe-src/src/pke/lib/scheme/gen-cryptocontext-params-validation.cpp:l.74:validateParametersForCryptocontext(): scalingModSize should be at least 14 and less than 60,,,,,,,,,,,,,,,
15,60,67,11,7,0,/data/yja/openfhe-src/src/pke/lib/scheme/gen-cryptocontext-params-validation.cpp:l.74:validateParametersForCryptocontext(): scalingModSize should be at least 14 and less than 60,,,,,,,,,,,,,,,
15,60,67,11,8,0,/data/yja/openfhe-src/src/pke/lib/scheme/gen-cryptocontext-params-validation.cpp:l.74:validateParametersForCryptocontext(): scalingModSize should be at least 14 and less than 60,,,,,,,,,,,,,,,
15,60,67,11,9,0,/data/yja/openfhe-src/src/pke/lib/scheme/gen-cryptocontext-params-validation.cpp:l.74:validateParametersForCryptocontext(): scalingModSize should be at least 14 and less than 60,,,,,,,,,,,,,,,
15,60,67,11,10,0,/data/yja/openfhe-src/src/pke/lib/scheme/gen-cryptocontext-params-validation.cpp:l.74:validateParametersForCryptocontext(): scalingModSize should be at least 14 and less than 60,,,,,,,,,,,,,,,
15,60,67,11,11,0,/data/yja/openfhe-src/src/pke/lib/scheme/gen-cryptocontext-params-validation.cpp:l.74:validateParametersForCryptocontext(): scalingModSize should be at least 14 and less than 60,,,,,,,,,,,,,,,
15,60,67,11,12,0,/data/yja/openfhe-src/src/pke/lib/scheme/gen-cryptocontext-params-validation.cpp:l.74:validateParametersForCryptocontext(): scalingModSize should be at least 14 and less than 60,,,,,,,,,,,,,,,
15,60,68,11,1,0,/data/yja/openfhe-src/src/pke/lib/scheme/gen-cryptocontext-params-validation.cpp:l.74:validateParametersForCryptocontext(): scalingModSize should be at least 14 and less than 60,,,,,,,,,,,,,,,
15,60,68,11,2,0,/data/yja/openfhe-src/src/pke/lib/scheme/gen-cryptocontext-params-validation.cpp:l.74:validateParametersForCryptocontext(): scalingModSize should be at least 14 and less than 60,,,,,,,,,,,,,,,
15,60,68,11,3,0,/data/yja/openfhe-src/src/pke/lib/scheme/gen-cryptocontext-params-validation.cpp:l.74:validateParametersForCryptocontext(): scalingModSize should be at least 14 and less than 60,,,,,,,,,,,,,,,
15,60,68,11,4,0,/data/yja/openfhe-src/src/pke/lib/scheme/gen-cryptocontext-params-validation.cpp:l.74:validateParametersForCryptocontext(): scalingModSize should be at least 14 and less than 60,,,,,,,,,,,,,,,
15,60,68,11,5,0,/data/yja/openfhe-src/src/pke/lib/scheme/gen-cryptocontext-params-validation.cpp:l.74:validateParametersForCryptocontext(): scalingModSize should be at least 14 and less than 60,,,,,,,,,,,,,,,
15,60,68,11,6,0,/data/yja/openfhe-src/src/pke/lib/scheme/gen-cryptocontext-params-validation.cpp:l.74:validateParametersForCryptocontext(): scalingModSize should be at least 14 and less than 60,,,,,,,,,,,,,,,
15,60,68,11,7,0,/data/yja/openfhe-src/src/pke/lib/scheme/gen-cryptocontext-params-validation.cpp:l.74:validateParametersForCryptocontext(): scalingModSize should be at least 14 and less than 60,,,,,,,,,,,,,,,
15,60,68,11,8,0,/data/yja/openfhe-src/src/pke/lib/scheme/gen-cryptocontext-params-validation.cpp:l.74:validateParametersForCryptocontext(): scalingModSize should be at least 14 and less than 60,,,,,,,,,,,,,,,
15,60,68,11,9,0,/data/yja/openfhe-src/src/pke/lib/scheme/gen-cryptocontext-params-validation.cpp:l.74:validateParametersForCryptocontext(): scalingModSize should be at least 14 and less than 60,,,,,,,,,,,,,,,
15,60,68,11,10,0,/data/yja/openfhe-src/src/pke/lib/scheme/gen-cryptocontext-params-validation.cpp:l.74:validateParametersForCryptocontext(): scalingModSize should be at least 14 and less than 60,,,,,,,,,,,,,,,
15,60,68,11,11,0,/data/yja/openfhe-src/src/pke/lib/scheme/gen-cryptocontext-params-validation.cpp:l.74:validateParametersForCryptocontext(): scalingModSize should be at least 14 and less than 60,,,,,,,,,,,,,,,
15,60,68,11,12,0,/data/yja/openfhe-src/src/pke/lib/scheme/gen-cryptocontext-params-validation.cpp:l.74:validateParametersForCryptocontext(): scalingModSize should be at least 14 and less than 60,,,,,,,,,,,,,,,
15,60,69,11,1,0,/data/yja/openfhe-src/src/pke/lib/scheme/gen-cryptocontext-params-validation.cpp:l.74:validateParametersForCryptocontext(): scalingModSize should be at least 14 and less than 60,,,,,,,,,,,,,,,
15,60,69,11,2,0,/data/yja/openfhe-src/src/pke/lib/scheme/gen-cryptocontext-params-validation.cpp:l.74:validateParametersForCryptocontext(): scalingModSize should be at least 14 and less than 60,,,,,,,,,,,,,,,
15,60,69,11,3,0,/data/yja/openfhe-src/src/pke/lib/scheme/gen-cryptocontext-params-validation.cpp:l.74:validateParametersForCryptocontext(): scalingModSize should be at least 14 and less than 60,,,,,,,,,,,,,,,
15,60,69,11,4,0,/data/yja/openfhe-src/src/pke/lib/scheme/gen-cryptocontext-params-validation.cpp:l.74:validateParametersForCryptocontext(): scalingModSize should be at least 14 and less than 60,,,,,,,,,,,,,,,
15,60,69,11,5,0,/data/yja/openfhe-src/src/pke/lib/scheme/gen-cryptocontext-params-validation.cpp:l.74:validateParametersForCryptocontext(): scalingModSize should be at least 14 and less than 60,,,,,,,,,,,,,,,
15,60,69,11,6,0,/data/yja/openfhe-src/src/pke/lib/scheme/gen-cryptocontext-params-validation.cpp:l.74:validateParametersForCryptocontext(): scalingModSize should be at least 14 and less than 60,,,,,,,,,,,,,,,
15,60,69,11,7,0,/data/yja/openfhe-src/src/pke/lib/scheme/gen-cryptocontext-params-validation.cpp:l.74:validateParametersForCryptocontext(): scalingModSize should be at least 14 and less than 60,,,,,,,,,,,,,,,
15,60,69,11,8,0,/data/yja/openfhe-src/src/pke/lib/scheme/gen-cryptocontext-params-validation.cpp:l.74:validateParametersForCryptocontext(): scalingModSize should be at least 14 and less than 60,,,,,,,,,,,,,,,
15,60,69,11,9,0,/data/yja/openfhe-src/src/pke/lib/scheme/gen-cryptocontext-params-validation.cpp:l.74:validateParametersForCryptocontext(): scalingModSize should be at least 14 and less than 60,,,,,,,,,,,,,,,
15,60,69,11,10,0,/data/yja/openfhe-src/src/pke/lib/scheme/gen-cryptocontext-params-validation.cpp:l.74:validateParametersForCryptocontext(): scalingModSize should be at least 14 and less than 60,,,,,,,,,,,,,,,
15,60,69,11,11,0,/data/yja/openfhe-src/src/pke/lib/scheme/gen-cryptocontext-params-validation.cpp:l.74:validateParametersForCryptocontext(): scalingModSize should be at least 14 and less than 60,,,,,,,,,,,,,,,
15,60,69,11,12,0,/data/yja/openfhe-src/src/pke/lib/scheme/gen-cryptocontext-params-validation.cpp:l.74:validateParametersForCryptocontext(): scalingModSize should be at least 14 and less than 60,,,,,,,,,,,,,,,
15,60,70,11,1,0,/data/yja/openfhe-src/src/pke/lib/scheme/gen-cryptocontext-params-validation.cpp:l.74:validateParametersForCryptocontext(): scalingModSize should be at least 14 and less than 60,,,,,,,,,,,,,,,
15,60,70,11,2,0,/data/yja/openfhe-src/src/pke/lib/scheme/gen-cryptocontext-params-validation.cpp:l.74:validateParametersForCryptocontext(): scalingModSize should be at least 14 and less than 60,,,,,,,,,,,,,,,
15,60,70,11,3,0,/data/yja/openfhe-src/src/pke/lib/scheme/gen-cryptocontext-params-validation.cpp:l.74:validateParametersForCryptocontext(): scalingModSize should be at least 14 and less than 60,,,,,,,,,,,,,,,
15,60,70,11,4,0,/data/yja/openfhe-src/src/pke/lib/scheme/gen-cryptocontext-params-validation.cpp:l.74:validateParametersForCryptocontext(): scalingModSize should be at least 14 and less than 60,,,,,,,,,,,,,,,
15,60,70,11,5,0,/data/yja/openfhe-src/src/pke/lib/scheme/gen-cryptocontext-params-validation.cpp:l.74:validateParametersForCryptocontext(): scalingModSize should be at least 14 and less than 60,,,,,,,,,,,,,,,
15,60,70,11,6,0,/data/yja/openfhe-src/src/pke/lib/scheme/gen-cryptocontext-params-validation.cpp:l.74:validateParametersForCryptocontext(): scalingModSize should be at least 14 and less than 60,,,,,,,,,,,,,,,
15,60,70,11,7,0,/data/yja/openfhe-src/src/pke/lib/scheme/gen-cryptocontext-params-validation.cpp:l.74:validateParametersForCryptocontext(): scalingModSize should be at least 14 and less than 60,,,,,,,,,,,,,,,
15,60,70,11,8,0,/data/yja/openfhe-src/src/pke/lib/scheme/gen-cryptocontext-params-validation.cpp:l.74:validateParametersForCryptocontext(): scalingModSize should be at least 14 and less than 60,,,,,,,,,,,,,,,
15,60,70,11,9,0,/data/yja/openfhe-src/src/pke/lib/scheme/gen-cryptocontext-params-validation.cpp:l.74:validateParametersForCryptocontext(): scalingModSize should be at least 14 and less than 60,,,,,,,,,,,,,,,
15,60,70,11,10,0,/data/yja/openfhe-src/src/pke/lib/scheme/gen-cryptocontext-params-validation.cpp:l.74:validateParametersForCryptocontext(): scalingModSize should be at least 14 and less than 60,,,,,,,,,,,,,,,
15,60,70,11,11,0,/data/yja/openfhe-src/src/pke/lib/scheme/gen-cryptocontext-params-validation.cpp:l.74:validateParametersForCryptocontext(): scalingModSize should be at least 14 and less than 60,,,,,,,,,,,,,,,
15,60,70,11,12,0,/data/yja/openfhe-src/src/pke/lib/scheme/gen-cryptocontext-params-validation.cpp:l.74:validateParametersForCryptocontext(): scalingModSize should be at least 14 and less than 60,,,,,,,,,,,,,,,
